id;trackId;aircraftId;latitude;longitude;bearing;altitude;speed;squawk;radarId;equipmentType;registration;eventTimestamp;origin;destination;flightNumber;onground;vspeed;callsign;eta
19439817;24936159;3958344;48.3516;11.795;354;0;0;16708;5681;A321;D-AIRH;1373787777;MUC;LHR;LH2472;0;0;DLH9LT;0
19444253;24936159;3958344;48.3516;11.795;354;0;0;16708;5681;A321;D-AIRH;1373787842;MUC;LHR;LH2472;0;0;DLH9LT;0
19445285;24936159;3958344;48.3516;11.795;354;0;0;16708;5681;A321;D-AIRH;1373787857;MUC;LHR;LH2472;0;0;DLH9LT;0
19459181;24936159;3958344;48.3619;11.8064;84;0;32;16708;5681;A321;D-AIRH;1373788057;MUC;LHR;LH2472;0;0;DLH9LT;0
19459433;24936159;3958344;48.362;11.8075;84;0;32;16708;5681;A321;D-AIRH;1373788062;MUC;LHR;LH2472;0;0;DLH9LT;0
19459786;24936159;3958344;48.3621;11.8085;84;0;32;16708;5681;A321;D-AIRH;1373788067;MUC;LHR;LH2472;0;0;DLH9LT;0
19460147;24936159;3958344;48.3622;11.8096;84;0;28;16708;5681;A321;D-AIRH;1373788072;MUC;LHR;LH2472;0;0;DLH9LT;0
19460586;24936159;3958344;48.3622;11.8101;84;0;28;16708;5681;A321;D-AIRH;1373788077;MUC;LHR;LH2472;0;0;DLH9LT;0
19460858;24936159;3958344;48.3623;11.8112;84;0;28;16708;5681;A321;D-AIRH;1373788082;MUC;LHR;LH2472;0;0;DLH9LT;0
19461938;24936159;3958344;48.3626;11.8146;84;0;32;16708;5681;A321;D-AIRH;1373788097;MUC;LHR;LH2472;0;0;DLH9LT;0
19462239;24936159;3958344;48.3627;11.8155;84;0;28;16708;5681;A321;D-AIRH;1373788102;MUC;LHR;LH2472;0;0;DLH9LT;0
19462840;24936159;3958344;48.3627;11.8163;84;0;24;16708;5681;A321;D-AIRH;1373788112;MUC;LHR;LH2472;0;0;DLH9LT;0
19463556;24936159;3958344;48.3629;11.8188;78;0;20;16708;5681;A321;D-AIRH;1373788122;MUC;LHR;LH2472;0;0;DLH9LT;0
19463933;24936159;3958344;48.363;11.8192;56;0;16;16708;5681;A321;D-AIRH;1373788127;MUC;LHR;LH2472;0;0;DLH9LT;0
19464289;24936159;3958344;48.3632;11.8194;48;0;16;16708;5681;A321;D-AIRH;1373788132;MUC;LHR;LH2472;0;0;DLH9LT;0
19464731;24936159;3958344;48.3636;11.8199;30;0;16;16708;5681;A321;D-AIRH;1373788137;MUC;LHR;LH2472;0;0;DLH9LT;0
19465833;24936159;3958344;48.3647;11.82;354;0;12;16708;5681;A321;D-AIRH;1373788152;MUC;LHR;LH2472;0;0;DLH9LT;0
19466354;24936159;3958344;48.3653;11.8199;352;0;12;16708;5681;A321;D-AIRH;1373788162;MUC;LHR;LH2472;0;0;DLH9LT;0
19466842;24936159;3958344;48.3654;11.8199;352;0;12;16708;5681;A321;D-AIRH;1373788167;MUC;LHR;LH2472;0;0;DLH9LT;0
19467098;24936159;3958344;48.366;11.8198;354;0;16;16708;5681;A321;D-AIRH;1373788172;MUC;LHR;LH2472;0;0;DLH9LT;0
19467515;24936159;3958344;48.3661;11.8198;354;0;16;16708;5681;A321;D-AIRH;1373788177;MUC;LHR;LH2472;0;0;DLH9LT;0
19467940;24936159;3958344;48.3666;11.8196;340;0;8;16708;5681;A321;D-AIRH;1373788182;MUC;LHR;LH2472;0;0;DLH9LT;0
19468650;24936159;3958344;48.3668;11.8193;296;0;4;16708;5681;A321;D-AIRH;1373788192;MUC;LHR;LH2472;0;0;DLH9LT;0
19470000;24936159;3958344;48.3667;11.8186;264;0;12;16708;5681;A321;D-AIRH;1373788212;MUC;LHR;LH2472;0;0;DLH9LT;0
19470397;24936159;3958344;48.3666;11.8177;264;0;36;16708;5681;A321;D-AIRH;1373788217;MUC;LHR;LH2472;0;0;DLH9LT;0
19470677;24936159;3958344;48.3665;11.8163;264;0;56;16708;5681;A321;D-AIRH;1373788222;MUC;LHR;LH2472;0;0;DLH9LT;0
19471183;24936159;3958344;48.3663;11.814;264;0;80;16708;5681;A321;D-AIRH;1373788227;MUC;LHR;LH2472;0;0;DLH9LT;0
19472023;24936159;3958344;48.3658;11.8066;264;0;120;16708;5681;A321;D-AIRH;1373788237;MUC;LHR;LH2472;0;0;DLH9LT;0
19472261;24936159;3958344;48.3655;11.8025;264;0;140;16708;5681;A321;D-AIRH;1373788242;MUC;LHR;LH2472;0;0;DLH9LT;0
19472979;24936159;3958344;48.3649;11.7956;264;0;160;16708;5681;A321;D-AIRH;1373788252;MUC;LHR;LH2472;0;0;DLH9LT;0
19473339;24936159;3958344;48.3639;11.7825;264;1530;180;16708;5681;A321;D-AIRH;1373788257;MUC;LHR;LH2472;0;0;DLH9LT;0
19473706;24936159;3958344;48.3635;11.7777;264;1700;176;16708;5681;A321;D-AIRH;1373788262;MUC;LHR;LH2472;0;0;DLH9LT;0
19474448;24936159;3958344;48.3629;11.7704;262;2000;172;16708;5681;A321;D-AIRH;1373788272;MUC;LHR;LH2472;0;0;DLH9LT;0
19474844;24936159;3958344;48.362;11.7595;264;2350;176;16708;5681;A321;D-AIRH;1373788277;MUC;LHR;LH2472;0;0;DLH9LT;0
19475126;24936159;3958344;48.3616;11.7531;264;2580;180;16708;5681;A321;D-AIRH;1373788282;MUC;LHR;LH2472;0;0;DLH9LT;0
19475616;24936159;3958344;48.3612;11.7473;264;2780;180;16708;5681;A321;D-AIRH;1373788287;MUC;LHR;LH2472;0;0;DLH9LT;0
19476460;24936159;3958344;48.3603;11.7345;264;3250;176;16708;5681;A321;D-AIRH;1373788297;MUC;LHR;LH2472;0;0;DLH9LT;0
19476717;24936159;3958344;48.3599;11.7284;264;3400;180;16708;5681;A321;D-AIRH;1373788302;MUC;LHR;LH2472;0;0;DLH9LT;0
19477093;24936159;3958344;48.3594;11.7223;264;3530;184;16708;5681;A321;D-AIRH;1373788307;MUC;LHR;LH2472;0;0;DLH9LT;0
19477855;24936159;3958344;48.3585;11.7089;264;3800;192;16708;5681;A321;D-AIRH;1373788317;MUC;LHR;LH2472;0;0;DLH9LT;0
19478119;24936159;3958344;48.3582;11.7033;268;3900;196;16708;5681;A321;D-AIRH;1373788322;MUC;LHR;LH2472;0;0;DLH9LT;0
19478515;24936159;3958344;48.3581;11.6978;272;3980;200;16708;5681;A321;D-AIRH;1373788327;MUC;LHR;LH2472;0;0;DLH9LT;0
19478884;24936159;3958344;48.3587;11.6885;280;4130;204;16708;5681;A321;D-AIRH;1373788332;MUC;LHR;LH2472;0;0;DLH9LT;0
19479283;24936159;3958344;48.36;11.6809;286;4280;208;16708;5681;A321;D-AIRH;1373788337;MUC;LHR;LH2472;0;0;DLH9LT;0
19479557;24936159;3958344;48.3616;11.6737;292;4430;216;16708;5681;A321;D-AIRH;1373788342;MUC;LHR;LH2472;0;0;DLH9LT;0
19480075;24936159;3958344;48.3637;11.667;298;4550;216;16708;5681;A321;D-AIRH;1373788347;MUC;LHR;LH2472;0;0;DLH9LT;0
19480306;24936159;3958344;48.3637;11.667;298;4550;216;16708;5681;A321;D-AIRH;1373788352;MUC;LHR;LH2472;0;0;DLH9LT;0
19480729;24936159;3958344;48.368;11.6555;300;4780;224;16708;5681;A321;D-AIRH;1373788357;MUC;LHR;LH2472;0;0;DLH9LT;0
19481163;24936159;3958344;48.3709;11.6481;300;4930;228;16708;5681;A321;D-AIRH;1373788362;MUC;LHR;LH2472;0;0;DLH9LT;0
19481980;24936159;3958344;48.3737;11.6409;300;5100;232;16708;5681;A321;D-AIRH;1373788372;MUC;LHR;LH2472;0;0;DLH9LT;0
19482567;24936159;3958344;48.3781;11.6295;300;5350;232;16708;5734;A321;D-AIRH;1373788382;MUC;LHR;LH2472;0;0;DLH9LT;0
19483157;24936159;3958344;48.3787;11.6281;300;5400;240;16708;5734;A321;D-AIRH;1373788392;MUC;LHR;LH2472;0;0;DLH9LT;0
19484301;24936159;3958344;48.3911;11.5971;302;6200;252;16708;5734;A321;D-AIRH;1373788407;MUC;LHR;LH2472;0;0;DLH9LT;0
19485244;24936159;3958344;48.394;11.5899;302;6380;252;16708;5734;A321;D-AIRH;1373788417;MUC;LHR;LH2472;0;0;DLH9LT;0
19486226;24936159;3958344;48.4069;11.5636;314;6630;280;16708;5734;A321;D-AIRH;1373788432;MUC;LHR;LH2472;0;0;DLH9LT;0
19487019;24936159;3958344;48.4194;11.5493;322;6780;292;16708;5734;A321;D-AIRH;1373788442;MUC;LHR;LH2472;0;0;DLH9LT;0
19488221;24936159;3958344;48.4416;11.5339;336;7050;316;16708;5734;A321;D-AIRH;1373788462;MUC;LHR;LH2472;0;0;DLH9LT;0
19489035;24936159;3958344;48.4578;11.5237;338;7250;324;16708;5734;A321;D-AIRH;1373788472;MUC;LHR;LH2472;0;0;DLH9LT;0
19489783;24936159;3958344;48.4689;11.5168;338;7350;332;16708;5734;A321;D-AIRH;1373788482;MUC;LHR;LH2472;0;0;DLH9LT;0
19490332;24936159;3958344;48.4837;11.5077;338;7530;332;16708;5734;A321;D-AIRH;1373788492;MUC;LHR;LH2472;0;0;DLH9LT;0
19492360;24936159;3958344;48.5382;11.4731;338;9630;332;16708;7997;A321;D-AIRH;1373788522;MUC;LHR;LH2472;0;0;DLH9LT;0
19494382;24936159;3958344;48.5737;11.4498;336;10630;336;16708;7997;A321;D-AIRH;1373788552;MUC;LHR;LH2472;0;0;DLH9LT;0
19496450;24936159;3958344;48.6054;11.4304;338;11500;344;16708;5734;A321;D-AIRH;1373788582;MUC;LHR;LH2472;0;0;DLH9LT;0
19498636;24936159;3958344;48.6773;11.3863;338;13530;348;16708;5681;A321;D-AIRH;1373788612;MUC;LHR;LH2472;0;0;DLH9LT;0
19500703;24936159;3958344;48.7234;11.358;338;14550;364;16708;5681;A321;D-AIRH;1373788642;MUC;LHR;LH2472;0;0;DLH9LT;0
19504978;24936159;3958344;48.8167;11.3005;338;16830;376;16708;7836;A321;D-AIRH;1373788702;MUC;LHR;LH2472;0;0;DLH9LT;0
19509201;24936159;3958344;48.9083;11.2436;338;18680;388;16708;7836;A321;D-AIRH;1373788762;MUC;LHR;LH2472;0;0;DLH9LT;0
19513447;24936159;3958344;49.0139;11.1779;338;21280;380;16708;7836;A321;D-AIRH;1373788822;MUC;LHR;LH2472;0;0;DLH9LT;0
19517755;24936159;3958344;49.1198;11.1115;338;23180;388;16708;7836;A321;D-AIRH;1373788882;MUC;LHR;LH2472;0;0;DLH9LT;0
19522161;24936159;3958344;49.2161;11.051;338;24450;400;16708;7836;A321;D-AIRH;1373788942;MUC;LHR;LH2472;0;0;DLH9LT;0
19526621;24936159;3958344;49.3153;10.9882;338;25430;416;16708;5681;A321;D-AIRH;1373789002;MUC;LHR;LH2472;0;0;DLH9LT;0
19531060;24936159;3958344;49.4115;10.8888;306;26000;436;16708;5681;A321;D-AIRH;1373789062;MUC;LHR;LH2472;0;0;DLH9LT;0
19535561;24936159;3958344;49.4818;10.7425;306;26830;448;16708;5681;A321;D-AIRH;1373789122;MUC;LHR;LH2472;0;0;DLH9LT;0
19540262;24936159;3958344;49.5458;10.6081;306;27830;452;16708;5681;A321;D-AIRH;1373789182;MUC;LHR;LH2472;0;0;DLH9LT;0
19544563;24936159;3958344;49.6306;10.4288;306;29330;456;16708;6643;A321;D-AIRH;1373789242;MUC;LHR;LH2472;0;0;DLH9LT;0
19548974;24936159;3958344;49.7047;10.2716;306;30800;444;16708;6643;A321;D-AIRH;1373789302;MUC;LHR;LH2472;0;0;DLH9LT;0
19553434;24936159;3958344;49.7817;10.1066;306;32400;432;16708;6643;A321;D-AIRH;1373789362;MUC;LHR;LH2472;0;0;DLH9LT;0
19557922;24936159;3958344;49.8488;9.9622;306;33830;420;16708;6643;A321;D-AIRH;1373789422;MUC;LHR;LH2472;0;0;DLH9LT;0
19562012;24936159;3958344;49.9571;9.726;302;35000;420;16708;402;A321;D-AIRH;1373789523;MUC;LHR;LH2472;0;0;DLH9LT;0
19566619;24936159;3958344;50.0082;9.547;290;35550;432;16708;284;A321;D-AIRH;1373789583;MUC;LHR;LH2472;0;0;DLH9LT;0
19571182;24936159;3958344;50.0489;9.3588;278;36000;444;16708;284;A321;D-AIRH;1373789643;MUC;LHR;LH2472;0;0;DLH9LT;0
19575785;24936159;3958344;50.0603;9.1673;276;36000;460;16708;284;A321;D-AIRH;1373789703;MUC;LHR;LH2472;0;0;DLH9LT;0
19580399;24936159;3958344;50.0717;8.9818;276;36000;464;16708;284;A321;D-AIRH;1373789763;MUC;LHR;LH2472;0;0;DLH9LT;0
19584965;24936159;3958344;50.0833;8.7891;276;36000;464;16708;284;A321;D-AIRH;1373789823;MUC;LHR;LH2472;0;0;DLH9LT;0
19589508;24936159;3958344;50.116;8.5863;292;36050;448;16708;284;A321;D-AIRH;1373789883;MUC;LHR;LH2472;0;0;DLH9LT;0
19594183;24936159;3958344;50.1609;8.4082;292;36000;448;16708;284;A321;D-AIRH;1373789943;MUC;LHR;LH2472;0;0;DLH9LT;0
19598711;24936159;3958344;50.2063;8.2271;292;36000;444;16708;284;A321;D-AIRH;1373790003;MUC;LHR;LH2472;0;0;DLH9LT;0
19603091;24936159;3958344;50.2501;8.0518;292;36000;444;16708;284;A321;D-AIRH;1373790063;MUC;LHR;LH2472;0;0;DLH9LT;0
19607433;24936159;3958344;50.2946;7.8716;290;35950;444;16708;284;A321;D-AIRH;1373790123;MUC;LHR;LH2472;0;0;DLH9LT;0
19611736;24936159;3958344;50.3394;7.6891;290;35950;448;16708;284;A321;D-AIRH;1373790183;MUC;LHR;LH2472;0;0;DLH9LT;0
19616084;24936159;3958344;50.3826;7.5117;290;36000;452;16708;284;A321;D-AIRH;1373790243;MUC;LHR;LH2472;0;0;DLH9LT;0
19620352;24936159;3958344;50.4242;7.3389;290;36030;452;16708;284;A321;D-AIRH;1373790303;MUC;LHR;LH2472;0;0;DLH9LT;0
19624451;24936159;3958344;50.472;7.1489;292;36030;452;16708;284;A321;D-AIRH;1373790363;MUC;LHR;LH2472;0;0;DLH9LT;0
19628782;24936159;3958344;50.5204;6.9638;292;36000;428;16708;284;A321;D-AIRH;1373790423;MUC;LHR;LH2472;0;0;DLH9LT;0
19633100;24936159;3958344;50.5606;6.8086;292;36000;432;16708;284;A321;D-AIRH;1373790483;MUC;LHR;LH2472;0;0;DLH9LT;0
19637353;24936159;3958344;50.6084;6.6218;292;36000;432;16708;284;A321;D-AIRH;1373790543;MUC;LHR;LH2472;0;0;DLH9LT;0
19641541;24936159;3958344;50.653;6.4456;292;36030;432;16708;284;A321;D-AIRH;1373790603;MUC;LHR;LH2472;0;0;DLH9LT;0
19645702;24936159;3958344;50.6947;6.28;292;36030;432;16708;284;A321;D-AIRH;1373790663;MUC;LHR;LH2472;0;0;DLH9LT;0
19649916;24936159;3958344;50.7191;6.1176;270;36000;452;16708;284;A321;D-AIRH;1373790723;MUC;LHR;LH2472;0;0;DLH9LT;0
19654046;24936159;3958344;50.6734;5.9211;236;35980;476;16708;7615;A321;D-AIRH;1373790783;MUC;LHR;LH2472;0;0;DLH9LT;0
19658179;24936159;3958344;50.5574;5.8123;194;36000;492;16708;7615;A321;D-AIRH;1373790843;MUC;LHR;LH2472;0;0;DLH9LT;0
19662260;24936159;3958344;50.4261;5.8448;152;36000;468;16708;7615;A321;D-AIRH;1373790903;MUC;LHR;LH2472;0;0;DLH9LT;0
19666445;24936159;3958344;50.3427;5.9824;116;36000;436;16708;284;A321;D-AIRH;1373790963;MUC;LHR;LH2472;0;0;DLH9LT;0
19670846;24936159;3958344;50.3032;6.1714;106;36000;436;16708;284;A321;D-AIRH;1373791023;MUC;LHR;LH2472;0;0;DLH9LT;0
19675097;24936159;3958344;50.2657;6.3626;108;36000;440;16708;284;A321;D-AIRH;1373791083;MUC;LHR;LH2472;0;0;DLH9LT;0
19679359;24936159;3958344;50.2249;6.5366;112;36000;444;16708;284;A321;D-AIRH;1373791143;MUC;LHR;LH2472;0;0;DLH9LT;0
19683595;24936159;3958344;50.1778;6.7147;112;36000;444;16708;284;A321;D-AIRH;1373791203;MUC;LHR;LH2472;0;0;DLH9LT;0
19687834;24936159;3958344;50.1309;6.891;112;36030;440;16708;284;A321;D-AIRH;1373791263;MUC;LHR;LH2472;0;0;DLH9LT;0
19692142;24936159;3958344;50.084;7.0659;112;36000;440;16708;284;A321;D-AIRH;1373791323;MUC;LHR;LH2472;0;0;DLH9LT;0
19696432;24936159;3958344;50.0364;7.2419;112;36000;440;16708;284;A321;D-AIRH;1373791383;MUC;LHR;LH2472;0;0;DLH9LT;0
19700772;24936159;3958344;49.9892;7.4146;114;35980;440;16708;284;A321;D-AIRH;1373791443;MUC;LHR;LH2472;0;0;DLH9LT;0
19705085;24936159;3958344;49.9407;7.5916;114;35980;444;16708;284;A321;D-AIRH;1373791503;MUC;LHR;LH2472;0;0;DLH9LT;0
19709517;24936159;3958344;49.8923;7.7665;114;36000;448;16708;284;A321;D-AIRH;1373791563;MUC;LHR;LH2472;0;0;DLH9LT;0
19714028;24936159;3958344;49.8433;7.9421;114;36030;448;16708;284;A321;D-AIRH;1373791623;MUC;LHR;LH2472;0;0;DLH9LT;0
19718406;24936159;3958344;49.7942;8.1168;114;36050;448;16708;284;A321;D-AIRH;1373791683;MUC;LHR;LH2472;0;0;DLH9LT;0
19722815;24936159;3958344;49.7441;8.2941;114;36030;444;16708;284;A321;D-AIRH;1373791743;MUC;LHR;LH2472;0;0;DLH9LT;0
19727155;24936159;3958344;49.6957;8.4637;114;36000;444;16708;284;A321;D-AIRH;1373791803;MUC;LHR;LH2472;0;0;DLH9LT;0
19731703;24936159;3958344;49.647;8.6336;114;35980;440;16708;284;A321;D-AIRH;1373791863;MUC;LHR;LH2472;0;0;DLH9LT;0
19736257;24936159;3958344;49.5972;8.8057;114;35950;444;16708;284;A321;D-AIRH;1373791923;MUC;LHR;LH2472;0;0;DLH9LT;0
19740868;24936159;3958344;49.5457;8.9827;114;34930;444;16708;284;A321;D-AIRH;1373791983;MUC;LHR;LH2472;0;0;DLH9LT;0
19745588;24936159;3958344;49.4973;9.148;114;33480;448;16708;284;A321;D-AIRH;1373792043;MUC;LHR;LH2472;0;0;DLH9LT;0
19750208;24936159;3958344;49.4413;9.3368;114;31750;436;16708;284;A321;D-AIRH;1373792103;MUC;LHR;LH2472;0;0;DLH9LT;0
19754968;24936159;3958344;49.392;9.5026;114;30150;424;16708;284;A321;D-AIRH;1373792163;MUC;LHR;LH2472;0;0;DLH9LT;0
19759713;24936159;3958344;49.3503;9.6419;114;28800;416;16708;284;A321;D-AIRH;1373792223;MUC;LHR;LH2472;0;0;DLH9LT;0
19764211;24936159;3958344;49.3;9.8088;114;27100;408;16708;7836;A321;D-AIRH;1373792283;MUC;LHR;LH2472;0;0;DLH9LT;0
19769047;24936159;3958344;49.2415;9.955;132;25480;412;16708;7836;A321;D-AIRH;1373792343;MUC;LHR;LH2472;0;0;DLH9LT;0
19773829;24936159;3958344;49.1668;10.0852;132;25000;408;16708;7836;A321;D-AIRH;1373792403;MUC;LHR;LH2472;0;0;DLH9LT;0
19778478;24936159;3958344;49.0924;10.2139;132;25000;408;16708;7836;A321;D-AIRH;1373792463;MUC;LHR;LH2472;0;0;DLH9LT;0
19783208;24936159;3958344;49.0184;10.3415;132;25000;408;16708;6643;A321;D-AIRH;1373792523;MUC;LHR;LH2472;0;0;DLH9LT;0
19787946;24936159;3958344;48.9386;10.4787;132;23400;400;16708;6643;A321;D-AIRH;1373792583;MUC;LHR;LH2472;0;0;DLH9LT;0
19792652;24936159;3958344;48.8666;10.6016;132;21480;392;16708;6643;A321;D-AIRH;1373792643;MUC;LHR;LH2472;0;0;DLH9LT;0
19797422;24936159;3958344;48.7954;10.7224;132;19550;384;16708;6643;A321;D-AIRH;1373792703;MUC;LHR;LH2472;0;0;DLH9LT;0
19802241;24936159;3958344;48.7291;10.8345;132;17650;376;16708;7836;A321;D-AIRH;1373792763;MUC;LHR;LH2472;0;0;DLH9LT;0
19807086;24936159;3958344;48.6669;10.9392;132;15950;364;16708;7997;A321;D-AIRH;1373792823;MUC;LHR;LH2472;0;0;DLH9LT;0
19810073;24936159;3958344;48.6242;11.011;132;14830;360;16708;5734;A321;D-AIRH;1373792863;MUC;LHR;LH2472;0;0;DLH9LT;0
19812686;24936159;3958344;48.5894;11.0697;132;13850;352;16708;5734;A321;D-AIRH;1373792893;MUC;LHR;LH2472;0;0;DLH9LT;0
19814969;24936159;3958344;48.5668;11.1279;118;13130;344;16708;5734;A321;D-AIRH;1373792923;MUC;LHR;LH2472;0;0;DLH9LT;0
19817645;24936159;3958344;48.5459;11.1874;118;12600;344;16708;5734;A321;D-AIRH;1373792953;MUC;LHR;LH2472;0;0;DLH9LT;0
19819806;24936159;3958344;48.5252;11.2466;118;12100;340;16708;5734;A321;D-AIRH;1373792983;MUC;LHR;LH2472;0;0;DLH9LT;0
19822393;24936159;3958344;48.506;11.3012;118;11630;340;16708;5734;A321;D-AIRH;1373793013;MUC;LHR;LH2472;0;0;DLH9LT;0
19824679;24936159;3958344;48.4837;11.3649;118;11100;336;16708;5734;A321;D-AIRH;1373793043;MUC;LHR;LH2472;0;0;DLH9LT;0
19827257;24936159;3958344;48.4558;11.444;116;11000;328;16708;5681;A321;D-AIRH;1373793085;MUC;LHR;LH2472;0;0;DLH9LT;0
19829673;24936159;3958344;48.4309;11.5357;94;11000;324;16708;5681;A321;D-AIRH;1373793115;MUC;LHR;LH2472;0;0;DLH9LT;0
19832263;24936159;3958344;48.4356;11.6073;84;11000;324;16708;5681;A321;D-AIRH;1373793145;MUC;LHR;LH2472;0;0;DLH9LT;0
19834548;24936159;3958344;48.441;11.6741;84;10900;320;16708;5681;A321;D-AIRH;1373793175;MUC;LHR;LH2472;0;0;DLH9LT;0
19837369;24936159;3958344;48.4462;11.7411;84;10130;316;16708;5681;A321;D-AIRH;1373793205;MUC;LHR;LH2472;0;0;DLH9LT;0
19838174;24936159;3958344;48.4486;11.7723;84;9480;320;16708;5681;A321;D-AIRH;1373793215;MUC;LHR;LH2472;0;0;DLH9LT;0
19838840;24936159;3958344;48.4494;11.7825;84;9280;320;16708;5681;A321;D-AIRH;1373793225;MUC;LHR;LH2472;0;0;DLH9LT;0
19839580;24936159;3958344;48.4509;11.8026;84;8900;316;16708;5681;A321;D-AIRH;1373793235;MUC;LHR;LH2472;0;0;DLH9LT;0
19840451;24936159;3958344;48.4527;11.8271;84;8430;308;16708;5681;A321;D-AIRH;1373793245;MUC;LHR;LH2472;0;0;DLH9LT;0
19841353;24936159;3958344;48.4551;11.8598;84;7700;304;16708;5681;A321;D-AIRH;1373793255;MUC;LHR;LH2472;0;0;DLH9LT;0
19842041;24936159;3958344;48.4558;11.8691;84;7500;304;16708;5681;A321;D-AIRH;1373793265;MUC;LHR;LH2472;0;0;DLH9LT;0
19842896;24936159;3958344;48.4582;11.9001;84;6750;304;16708;5681;A321;D-AIRH;1373793275;MUC;LHR;LH2472;0;0;DLH9LT;0
19843769;24936159;3958344;48.4589;11.9094;84;6550;304;16708;5681;A321;D-AIRH;1373793285;MUC;LHR;LH2472;0;0;DLH9LT;0
19844323;24936159;3958344;48.4614;11.9428;84;5730;300;16708;5681;A321;D-AIRH;1373793295;MUC;LHR;LH2472;0;0;DLH9LT;0
19845297;24936159;3958344;48.4621;11.9528;84;5550;300;16708;5681;A321;D-AIRH;1373793305;MUC;LHR;LH2472;0;0;DLH9LT;0
19846213;24936159;3958344;48.4634;11.9721;86;5200;296;16708;5681;A321;D-AIRH;1373793315;MUC;LHR;LH2472;0;0;DLH9LT;0
19847452;24936159;3958344;48.4617;12.0026;92;4750;292;16708;5734;A321;D-AIRH;1373793330;MUC;LHR;LH2472;0;0;DLH9LT;0
19847859;24936159;3958344;48.4616;12.0037;100;4750;288;16708;5734;A321;D-AIRH;1373793335;MUC;LHR;LH2472;0;0;DLH9LT;0
19849356;24936159;3958344;48.4533;12.0478;120;4380;256;16708;5681;A321;D-AIRH;1373793355;MUC;LHR;LH2472;0;0;DLH9LT;0
19850457;24936159;3958344;48.4458;12.0608;138;4250;244;16708;5681;A321;D-AIRH;1373793365;MUC;LHR;LH2472;0;0;DLH9LT;0
19850775;24936159;3958344;48.4412;12.0657;150;4180;244;16708;5681;A321;D-AIRH;1373793370;MUC;LHR;LH2472;0;0;DLH9LT;0
19851072;24936159;3958344;48.4361;12.0693;160;4130;240;16708;5681;A321;D-AIRH;1373793375;MUC;LHR;LH2472;0;0;DLH9LT;0
19851477;24936159;3958344;48.4251;12.0721;178;4030;228;16708;5681;A321;D-AIRH;1373793380;MUC;LHR;LH2472;0;0;DLH9LT;0
19851801;24936159;3958344;48.4192;12.0722;182;4000;228;16708;5681;A321;D-AIRH;1373793385;MUC;LHR;LH2472;0;0;DLH9LT;0
19852655;24936159;3958344;48.4082;12.0704;194;3900;232;16708;5681;A321;D-AIRH;1373793395;MUC;LHR;LH2472;0;0;DLH9LT;0
19853069;24936159;3958344;48.4031;12.0676;204;3850;232;16708;5681;A321;D-AIRH;1373793400;MUC;LHR;LH2472;0;0;DLH9LT;0
19853434;24936159;3958344;48.398;12.0628;220;3780;232;16708;5681;A321;D-AIRH;1373793405;MUC;LHR;LH2472;0;0;DLH9LT;0
19854144;24936159;3958344;48.3956;12.0594;222;3800;236;16708;5681;A321;D-AIRH;1373793415;MUC;LHR;LH2472;0;0;DLH9LT;0
19854536;24936159;3958344;48.3885;12.0449;240;3780;228;16708;5681;A321;D-AIRH;1373793420;MUC;LHR;LH2472;0;0;DLH9LT;0
19855156;24936159;3958344;48.3863;12.0382;244;3750;224;16708;5681;A321;D-AIRH;1373793425;MUC;LHR;LH2472;0;0;DLH9LT;0
19856193;24936159;3958344;48.3835;12.0234;256;3750;216;16708;5681;A321;D-AIRH;1373793435;MUC;LHR;LH2472;0;0;DLH9LT;0
19856381;24936159;3958344;48.3825;12.0161;260;3750;204;16708;5681;A321;D-AIRH;1373793440;MUC;LHR;LH2472;0;0;DLH9LT;0
19856821;24936159;3958344;48.3817;12.0092;260;3680;200;16708;5681;A321;D-AIRH;1373793445;MUC;LHR;LH2472;0;0;DLH9LT;0
19857336;24936159;3958344;48.3811;12.0031;260;3580;200;16708;5681;A321;D-AIRH;1373793450;MUC;LHR;LH2472;0;0;DLH9LT;0
19857724;24936159;3958344;48.3802;11.9952;264;3480;196;16708;5681;A321;D-AIRH;1373793455;MUC;LHR;LH2472;0;0;DLH9LT;0
19858494;24936159;3958344;48.3798;11.9895;264;3400;196;16708;5681;A321;D-AIRH;1373793465;MUC;LHR;LH2472;0;0;DLH9LT;0
19858951;24936159;3958344;48.3786;11.9747;264;3200;184;16708;5681;A321;D-AIRH;1373793470;MUC;LHR;LH2472;0;0;DLH9LT;0
19859208;24936159;3958344;48.3783;11.9699;264;3150;184;16708;5681;A321;D-AIRH;1373793475;MUC;LHR;LH2472;0;0;DLH9LT;0
19860506;24936159;3958344;48.3773;11.9566;264;2930;176;16708;5681;A321;D-AIRH;1373793485;MUC;LHR;LH2472;0;0;DLH9LT;0
19860832;24936159;3958344;48.3769;11.9519;262;2880;172;16708;5681;A321;D-AIRH;1373793490;MUC;LHR;LH2472;0;0;DLH9LT;0
19861279;24936159;3958344;48.3764;11.9454;264;2800;168;16708;5681;A321;D-AIRH;1373793500;MUC;LHR;LH2472;0;0;DLH9LT;0
19862002;24936159;3958344;48.3755;11.9347;264;2650;156;16708;5681;A321;D-AIRH;1373793505;MUC;LHR;LH2472;0;0;DLH9LT;0
19862281;24936159;3958344;48.3751;11.9292;264;2600;152;16708;5681;A321;D-AIRH;1373793510;MUC;LHR;LH2472;0;0;DLH9LT;0
19862703;24936159;3958344;48.3747;11.9239;264;2530;152;16708;5681;A321;D-AIRH;1373793515;MUC;LHR;LH2472;0;0;DLH9LT;0
19863413;24936159;3958344;48.3743;11.9186;264;2450;152;16708;5681;A321;D-AIRH;1373793525;MUC;LHR;LH2472;0;0;DLH9LT;0
19863817;24936159;3958344;48.3736;11.9079;264;2300;156;16708;5681;A321;D-AIRH;1373793530;MUC;LHR;LH2472;0;0;DLH9LT;0
19864572;24936159;3958344;48.3731;11.9023;264;2230;156;16708;5681;A321;D-AIRH;1373793540;MUC;LHR;LH2472;0;0;DLH9LT;0
19865426;24936159;3958344;48.3727;11.8964;264;2180;156;16708;5681;A321;D-AIRH;1373793545;MUC;LHR;LH2472;0;0;DLH9LT;0
19865750;24936159;3958344;48.3718;11.8857;264;2030;156;16708;5681;A321;D-AIRH;1373793550;MUC;LHR;LH2472;0;0;DLH9LT;0
19866175;24936159;3958344;48.3714;11.8806;264;1950;156;16708;5681;A321;D-AIRH;1373793555;MUC;LHR;LH2472;0;0;DLH9LT;0
19866970;24936159;3958344;48.3711;11.8759;264;1900;152;16708;5681;A321;D-AIRH;1373793565;MUC;LHR;LH2472;0;0;DLH9LT;0
19867231;24936159;3958344;48.3703;11.8653;264;1780;156;16708;5681;A321;D-AIRH;1373793570;MUC;LHR;LH2472;0;0;DLH9LT;0
19867641;24936159;3958344;48.3699;11.86;264;1700;156;16708;5681;A321;D-AIRH;1373793575;MUC;LHR;LH2472;0;0;DLH9LT;0
19868349;24936159;3958344;48.369;11.8492;264;1580;152;16708;5681;A321;D-AIRH;1373793585;MUC;LHR;LH2472;0;0;DLH9LT;0
19868728;24936159;3958344;48.3686;11.8438;264;1500;152;16708;5681;A321;D-AIRH;1373793590;MUC;LHR;LH2472;0;0;DLH9LT;0
19869130;24936159;3958344;48.3682;11.8389;264;1450;152;16708;5681;A321;D-AIRH;1373793595;MUC;LHR;LH2472;0;0;DLH9LT;0
19870395;24936159;3958344;48.3675;11.828;264;1300;156;16708;5681;A321;D-AIRH;1373793605;MUC;LHR;LH2472;0;0;DLH9LT;0
19870723;24936159;3958344;48.367;11.8227;264;1230;156;16708;5681;A321;D-AIRH;1373793610;MUC;LHR;LH2472;0;0;DLH9LT;0
19871131;24936159;3958344;48.3666;11.8171;264;1180;156;16708;5681;A321;D-AIRH;1373793615;MUC;LHR;LH2472;0;0;DLH9LT;0
19871954;24936159;3958344;48.3663;11.8129;264;0;152;16708;5681;A321;D-AIRH;1373793625;MUC;LHR;LH2472;0;0;DLH9LT;0
19872211;24936159;3958344;48.3657;11.8055;264;0;104;16708;5681;A321;D-AIRH;1373793630;MUC;LHR;LH2472;0;0;DLH9LT;0
19872617;24936159;3958344;48.3654;11.8013;264;0;68;16708;5681;A321;D-AIRH;1373793635;MUC;LHR;LH2472;0;0;DLH9LT;0
19873321;24936159;3958344;48.3652;11.7992;256;0;36;16708;5681;A321;D-AIRH;1373793645;MUC;LHR;LH2472;0;0;DLH9LT;0
19874101;24936159;3958344;48.3646;11.7973;240;0;32;16708;5681;A321;D-AIRH;1373793655;MUC;LHR;LH2472;0;0;DLH9LT;0
19875328;24936159;3958344;48.3637;11.7955;234;0;32;16708;5681;A321;D-AIRH;1373793665;MUC;LHR;LH2472;0;0;DLH9LT;0
19876100;24936159;3958344;48.3629;11.7937;234;0;20;16708;5681;A321;D-AIRH;1373793675;MUC;LHR;LH2472;0;0;DLH9LT;0
19876684;24936159;3958344;48.3624;11.7931;208;0;20;16708;5681;A321;D-AIRH;1373793685;MUC;LHR;LH2472;0;0;DLH9LT;0
19877184;24936159;3958344;48.362;11.793;182;0;20;16708;5681;A321;D-AIRH;1373793690;MUC;LHR;LH2472;0;0;DLH9LT;0
19882168;24936159;3958344;48.3601;11.7933;174;0;8;16708;5681;A321;D-AIRH;1373793750;MUC;LHR;LH2472;0;0;DLH9LT;0
19882592;24936159;3958344;48.3601;11.7933;174;0;8;16708;5681;A321;D-AIRH;1373793755;MUC;LHR;LH2472;0;0;DLH9LT;0
