<?xml version="1.0" encoding="UTF-8" standalone="yes"?>
<flightstatslog>
    <appendix>
        <airports>
            <airport>
                <fs>TXL</fs>
                <latitude>52.559686</latitude>
                <longitude>13.287711</longitude>
                <city>Berlin</city>
            </airport>
            <airport>
                <fs>ULN</fs>
                <latitude>47.843056</latitude>
                <longitude>106.766639</longitude>
                <city>Ulan Bator</city>
            </airport>
        </airports>
    </appendix>
    <flightTracks>
        <flightTrack>
            <flightId>6824457</flightId>
            <departureAirportFsCode>TXL</departureAirportFsCode>
            <arrivalAirportFsCode>ULN</arrivalAirportFsCode>
            <positions>
                <position>
                    <lat>55.9378</lat>
                    <lon>37.3942</lon>
                    <date>2013-07-11T18:12:18+02:00</date>
                    <speedMph>4</speedMph>
                    <altitudeFt>0</altitudeFt>
                </position>
                <position>
                    <lat>55.9379</lat>
                    <lon>37.3951</lon>
                    <date>2013-07-11T18:12:03+02:00</date>
                    <speedMph>8</speedMph>
                    <altitudeFt>0</altitudeFt>
                </position>
                <position>
                    <lat>55.9408</lat>
                    <lon>37.394</lon>
                    <date>2013-07-11T18:10:50+02:00</date>
                    <speedMph>12</speedMph>
                    <altitudeFt>0</altitudeFt>
                </position>
                <position>
                    <lat>55.941</lat>
                    <lon>37.394</lon>
                    <date>2013-07-11T18:10:45+02:00</date>
                    <speedMph>12</speedMph>
                    <altitudeFt>0</altitudeFt>
                </position>
                <position>
                    <lat>55.9419</lat>
                    <lon>37.3932</lon>
                    <date>2013-07-11T18:10:20+02:00</date>
                    <speedMph>12</speedMph>
                    <altitudeFt>0</altitudeFt>
                </position>
                <position>
                    <lat>55.9417</lat>
                    <lon>37.3918</lon>
                    <date>2013-07-11T18:10:15+02:00</date>
                    <speedMph>20</speedMph>
                    <altitudeFt>0</altitudeFt>
                </position>
                <position>
                    <lat>55.9415</lat>
                    <lon>37.3913</lon>
                    <date>2013-07-11T18:10:10+02:00</date>
                    <speedMph>24</speedMph>
                    <altitudeFt>0</altitudeFt>
                </position>
                <position>
                    <lat>55.9413</lat>
                    <lon>37.3899</lon>
                    <date>2013-07-11T18:10:05+02:00</date>
                    <speedMph>28</speedMph>
                    <altitudeFt>0</altitudeFt>
                </position>
                <position>
                    <lat>55.941</lat>
                    <lon>37.388</lon>
                    <date>2013-07-11T18:09:55+02:00</date>
                    <speedMph>32</speedMph>
                    <altitudeFt>0</altitudeFt>
                </position>
                <position>
                    <lat>55.9408</lat>
                    <lon>37.3877</lon>
                    <date>2013-07-11T18:09:50+02:00</date>
                    <speedMph>36</speedMph>
                    <altitudeFt>0</altitudeFt>
                </position>
                <position>
                    <lat>55.9407</lat>
                    <lon>37.3865</lon>
                    <date>2013-07-11T18:09:45+02:00</date>
                    <speedMph>40</speedMph>
                    <altitudeFt>0</altitudeFt>
                </position>
                <position>
                    <lat>55.9403</lat>
                    <lon>37.3841</lon>
                    <date>2013-07-11T18:09:40+02:00</date>
                    <speedMph>48</speedMph>
                    <altitudeFt>0</altitudeFt>
                </position>
                <position>
                    <lat>55.9396</lat>
                    <lon>37.3796</lon>
                    <date>2013-07-11T18:09:30+02:00</date>
                    <speedMph>68</speedMph>
                    <altitudeFt>0</altitudeFt>
                </position>
                <position>
                    <lat>55.9389</lat>
                    <lon>37.3757</lon>
                    <date>2013-07-11T18:09:25+02:00</date>
                    <speedMph>92</speedMph>
                    <altitudeFt>0</altitudeFt>
                </position>
                <position>
                    <lat>55.9381</lat>
                    <lon>37.3691</lon>
                    <date>2013-07-11T18:09:15+02:00</date>
                    <speedMph>116</speedMph>
                    <altitudeFt>0</altitudeFt>
                </position>
                <position>
                    <lat>55.9359</lat>
                    <lon>37.3552</lon>
                    <date>2013-07-11T18:09:05+02:00</date>
                    <speedMph>148</speedMph>
                    <altitudeFt>730</altitudeFt>
                </position>
                <position>
                    <lat>55.9348</lat>
                    <lon>37.3485</lon>
                    <date>2013-07-11T18:09:00+02:00</date>
                    <speedMph>148</speedMph>
                    <altitudeFt>800</altitudeFt>
                </position>
                <position>
                    <lat>55.9347</lat>
                    <lon>37.3468</lon>
                    <date>2013-07-11T18:08:55+02:00</date>
                    <speedMph>148</speedMph>
                    <altitudeFt>830</altitudeFt>
                </position>
                <position>
                    <lat>55.9338</lat>
                    <lon>37.3411</lon>
                    <date>2013-07-11T18:08:50+02:00</date>
                    <speedMph>148</speedMph>
                    <altitudeFt>900</altitudeFt>
                </position>
                <position>
                    <lat>55.9324</lat>
                    <lon>37.3324</lon>
                    <date>2013-07-11T18:08:45+02:00</date>
                    <speedMph>148</speedMph>
                    <altitudeFt>980</altitudeFt>
                </position>
                <position>
                    <lat>55.9315</lat>
                    <lon>37.3272</lon>
                    <date>2013-07-11T18:08:40+02:00</date>
                    <speedMph>148</speedMph>
                    <altitudeFt>1030</altitudeFt>
                </position>
                <position>
                    <lat>55.9309</lat>
                    <lon>37.3222</lon>
                    <date>2013-07-11T18:08:35+02:00</date>
                    <speedMph>148</speedMph>
                    <altitudeFt>1080</altitudeFt>
                </position>
                <position>
                    <lat>55.9302</lat>
                    <lon>37.3175</lon>
                    <date>2013-07-11T18:08:30+02:00</date>
                    <speedMph>148</speedMph>
                    <altitudeFt>1130</altitudeFt>
                </position>
                <position>
                    <lat>55.9288</lat>
                    <lon>37.309</lon>
                    <date>2013-07-11T18:08:25+02:00</date>
                    <speedMph>148</speedMph>
                    <altitudeFt>1230</altitudeFt>
                </position>
                <position>
                    <lat>55.9272</lat>
                    <lon>37.2988</lon>
                    <date>2013-07-11T18:08:15+02:00</date>
                    <speedMph>152</speedMph>
                    <altitudeFt>1350</altitudeFt>
                </position>
                <position>
                    <lat>55.9257</lat>
                    <lon>37.2886</lon>
                    <date>2013-07-11T18:08:10+02:00</date>
                    <speedMph>152</speedMph>
                    <altitudeFt>1450</altitudeFt>
                </position>
                <position>
                    <lat>55.9252</lat>
                    <lon>37.285</lon>
                    <date>2013-07-11T18:08:05+02:00</date>
                    <speedMph>152</speedMph>
                    <altitudeFt>1500</altitudeFt>
                </position>
                <position>
                    <lat>55.9245</lat>
                    <lon>37.2806</lon>
                    <date>2013-07-11T18:08:00+02:00</date>
                    <speedMph>148</speedMph>
                    <altitudeFt>1550</altitudeFt>
                </position>
                <position>
                    <lat>55.9235</lat>
                    <lon>37.274</lon>
                    <date>2013-07-11T18:07:55+02:00</date>
                    <speedMph>152</speedMph>
                    <altitudeFt>1600</altitudeFt>
                </position>
                <position>
                    <lat>55.923</lat>
                    <lon>37.2708</lon>
                    <date>2013-07-11T18:07:50+02:00</date>
                    <speedMph>152</speedMph>
                    <altitudeFt>1650</altitudeFt>
                </position>
                <position>
                    <lat>55.9214</lat>
                    <lon>37.2606</lon>
                    <date>2013-07-11T18:07:45+02:00</date>
                    <speedMph>152</speedMph>
                    <altitudeFt>1750</altitudeFt>
                </position>
                <position>
                    <lat>55.9204</lat>
                    <lon>37.2539</lon>
                    <date>2013-07-11T18:07:40+02:00</date>
                    <speedMph>152</speedMph>
                    <altitudeFt>1800</altitudeFt>
                </position>
                <position>
                    <lat>55.9192</lat>
                    <lon>37.2453</lon>
                    <date>2013-07-11T18:07:35+02:00</date>
                    <speedMph>152</speedMph>
                    <altitudeFt>1930</altitudeFt>
                </position>
                <position>
                    <lat>55.9185</lat>
                    <lon>37.2411</lon>
                    <date>2013-07-11T18:07:25+02:00</date>
                    <speedMph>152</speedMph>
                    <altitudeFt>1980</altitudeFt>
                </position>
                <position>
                    <lat>55.9168</lat>
                    <lon>37.2299</lon>
                    <date>2013-07-11T18:07:20+02:00</date>
                    <speedMph>152</speedMph>
                    <altitudeFt>2080</altitudeFt>
                </position>
                <position>
                    <lat>55.9163</lat>
                    <lon>37.2268</lon>
                    <date>2013-07-11T18:07:15+02:00</date>
                    <speedMph>152</speedMph>
                    <altitudeFt>2130</altitudeFt>
                </position>
                <position>
                    <lat>55.9144</lat>
                    <lon>37.2138</lon>
                    <date>2013-07-11T18:07:05+02:00</date>
                    <speedMph>152</speedMph>
                    <altitudeFt>2280</altitudeFt>
                </position>
                <position>
                    <lat>55.9135</lat>
                    <lon>37.2085</lon>
                    <date>2013-07-11T18:07:00+02:00</date>
                    <speedMph>156</speedMph>
                    <altitudeFt>2350</altitudeFt>
                </position>
                <position>
                    <lat>55.9129</lat>
                    <lon>37.2039</lon>
                    <date>2013-07-11T18:06:55+02:00</date>
                    <speedMph>160</speedMph>
                    <altitudeFt>2400</altitudeFt>
                </position>
                <position>
                    <lat>55.9118</lat>
                    <lon>37.1966</lon>
                    <date>2013-07-11T18:06:50+02:00</date>
                    <speedMph>164</speedMph>
                    <altitudeFt>2450</altitudeFt>
                </position>
                <position>
                    <lat>55.9108</lat>
                    <lon>37.1899</lon>
                    <date>2013-07-11T18:06:45+02:00</date>
                    <speedMph>168</speedMph>
                    <altitudeFt>2500</altitudeFt>
                </position>
                <position>
                    <lat>55.9089</lat>
                    <lon>37.1786</lon>
                    <date>2013-07-11T18:06:40+02:00</date>
                    <speedMph>172</speedMph>
                    <altitudeFt>2630</altitudeFt>
                </position>
                <position>
                    <lat>55.9087</lat>
                    <lon>37.1772</lon>
                    <date>2013-07-11T18:06:35+02:00</date>
                    <speedMph>168</speedMph>
                    <altitudeFt>2680</altitudeFt>
                </position>
                <position>
                    <lat>55.9077</lat>
                    <lon>37.1708</lon>
                    <date>2013-07-11T18:06:30+02:00</date>
                    <speedMph>168</speedMph>
                    <altitudeFt>2700</altitudeFt>
                </position>
                <position>
                    <lat>55.9068</lat>
                    <lon>37.1664</lon>
                    <date>2013-07-11T18:06:25+02:00</date>
                    <speedMph>168</speedMph>
                    <altitudeFt>2680</altitudeFt>
                </position>
                <position>
                    <lat>55.9055</lat>
                    <lon>37.1561</lon>
                    <date>2013-07-11T18:06:20+02:00</date>
                    <speedMph>168</speedMph>
                    <altitudeFt>2700</altitudeFt>
                </position>
                <position>
                    <lat>55.9048</lat>
                    <lon>37.151</lon>
                    <date>2013-07-11T18:06:15+02:00</date>
                    <speedMph>168</speedMph>
                    <altitudeFt>2700</altitudeFt>
                </position>
                <position>
                    <lat>55.9031</lat>
                    <lon>37.1391</lon>
                    <date>2013-07-11T18:06:10+02:00</date>
                    <speedMph>168</speedMph>
                    <altitudeFt>2750</altitudeFt>
                </position>
                <position>
                    <lat>55.9024</lat>
                    <lon>37.1344</lon>
                    <date>2013-07-11T18:06:05+02:00</date>
                    <speedMph>168</speedMph>
                    <altitudeFt>2800</altitudeFt>
                </position>
                <position>
                    <lat>55.9013</lat>
                    <lon>37.1292</lon>
                    <date>2013-07-11T18:06:00+02:00</date>
                    <speedMph>168</speedMph>
                    <altitudeFt>2850</altitudeFt>
                </position>
                <position>
                    <lat>55.8999</lat>
                    <lon>37.1235</lon>
                    <date>2013-07-11T18:05:55+02:00</date>
                    <speedMph>164</speedMph>
                    <altitudeFt>2950</altitudeFt>
                </position>
                <position>
                    <lat>55.8989</lat>
                    <lon>37.1197</lon>
                    <date>2013-07-11T18:05:50+02:00</date>
                    <speedMph>164</speedMph>
                    <altitudeFt>3080</altitudeFt>
                </position>
                <position>
                    <lat>55.8976</lat>
                    <lon>37.1147</lon>
                    <date>2013-07-11T18:05:45+02:00</date>
                    <speedMph>164</speedMph>
                    <altitudeFt>3180</altitudeFt>
                </position>
                <position>
                    <lat>55.8962</lat>
                    <lon>37.1103</lon>
                    <date>2013-07-11T18:05:40+02:00</date>
                    <speedMph>164</speedMph>
                    <altitudeFt>3280</altitudeFt>
                </position>
                <position>
                    <lat>55.8931</lat>
                    <lon>37.0998</lon>
                    <date>2013-07-11T18:05:35+02:00</date>
                    <speedMph>168</speedMph>
                    <altitudeFt>3450</altitudeFt>
                </position>
                <position>
                    <lat>55.8916</lat>
                    <lon>37.0947</lon>
                    <date>2013-07-11T18:05:30+02:00</date>
                    <speedMph>168</speedMph>
                    <altitudeFt>3530</altitudeFt>
                </position>
                <position>
                    <lat>55.8902</lat>
                    <lon>37.0902</lon>
                    <date>2013-07-11T18:05:25+02:00</date>
                    <speedMph>172</speedMph>
                    <altitudeFt>3580</altitudeFt>
                </position>
                <position>
                    <lat>55.8873</lat>
                    <lon>37.0804</lon>
                    <date>2013-07-11T18:05:20+02:00</date>
                    <speedMph>172</speedMph>
                    <altitudeFt>3680</altitudeFt>
                </position>
                <position>
                    <lat>55.8857</lat>
                    <lon>37.0747</lon>
                    <date>2013-07-11T18:05:15+02:00</date>
                    <speedMph>176</speedMph>
                    <altitudeFt>3680</altitudeFt>
                </position>
                <position>
                    <lat>55.8843</lat>
                    <lon>37.0703</lon>
                    <date>2013-07-11T18:05:10+02:00</date>
                    <speedMph>176</speedMph>
                    <altitudeFt>3680</altitudeFt>
                </position>
                <position>
                    <lat>55.8826</lat>
                    <lon>37.0644</lon>
                    <date>2013-07-11T18:05:05+02:00</date>
                    <speedMph>180</speedMph>
                    <altitudeFt>3680</altitudeFt>
                </position>
                <position>
                    <lat>55.8807</lat>
                    <lon>37.0579</lon>
                    <date>2013-07-11T18:05:00+02:00</date>
                    <speedMph>184</speedMph>
                    <altitudeFt>3700</altitudeFt>
                </position>
                <position>
                    <lat>55.8782</lat>
                    <lon>37.0495</lon>
                    <date>2013-07-11T18:04:55+02:00</date>
                    <speedMph>188</speedMph>
                    <altitudeFt>3680</altitudeFt>
                </position>
                <position>
                    <lat>55.8763</lat>
                    <lon>37.0432</lon>
                    <date>2013-07-11T18:04:50+02:00</date>
                    <speedMph>188</speedMph>
                    <altitudeFt>3700</altitudeFt>
                </position>
                <position>
                    <lat>55.8749</lat>
                    <lon>37.0383</lon>
                    <date>2013-07-11T18:04:45+02:00</date>
                    <speedMph>188</speedMph>
                    <altitudeFt>3730</altitudeFt>
                </position>
                <position>
                    <lat>55.8717</lat>
                    <lon>37.027</lon>
                    <date>2013-07-11T18:04:40+02:00</date>
                    <speedMph>192</speedMph>
                    <altitudeFt>3850</altitudeFt>
                </position>
                <position>
                    <lat>55.8682</lat>
                    <lon>37.0159</lon>
                    <date>2013-07-11T18:04:35+02:00</date>
                    <speedMph>192</speedMph>
                    <altitudeFt>4030</altitudeFt>
                </position>
                <position>
                    <lat>55.8663</lat>
                    <lon>37.0095</lon>
                    <date>2013-07-11T18:04:30+02:00</date>
                    <speedMph>192</speedMph>
                    <altitudeFt>4100</altitudeFt>
                </position>
                <position>
                    <lat>55.865</lat>
                    <lon>37.0047</lon>
                    <date>2013-07-11T18:04:25+02:00</date>
                    <speedMph>192</speedMph>
                    <altitudeFt>4180</altitudeFt>
                </position>
                <position>
                    <lat>55.8634</lat>
                    <lon>36.9994</lon>
                    <date>2013-07-11T18:04:20+02:00</date>
                    <speedMph>192</speedMph>
                    <altitudeFt>4250</altitudeFt>
                </position>
                <position>
                    <lat>55.8612</lat>
                    <lon>36.9923</lon>
                    <date>2013-07-11T18:04:15+02:00</date>
                    <speedMph>192</speedMph>
                    <altitudeFt>4350</altitudeFt>
                </position>
                <position>
                    <lat>55.8579</lat>
                    <lon>36.9815</lon>
                    <date>2013-07-11T18:04:10+02:00</date>
                    <speedMph>192</speedMph>
                    <altitudeFt>4530</altitudeFt>
                </position>
                <position>
                    <lat>55.8548</lat>
                    <lon>36.9708</lon>
                    <date>2013-07-11T18:04:05+02:00</date>
                    <speedMph>192</speedMph>
                    <altitudeFt>4680</altitudeFt>
                </position>
                <position>
                    <lat>55.8533</lat>
                    <lon>36.9652</lon>
                    <date>2013-07-11T18:04:00+02:00</date>
                    <speedMph>192</speedMph>
                    <altitudeFt>4780</altitudeFt>
                </position>
                <position>
                    <lat>55.8516</lat>
                    <lon>36.9595</lon>
                    <date>2013-07-11T18:03:55+02:00</date>
                    <speedMph>192</speedMph>
                    <altitudeFt>4850</altitudeFt>
                </position>
                <position>
                    <lat>55.8498</lat>
                    <lon>36.9534</lon>
                    <date>2013-07-11T18:03:50+02:00</date>
                    <speedMph>192</speedMph>
                    <altitudeFt>4930</altitudeFt>
                </position>
                <position>
                    <lat>55.8464</lat>
                    <lon>36.9419</lon>
                    <date>2013-07-11T18:03:40+02:00</date>
                    <speedMph>192</speedMph>
                    <altitudeFt>5100</altitudeFt>
                </position>
                <position>
                    <lat>55.8413</lat>
                    <lon>36.925</lon>
                    <date>2013-07-11T18:03:30+02:00</date>
                    <speedMph>196</speedMph>
                    <altitudeFt>5300</altitudeFt>
                </position>
                <position>
                    <lat>55.8385</lat>
                    <lon>36.9149</lon>
                    <date>2013-07-11T18:03:20+02:00</date>
                    <speedMph>196</speedMph>
                    <altitudeFt>5480</altitudeFt>
                </position>
                <position>
                    <lat>55.8333</lat>
                    <lon>36.8976</lon>
                    <date>2013-07-11T18:03:10+02:00</date>
                    <speedMph>196</speedMph>
                    <altitudeFt>5700</altitudeFt>
                </position>
                <position>
                    <lat>55.8296</lat>
                    <lon>36.8849</lon>
                    <date>2013-07-11T18:03:00+02:00</date>
                    <speedMph>200</speedMph>
                    <altitudeFt>5850</altitudeFt>
                </position>
                <position>
                    <lat>55.8256</lat>
                    <lon>36.8658</lon>
                    <date>2013-07-11T18:02:50+02:00</date>
                    <speedMph>204</speedMph>
                    <altitudeFt>6030</altitudeFt>
                </position>
                <position>
                    <lat>55.8241</lat>
                    <lon>36.8543</lon>
                    <date>2013-07-11T18:02:40+02:00</date>
                    <speedMph>208</speedMph>
                    <altitudeFt>6150</altitudeFt>
                </position>
                <position>
                    <lat>55.821</lat>
                    <lon>36.8328</lon>
                    <date>2013-07-11T18:02:30+02:00</date>
                    <speedMph>208</speedMph>
                    <altitudeFt>6430</altitudeFt>
                </position>
                <position>
                    <lat>55.8189</lat>
                    <lon>36.8196</lon>
                    <date>2013-07-11T18:02:20+02:00</date>
                    <speedMph>208</speedMph>
                    <altitudeFt>6580</altitudeFt>
                </position>
                <position>
                    <lat>55.8158</lat>
                    <lon>36.7987</lon>
                    <date>2013-07-11T18:02:10+02:00</date>
                    <speedMph>212</speedMph>
                    <altitudeFt>6830</altitudeFt>
                </position>
                <position>
                    <lat>55.8143</lat>
                    <lon>36.7881</lon>
                    <date>2013-07-11T18:02:00+02:00</date>
                    <speedMph>212</speedMph>
                    <altitudeFt>6980</altitudeFt>
                </position>
                <position>
                    <lat>55.8114</lat>
                    <lon>36.7676</lon>
                    <date>2013-07-11T18:01:50+02:00</date>
                    <speedMph>212</speedMph>
                    <altitudeFt>7200</altitudeFt>
                </position>
                <position>
                    <lat>55.8093</lat>
                    <lon>36.7544</lon>
                    <date>2013-07-11T18:01:40+02:00</date>
                    <speedMph>212</speedMph>
                    <altitudeFt>7350</altitudeFt>
                </position>
                <position>
                    <lat>55.8062</lat>
                    <lon>36.733</lon>
                    <date>2013-07-11T18:01:30+02:00</date>
                    <speedMph>216</speedMph>
                    <altitudeFt>7580</altitudeFt>
                </position>
                <position>
                    <lat>55.8045</lat>
                    <lon>36.7202</lon>
                    <date>2013-07-11T18:01:20+02:00</date>
                    <speedMph>216</speedMph>
                    <altitudeFt>7700</altitudeFt>
                </position>
                <position>
                    <lat>55.8014</lat>
                    <lon>36.6997</lon>
                    <date>2013-07-11T18:01:10+02:00</date>
                    <speedMph>220</speedMph>
                    <altitudeFt>7930</altitudeFt>
                </position>
                <position>
                    <lat>55.7996</lat>
                    <lon>36.6861</lon>
                    <date>2013-07-11T18:01:00+02:00</date>
                    <speedMph>216</speedMph>
                    <altitudeFt>8130</altitudeFt>
                </position>
                <position>
                    <lat>55.7966</lat>
                    <lon>36.6651</lon>
                    <date>2013-07-11T18:00:50+02:00</date>
                    <speedMph>216</speedMph>
                    <altitudeFt>8400</altitudeFt>
                </position>
                <position>
                    <lat>55.7944</lat>
                    <lon>36.6509</lon>
                    <date>2013-07-11T18:00:40+02:00</date>
                    <speedMph>212</speedMph>
                    <altitudeFt>8600</altitudeFt>
                </position>
                <position>
                    <lat>55.7925</lat>
                    <lon>36.638</lon>
                    <date>2013-07-11T18:00:30+02:00</date>
                    <speedMph>212</speedMph>
                    <altitudeFt>8780</altitudeFt>
                </position>
                <position>
                    <lat>55.7896</lat>
                    <lon>36.6174</lon>
                    <date>2013-07-11T18:00:20+02:00</date>
                    <speedMph>208</speedMph>
                    <altitudeFt>9080</altitudeFt>
                </position>
                <position>
                    <lat>55.7876</lat>
                    <lon>36.6046</lon>
                    <date>2013-07-11T18:00:10+02:00</date>
                    <speedMph>208</speedMph>
                    <altitudeFt>9250</altitudeFt>
                </position>
                <position>
                    <lat>55.7846</lat>
                    <lon>36.5843</lon>
                    <date>2013-07-11T18:00:00+02:00</date>
                    <speedMph>208</speedMph>
                    <altitudeFt>9450</altitudeFt>
                </position>
                <position>
                    <lat>55.7827</lat>
                    <lon>36.5714</lon>
                    <date>2013-07-11T17:59:50+02:00</date>
                    <speedMph>208</speedMph>
                    <altitudeFt>9580</altitudeFt>
                </position>
                <position>
                    <lat>55.7796</lat>
                    <lon>36.5507</lon>
                    <date>2013-07-11T17:59:40+02:00</date>
                    <speedMph>220</speedMph>
                    <altitudeFt>9700</altitudeFt>
                </position>
                <position>
                    <lat>55.7776</lat>
                    <lon>36.5362</lon>
                    <date>2013-07-11T17:59:30+02:00</date>
                    <speedMph>224</speedMph>
                    <altitudeFt>9800</altitudeFt>
                </position>
                <position>
                    <lat>55.7753</lat>
                    <lon>36.5211</lon>
                    <date>2013-07-11T17:59:20+02:00</date>
                    <speedMph>228</speedMph>
                    <altitudeFt>9900</altitudeFt>
                </position>
                <position>
                    <lat>55.7687</lat>
                    <lon>36.4753</lon>
                    <date>2013-07-11T17:59:00+02:00</date>
                    <speedMph>232</speedMph>
                    <altitudeFt>10000</altitudeFt>
                </position>
                <position>
                    <lat>55.7604</lat>
                    <lon>36.4207</lon>
                    <date>2013-07-11T17:58:30+02:00</date>
                    <speedMph>232</speedMph>
                    <altitudeFt>10000</altitudeFt>
                </position>
                <position>
                    <lat>55.7539</lat>
                    <lon>36.3756</lon>
                    <date>2013-07-11T17:58:00+02:00</date>
                    <speedMph>232</speedMph>
                    <altitudeFt>10000</altitudeFt>
                </position>
                <position>
                    <lat>55.7443</lat>
                    <lon>36.3105</lon>
                    <date>2013-07-11T17:57:30+02:00</date>
                    <speedMph>232</speedMph>
                    <altitudeFt>10400</altitudeFt>
                </position>
                <position>
                    <lat>55.7364</lat>
                    <lon>36.2588</lon>
                    <date>2013-07-11T17:57:00+02:00</date>
                    <speedMph>236</speedMph>
                    <altitudeFt>10950</altitudeFt>
                </position>
                <position>
                    <lat>55.7287</lat>
                    <lon>36.2065</lon>
                    <date>2013-07-11T17:56:30+02:00</date>
                    <speedMph>244</speedMph>
                    <altitudeFt>11350</altitudeFt>
                </position>
                <position>
                    <lat>55.7187</lat>
                    <lon>36.1402</lon>
                    <date>2013-07-11T17:56:00+02:00</date>
                    <speedMph>264</speedMph>
                    <altitudeFt>11730</altitudeFt>
                </position>
                <position>
                    <lat>55.7101</lat>
                    <lon>36.0825</lon>
                    <date>2013-07-11T17:55:30+02:00</date>
                    <speedMph>280</speedMph>
                    <altitudeFt>12000</altitudeFt>
                </position>
                <position>
                    <lat>55.7</lat>
                    <lon>36.0154</lon>
                    <date>2013-07-11T17:55:00+02:00</date>
                    <speedMph>304</speedMph>
                    <altitudeFt>12450</altitudeFt>
                </position>
                <position>
                    <lat>55.6866</lat>
                    <lon>35.9279</lon>
                    <date>2013-07-11T17:54:30+02:00</date>
                    <speedMph>328</speedMph>
                    <altitudeFt>13280</altitudeFt>
                </position>
                <position>
                    <lat>55.6751</lat>
                    <lon>35.8525</lon>
                    <date>2013-07-11T17:54:00+02:00</date>
                    <speedMph>332</speedMph>
                    <altitudeFt>14030</altitudeFt>
                </position>
                <position>
                    <lat>55.664</lat>
                    <lon>35.7794</lon>
                    <date>2013-07-11T17:53:30+02:00</date>
                    <speedMph>336</speedMph>
                    <altitudeFt>14830</altitudeFt>
                </position>
                <position>
                    <lat>55.6485</lat>
                    <lon>35.6779</lon>
                    <date>2013-07-11T17:52:55+02:00</date>
                    <speedMph>344</speedMph>
                    <altitudeFt>16550</altitudeFt>
                </position>
                <position>
                    <lat>55.6225</lat>
                    <lon>35.5126</lon>
                    <date>2013-07-11T17:51:55+02:00</date>
                    <speedMph>376</speedMph>
                    <altitudeFt>19200</altitudeFt>
                </position>
                <position>
                    <lat>55.5946</lat>
                    <lon>35.3342</lon>
                    <date>2013-07-11T17:50:55+02:00</date>
                    <speedMph>388</speedMph>
                    <altitudeFt>21200</altitudeFt>
                </position>
                <position>
                    <lat>55.5642</lat>
                    <lon>35.1482</lon>
                    <date>2013-07-11T17:49:55+02:00</date>
                    <speedMph>396</speedMph>
                    <altitudeFt>23250</altitudeFt>
                </position>
                <position>
                    <lat>55.5321</lat>
                    <lon>34.9499</lon>
                    <date>2013-07-11T17:48:55+02:00</date>
                    <speedMph>396</speedMph>
                    <altitudeFt>25000</altitudeFt>
                </position>
                <position>
                    <lat>55.51</lat>
                    <lon>34.7728</lon>
                    <date>2013-07-11T17:47:55+02:00</date>
                    <speedMph>400</speedMph>
                    <altitudeFt>25000</altitudeFt>
                </position>
                <position>
                    <lat>55.4943</lat>
                    <lon>34.569</lon>
                    <date>2013-07-11T17:46:55+02:00</date>
                    <speedMph>396</speedMph>
                    <altitudeFt>24980</altitudeFt>
                </position>
                <position>
                    <lat>55.4799</lat>
                    <lon>34.3812</lon>
                    <date>2013-07-11T17:45:55+02:00</date>
                    <speedMph>416</speedMph>
                    <altitudeFt>26250</altitudeFt>
                </position>
                <position>
                    <lat>55.4639</lat>
                    <lon>34.1805</lon>
                    <date>2013-07-11T17:44:55+02:00</date>
                    <speedMph>424</speedMph>
                    <altitudeFt>28250</altitudeFt>
                </position>
                <position>
                    <lat>55.4474</lat>
                    <lon>33.9761</lon>
                    <date>2013-07-11T17:43:55+02:00</date>
                    <speedMph>428</speedMph>
                    <altitudeFt>30330</altitudeFt>
                </position>
                <position>
                    <lat>55.4288</lat>
                    <lon>33.7528</lon>
                    <date>2013-07-11T17:42:55+02:00</date>
                    <speedMph>440</speedMph>
                    <altitudeFt>32350</altitudeFt>
                </position>
                <position>
                    <lat>55.4119</lat>
                    <lon>33.5403</lon>
                    <date>2013-07-11T17:41:55+02:00</date>
                    <speedMph>456</speedMph>
                    <altitudeFt>33880</altitudeFt>
                </position>
                <position>
                    <lat>55.3942</lat>
                    <lon>33.323</lon>
                    <date>2013-07-11T17:40:55+02:00</date>
                    <speedMph>472</speedMph>
                    <altitudeFt>34980</altitudeFt>
                </position>
                <position>
                    <lat>55.3757</lat>
                    <lon>33.0997</lon>
                    <date>2013-07-11T17:39:55+02:00</date>
                    <speedMph>472</speedMph>
                    <altitudeFt>35000</altitudeFt>
                </position>
                <position>
                    <lat>55.3563</lat>
                    <lon>32.873</lon>
                    <date>2013-07-11T17:38:55+02:00</date>
                    <speedMph>472</speedMph>
                    <altitudeFt>35000</altitudeFt>
                </position>
                <position>
                    <lat>55.3364</lat>
                    <lon>32.6439</lon>
                    <date>2013-07-11T17:37:55+02:00</date>
                    <speedMph>476</speedMph>
                    <altitudeFt>35000</altitudeFt>
                </position>
                <position>
                    <lat>55.3158</lat>
                    <lon>32.4143</lon>
                    <date>2013-07-11T17:36:55+02:00</date>
                    <speedMph>472</speedMph>
                    <altitudeFt>35000</altitudeFt>
                </position>
                <position>
                    <lat>55.2943</lat>
                    <lon>32.1796</lon>
                    <date>2013-07-11T17:35:55+02:00</date>
                    <speedMph>476</speedMph>
                    <altitudeFt>35030</altitudeFt>
                </position>
                <position>
                    <lat>55.2732</lat>
                    <lon>31.9546</lon>
                    <date>2013-07-11T17:34:55+02:00</date>
                    <speedMph>472</speedMph>
                    <altitudeFt>35000</altitudeFt>
                </position>
                <position>
                    <lat>54.8221</lat>
                    <lon>27.1101</lon>
                    <date>2013-07-11T17:13:40+02:00</date>
                    <speedMph>480</speedMph>
                    <altitudeFt>35000</altitudeFt>
                </position>
                <position>
                    <lat>54.807</lat>
                    <lon>26.9642</lon>
                    <date>2013-07-11T17:12:40+02:00</date>
                    <speedMph>480</speedMph>
                    <altitudeFt>35000</altitudeFt>
                </position>
                <position>
                    <lat>54.7452</lat>
                    <lon>26.3855</lon>
                    <date>2013-07-11T17:10:27+02:00</date>
                    <speedMph>480</speedMph>
                    <altitudeFt>35000</altitudeFt>
                </position>
                <position>
                    <lat>54.7277</lat>
                    <lon>26.2274</lon>
                    <date>2013-07-11T17:09:27+02:00</date>
                    <speedMph>480</speedMph>
                    <altitudeFt>35000</altitudeFt>
                </position>
                <position>
                    <lat>54.7028</lat>
                    <lon>26.0046</lon>
                    <date>2013-07-11T17:08:27+02:00</date>
                    <speedMph>480</speedMph>
                    <altitudeFt>35000</altitudeFt>
                </position>
                <position>
                    <lat>54.677</lat>
                    <lon>25.7738</lon>
                    <date>2013-07-11T17:07:27+02:00</date>
                    <speedMph>480</speedMph>
                    <altitudeFt>35000</altitudeFt>
                </position>
                <position>
                    <lat>54.651</lat>
                    <lon>25.5644</lon>
                    <date>2013-07-11T17:06:27+02:00</date>
                    <speedMph>480</speedMph>
                    <altitudeFt>35000</altitudeFt>
                </position>
                <position>
                    <lat>54.6209</lat>
                    <lon>25.3247</lon>
                    <date>2013-07-11T17:05:27+02:00</date>
                    <speedMph>480</speedMph>
                    <altitudeFt>35000</altitudeFt>
                </position>
                <position>
                    <lat>54.5904</lat>
                    <lon>25.1051</lon>
                    <date>2013-07-11T17:04:27+02:00</date>
                    <speedMph>476</speedMph>
                    <altitudeFt>35000</altitudeFt>
                </position>
                <position>
                    <lat>54.5602</lat>
                    <lon>24.891</lon>
                    <date>2013-07-11T17:03:27+02:00</date>
                    <speedMph>476</speedMph>
                    <altitudeFt>35000</altitudeFt>
                </position>
                <position>
                    <lat>54.5273</lat>
                    <lon>24.6622</lon>
                    <date>2013-07-11T17:02:27+02:00</date>
                    <speedMph>476</speedMph>
                    <altitudeFt>35030</altitudeFt>
                </position>
                <position>
                    <lat>54.4958</lat>
                    <lon>24.4447</lon>
                    <date>2013-07-11T17:01:27+02:00</date>
                    <speedMph>476</speedMph>
                    <altitudeFt>35000</altitudeFt>
                </position>
                <position>
                    <lat>54.465</lat>
                    <lon>24.2351</lon>
                    <date>2013-07-11T17:00:27+02:00</date>
                    <speedMph>472</speedMph>
                    <altitudeFt>35000</altitudeFt>
                </position>
                <position>
                    <lat>54.4313</lat>
                    <lon>24.0103</lon>
                    <date>2013-07-11T16:59:27+02:00</date>
                    <speedMph>472</speedMph>
                    <altitudeFt>35000</altitudeFt>
                </position>
                <position>
                    <lat>54.3995</lat>
                    <lon>23.7991</lon>
                    <date>2013-07-11T16:58:27+02:00</date>
                    <speedMph>472</speedMph>
                    <altitudeFt>35000</altitudeFt>
                </position>
                <position>
                    <lat>54.3662</lat>
                    <lon>23.5823</lon>
                    <date>2013-07-11T16:57:27+02:00</date>
                    <speedMph>472</speedMph>
                    <altitudeFt>35000</altitudeFt>
                </position>
                <position>
                    <lat>54.333</lat>
                    <lon>23.3683</lon>
                    <date>2013-07-11T16:56:27+02:00</date>
                    <speedMph>468</speedMph>
                    <altitudeFt>35000</altitudeFt>
                </position>
                <position>
                    <lat>54.2989</lat>
                    <lon>23.1511</lon>
                    <date>2013-07-11T16:55:27+02:00</date>
                    <speedMph>468</speedMph>
                    <altitudeFt>35000</altitudeFt>
                </position>
                <position>
                    <lat>54.2642</lat>
                    <lon>22.9322</lon>
                    <date>2013-07-11T16:54:27+02:00</date>
                    <speedMph>464</speedMph>
                    <altitudeFt>35000</altitudeFt>
                </position>
                <position>
                    <lat>54.2297</lat>
                    <lon>22.7145</lon>
                    <date>2013-07-11T16:53:27+02:00</date>
                    <speedMph>464</speedMph>
                    <altitudeFt>35000</altitudeFt>
                </position>
                <position>
                    <lat>54.1971</lat>
                    <lon>22.512</lon>
                    <date>2013-07-11T16:52:27+02:00</date>
                    <speedMph>460</speedMph>
                    <altitudeFt>35000</altitudeFt>
                </position>
                <position>
                    <lat>54.1634</lat>
                    <lon>22.3048</lon>
                    <date>2013-07-11T16:51:27+02:00</date>
                    <speedMph>460</speedMph>
                    <altitudeFt>35000</altitudeFt>
                </position>
                <position>
                    <lat>54.1281</lat>
                    <lon>22.0906</lon>
                    <date>2013-07-11T16:50:27+02:00</date>
                    <speedMph>460</speedMph>
                    <altitudeFt>35000</altitudeFt>
                </position>
                <position>
                    <lat>54.0958</lat>
                    <lon>21.8956</lon>
                    <date>2013-07-11T16:49:27+02:00</date>
                    <speedMph>460</speedMph>
                    <altitudeFt>35000</altitudeFt>
                </position>
                <position>
                    <lat>54.0611</lat>
                    <lon>21.6907</lon>
                    <date>2013-07-11T16:48:27+02:00</date>
                    <speedMph>460</speedMph>
                    <altitudeFt>35000</altitudeFt>
                </position>
                <position>
                    <lat>54.0244</lat>
                    <lon>21.475</lon>
                    <date>2013-07-11T16:47:27+02:00</date>
                    <speedMph>460</speedMph>
                    <altitudeFt>35000</altitudeFt>
                </position>
                <position>
                    <lat>53.9901</lat>
                    <lon>21.2749</lon>
                    <date>2013-07-11T16:46:27+02:00</date>
                    <speedMph>460</speedMph>
                    <altitudeFt>35000</altitudeFt>
                </position>
                <position>
                    <lat>53.9507</lat>
                    <lon>21.0484</lon>
                    <date>2013-07-11T16:45:27+02:00</date>
                    <speedMph>460</speedMph>
                    <altitudeFt>35000</altitudeFt>
                </position>
                <position>
                    <lat>53.9155</lat>
                    <lon>20.848</lon>
                    <date>2013-07-11T16:44:27+02:00</date>
                    <speedMph>460</speedMph>
                    <altitudeFt>35000</altitudeFt>
                </position>
                <position>
                    <lat>53.8771</lat>
                    <lon>20.6318</lon>
                    <date>2013-07-11T16:43:27+02:00</date>
                    <speedMph>464</speedMph>
                    <altitudeFt>35000</altitudeFt>
                </position>
                <position>
                    <lat>53.8428</lat>
                    <lon>20.4402</lon>
                    <date>2013-07-11T16:42:27+02:00</date>
                    <speedMph>464</speedMph>
                    <altitudeFt>35000</altitudeFt>
                </position>
                <position>
                    <lat>53.8059</lat>
                    <lon>20.2364</lon>
                    <date>2013-07-11T16:41:27+02:00</date>
                    <speedMph>464</speedMph>
                    <altitudeFt>35000</altitudeFt>
                </position>
                <position>
                    <lat>53.7683</lat>
                    <lon>20.031</lon>
                    <date>2013-07-11T16:40:27+02:00</date>
                    <speedMph>464</speedMph>
                    <altitudeFt>35000</altitudeFt>
                </position>
                <position>
                    <lat>53.7286</lat>
                    <lon>19.8166</lon>
                    <date>2013-07-11T16:39:27+02:00</date>
                    <speedMph>464</speedMph>
                    <altitudeFt>35000</altitudeFt>
                </position>
                <position>
                    <lat>53.6907</lat>
                    <lon>19.6135</lon>
                    <date>2013-07-11T16:38:27+02:00</date>
                    <speedMph>464</speedMph>
                    <altitudeFt>35000</altitudeFt>
                </position>
                <position>
                    <lat>53.651</lat>
                    <lon>19.4033</lon>
                    <date>2013-07-11T16:37:27+02:00</date>
                    <speedMph>464</speedMph>
                    <altitudeFt>35000</altitudeFt>
                </position>
                <position>
                    <lat>53.6121</lat>
                    <lon>19.1988</lon>
                    <date>2013-07-11T16:36:27+02:00</date>
                    <speedMph>468</speedMph>
                    <altitudeFt>35000</altitudeFt>
                </position>
                <position>
                    <lat>53.5709</lat>
                    <lon>18.985</lon>
                    <date>2013-07-11T16:35:27+02:00</date>
                    <speedMph>468</speedMph>
                    <altitudeFt>35000</altitudeFt>
                </position>
                <position>
                    <lat>53.5314</lat>
                    <lon>18.7825</lon>
                    <date>2013-07-11T16:34:27+02:00</date>
                    <speedMph>468</speedMph>
                    <altitudeFt>35000</altitudeFt>
                </position>
                <position>
                    <lat>53.4904</lat>
                    <lon>18.5736</lon>
                    <date>2013-07-11T16:33:27+02:00</date>
                    <speedMph>472</speedMph>
                    <altitudeFt>35000</altitudeFt>
                </position>
                <position>
                    <lat>53.4466</lat>
                    <lon>18.353</lon>
                    <date>2013-07-11T16:32:27+02:00</date>
                    <speedMph>472</speedMph>
                    <altitudeFt>35000</altitudeFt>
                </position>
                <position>
                    <lat>53.4063</lat>
                    <lon>18.1531</lon>
                    <date>2013-07-11T16:31:27+02:00</date>
                    <speedMph>468</speedMph>
                    <altitudeFt>35030</altitudeFt>
                </position>
                <position>
                    <lat>53.3669</lat>
                    <lon>17.9582</lon>
                    <date>2013-07-11T16:30:27+02:00</date>
                    <speedMph>468</speedMph>
                    <altitudeFt>35000</altitudeFt>
                </position>
                <position>
                    <lat>53.3254</lat>
                    <lon>17.7553</lon>
                    <date>2013-07-11T16:29:27+02:00</date>
                    <speedMph>464</speedMph>
                    <altitudeFt>35000</altitudeFt>
                </position>
                <position>
                    <lat>53.2823</lat>
                    <lon>17.547</lon>
                    <date>2013-07-11T16:28:27+02:00</date>
                    <speedMph>460</speedMph>
                    <altitudeFt>35000</altitudeFt>
                </position>
                <position>
                    <lat>53.2402</lat>
                    <lon>17.3458</lon>
                    <date>2013-07-11T16:27:27+02:00</date>
                    <speedMph>456</speedMph>
                    <altitudeFt>35000</altitudeFt>
                </position>
                <position>
                    <lat>53.1994</lat>
                    <lon>17.1524</lon>
                    <date>2013-07-11T16:26:27+02:00</date>
                    <speedMph>456</speedMph>
                    <altitudeFt>35000</altitudeFt>
                </position>
                <position>
                    <lat>53.1575</lat>
                    <lon>16.955</lon>
                    <date>2013-07-11T16:25:27+02:00</date>
                    <speedMph>452</speedMph>
                    <altitudeFt>35000</altitudeFt>
                </position>
                <position>
                    <lat>53.1156</lat>
                    <lon>16.7603</lon>
                    <date>2013-07-11T16:24:27+02:00</date>
                    <speedMph>448</speedMph>
                    <altitudeFt>35000</altitudeFt>
                </position>
                <position>
                    <lat>53.0734</lat>
                    <lon>16.5658</lon>
                    <date>2013-07-11T16:23:27+02:00</date>
                    <speedMph>448</speedMph>
                    <altitudeFt>35000</altitudeFt>
                </position>
                <position>
                    <lat>53.0301</lat>
                    <lon>16.3681</lon>
                    <date>2013-07-11T16:22:27+02:00</date>
                    <speedMph>448</speedMph>
                    <altitudeFt>35000</altitudeFt>
                </position>
                <position>
                    <lat>52.9879</lat>
                    <lon>16.1758</lon>
                    <date>2013-07-11T16:21:27+02:00</date>
                    <speedMph>448</speedMph>
                    <altitudeFt>35000</altitudeFt>
                </position>
                <position>
                    <lat>52.9443</lat>
                    <lon>15.9811</lon>
                    <date>2013-07-11T16:20:27+02:00</date>
                    <speedMph>452</speedMph>
                    <altitudeFt>35000</altitudeFt>
                </position>
                <position>
                    <lat>52.9</lat>
                    <lon>15.7852</lon>
                    <date>2013-07-11T16:19:27+02:00</date>
                    <speedMph>452</speedMph>
                    <altitudeFt>35000</altitudeFt>
                </position>
                <position>
                    <lat>52.8588</lat>
                    <lon>15.5983</lon>
                    <date>2013-07-11T16:18:27+02:00</date>
                    <speedMph>456</speedMph>
                    <altitudeFt>35000</altitudeFt>
                </position>
                <position>
                    <lat>52.8159</lat>
                    <lon>15.4033</lon>
                    <date>2013-07-11T16:17:27+02:00</date>
                    <speedMph>456</speedMph>
                    <altitudeFt>35000</altitudeFt>
                </position>
                <position>
                    <lat>52.7725</lat>
                    <lon>15.2081</lon>
                    <date>2013-07-11T16:16:27+02:00</date>
                    <speedMph>452</speedMph>
                    <altitudeFt>34830</altitudeFt>
                </position>
                <position>
                    <lat>52.73</lat>
                    <lon>15.0164</lon>
                    <date>2013-07-11T16:15:27+02:00</date>
                    <speedMph>436</speedMph>
                    <altitudeFt>34130</altitudeFt>
                </position>
                <position>
                    <lat>52.6851</lat>
                    <lon>14.8199</lon>
                    <date>2013-07-11T16:14:27+02:00</date>
                    <speedMph>428</speedMph>
                    <altitudeFt>32680</altitudeFt>
                </position>
                <position>
                    <lat>52.6393</lat>
                    <lon>14.6381</lon>
                    <date>2013-07-11T16:13:27+02:00</date>
                    <speedMph>416</speedMph>
                    <altitudeFt>31480</altitudeFt>
                </position>
                <position>
                    <lat>52.6072</lat>
                    <lon>14.4089</lon>
                    <date>2013-07-11T16:12:27+02:00</date>
                    <speedMph>440</speedMph>
                    <altitudeFt>28650</altitudeFt>
                </position>
                <position>
                    <lat>52.5816</lat>
                    <lon>14.1934</lon>
                    <date>2013-07-11T16:11:27+02:00</date>
                    <speedMph>440</speedMph>
                    <altitudeFt>26230</altitudeFt>
                </position>
                <position>
                    <lat>52.5651</lat>
                    <lon>14.0582</lon>
                    <date>2013-07-11T16:10:25+02:00</date>
                    <speedMph>432</speedMph>
                    <altitudeFt>24800</altitudeFt>
                </position>
                <position>
                    <lat>52.5378</lat>
                    <lon>13.837</lon>
                    <date>2013-07-11T16:09:25+02:00</date>
                    <speedMph>420</speedMph>
                    <altitudeFt>22130</altitudeFt>
                </position>
                <position>
                    <lat>52.5184</lat>
                    <lon>13.6812</lon>
                    <date>2013-07-11T16:08:25+02:00</date>
                    <speedMph>412</speedMph>
                    <altitudeFt>19950</altitudeFt>
                </position>
                <position>
                    <lat>52.4964</lat>
                    <lon>13.5011</lon>
                    <date>2013-07-11T16:07:25+02:00</date>
                    <speedMph>400</speedMph>
                    <altitudeFt>17230</altitudeFt>
                </position>
                <position>
                    <lat>52.4753</lat>
                    <lon>13.3267</lon>
                    <date>2013-07-11T16:06:25+02:00</date>
                    <speedMph>384</speedMph>
                    <altitudeFt>14180</altitudeFt>
                </position>
                <position>
                    <lat>52.4611</lat>
                    <lon>13.2251</lon>
                    <date>2013-07-11T16:05:55+02:00</date>
                    <speedMph>368</speedMph>
                    <altitudeFt>12350</altitudeFt>
                </position>
                <position>
                    <lat>52.4474</lat>
                    <lon>13.15</lon>
                    <date>2013-07-11T16:05:25+02:00</date>
                    <speedMph>336</speedMph>
                    <altitudeFt>11480</altitudeFt>
                </position>
                <position>
                    <lat>52.4377</lat>
                    <lon>13.0905</lon>
                    <date>2013-07-11T16:04:55+02:00</date>
                    <speedMph>316</speedMph>
                    <altitudeFt>10830</altitudeFt>
                </position>
                <position>
                    <lat>52.4595</lat>
                    <lon>13.0225</lon>
                    <date>2013-07-11T16:04:25+02:00</date>
                    <speedMph>308</speedMph>
                    <altitudeFt>9400</altitudeFt>
                </position>
                <position>
                    <lat>52.4664</lat>
                    <lon>13.0158</lon>
                    <date>2013-07-11T16:04:15+02:00</date>
                    <speedMph>308</speedMph>
                    <altitudeFt>9100</altitudeFt>
                </position>
                <position>
                    <lat>52.4866</lat>
                    <lon>13.0074</lon>
                    <date>2013-07-11T16:04:05+02:00</date>
                    <speedMph>292</speedMph>
                    <altitudeFt>8280</altitudeFt>
                </position>
                <position>
                    <lat>52.4934</lat>
                    <lon>13.0078</lon>
                    <date>2013-07-11T16:03:55+02:00</date>
                    <speedMph>296</speedMph>
                    <altitudeFt>8050</altitudeFt>
                </position>
                <position>
                    <lat>52.5127</lat>
                    <lon>13.0191</lon>
                    <date>2013-07-11T16:03:45+02:00</date>
                    <speedMph>276</speedMph>
                    <altitudeFt>7350</altitudeFt>
                </position>
                <position>
                    <lat>52.5198</lat>
                    <lon>13.0282</lon>
                    <date>2013-07-11T16:03:35+02:00</date>
                    <speedMph>272</speedMph>
                    <altitudeFt>7130</altitudeFt>
                </position>
                <position>
                    <lat>52.5284</lat>
                    <lon>13.0495</lon>
                    <date>2013-07-11T16:03:25+02:00</date>
                    <speedMph>252</speedMph>
                    <altitudeFt>6630</altitudeFt>
                </position>
                <position>
                    <lat>52.5301</lat>
                    <lon>13.0596</lon>
                    <date>2013-07-11T16:03:15+02:00</date>
                    <speedMph>244</speedMph>
                    <altitudeFt>6350</altitudeFt>
                </position>
                <position>
                    <lat>52.5323</lat>
                    <lon>13.0852</lon>
                    <date>2013-07-11T16:03:05+02:00</date>
                    <speedMph>244</speedMph>
                    <altitudeFt>5380</altitudeFt>
                </position>
                <position>
                    <lat>52.5337</lat>
                    <lon>13.1041</lon>
                    <date>2013-07-11T16:02:55+02:00</date>
                    <speedMph>244</speedMph>
                    <altitudeFt>4700</altitudeFt>
                </position>
                <position>
                    <lat>52.5345</lat>
                    <lon>13.1132</lon>
                    <date>2013-07-11T16:02:45+02:00</date>
                    <speedMph>244</speedMph>
                    <altitudeFt>4450</altitudeFt>
                </position>
                <position>
                    <lat>52.5364</lat>
                    <lon>13.1345</lon>
                    <date>2013-07-11T16:02:40+02:00</date>
                    <speedMph>224</speedMph>
                    <altitudeFt>4000</altitudeFt>
                </position>
                <position>
                    <lat>52.5369</lat>
                    <lon>13.1397</lon>
                    <date>2013-07-11T16:02:30+02:00</date>
                    <speedMph>224</speedMph>
                    <altitudeFt>3950</altitudeFt>
                </position>
                <position>
                    <lat>52.5378</lat>
                    <lon>13.1482</lon>
                    <date>2013-07-11T16:02:25+02:00</date>
                    <speedMph>212</speedMph>
                    <altitudeFt>3880</altitudeFt>
                </position>
                <position>
                    <lat>52.5394</lat>
                    <lon>13.1648</lon>
                    <date>2013-07-11T16:02:20+02:00</date>
                    <speedMph>188</speedMph>
                    <altitudeFt>3700</altitudeFt>
                </position>
                <position>
                    <lat>52.5402</lat>
                    <lon>13.1747</lon>
                    <date>2013-07-11T16:02:09+02:00</date>
                    <speedMph>184</speedMph>
                    <altitudeFt>3530</altitudeFt>
                </position>
                <position>
                    <lat>52.5412</lat>
                    <lon>13.1846</lon>
                    <date>2013-07-11T16:02:04+02:00</date>
                    <speedMph>176</speedMph>
                    <altitudeFt>3280</altitudeFt>
                </position>
                <position>
                    <lat>52.5417</lat>
                    <lon>13.1911</lon>
                    <date>2013-07-11T16:01:59+02:00</date>
                    <speedMph>176</speedMph>
                    <altitudeFt>3100</altitudeFt>
                </position>
                <position>
                    <lat>52.5424</lat>
                    <lon>13.1971</lon>
                    <date>2013-07-11T16:01:54+02:00</date>
                    <speedMph>176</speedMph>
                    <altitudeFt>2900</altitudeFt>
                </position>
                <position>
                    <lat>52.5433</lat>
                    <lon>13.2057</lon>
                    <date>2013-07-11T16:01:49+02:00</date>
                    <speedMph>176</speedMph>
                    <altitudeFt>2630</altitudeFt>
                </position>
                <position>
                    <lat>52.5438</lat>
                    <lon>13.2124</lon>
                    <date>2013-07-11T16:01:44+02:00</date>
                    <speedMph>176</speedMph>
                    <altitudeFt>2430</altitudeFt>
                </position>
                <position>
                    <lat>52.5443</lat>
                    <lon>13.218</lon>
                    <date>2013-07-11T16:01:39+02:00</date>
                    <speedMph>176</speedMph>
                    <altitudeFt>2230</altitudeFt>
                </position>
                <position>
                    <lat>52.5454</lat>
                    <lon>13.2289</lon>
                    <date>2013-07-11T16:01:29+02:00</date>
                    <speedMph>176</speedMph>
                    <altitudeFt>1850</altitudeFt>
                </position>
                <position>
                    <lat>52.5467</lat>
                    <lon>13.244</lon>
                    <date>2013-07-11T16:01:19+02:00</date>
                    <speedMph>172</speedMph>
                    <altitudeFt>1350</altitudeFt>
                </position>
                <position>
                    <lat>52.5476</lat>
                    <lon>13.2533</lon>
                    <date>2013-07-11T16:01:09+02:00</date>
                    <speedMph>168</speedMph>
                    <altitudeFt>1050</altitudeFt>
                </position>
                <position>
                    <lat>52.5486</lat>
                    <lon>13.263</lon>
                    <date>2013-07-11T16:01:04+02:00</date>
                    <speedMph>168</speedMph>
                    <altitudeFt>680</altitudeFt>
                </position>
                <position>
                    <lat>52.5507</lat>
                    <lon>13.2826</lon>
                    <date>2013-07-11T16:00:44+02:00</date>
                    <speedMph>172</speedMph>
                    <altitudeFt>0</altitudeFt>
                </position>
                <position>
                    <lat>52.5517</lat>
                    <lon>13.2933</lon>
                    <date>2013-07-11T16:00:39+02:00</date>
                    <speedMph>136</speedMph>
                    <altitudeFt>0</altitudeFt>
                </position>
                <position>
                    <lat>52.5521</lat>
                    <lon>13.2976</lon>
                    <date>2013-07-11T16:00:34+02:00</date>
                    <speedMph>116</speedMph>
                    <altitudeFt>0</altitudeFt>
                </position>
                <position>
                    <lat>52.5526</lat>
                    <lon>13.3022</lon>
                    <date>2013-07-11T16:00:24+02:00</date>
                    <speedMph>88</speedMph>
                    <altitudeFt>0</altitudeFt>
                </position>
                <position>
                    <lat>52.5533</lat>
                    <lon>13.3079</lon>
                    <date>2013-07-11T16:00:09+02:00</date>
                    <speedMph>8</speedMph>
                    <altitudeFt>0</altitudeFt>
                </position>
                <position>
                    <lat>52.5533</lat>
                    <lon>13.3084</lon>
                    <date>2013-07-11T15:59:54+02:00</date>
                    <speedMph>8</speedMph>
                    <altitudeFt>0</altitudeFt>
                </position>
                <position>
                    <lat>52.5526</lat>
                    <lon>13.3089</lon>
                    <date>2013-07-11T15:59:29+02:00</date>
                    <speedMph>8</speedMph>
                    <altitudeFt>0</altitudeFt>
                </position>
                <position>
                    <lat>52.5524</lat>
                    <lon>13.3087</lon>
                    <date>2013-07-11T15:59:24+02:00</date>
                    <speedMph>12</speedMph>
                    <altitudeFt>0</altitudeFt>
                </position>
                <position>
                    <lat>52.5522</lat>
                    <lon>13.3082</lon>
                    <date>2013-07-11T15:59:19+02:00</date>
                    <speedMph>12</speedMph>
                    <altitudeFt>0</altitudeFt>
                </position>
                <position>
                    <lat>52.5522</lat>
                    <lon>13.3079</lon>
                    <date>2013-07-11T15:59:14+02:00</date>
                    <speedMph>12</speedMph>
                    <altitudeFt>0</altitudeFt>
                </position>
                <position>
                    <lat>52.5522</lat>
                    <lon>13.3075</lon>
                    <date>2013-07-11T15:59:04+02:00</date>
                    <speedMph>12</speedMph>
                    <altitudeFt>0</altitudeFt>
                </position>
                <position>
                    <lat>52.5521</lat>
                    <lon>13.3065</lon>
                    <date>2013-07-11T15:58:59+02:00</date>
                    <speedMph>16</speedMph>
                    <altitudeFt>0</altitudeFt>
                </position>
                <position>
                    <lat>52.5519</lat>
                    <lon>13.306</lon>
                    <date>2013-07-11T15:58:54+02:00</date>
                    <speedMph>16</speedMph>
                    <altitudeFt>0</altitudeFt>
                </position>
                <position>
                    <lat>52.5519</lat>
                    <lon>13.3055</lon>
                    <date>2013-07-11T15:58:49+02:00</date>
                    <speedMph>16</speedMph>
                    <altitudeFt>0</altitudeFt>
                </position>
                <position>
                    <lat>52.5516</lat>
                    <lon>13.3034</lon>
                    <date>2013-07-11T15:58:29+02:00</date>
                    <speedMph>12</speedMph>
                    <altitudeFt>0</altitudeFt>
                </position>
                <position>
                    <lat>52.5514</lat>
                    <lon>13.302</lon>
                    <date>2013-07-11T15:58:09+02:00</date>
                    <speedMph>8</speedMph>
                    <altitudeFt>0</altitudeFt>
                </position>
                <position>
                    <lat>52.5512</lat>
                    <lon>13.3008</lon>
                    <date>2013-07-11T15:57:49+02:00</date>
                    <speedMph>8</speedMph>
                    <altitudeFt>0</altitudeFt>
                </position>
                <position>
                    <lat>52.5512</lat>
                    <lon>13.3003</lon>
                    <date>2013-07-11T15:57:39+02:00</date>
                    <speedMph>8</speedMph>
                    <altitudeFt>0</altitudeFt>
                </position>
                <position>
                    <lat>52.5512</lat>
                    <lon>13.3</lon>
                    <date>2013-07-11T15:57:34+02:00</date>
                    <speedMph>8</speedMph>
                    <altitudeFt>0</altitudeFt>
                </position>
                <position>
                    <lat>52.5512</lat>
                    <lon>13.2998</lon>
                    <date>2013-07-11T15:57:29+02:00</date>
                    <speedMph>8</speedMph>
                    <altitudeFt>0</altitudeFt>
                </position>
                <position>
                    <lat>52.5512</lat>
                    <lon>13.2993</lon>
                    <date>2013-07-11T15:57:19+02:00</date>
                    <speedMph>8</speedMph>
                    <altitudeFt>0</altitudeFt>
                </position>
                <position>
                    <lat>52.551</lat>
                    <lon>13.2988</lon>
                    <date>2013-07-11T15:57:09+02:00</date>
                    <speedMph>8</speedMph>
                    <altitudeFt>0</altitudeFt>
                </position>
                <position>
                    <lat>52.551</lat>
                    <lon>13.2984</lon>
                    <date>2013-07-11T15:57:04+02:00</date>
                    <speedMph>8</speedMph>
                    <altitudeFt>0</altitudeFt>
                </position>
                <position>
                    <lat>52.551</lat>
                    <lon>13.2983</lon>
                    <date>2013-07-11T15:56:54+02:00</date>
                    <speedMph>8</speedMph>
                    <altitudeFt>0</altitudeFt>
                </position>
                <position>
                    <lat>52.551</lat>
                    <lon>13.2979</lon>
                    <date>2013-07-11T15:56:49+02:00</date>
                    <speedMph>4</speedMph>
                    <altitudeFt>0</altitudeFt>
                </position>
                <position>
                    <lat>52.551</lat>
                    <lon>13.2978</lon>
                    <date>2013-07-11T15:56:44+02:00</date>
                    <speedMph>4</speedMph>
                    <altitudeFt>0</altitudeFt>
                </position>
                <position>
                    <lat>52.551</lat>
                    <lon>13.2976</lon>
                    <date>2013-07-11T15:56:34+02:00</date>
                    <speedMph>4</speedMph>
                    <altitudeFt>0</altitudeFt>
                </position>
                <position>
                    <lat>52.551</lat>
                    <lon>13.2971</lon>
                    <date>2013-07-11T15:56:29+02:00</date>
                    <speedMph>8</speedMph>
                    <altitudeFt>0</altitudeFt>
                </position>
                <position>
                    <lat>52.551</lat>
                    <lon>13.2967</lon>
                    <date>2013-07-11T15:56:24+02:00</date>
                    <speedMph>8</speedMph>
                    <altitudeFt>0</altitudeFt>
                </position>
                <position>
                    <lat>52.551</lat>
                    <lon>13.2965</lon>
                    <date>2013-07-11T15:56:14+02:00</date>
                    <speedMph>8</speedMph>
                    <altitudeFt>0</altitudeFt>
                </position>
                <position>
                    <lat>52.551</lat>
                    <lon>13.296</lon>
                    <date>2013-07-11T15:56:09+02:00</date>
                    <speedMph>8</speedMph>
                    <altitudeFt>0</altitudeFt>
                </position>
                <position>
                    <lat>52.5509</lat>
                    <lon>13.2959</lon>
                    <date>2013-07-11T15:56:04+02:00</date>
                    <speedMph>8</speedMph>
                    <altitudeFt>0</altitudeFt>
                </position>
                <position>
                    <lat>52.5509</lat>
                    <lon>13.2955</lon>
                    <date>2013-07-11T15:55:54+02:00</date>
                    <speedMph>8</speedMph>
                    <altitudeFt>0</altitudeFt>
                </position>
                <position>
                    <lat>52.5509</lat>
                    <lon>13.295</lon>
                    <date>2013-07-11T15:55:49+02:00</date>
                    <speedMph>8</speedMph>
                    <altitudeFt>0</altitudeFt>
                </position>
                <position>
                    <lat>52.5509</lat>
                    <lon>13.2947</lon>
                    <date>2013-07-11T15:55:44+02:00</date>
                    <speedMph>8</speedMph>
                    <altitudeFt>0</altitudeFt>
                </position>
                <position>
                    <lat>52.5509</lat>
                    <lon>13.2945</lon>
                    <date>2013-07-11T15:55:34+02:00</date>
                    <speedMph>8</speedMph>
                    <altitudeFt>0</altitudeFt>
                </position>
                <position>
                    <lat>52.5509</lat>
                    <lon>13.2943</lon>
                    <date>2013-07-11T15:55:29+02:00</date>
                    <speedMph>8</speedMph>
                    <altitudeFt>0</altitudeFt>
                </position>
                <position>
                    <lat>52.5509</lat>
                    <lon>13.2938</lon>
                    <date>2013-07-11T15:55:24+02:00</date>
                    <speedMph>8</speedMph>
                    <altitudeFt>0</altitudeFt>
                </position>
                <position>
                    <lat>52.5509</lat>
                    <lon>13.2936</lon>
                    <date>2013-07-11T15:55:14+02:00</date>
                    <speedMph>8</speedMph>
                    <altitudeFt>0</altitudeFt>
                </position>
                <position>
                    <lat>52.5507</lat>
                    <lon>13.2929</lon>
                    <date>2013-07-11T15:55:09+02:00</date>
                    <speedMph>12</speedMph>
                    <altitudeFt>0</altitudeFt>
                </position>
                <position>
                    <lat>52.5507</lat>
                    <lon>13.2924</lon>
                    <date>2013-07-11T15:55:04+02:00</date>
                    <speedMph>8</speedMph>
                    <altitudeFt>0</altitudeFt>
                </position>
                <position>
                    <lat>52.5507</lat>
                    <lon>13.2923</lon>
                    <date>2013-07-11T15:54:54+02:00</date>
                    <speedMph>8</speedMph>
                    <altitudeFt>0</altitudeFt>
                </position>
            </positions>
        </flightTrack>
    </flightTracks>
</flightstatslog>
