<?xml version="1.0" encoding="UTF-8" standalone="yes"?>
<flightstatslog>
    <appendix>
        <airports>
            <airport>
                <fs>EDI</fs>
                <latitude>55.95</latitude>
                <longitude>-3.3725</longitude>
                <city>Edinburgh</city>
            </airport>
            <airport>
                <fs>LHR</fs>
                <latitude>51.4775</latitude>
                <longitude>-0.461389</longitude>
                <city>London</city>
            </airport>
        </airports>
    </appendix>
    <flightTracks>
        <flightTrack>
            <flightId>4197116</flightId>
            <departureAirportFsCode>EDI</departureAirportFsCode>
            <arrivalAirportFsCode>LHR</arrivalAirportFsCode>
            <positions>
                <position>
                    <lat>51.89</lat>
                    <lon>0.2488</lon>
                    <date>2013-07-12T18:29:48+02:00</date>
                    <speedMph>8</speedMph>
                    <altitudeFt>0</altitudeFt>
                </position>
                <position>
                    <lat>51.8897</lat>
                    <lon>0.2467</lon>
                    <date>2013-07-12T18:28:58+02:00</date>
                    <speedMph>8</speedMph>
                    <altitudeFt>0</altitudeFt>
                </position>
                <position>
                    <lat>51.8897</lat>
                    <lon>0.2467</lon>
                    <date>2013-07-12T18:28:53+02:00</date>
                    <speedMph>8</speedMph>
                    <altitudeFt>0</altitudeFt>
                </position>
                <position>
                    <lat>51.8895</lat>
                    <lon>0.2464</lon>
                    <date>2013-07-12T18:28:48+02:00</date>
                    <speedMph>8</speedMph>
                    <altitudeFt>0</altitudeFt>
                </position>
                <position>
                    <lat>51.889</lat>
                    <lon>0.2455</lon>
                    <date>2013-07-12T18:28:18+02:00</date>
                    <speedMph>8</speedMph>
                    <altitudeFt>0</altitudeFt>
                </position>
                <position>
                    <lat>51.8891</lat>
                    <lon>0.2452</lon>
                    <date>2013-07-12T18:28:13+02:00</date>
                    <speedMph>4</speedMph>
                    <altitudeFt>0</altitudeFt>
                </position>
                <position>
                    <lat>51.8891</lat>
                    <lon>0.245</lon>
                    <date>2013-07-12T18:28:08+02:00</date>
                    <speedMph>8</speedMph>
                    <altitudeFt>0</altitudeFt>
                </position>
                <position>
                    <lat>51.8892</lat>
                    <lon>0.2447</lon>
                    <date>2013-07-12T18:28:03+02:00</date>
                    <speedMph>8</speedMph>
                    <altitudeFt>0</altitudeFt>
                </position>
                <position>
                    <lat>51.8892</lat>
                    <lon>0.2444</lon>
                    <date>2013-07-12T18:27:58+02:00</date>
                    <speedMph>8</speedMph>
                    <altitudeFt>0</altitudeFt>
                </position>
                <position>
                    <lat>51.8891</lat>
                    <lon>0.244</lon>
                    <date>2013-07-12T18:27:53+02:00</date>
                    <speedMph>12</speedMph>
                    <altitudeFt>0</altitudeFt>
                </position>
                <position>
                    <lat>51.889</lat>
                    <lon>0.2433</lon>
                    <date>2013-07-12T18:27:48+02:00</date>
                    <speedMph>16</speedMph>
                    <altitudeFt>0</altitudeFt>
                </position>
                <position>
                    <lat>51.8888</lat>
                    <lon>0.2423</lon>
                    <date>2013-07-12T18:27:38+02:00</date>
                    <speedMph>20</speedMph>
                    <altitudeFt>0</altitudeFt>
                </position>
                <position>
                    <lat>51.8886</lat>
                    <lon>0.2414</lon>
                    <date>2013-07-12T18:27:33+02:00</date>
                    <speedMph>24</speedMph>
                    <altitudeFt>0</altitudeFt>
                </position>
                <position>
                    <lat>51.8885</lat>
                    <lon>0.2409</lon>
                    <date>2013-07-12T18:27:28+02:00</date>
                    <speedMph>28</speedMph>
                    <altitudeFt>0</altitudeFt>
                </position>
                <position>
                    <lat>51.8876</lat>
                    <lon>0.2388</lon>
                    <date>2013-07-12T18:27:18+02:00</date>
                    <speedMph>48</speedMph>
                    <altitudeFt>0</altitudeFt>
                </position>
                <position>
                    <lat>51.8865</lat>
                    <lon>0.2371</lon>
                    <date>2013-07-12T18:27:13+02:00</date>
                    <speedMph>68</speedMph>
                    <altitudeFt>0</altitudeFt>
                </position>
                <position>
                    <lat>51.8852</lat>
                    <lon>0.2351</lon>
                    <date>2013-07-12T18:27:08+02:00</date>
                    <speedMph>92</speedMph>
                    <altitudeFt>0</altitudeFt>
                </position>
                <position>
                    <lat>51.8743</lat>
                    <lon>0.2187</lon>
                    <date>2013-07-12T18:26:48+02:00</date>
                    <speedMph>140</speedMph>
                    <altitudeFt>130</altitudeFt>
                </position>
                <position>
                    <lat>51.8733</lat>
                    <lon>0.2173</lon>
                    <date>2013-07-12T18:26:43+02:00</date>
                    <speedMph>140</speedMph>
                    <altitudeFt>150</altitudeFt>
                </position>
                <position>
                    <lat>51.8725</lat>
                    <lon>0.216</lon>
                    <date>2013-07-12T18:26:38+02:00</date>
                    <speedMph>140</speedMph>
                    <altitudeFt>180</altitudeFt>
                </position>
                <position>
                    <lat>51.8704</lat>
                    <lon>0.2128</lon>
                    <date>2013-07-12T18:26:33+02:00</date>
                    <speedMph>140</speedMph>
                    <altitudeFt>230</altitudeFt>
                </position>
                <position>
                    <lat>51.8682</lat>
                    <lon>0.2095</lon>
                    <date>2013-07-12T18:26:28+02:00</date>
                    <speedMph>144</speedMph>
                    <altitudeFt>280</altitudeFt>
                </position>
                <position>
                    <lat>51.8648</lat>
                    <lon>0.2044</lon>
                    <date>2013-07-12T18:26:23+02:00</date>
                    <speedMph>144</speedMph>
                    <altitudeFt>380</altitudeFt>
                </position>
                <position>
                    <lat>51.8627</lat>
                    <lon>0.2014</lon>
                    <date>2013-07-12T18:26:18+02:00</date>
                    <speedMph>144</speedMph>
                    <altitudeFt>430</altitudeFt>
                </position>
                <position>
                    <lat>51.8597</lat>
                    <lon>0.1969</lon>
                    <date>2013-07-12T18:26:13+02:00</date>
                    <speedMph>144</speedMph>
                    <altitudeFt>500</altitudeFt>
                </position>
                <position>
                    <lat>51.8585</lat>
                    <lon>0.1952</lon>
                    <date>2013-07-12T18:26:08+02:00</date>
                    <speedMph>144</speedMph>
                    <altitudeFt>530</altitudeFt>
                </position>
                <position>
                    <lat>51.8571</lat>
                    <lon>0.1929</lon>
                    <date>2013-07-12T18:26:03+02:00</date>
                    <speedMph>144</speedMph>
                    <altitudeFt>550</altitudeFt>
                </position>
                <position>
                    <lat>51.8529</lat>
                    <lon>0.1867</lon>
                    <date>2013-07-12T18:25:58+02:00</date>
                    <speedMph>144</speedMph>
                    <altitudeFt>680</altitudeFt>
                </position>
                <position>
                    <lat>51.8513</lat>
                    <lon>0.1843</lon>
                    <date>2013-07-12T18:25:53+02:00</date>
                    <speedMph>144</speedMph>
                    <altitudeFt>730</altitudeFt>
                </position>
                <position>
                    <lat>51.8489</lat>
                    <lon>0.1807</lon>
                    <date>2013-07-12T18:25:48+02:00</date>
                    <speedMph>144</speedMph>
                    <altitudeFt>780</altitudeFt>
                </position>
                <position>
                    <lat>51.8444</lat>
                    <lon>0.1739</lon>
                    <date>2013-07-12T18:25:43+02:00</date>
                    <speedMph>148</speedMph>
                    <altitudeFt>850</altitudeFt>
                </position>
                <position>
                    <lat>51.8423</lat>
                    <lon>0.1707</lon>
                    <date>2013-07-12T18:25:38+02:00</date>
                    <speedMph>152</speedMph>
                    <altitudeFt>930</altitudeFt>
                </position>
                <position>
                    <lat>51.84</lat>
                    <lon>0.1674</lon>
                    <date>2013-07-12T18:25:33+02:00</date>
                    <speedMph>152</speedMph>
                    <altitudeFt>1000</altitudeFt>
                </position>
                <position>
                    <lat>51.8379</lat>
                    <lon>0.1642</lon>
                    <date>2013-07-12T18:25:28+02:00</date>
                    <speedMph>152</speedMph>
                    <altitudeFt>1050</altitudeFt>
                </position>
                <position>
                    <lat>51.8362</lat>
                    <lon>0.1618</lon>
                    <date>2013-07-12T18:25:23+02:00</date>
                    <speedMph>148</speedMph>
                    <altitudeFt>1100</altitudeFt>
                </position>
                <position>
                    <lat>51.834</lat>
                    <lon>0.1582</lon>
                    <date>2013-07-12T18:25:18+02:00</date>
                    <speedMph>148</speedMph>
                    <altitudeFt>1150</altitudeFt>
                </position>
                <position>
                    <lat>51.8289</lat>
                    <lon>0.1506</lon>
                    <date>2013-07-12T18:25:13+02:00</date>
                    <speedMph>160</speedMph>
                    <altitudeFt>1280</altitudeFt>
                </position>
                <position>
                    <lat>51.8277</lat>
                    <lon>0.1488</lon>
                    <date>2013-07-12T18:25:08+02:00</date>
                    <speedMph>160</speedMph>
                    <altitudeFt>1300</altitudeFt>
                </position>
                <position>
                    <lat>51.8258</lat>
                    <lon>0.1459</lon>
                    <date>2013-07-12T18:25:03+02:00</date>
                    <speedMph>160</speedMph>
                    <altitudeFt>1350</altitudeFt>
                </position>
                <position>
                    <lat>51.8214</lat>
                    <lon>0.1394</lon>
                    <date>2013-07-12T18:24:58+02:00</date>
                    <speedMph>164</speedMph>
                    <altitudeFt>1450</altitudeFt>
                </position>
                <position>
                    <lat>51.819</lat>
                    <lon>0.1358</lon>
                    <date>2013-07-12T18:24:53+02:00</date>
                    <speedMph>164</speedMph>
                    <altitudeFt>1530</altitudeFt>
                </position>
                <position>
                    <lat>51.8166</lat>
                    <lon>0.1322</lon>
                    <date>2013-07-12T18:24:48+02:00</date>
                    <speedMph>164</speedMph>
                    <altitudeFt>1580</altitudeFt>
                </position>
                <position>
                    <lat>51.8087</lat>
                    <lon>0.1205</lon>
                    <date>2013-07-12T18:24:38+02:00</date>
                    <speedMph>164</speedMph>
                    <altitudeFt>1800</altitudeFt>
                </position>
                <position>
                    <lat>51.8081</lat>
                    <lon>0.1197</lon>
                    <date>2013-07-12T18:24:33+02:00</date>
                    <speedMph>164</speedMph>
                    <altitudeFt>1800</altitudeFt>
                </position>
                <position>
                    <lat>51.8056</lat>
                    <lon>0.1157</lon>
                    <date>2013-07-12T18:24:28+02:00</date>
                    <speedMph>168</speedMph>
                    <altitudeFt>1880</altitudeFt>
                </position>
                <position>
                    <lat>51.8036</lat>
                    <lon>0.1128</lon>
                    <date>2013-07-12T18:24:23+02:00</date>
                    <speedMph>168</speedMph>
                    <altitudeFt>1930</altitudeFt>
                </position>
                <position>
                    <lat>51.801</lat>
                    <lon>0.1088</lon>
                    <date>2013-07-12T18:24:18+02:00</date>
                    <speedMph>168</speedMph>
                    <altitudeFt>2000</altitudeFt>
                </position>
                <position>
                    <lat>51.7962</lat>
                    <lon>0.1011</lon>
                    <date>2013-07-12T18:24:13+02:00</date>
                    <speedMph>172</speedMph>
                    <altitudeFt>2130</altitudeFt>
                </position>
                <position>
                    <lat>51.7935</lat>
                    <lon>0.0964</lon>
                    <date>2013-07-12T18:24:08+02:00</date>
                    <speedMph>176</speedMph>
                    <altitudeFt>2200</altitudeFt>
                </position>
                <position>
                    <lat>51.792</lat>
                    <lon>0.094</lon>
                    <date>2013-07-12T18:24:03+02:00</date>
                    <speedMph>176</speedMph>
                    <altitudeFt>2250</altitudeFt>
                </position>
                <position>
                    <lat>51.7878</lat>
                    <lon>0.0869</lon>
                    <date>2013-07-12T18:23:58+02:00</date>
                    <speedMph>180</speedMph>
                    <altitudeFt>2350</altitudeFt>
                </position>
                <position>
                    <lat>51.7856</lat>
                    <lon>0.0826</lon>
                    <date>2013-07-12T18:23:53+02:00</date>
                    <speedMph>180</speedMph>
                    <altitudeFt>2400</altitudeFt>
                </position>
                <position>
                    <lat>51.7836</lat>
                    <lon>0.0786</lon>
                    <date>2013-07-12T18:23:48+02:00</date>
                    <speedMph>184</speedMph>
                    <altitudeFt>2480</altitudeFt>
                </position>
                <position>
                    <lat>51.7776</lat>
                    <lon>0.0497</lon>
                    <date>2013-07-12T18:23:28+02:00</date>
                    <speedMph>196</speedMph>
                    <altitudeFt>2780</altitudeFt>
                </position>
                <position>
                    <lat>51.7777</lat>
                    <lon>0.047</lon>
                    <date>2013-07-12T18:23:23+02:00</date>
                    <speedMph>200</speedMph>
                    <altitudeFt>2800</altitudeFt>
                </position>
                <position>
                    <lat>51.78</lat>
                    <lon>0.0353</lon>
                    <date>2013-07-12T18:23:18+02:00</date>
                    <speedMph>208</speedMph>
                    <altitudeFt>2900</altitudeFt>
                </position>
                <position>
                    <lat>51.7824</lat>
                    <lon>0.0301</lon>
                    <date>2013-07-12T18:23:13+02:00</date>
                    <speedMph>212</speedMph>
                    <altitudeFt>2980</altitudeFt>
                </position>
                <position>
                    <lat>51.7861</lat>
                    <lon>0.0251</lon>
                    <date>2013-07-12T18:23:08+02:00</date>
                    <speedMph>216</speedMph>
                    <altitudeFt>3050</altitudeFt>
                </position>
                <position>
                    <lat>51.7893</lat>
                    <lon>0.0224</lon>
                    <date>2013-07-12T18:23:03+02:00</date>
                    <speedMph>216</speedMph>
                    <altitudeFt>3130</altitudeFt>
                </position>
                <position>
                    <lat>51.7925</lat>
                    <lon>0.0205</lon>
                    <date>2013-07-12T18:22:58+02:00</date>
                    <speedMph>220</speedMph>
                    <altitudeFt>3180</altitudeFt>
                </position>
                <position>
                    <lat>51.8004</lat>
                    <lon>0.0188</lon>
                    <date>2013-07-12T18:22:53+02:00</date>
                    <speedMph>228</speedMph>
                    <altitudeFt>3280</altitudeFt>
                </position>
                <position>
                    <lat>51.8048</lat>
                    <lon>0.0194</lon>
                    <date>2013-07-12T18:22:48+02:00</date>
                    <speedMph>228</speedMph>
                    <altitudeFt>3330</altitudeFt>
                </position>
                <position>
                    <lat>51.8148</lat>
                    <lon>0.0251</lon>
                    <date>2013-07-12T18:22:43+02:00</date>
                    <speedMph>236</speedMph>
                    <altitudeFt>3450</altitudeFt>
                </position>
                <position>
                    <lat>51.817</lat>
                    <lon>0.0273</lon>
                    <date>2013-07-12T18:22:33+02:00</date>
                    <speedMph>236</speedMph>
                    <altitudeFt>3480</altitudeFt>
                </position>
                <position>
                    <lat>51.8237</lat>
                    <lon>0.0361</lon>
                    <date>2013-07-12T18:22:28+02:00</date>
                    <speedMph>240</speedMph>
                    <altitudeFt>3550</altitudeFt>
                </position>
                <position>
                    <lat>51.8266</lat>
                    <lon>0.0404</lon>
                    <date>2013-07-12T18:22:23+02:00</date>
                    <speedMph>244</speedMph>
                    <altitudeFt>3600</altitudeFt>
                </position>
                <position>
                    <lat>51.8301</lat>
                    <lon>0.0455</lon>
                    <date>2013-07-12T18:22:18+02:00</date>
                    <speedMph>244</speedMph>
                    <altitudeFt>3630</altitudeFt>
                </position>
                <position>
                    <lat>51.8335</lat>
                    <lon>0.0504</lon>
                    <date>2013-07-12T18:22:13+02:00</date>
                    <speedMph>248</speedMph>
                    <altitudeFt>3680</altitudeFt>
                </position>
                <position>
                    <lat>51.8401</lat>
                    <lon>0.0601</lon>
                    <date>2013-07-12T18:22:08+02:00</date>
                    <speedMph>252</speedMph>
                    <altitudeFt>3780</altitudeFt>
                </position>
                <position>
                    <lat>51.8442</lat>
                    <lon>0.0658</lon>
                    <date>2013-07-12T18:22:03+02:00</date>
                    <speedMph>252</speedMph>
                    <altitudeFt>3830</altitudeFt>
                </position>
                <position>
                    <lat>51.8473</lat>
                    <lon>0.0703</lon>
                    <date>2013-07-12T18:21:58+02:00</date>
                    <speedMph>252</speedMph>
                    <altitudeFt>3880</altitudeFt>
                </position>
                <position>
                    <lat>51.8541</lat>
                    <lon>0.0801</lon>
                    <date>2013-07-12T18:21:53+02:00</date>
                    <speedMph>256</speedMph>
                    <altitudeFt>4050</altitudeFt>
                </position>
                <position>
                    <lat>51.8577</lat>
                    <lon>0.0851</lon>
                    <date>2013-07-12T18:21:48+02:00</date>
                    <speedMph>256</speedMph>
                    <altitudeFt>4100</altitudeFt>
                </position>
                <position>
                    <lat>51.8633</lat>
                    <lon>0.0932</lon>
                    <date>2013-07-12T18:21:43+02:00</date>
                    <speedMph>256</speedMph>
                    <altitudeFt>4230</altitudeFt>
                </position>
                <position>
                    <lat>51.8647</lat>
                    <lon>0.0952</lon>
                    <date>2013-07-12T18:21:38+02:00</date>
                    <speedMph>256</speedMph>
                    <altitudeFt>4250</altitudeFt>
                </position>
                <position>
                    <lat>51.8686</lat>
                    <lon>0.1007</lon>
                    <date>2013-07-12T18:21:33+02:00</date>
                    <speedMph>256</speedMph>
                    <altitudeFt>4350</altitudeFt>
                </position>
                <position>
                    <lat>51.8753</lat>
                    <lon>0.1104</lon>
                    <date>2013-07-12T18:21:28+02:00</date>
                    <speedMph>256</speedMph>
                    <altitudeFt>4500</altitudeFt>
                </position>
                <position>
                    <lat>51.8788</lat>
                    <lon>0.1154</lon>
                    <date>2013-07-12T18:21:23+02:00</date>
                    <speedMph>256</speedMph>
                    <altitudeFt>4580</altitudeFt>
                </position>
                <position>
                    <lat>51.883</lat>
                    <lon>0.1216</lon>
                    <date>2013-07-12T18:21:18+02:00</date>
                    <speedMph>256</speedMph>
                    <altitudeFt>4680</altitudeFt>
                </position>
                <position>
                    <lat>51.8862</lat>
                    <lon>0.1262</lon>
                    <date>2013-07-12T18:21:13+02:00</date>
                    <speedMph>256</speedMph>
                    <altitudeFt>4750</altitudeFt>
                </position>
                <position>
                    <lat>51.8996</lat>
                    <lon>0.1453</lon>
                    <date>2013-07-12T18:21:08+02:00</date>
                    <speedMph>256</speedMph>
                    <altitudeFt>5050</altitudeFt>
                </position>
                <position>
                    <lat>51.9029</lat>
                    <lon>0.15</lon>
                    <date>2013-07-12T18:20:58+02:00</date>
                    <speedMph>256</speedMph>
                    <altitudeFt>5130</altitudeFt>
                </position>
                <position>
                    <lat>51.9156</lat>
                    <lon>0.1675</lon>
                    <date>2013-07-12T18:20:48+02:00</date>
                    <speedMph>260</speedMph>
                    <altitudeFt>5400</altitudeFt>
                </position>
                <position>
                    <lat>51.9241</lat>
                    <lon>0.1793</lon>
                    <date>2013-07-12T18:20:38+02:00</date>
                    <speedMph>260</speedMph>
                    <altitudeFt>5600</altitudeFt>
                </position>
                <position>
                    <lat>51.9312</lat>
                    <lon>0.1891</lon>
                    <date>2013-07-12T18:20:28+02:00</date>
                    <speedMph>260</speedMph>
                    <altitudeFt>5730</altitudeFt>
                </position>
                <position>
                    <lat>51.9434</lat>
                    <lon>0.2062</lon>
                    <date>2013-07-12T18:20:18+02:00</date>
                    <speedMph>260</speedMph>
                    <altitudeFt>5900</altitudeFt>
                </position>
                <position>
                    <lat>51.9495</lat>
                    <lon>0.2149</lon>
                    <date>2013-07-12T18:20:08+02:00</date>
                    <speedMph>260</speedMph>
                    <altitudeFt>5980</altitudeFt>
                </position>
                <position>
                    <lat>51.9603</lat>
                    <lon>0.2299</lon>
                    <date>2013-07-12T18:19:58+02:00</date>
                    <speedMph>260</speedMph>
                    <altitudeFt>6130</altitudeFt>
                </position>
                <position>
                    <lat>51.9674</lat>
                    <lon>0.2388</lon>
                    <date>2013-07-12T18:19:48+02:00</date>
                    <speedMph>264</speedMph>
                    <altitudeFt>6230</altitudeFt>
                </position>
                <position>
                    <lat>51.9785</lat>
                    <lon>0.2522</lon>
                    <date>2013-07-12T18:19:38+02:00</date>
                    <speedMph>264</speedMph>
                    <altitudeFt>6400</altitudeFt>
                </position>
                <position>
                    <lat>51.9864</lat>
                    <lon>0.2618</lon>
                    <date>2013-07-12T18:19:28+02:00</date>
                    <speedMph>264</speedMph>
                    <altitudeFt>6500</altitudeFt>
                </position>
                <position>
                    <lat>51.9966</lat>
                    <lon>0.274</lon>
                    <date>2013-07-12T18:19:18+02:00</date>
                    <speedMph>268</speedMph>
                    <altitudeFt>6630</altitudeFt>
                </position>
                <position>
                    <lat>52.024</lat>
                    <lon>0.2924</lon>
                    <date>2013-07-12T18:19:03+02:00</date>
                    <speedMph>268</speedMph>
                    <altitudeFt>6900</altitudeFt>
                </position>
                <position>
                    <lat>52.0326</lat>
                    <lon>0.2915</lon>
                    <date>2013-07-12T18:18:53+02:00</date>
                    <speedMph>268</speedMph>
                    <altitudeFt>7000</altitudeFt>
                </position>
                <position>
                    <lat>52.0414</lat>
                    <lon>0.2872</lon>
                    <date>2013-07-12T18:18:43+02:00</date>
                    <speedMph>264</speedMph>
                    <altitudeFt>7100</altitudeFt>
                </position>
                <position>
                    <lat>52.0571</lat>
                    <lon>0.267</lon>
                    <date>2013-07-12T18:18:33+02:00</date>
                    <speedMph>256</speedMph>
                    <altitudeFt>7330</altitudeFt>
                </position>
                <position>
                    <lat>52.059</lat>
                    <lon>0.2622</lon>
                    <date>2013-07-12T18:18:23+02:00</date>
                    <speedMph>252</speedMph>
                    <altitudeFt>7350</altitudeFt>
                </position>
                <position>
                    <lat>52.0637</lat>
                    <lon>0.2343</lon>
                    <date>2013-07-12T18:18:08+02:00</date>
                    <speedMph>240</speedMph>
                    <altitudeFt>7550</altitudeFt>
                </position>
                <position>
                    <lat>52.0627</lat>
                    <lon>0.2216</lon>
                    <date>2013-07-12T18:17:58+02:00</date>
                    <speedMph>236</speedMph>
                    <altitudeFt>7650</altitudeFt>
                </position>
                <position>
                    <lat>52.0597</lat>
                    <lon>0.2094</lon>
                    <date>2013-07-12T18:17:48+02:00</date>
                    <speedMph>232</speedMph>
                    <altitudeFt>7780</altitudeFt>
                </position>
                <position>
                    <lat>52.0508</lat>
                    <lon>0.1898</lon>
                    <date>2013-07-12T18:17:38+02:00</date>
                    <speedMph>232</speedMph>
                    <altitudeFt>7980</altitudeFt>
                </position>
                <position>
                    <lat>52.0476</lat>
                    <lon>0.183</lon>
                    <date>2013-07-12T18:17:28+02:00</date>
                    <speedMph>228</speedMph>
                    <altitudeFt>8000</altitudeFt>
                </position>
                <position>
                    <lat>52.0396</lat>
                    <lon>0.1664</lon>
                    <date>2013-07-12T18:17:18+02:00</date>
                    <speedMph>232</speedMph>
                    <altitudeFt>8130</altitudeFt>
                </position>
                <position>
                    <lat>52.032</lat>
                    <lon>0.1505</lon>
                    <date>2013-07-12T18:17:08+02:00</date>
                    <speedMph>232</speedMph>
                    <altitudeFt>8280</altitudeFt>
                </position>
                <position>
                    <lat>52.0257</lat>
                    <lon>0.1374</lon>
                    <date>2013-07-12T18:16:58+02:00</date>
                    <speedMph>232</speedMph>
                    <altitudeFt>8400</altitudeFt>
                </position>
                <position>
                    <lat>52.0192</lat>
                    <lon>0.1241</lon>
                    <date>2013-07-12T18:16:48+02:00</date>
                    <speedMph>232</speedMph>
                    <altitudeFt>8530</altitudeFt>
                </position>
                <position>
                    <lat>52.013</lat>
                    <lon>0.1112</lon>
                    <date>2013-07-12T18:16:38+02:00</date>
                    <speedMph>232</speedMph>
                    <altitudeFt>8650</altitudeFt>
                </position>
                <position>
                    <lat>52.009</lat>
                    <lon>0.103</lon>
                    <date>2013-07-12T18:16:28+02:00</date>
                    <speedMph>232</speedMph>
                    <altitudeFt>8730</altitudeFt>
                </position>
                <position>
                    <lat>52.0011</lat>
                    <lon>0.0869</lon>
                    <date>2013-07-12T18:16:18+02:00</date>
                    <speedMph>232</speedMph>
                    <altitudeFt>8880</altitudeFt>
                </position>
                <position>
                    <lat>51.9938</lat>
                    <lon>0.0706</lon>
                    <date>2013-07-12T18:16:08+02:00</date>
                    <speedMph>236</speedMph>
                    <altitudeFt>9030</altitudeFt>
                </position>
                <position>
                    <lat>51.9894</lat>
                    <lon>0.0556</lon>
                    <date>2013-07-12T18:15:58+02:00</date>
                    <speedMph>240</speedMph>
                    <altitudeFt>9180</altitudeFt>
                </position>
                <position>
                    <lat>51.9865</lat>
                    <lon>0.037</lon>
                    <date>2013-07-12T18:15:48+02:00</date>
                    <speedMph>240</speedMph>
                    <altitudeFt>9300</altitudeFt>
                </position>
                <position>
                    <lat>51.984</lat>
                    <lon>0.0194</lon>
                    <date>2013-07-12T18:15:38+02:00</date>
                    <speedMph>244</speedMph>
                    <altitudeFt>9450</altitudeFt>
                </position>
                <position>
                    <lat>51.9814</lat>
                    <lon>0.0013</lon>
                    <date>2013-07-12T18:15:28+02:00</date>
                    <speedMph>244</speedMph>
                    <altitudeFt>9580</altitudeFt>
                </position>
                <position>
                    <lat>51.9757</lat>
                    <lon>-0.0393</lon>
                    <date>2013-07-12T18:15:08+02:00</date>
                    <speedMph>248</speedMph>
                    <altitudeFt>9880</altitudeFt>
                </position>
                <position>
                    <lat>51.9736</lat>
                    <lon>-0.0538</lon>
                    <date>2013-07-12T18:14:58+02:00</date>
                    <speedMph>248</speedMph>
                    <altitudeFt>9980</altitudeFt>
                </position>
                <position>
                    <lat>51.9696</lat>
                    <lon>-0.0819</lon>
                    <date>2013-07-12T18:14:43+02:00</date>
                    <speedMph>248</speedMph>
                    <altitudeFt>10000</altitudeFt>
                </position>
                <position>
                    <lat>51.9624</lat>
                    <lon>-0.1326</lon>
                    <date>2013-07-12T18:14:13+02:00</date>
                    <speedMph>248</speedMph>
                    <altitudeFt>10000</altitudeFt>
                </position>
                <position>
                    <lat>51.9547</lat>
                    <lon>-0.1868</lon>
                    <date>2013-07-12T18:13:43+02:00</date>
                    <speedMph>248</speedMph>
                    <altitudeFt>10000</altitudeFt>
                </position>
                <position>
                    <lat>51.9475</lat>
                    <lon>-0.2372</lon>
                    <date>2013-07-12T18:13:13+02:00</date>
                    <speedMph>248</speedMph>
                    <altitudeFt>10000</altitudeFt>
                </position>
                <position>
                    <lat>51.9386</lat>
                    <lon>-0.2982</lon>
                    <date>2013-07-12T18:12:43+02:00</date>
                    <speedMph>248</speedMph>
                    <altitudeFt>10000</altitudeFt>
                </position>
                <position>
                    <lat>51.9311</lat>
                    <lon>-0.3507</lon>
                    <date>2013-07-12T18:12:13+02:00</date>
                    <speedMph>248</speedMph>
                    <altitudeFt>10000</altitudeFt>
                </position>
                <position>
                    <lat>51.9214</lat>
                    <lon>-0.4173</lon>
                    <date>2013-07-12T18:11:43+02:00</date>
                    <speedMph>248</speedMph>
                    <altitudeFt>10000</altitudeFt>
                </position>
                <position>
                    <lat>51.9121</lat>
                    <lon>-0.4808</lon>
                    <date>2013-07-12T18:11:11+02:00</date>
                    <speedMph>244</speedMph>
                    <altitudeFt>10000</altitudeFt>
                </position>
                <position>
                    <lat>51.9059</lat>
                    <lon>-0.5231</lon>
                    <date>2013-07-12T18:10:37+02:00</date>
                    <speedMph>244</speedMph>
                    <altitudeFt>10000</altitudeFt>
                </position>
                <position>
                    <lat>51.8976</lat>
                    <lon>-0.5769</lon>
                    <date>2013-07-12T18:10:07+02:00</date>
                    <speedMph>244</speedMph>
                    <altitudeFt>10000</altitudeFt>
                </position>
                <position>
                    <lat>51.8911</lat>
                    <lon>-0.6216</lon>
                    <date>2013-07-12T18:09:37+02:00</date>
                    <speedMph>248</speedMph>
                    <altitudeFt>10000</altitudeFt>
                </position>
                <position>
                    <lat>51.874</lat>
                    <lon>-0.6773</lon>
                    <date>2013-07-12T18:09:07+02:00</date>
                    <speedMph>228</speedMph>
                    <altitudeFt>10000</altitudeFt>
                </position>
                <position>
                    <lat>51.8462</lat>
                    <lon>-0.688</lon>
                    <date>2013-07-12T18:08:37+02:00</date>
                    <speedMph>236</speedMph>
                    <altitudeFt>10000</altitudeFt>
                </position>
                <position>
                    <lat>51.8136</lat>
                    <lon>-0.6847</lon>
                    <date>2013-07-12T18:08:07+02:00</date>
                    <speedMph>232</speedMph>
                    <altitudeFt>10000</altitudeFt>
                </position>
                <position>
                    <lat>51.7833</lat>
                    <lon>-0.6817</lon>
                    <date>2013-07-12T18:07:37+02:00</date>
                    <speedMph>236</speedMph>
                    <altitudeFt>10000</altitudeFt>
                </position>
                <position>
                    <lat>51.7481</lat>
                    <lon>-0.6782</lon>
                    <date>2013-07-12T18:07:07+02:00</date>
                    <speedMph>236</speedMph>
                    <altitudeFt>10000</altitudeFt>
                </position>
                <position>
                    <lat>51.7175</lat>
                    <lon>-0.6754</lon>
                    <date>2013-07-12T18:06:37+02:00</date>
                    <speedMph>236</speedMph>
                    <altitudeFt>10000</altitudeFt>
                </position>
                <position>
                    <lat>51.6825</lat>
                    <lon>-0.6696</lon>
                    <date>2013-07-12T18:06:07+02:00</date>
                    <speedMph>240</speedMph>
                    <altitudeFt>10000</altitudeFt>
                </position>
                <position>
                    <lat>51.6609</lat>
                    <lon>-0.6343</lon>
                    <date>2013-07-12T18:05:37+02:00</date>
                    <speedMph>256</speedMph>
                    <altitudeFt>10000</altitudeFt>
                </position>
                <position>
                    <lat>51.6503</lat>
                    <lon>-0.5752</lon>
                    <date>2013-07-12T18:05:07+02:00</date>
                    <speedMph>268</speedMph>
                    <altitudeFt>10000</altitudeFt>
                </position>
                <position>
                    <lat>51.6666</lat>
                    <lon>-0.5262</lon>
                    <date>2013-07-12T18:04:37+02:00</date>
                    <speedMph>280</speedMph>
                    <altitudeFt>10000</altitudeFt>
                </position>
                <position>
                    <lat>51.7029</lat>
                    <lon>-0.5172</lon>
                    <date>2013-07-12T18:04:07+02:00</date>
                    <speedMph>276</speedMph>
                    <altitudeFt>10000</altitudeFt>
                </position>
                <position>
                    <lat>51.729</lat>
                    <lon>-0.5588</lon>
                    <date>2013-07-12T18:03:37+02:00</date>
                    <speedMph>260</speedMph>
                    <altitudeFt>10000</altitudeFt>
                </position>
                <position>
                    <lat>51.7452</lat>
                    <lon>-0.6117</lon>
                    <date>2013-07-12T18:03:07+02:00</date>
                    <speedMph>260</speedMph>
                    <altitudeFt>10000</altitudeFt>
                </position>
                <position>
                    <lat>51.762</lat>
                    <lon>-0.6673</lon>
                    <date>2013-07-12T18:02:37+02:00</date>
                    <speedMph>256</speedMph>
                    <altitudeFt>10000</altitudeFt>
                </position>
                <position>
                    <lat>51.7565</lat>
                    <lon>-0.7202</lon>
                    <date>2013-07-12T18:02:07+02:00</date>
                    <speedMph>240</speedMph>
                    <altitudeFt>10000</altitudeFt>
                </position>
                <position>
                    <lat>51.7232</lat>
                    <lon>-0.7487</lon>
                    <date>2013-07-12T18:01:37+02:00</date>
                    <speedMph>236</speedMph>
                    <altitudeFt>10000</altitudeFt>
                </position>
                <position>
                    <lat>51.6969</lat>
                    <lon>-0.7323</lon>
                    <date>2013-07-12T18:01:07+02:00</date>
                    <speedMph>248</speedMph>
                    <altitudeFt>10000</altitudeFt>
                </position>
                <position>
                    <lat>51.6726</lat>
                    <lon>-0.6644</lon>
                    <date>2013-07-12T18:00:37+02:00</date>
                    <speedMph>256</speedMph>
                    <altitudeFt>10000</altitudeFt>
                </position>
                <position>
                    <lat>51.66</lat>
                    <lon>-0.624</lon>
                    <date>2013-07-12T18:00:03+02:00</date>
                    <speedMph>256</speedMph>
                    <altitudeFt>10000</altitudeFt>
                </position>
                <position>
                    <lat>51.6506</lat>
                    <lon>-0.5832</lon>
                    <date>2013-07-12T17:59:33+02:00</date>
                    <speedMph>264</speedMph>
                    <altitudeFt>10000</altitudeFt>
                </position>
                <position>
                    <lat>51.6699</lat>
                    <lon>-0.5231</lon>
                    <date>2013-07-12T17:59:03+02:00</date>
                    <speedMph>280</speedMph>
                    <altitudeFt>10000</altitudeFt>
                </position>
                <position>
                    <lat>51.7076</lat>
                    <lon>-0.5205</lon>
                    <date>2013-07-12T17:58:33+02:00</date>
                    <speedMph>276</speedMph>
                    <altitudeFt>10000</altitudeFt>
                </position>
                <position>
                    <lat>51.7308</lat>
                    <lon>-0.5646</lon>
                    <date>2013-07-12T17:58:03+02:00</date>
                    <speedMph>260</speedMph>
                    <altitudeFt>10000</altitudeFt>
                </position>
                <position>
                    <lat>51.7466</lat>
                    <lon>-0.6161</lon>
                    <date>2013-07-12T17:57:33+02:00</date>
                    <speedMph>260</speedMph>
                    <altitudeFt>10000</altitudeFt>
                </position>
                <position>
                    <lat>51.7628</lat>
                    <lon>-0.6722</lon>
                    <date>2013-07-12T17:57:03+02:00</date>
                    <speedMph>256</speedMph>
                    <altitudeFt>10000</altitudeFt>
                </position>
                <position>
                    <lat>51.755</lat>
                    <lon>-0.7232</lon>
                    <date>2013-07-12T17:56:33+02:00</date>
                    <speedMph>240</speedMph>
                    <altitudeFt>10000</altitudeFt>
                </position>
                <position>
                    <lat>51.721</lat>
                    <lon>-0.7474</lon>
                    <date>2013-07-12T17:56:03+02:00</date>
                    <speedMph>228</speedMph>
                    <altitudeFt>10000</altitudeFt>
                </position>
                <position>
                    <lat>51.697</lat>
                    <lon>-0.7303</lon>
                    <date>2013-07-12T17:55:33+02:00</date>
                    <speedMph>244</speedMph>
                    <altitudeFt>10000</altitudeFt>
                </position>
                <position>
                    <lat>51.6791</lat>
                    <lon>-0.6815</lon>
                    <date>2013-07-12T17:55:03+02:00</date>
                    <speedMph>256</speedMph>
                    <altitudeFt>10000</altitudeFt>
                </position>
                <position>
                    <lat>51.6638</lat>
                    <lon>-0.6314</lon>
                    <date>2013-07-12T17:54:33+02:00</date>
                    <speedMph>252</speedMph>
                    <altitudeFt>10000</altitudeFt>
                </position>
                <position>
                    <lat>51.6515</lat>
                    <lon>-0.5775</lon>
                    <date>2013-07-12T17:54:03+02:00</date>
                    <speedMph>268</speedMph>
                    <altitudeFt>10000</altitudeFt>
                </position>
                <position>
                    <lat>51.6678</lat>
                    <lon>-0.5265</lon>
                    <date>2013-07-12T17:53:33+02:00</date>
                    <speedMph>284</speedMph>
                    <altitudeFt>10000</altitudeFt>
                </position>
                <position>
                    <lat>51.7048</lat>
                    <lon>-0.519</lon>
                    <date>2013-07-12T17:53:03+02:00</date>
                    <speedMph>276</speedMph>
                    <altitudeFt>10000</altitudeFt>
                </position>
                <position>
                    <lat>51.7298</lat>
                    <lon>-0.5614</lon>
                    <date>2013-07-12T17:52:33+02:00</date>
                    <speedMph>260</speedMph>
                    <altitudeFt>10000</altitudeFt>
                </position>
                <position>
                    <lat>51.7459</lat>
                    <lon>-0.6132</lon>
                    <date>2013-07-12T17:52:03+02:00</date>
                    <speedMph>260</speedMph>
                    <altitudeFt>10000</altitudeFt>
                </position>
                <position>
                    <lat>51.7634</lat>
                    <lon>-0.6863</lon>
                    <date>2013-07-12T17:51:33+02:00</date>
                    <speedMph>252</speedMph>
                    <altitudeFt>10000</altitudeFt>
                </position>
                <position>
                    <lat>51.7594</lat>
                    <lon>-0.712</lon>
                    <date>2013-07-12T17:51:03+02:00</date>
                    <speedMph>240</speedMph>
                    <altitudeFt>10000</altitudeFt>
                </position>
                <position>
                    <lat>51.7236</lat>
                    <lon>-0.7475</lon>
                    <date>2013-07-12T17:50:33+02:00</date>
                    <speedMph>236</speedMph>
                    <altitudeFt>10000</altitudeFt>
                </position>
                <position>
                    <lat>51.7011</lat>
                    <lon>-0.7355</lon>
                    <date>2013-07-12T17:50:03+02:00</date>
                    <speedMph>244</speedMph>
                    <altitudeFt>10000</altitudeFt>
                </position>
                <position>
                    <lat>51.6815</lat>
                    <lon>-0.6896</lon>
                    <date>2013-07-12T17:49:33+02:00</date>
                    <speedMph>256</speedMph>
                    <altitudeFt>10000</altitudeFt>
                </position>
                <position>
                    <lat>51.6662</lat>
                    <lon>-0.6391</lon>
                    <date>2013-07-12T17:49:03+02:00</date>
                    <speedMph>256</speedMph>
                    <altitudeFt>10000</altitudeFt>
                </position>
                <position>
                    <lat>51.6515</lat>
                    <lon>-0.5817</lon>
                    <date>2013-07-12T17:48:33+02:00</date>
                    <speedMph>268</speedMph>
                    <altitudeFt>10000</altitudeFt>
                </position>
                <position>
                    <lat>51.689</lat>
                    <lon>-0.5144</lon>
                    <date>2013-07-12T17:48:03+02:00</date>
                    <speedMph>280</speedMph>
                    <altitudeFt>10000</altitudeFt>
                </position>
                <position>
                    <lat>51.6972</lat>
                    <lon>-0.5152</lon>
                    <date>2013-07-12T17:47:33+02:00</date>
                    <speedMph>276</speedMph>
                    <altitudeFt>10000</altitudeFt>
                </position>
                <position>
                    <lat>51.7272</lat>
                    <lon>-0.5531</lon>
                    <date>2013-07-12T17:47:03+02:00</date>
                    <speedMph>260</speedMph>
                    <altitudeFt>10000</altitudeFt>
                </position>
                <position>
                    <lat>51.7434</lat>
                    <lon>-0.6054</lon>
                    <date>2013-07-12T17:46:33+02:00</date>
                    <speedMph>260</speedMph>
                    <altitudeFt>10000</altitudeFt>
                </position>
                <position>
                    <lat>51.7652</lat>
                    <lon>-0.6883</lon>
                    <date>2013-07-12T17:46:03+02:00</date>
                    <speedMph>252</speedMph>
                    <altitudeFt>10000</altitudeFt>
                </position>
                <position>
                    <lat>51.7631</lat>
                    <lon>-0.7127</lon>
                    <date>2013-07-12T17:45:33+02:00</date>
                    <speedMph>244</speedMph>
                    <altitudeFt>10030</altitudeFt>
                </position>
                <position>
                    <lat>51.74</lat>
                    <lon>-0.7549</lon>
                    <date>2013-07-12T17:45:03+02:00</date>
                    <speedMph>236</speedMph>
                    <altitudeFt>10330</altitudeFt>
                </position>
                <position>
                    <lat>51.71</lat>
                    <lon>-0.7586</lon>
                    <date>2013-07-12T17:44:33+02:00</date>
                    <speedMph>240</speedMph>
                    <altitudeFt>10700</altitudeFt>
                </position>
                <position>
                    <lat>51.6839</lat>
                    <lon>-0.725</lon>
                    <date>2013-07-12T17:44:03+02:00</date>
                    <speedMph>256</speedMph>
                    <altitudeFt>11100</altitudeFt>
                </position>
                <position>
                    <lat>51.6693</lat>
                    <lon>-0.678</lon>
                    <date>2013-07-12T17:43:33+02:00</date>
                    <speedMph>260</speedMph>
                    <altitudeFt>11480</altitudeFt>
                </position>
                <position>
                    <lat>51.654</lat>
                    <lon>-0.6277</lon>
                    <date>2013-07-12T17:43:03+02:00</date>
                    <speedMph>260</speedMph>
                    <altitudeFt>11880</altitudeFt>
                </position>
                <position>
                    <lat>51.6429</lat>
                    <lon>-0.5546</lon>
                    <date>2013-07-12T17:42:33+02:00</date>
                    <speedMph>284</speedMph>
                    <altitudeFt>12350</altitudeFt>
                </position>
                <position>
                    <lat>51.658</lat>
                    <lon>-0.5162</lon>
                    <date>2013-07-12T17:42:03+02:00</date>
                    <speedMph>292</speedMph>
                    <altitudeFt>12630</altitudeFt>
                </position>
                <position>
                    <lat>51.7066</lat>
                    <lon>-0.5111</lon>
                    <date>2013-07-12T17:41:33+02:00</date>
                    <speedMph>284</speedMph>
                    <altitudeFt>13000</altitudeFt>
                </position>
                <position>
                    <lat>51.727</lat>
                    <lon>-0.5527</lon>
                    <date>2013-07-12T17:41:03+02:00</date>
                    <speedMph>272</speedMph>
                    <altitudeFt>13000</altitudeFt>
                </position>
                <position>
                    <lat>51.7393</lat>
                    <lon>-0.6121</lon>
                    <date>2013-07-12T17:40:33+02:00</date>
                    <speedMph>268</speedMph>
                    <altitudeFt>13000</altitudeFt>
                </position>
                <position>
                    <lat>51.7491</lat>
                    <lon>-0.6598</lon>
                    <date>2013-07-12T17:40:03+02:00</date>
                    <speedMph>272</speedMph>
                    <altitudeFt>13150</altitudeFt>
                </position>
                <position>
                    <lat>51.7629</lat>
                    <lon>-0.7264</lon>
                    <date>2013-07-12T17:39:33+02:00</date>
                    <speedMph>272</speedMph>
                    <altitudeFt>13600</altitudeFt>
                </position>
                <position>
                    <lat>51.7764</lat>
                    <lon>-0.7917</lon>
                    <date>2013-07-12T17:39:03+02:00</date>
                    <speedMph>276</speedMph>
                    <altitudeFt>14050</altitudeFt>
                </position>
                <position>
                    <lat>51.7867</lat>
                    <lon>-0.8412</lon>
                    <date>2013-07-12T17:38:33+02:00</date>
                    <speedMph>280</speedMph>
                    <altitudeFt>14380</altitudeFt>
                </position>
                <position>
                    <lat>51.799</lat>
                    <lon>-0.901</lon>
                    <date>2013-07-12T17:38:03+02:00</date>
                    <speedMph>280</speedMph>
                    <altitudeFt>14680</altitudeFt>
                </position>
                <position>
                    <lat>51.8138</lat>
                    <lon>-0.9584</lon>
                    <date>2013-07-12T17:37:33+02:00</date>
                    <speedMph>288</speedMph>
                    <altitudeFt>14900</altitudeFt>
                </position>
                <position>
                    <lat>51.8451</lat>
                    <lon>-0.9984</lon>
                    <date>2013-07-12T17:37:03+02:00</date>
                    <speedMph>288</speedMph>
                    <altitudeFt>15000</altitudeFt>
                </position>
                <position>
                    <lat>51.9145</lat>
                    <lon>-1.0782</lon>
                    <date>2013-07-12T17:36:03+02:00</date>
                    <speedMph>336</speedMph>
                    <altitudeFt>15000</altitudeFt>
                </position>
                <position>
                    <lat>51.9967</lat>
                    <lon>-1.1733</lon>
                    <date>2013-07-12T17:35:03+02:00</date>
                    <speedMph>372</speedMph>
                    <altitudeFt>15730</altitudeFt>
                </position>
                <position>
                    <lat>52.0806</lat>
                    <lon>-1.2716</lon>
                    <date>2013-07-12T17:34:03+02:00</date>
                    <speedMph>380</speedMph>
                    <altitudeFt>17280</altitudeFt>
                </position>
                <position>
                    <lat>52.1654</lat>
                    <lon>-1.3731</lon>
                    <date>2013-07-12T17:33:03+02:00</date>
                    <speedMph>380</speedMph>
                    <altitudeFt>18750</altitudeFt>
                </position>
                <position>
                    <lat>52.2494</lat>
                    <lon>-1.4761</lon>
                    <date>2013-07-12T17:32:03+02:00</date>
                    <speedMph>392</speedMph>
                    <altitudeFt>19680</altitudeFt>
                </position>
                <position>
                    <lat>52.3315</lat>
                    <lon>-1.5717</lon>
                    <date>2013-07-12T17:31:03+02:00</date>
                    <speedMph>408</speedMph>
                    <altitudeFt>21300</altitudeFt>
                </position>
                <position>
                    <lat>52.4365</lat>
                    <lon>-1.6813</lon>
                    <date>2013-07-12T17:30:03+02:00</date>
                    <speedMph>416</speedMph>
                    <altitudeFt>23250</altitudeFt>
                </position>
                <position>
                    <lat>52.5348</lat>
                    <lon>-1.7843</lon>
                    <date>2013-07-12T17:29:03+02:00</date>
                    <speedMph>432</speedMph>
                    <altitudeFt>25030</altitudeFt>
                </position>
                <position>
                    <lat>52.6352</lat>
                    <lon>-1.89</lon>
                    <date>2013-07-12T17:28:03+02:00</date>
                    <speedMph>432</speedMph>
                    <altitudeFt>26850</altitudeFt>
                </position>
                <position>
                    <lat>52.7378</lat>
                    <lon>-1.9981</lon>
                    <date>2013-07-12T17:27:03+02:00</date>
                    <speedMph>444</speedMph>
                    <altitudeFt>28600</altitudeFt>
                </position>
                <position>
                    <lat>52.8434</lat>
                    <lon>-2.1088</lon>
                    <date>2013-07-12T17:26:03+02:00</date>
                    <speedMph>460</speedMph>
                    <altitudeFt>30400</altitudeFt>
                </position>
                <position>
                    <lat>52.9574</lat>
                    <lon>-2.2279</lon>
                    <date>2013-07-12T17:25:03+02:00</date>
                    <speedMph>464</speedMph>
                    <altitudeFt>32750</altitudeFt>
                </position>
                <position>
                    <lat>53.0654</lat>
                    <lon>-2.3212</lon>
                    <date>2013-07-12T17:24:03+02:00</date>
                    <speedMph>464</speedMph>
                    <altitudeFt>34980</altitudeFt>
                </position>
                <position>
                    <lat>53.1881</lat>
                    <lon>-2.3902</lon>
                    <date>2013-07-12T17:23:03+02:00</date>
                    <speedMph>464</speedMph>
                    <altitudeFt>35000</altitudeFt>
                </position>
                <position>
                    <lat>53.3111</lat>
                    <lon>-2.4578</lon>
                    <date>2013-07-12T17:22:03+02:00</date>
                    <speedMph>464</speedMph>
                    <altitudeFt>34980</altitudeFt>
                </position>
                <position>
                    <lat>53.4352</lat>
                    <lon>-2.5263</lon>
                    <date>2013-07-12T17:21:03+02:00</date>
                    <speedMph>464</speedMph>
                    <altitudeFt>34980</altitudeFt>
                </position>
                <position>
                    <lat>53.5585</lat>
                    <lon>-2.5949</lon>
                    <date>2013-07-12T17:20:03+02:00</date>
                    <speedMph>464</speedMph>
                    <altitudeFt>34980</altitudeFt>
                </position>
                <position>
                    <lat>53.6791</lat>
                    <lon>-2.6623</lon>
                    <date>2013-07-12T17:19:03+02:00</date>
                    <speedMph>464</speedMph>
                    <altitudeFt>35000</altitudeFt>
                </position>
                <position>
                    <lat>53.8</lat>
                    <lon>-2.7303</lon>
                    <date>2013-07-12T17:18:03+02:00</date>
                    <speedMph>468</speedMph>
                    <altitudeFt>35030</altitudeFt>
                </position>
                <position>
                    <lat>53.9225</lat>
                    <lon>-2.7997</lon>
                    <date>2013-07-12T17:17:03+02:00</date>
                    <speedMph>468</speedMph>
                    <altitudeFt>35000</altitudeFt>
                </position>
                <position>
                    <lat>54.039</lat>
                    <lon>-2.8662</lon>
                    <date>2013-07-12T17:16:03+02:00</date>
                    <speedMph>464</speedMph>
                    <altitudeFt>35000</altitudeFt>
                </position>
                <position>
                    <lat>54.1631</lat>
                    <lon>-2.9374</lon>
                    <date>2013-07-12T17:15:03+02:00</date>
                    <speedMph>460</speedMph>
                    <altitudeFt>35000</altitudeFt>
                </position>
                <position>
                    <lat>54.2743</lat>
                    <lon>-3.0092</lon>
                    <date>2013-07-12T17:14:03+02:00</date>
                    <speedMph>460</speedMph>
                    <altitudeFt>34650</altitudeFt>
                </position>
                <position>
                    <lat>54.3943</lat>
                    <lon>-3.1048</lon>
                    <date>2013-07-12T17:13:03+02:00</date>
                    <speedMph>456</speedMph>
                    <altitudeFt>33900</altitudeFt>
                </position>
                <position>
                    <lat>54.5087</lat>
                    <lon>-3.1967</lon>
                    <date>2013-07-12T17:12:03+02:00</date>
                    <speedMph>468</speedMph>
                    <altitudeFt>32450</altitudeFt>
                </position>
                <position>
                    <lat>54.6994</lat>
                    <lon>-3.351</lon>
                    <date>2013-07-12T17:10:28+02:00</date>
                    <speedMph>464</speedMph>
                    <altitudeFt>30700</altitudeFt>
                </position>
                <position>
                    <lat>54.8127</lat>
                    <lon>-3.4435</lon>
                    <date>2013-07-12T17:09:28+02:00</date>
                    <speedMph>460</speedMph>
                    <altitudeFt>29580</altitudeFt>
                </position>
                <position>
                    <lat>54.9274</lat>
                    <lon>-3.5378</lon>
                    <date>2013-07-12T17:08:28+02:00</date>
                    <speedMph>452</speedMph>
                    <altitudeFt>28530</altitudeFt>
                </position>
                <position>
                    <lat>55.0418</lat>
                    <lon>-3.6324</lon>
                    <date>2013-07-12T17:07:28+02:00</date>
                    <speedMph>444</speedMph>
                    <altitudeFt>27330</altitudeFt>
                </position>
                <position>
                    <lat>55.1516</lat>
                    <lon>-3.7252</lon>
                    <date>2013-07-12T17:06:28+02:00</date>
                    <speedMph>436</speedMph>
                    <altitudeFt>26130</altitudeFt>
                </position>
                <position>
                    <lat>55.2625</lat>
                    <lon>-3.826</lon>
                    <date>2013-07-12T17:05:28+02:00</date>
                    <speedMph>440</speedMph>
                    <altitudeFt>24050</altitudeFt>
                </position>
                <position>
                    <lat>55.3793</lat>
                    <lon>-3.9329</lon>
                    <date>2013-07-12T17:04:28+02:00</date>
                    <speedMph>432</speedMph>
                    <altitudeFt>22330</altitudeFt>
                </position>
                <position>
                    <lat>55.4692</lat>
                    <lon>-4.0156</lon>
                    <date>2013-07-12T17:03:28+02:00</date>
                    <speedMph>420</speedMph>
                    <altitudeFt>20830</altitudeFt>
                </position>
                <position>
                    <lat>55.578</lat>
                    <lon>-4.116</lon>
                    <date>2013-07-12T17:02:28+02:00</date>
                    <speedMph>408</speedMph>
                    <altitudeFt>18800</altitudeFt>
                </position>
                <position>
                    <lat>55.6856</lat>
                    <lon>-4.2026</lon>
                    <date>2013-07-12T17:01:28+02:00</date>
                    <speedMph>384</speedMph>
                    <altitudeFt>16580</altitudeFt>
                </position>
                <position>
                    <lat>55.765</lat>
                    <lon>-4.1185</lon>
                    <date>2013-07-12T17:00:28+02:00</date>
                    <speedMph>352</speedMph>
                    <altitudeFt>14550</altitudeFt>
                </position>
                <position>
                    <lat>55.7867</lat>
                    <lon>-4.0565</lon>
                    <date>2013-07-12T16:59:58+02:00</date>
                    <speedMph>344</speedMph>
                    <altitudeFt>13530</altitudeFt>
                </position>
                <position>
                    <lat>55.8157</lat>
                    <lon>-3.9746</lon>
                    <date>2013-07-12T16:59:28+02:00</date>
                    <speedMph>336</speedMph>
                    <altitudeFt>12130</altitudeFt>
                </position>
                <position>
                    <lat>55.841</lat>
                    <lon>-3.9048</lon>
                    <date>2013-07-12T16:58:58+02:00</date>
                    <speedMph>320</speedMph>
                    <altitudeFt>11280</altitudeFt>
                </position>
                <position>
                    <lat>55.8563</lat>
                    <lon>-3.8639</lon>
                    <date>2013-07-12T16:58:28+02:00</date>
                    <speedMph>296</speedMph>
                    <altitudeFt>10930</altitudeFt>
                </position>
                <position>
                    <lat>55.8762</lat>
                    <lon>-3.7923</lon>
                    <date>2013-07-12T16:57:58+02:00</date>
                    <speedMph>268</speedMph>
                    <altitudeFt>9800</altitudeFt>
                </position>
                <position>
                    <lat>55.8784</lat>
                    <lon>-3.77</lon>
                    <date>2013-07-12T16:57:48+02:00</date>
                    <speedMph>264</speedMph>
                    <altitudeFt>9300</altitudeFt>
                </position>
                <position>
                    <lat>55.8806</lat>
                    <lon>-3.7487</lon>
                    <date>2013-07-12T16:57:38+02:00</date>
                    <speedMph>260</speedMph>
                    <altitudeFt>8830</altitudeFt>
                </position>
                <position>
                    <lat>55.8837</lat>
                    <lon>-3.7184</lon>
                    <date>2013-07-12T16:57:28+02:00</date>
                    <speedMph>260</speedMph>
                    <altitudeFt>8130</altitudeFt>
                </position>
                <position>
                    <lat>55.8848</lat>
                    <lon>-3.7075</lon>
                    <date>2013-07-12T16:57:18+02:00</date>
                    <speedMph>256</speedMph>
                    <altitudeFt>7850</altitudeFt>
                </position>
                <position>
                    <lat>55.8867</lat>
                    <lon>-3.6869</lon>
                    <date>2013-07-12T16:57:08+02:00</date>
                    <speedMph>260</speedMph>
                    <altitudeFt>7300</altitudeFt>
                </position>
                <position>
                    <lat>55.8901</lat>
                    <lon>-3.6542</lon>
                    <date>2013-07-12T16:56:58+02:00</date>
                    <speedMph>256</speedMph>
                    <altitudeFt>6500</altitudeFt>
                </position>
                <position>
                    <lat>55.8911</lat>
                    <lon>-3.6437</lon>
                    <date>2013-07-12T16:56:48+02:00</date>
                    <speedMph>256</speedMph>
                    <altitudeFt>6230</altitudeFt>
                </position>
                <position>
                    <lat>55.8932</lat>
                    <lon>-3.6229</lon>
                    <date>2013-07-12T16:56:38+02:00</date>
                    <speedMph>256</speedMph>
                    <altitudeFt>5730</altitudeFt>
                </position>
                <position>
                    <lat>55.8953</lat>
                    <lon>-3.6018</lon>
                    <date>2013-07-12T16:56:28+02:00</date>
                    <speedMph>252</speedMph>
                    <altitudeFt>5180</altitudeFt>
                </position>
                <position>
                    <lat>55.8974</lat>
                    <lon>-3.5807</lon>
                    <date>2013-07-12T16:56:18+02:00</date>
                    <speedMph>256</speedMph>
                    <altitudeFt>4550</altitudeFt>
                </position>
                <position>
                    <lat>55.8981</lat>
                    <lon>-3.5732</lon>
                    <date>2013-07-12T16:56:13+02:00</date>
                    <speedMph>256</speedMph>
                    <altitudeFt>4350</altitudeFt>
                </position>
                <position>
                    <lat>55.8991</lat>
                    <lon>-3.5621</lon>
                    <date>2013-07-12T16:56:08+02:00</date>
                    <speedMph>256</speedMph>
                    <altitudeFt>4080</altitudeFt>
                </position>
                <position>
                    <lat>55.9001</lat>
                    <lon>-3.5517</lon>
                    <date>2013-07-12T16:56:03+02:00</date>
                    <speedMph>252</speedMph>
                    <altitudeFt>3800</altitudeFt>
                </position>
                <position>
                    <lat>55.902</lat>
                    <lon>-3.5291</lon>
                    <date>2013-07-12T16:55:53+02:00</date>
                    <speedMph>248</speedMph>
                    <altitudeFt>3280</altitudeFt>
                </position>
                <position>
                    <lat>55.9028</lat>
                    <lon>-3.521</lon>
                    <date>2013-07-12T16:55:48+02:00</date>
                    <speedMph>248</speedMph>
                    <altitudeFt>3100</altitudeFt>
                </position>
                <position>
                    <lat>55.9041</lat>
                    <lon>-3.5112</lon>
                    <date>2013-07-12T16:55:43+02:00</date>
                    <speedMph>244</speedMph>
                    <altitudeFt>2930</altitudeFt>
                </position>
                <position>
                    <lat>55.9091</lat>
                    <lon>-3.491</lon>
                    <date>2013-07-12T16:55:33+02:00</date>
                    <speedMph>224</speedMph>
                    <altitudeFt>2630</altitudeFt>
                </position>
                <position>
                    <lat>55.9116</lat>
                    <lon>-3.4838</lon>
                    <date>2013-07-12T16:55:28+02:00</date>
                    <speedMph>216</speedMph>
                    <altitudeFt>2500</altitudeFt>
                </position>
                <position>
                    <lat>55.9143</lat>
                    <lon>-3.4764</lon>
                    <date>2013-07-12T16:55:23+02:00</date>
                    <speedMph>216</speedMph>
                    <altitudeFt>2380</altitudeFt>
                </position>
                <position>
                    <lat>55.9197</lat>
                    <lon>-3.461</lon>
                    <date>2013-07-12T16:55:13+02:00</date>
                    <speedMph>196</speedMph>
                    <altitudeFt>2130</altitudeFt>
                </position>
                <position>
                    <lat>55.9261</lat>
                    <lon>-3.4429</lon>
                    <date>2013-07-12T16:54:58+02:00</date>
                    <speedMph>184</speedMph>
                    <altitudeFt>1830</altitudeFt>
                </position>
                <position>
                    <lat>55.9325</lat>
                    <lon>-3.4246</lon>
                    <date>2013-07-12T16:54:53+02:00</date>
                    <speedMph>160</speedMph>
                    <altitudeFt>1530</altitudeFt>
                </position>
                <position>
                    <lat>55.9328</lat>
                    <lon>-3.4236</lon>
                    <date>2013-07-12T16:54:43+02:00</date>
                    <speedMph>164</speedMph>
                    <altitudeFt>1500</altitudeFt>
                </position>
                <position>
                    <lat>55.9356</lat>
                    <lon>-3.4158</lon>
                    <date>2013-07-12T16:54:38+02:00</date>
                    <speedMph>156</speedMph>
                    <altitudeFt>1350</altitudeFt>
                </position>
                <position>
                    <lat>55.9385</lat>
                    <lon>-3.4071</lon>
                    <date>2013-07-12T16:54:28+02:00</date>
                    <speedMph>144</speedMph>
                    <altitudeFt>1130</altitudeFt>
                </position>
                <position>
                    <lat>55.9423</lat>
                    <lon>-3.396</lon>
                    <date>2013-07-12T16:54:18+02:00</date>
                    <speedMph>152</speedMph>
                    <altitudeFt>580</altitudeFt>
                </position>
                <position>
                    <lat>55.9441</lat>
                    <lon>-3.3902</lon>
                    <date>2013-07-12T16:54:13+02:00</date>
                    <speedMph>160</speedMph>
                    <altitudeFt>330</altitudeFt>
                </position>
                <position>
                    <lat>55.9478</lat>
                    <lon>-3.3789</lon>
                    <date>2013-07-12T16:54:03+02:00</date>
                    <speedMph>160</speedMph>
                    <altitudeFt>0</altitudeFt>
                </position>
                <position>
                    <lat>55.9518</lat>
                    <lon>-3.367</lon>
                    <date>2013-07-12T16:53:53+02:00</date>
                    <speedMph>116</speedMph>
                    <altitudeFt>0</altitudeFt>
                </position>
                <position>
                    <lat>55.9526</lat>
                    <lon>-3.3648</lon>
                    <date>2013-07-12T16:53:48+02:00</date>
                    <speedMph>100</speedMph>
                    <altitudeFt>0</altitudeFt>
                </position>
                <position>
                    <lat>55.9535</lat>
                    <lon>-3.3621</lon>
                    <date>2013-07-12T16:53:43+02:00</date>
                    <speedMph>92</speedMph>
                    <altitudeFt>0</altitudeFt>
                </position>
                <position>
                    <lat>55.9545</lat>
                    <lon>-3.3592</lon>
                    <date>2013-07-12T16:53:38+02:00</date>
                    <speedMph>60</speedMph>
                    <altitudeFt>0</altitudeFt>
                </position>
                <position>
                    <lat>55.9551</lat>
                    <lon>-3.3572</lon>
                    <date>2013-07-12T16:53:33+02:00</date>
                    <speedMph>36</speedMph>
                    <altitudeFt>0</altitudeFt>
                </position>
                <position>
                    <lat>55.9554</lat>
                    <lon>-3.3564</lon>
                    <date>2013-07-12T16:53:28+02:00</date>
                    <speedMph>8</speedMph>
                    <altitudeFt>0</altitudeFt>
                </position>
                <position>
                    <lat>55.9555</lat>
                    <lon>-3.3562</lon>
                    <date>2013-07-12T16:53:23+02:00</date>
                    <speedMph>4</speedMph>
                    <altitudeFt>0</altitudeFt>
                </position>
                <position>
                    <lat>55.9555</lat>
                    <lon>-3.3562</lon>
                    <date>2013-07-12T16:53:13+02:00</date>
                    <speedMph>0</speedMph>
                    <altitudeFt>0</altitudeFt>
                </position>
                <position>
                    <lat>55.9557</lat>
                    <lon>-3.3556</lon>
                    <date>2013-07-12T16:52:58+02:00</date>
                    <speedMph>4</speedMph>
                    <altitudeFt>0</altitudeFt>
                </position>
                <position>
                    <lat>55.9556</lat>
                    <lon>-3.3551</lon>
                    <date>2013-07-12T16:52:43+02:00</date>
                    <speedMph>8</speedMph>
                    <altitudeFt>0</altitudeFt>
                </position>
                <position>
                    <lat>55.9549</lat>
                    <lon>-3.3543</lon>
                    <date>2013-07-12T16:52:08+02:00</date>
                    <speedMph>0</speedMph>
                    <altitudeFt>0</altitudeFt>
                </position>
                <position>
                    <lat>55.9549</lat>
                    <lon>-3.3543</lon>
                    <date>2013-07-12T16:51:53+02:00</date>
                    <speedMph>0</speedMph>
                    <altitudeFt>0</altitudeFt>
                </position>
                <position>
                    <lat>55.9549</lat>
                    <lon>-3.3543</lon>
                    <date>2013-07-12T16:51:08+02:00</date>
                    <speedMph>0</speedMph>
                    <altitudeFt>0</altitudeFt>
                </position>
                <position>
                    <lat>55.9549</lat>
                    <lon>-3.3543</lon>
                    <date>2013-07-12T16:50:58+02:00</date>
                    <speedMph>0</speedMph>
                    <altitudeFt>0</altitudeFt>
                </position>
                <position>
                    <lat>55.9549</lat>
                    <lon>-3.3543</lon>
                    <date>2013-07-12T16:50:28+02:00</date>
                    <speedMph>0</speedMph>
                    <altitudeFt>0</altitudeFt>
                </position>
                <position>
                    <lat>55.9549</lat>
                    <lon>-3.3543</lon>
                    <date>2013-07-12T16:50:03+02:00</date>
                    <speedMph>0</speedMph>
                    <altitudeFt>0</altitudeFt>
                </position>
                <position>
                    <lat>55.9549</lat>
                    <lon>-3.3543</lon>
                    <date>2013-07-12T16:49:58+02:00</date>
                    <speedMph>0</speedMph>
                    <altitudeFt>0</altitudeFt>
                </position>
                <position>
                    <lat>55.9549</lat>
                    <lon>-3.3543</lon>
                    <date>2013-07-12T16:49:28+02:00</date>
                    <speedMph>0</speedMph>
                    <altitudeFt>0</altitudeFt>
                </position>
                <position>
                    <lat>55.9549</lat>
                    <lon>-3.3543</lon>
                    <date>2013-07-12T16:49:18+02:00</date>
                    <speedMph>0</speedMph>
                    <altitudeFt>0</altitudeFt>
                </position>
                <position>
                    <lat>55.9549</lat>
                    <lon>-3.3543</lon>
                    <date>2013-07-12T16:48:48+02:00</date>
                    <speedMph>0</speedMph>
                    <altitudeFt>0</altitudeFt>
                </position>
                <position>
                    <lat>55.9549</lat>
                    <lon>-3.3543</lon>
                    <date>2013-07-12T16:48:28+02:00</date>
                    <speedMph>0</speedMph>
                    <altitudeFt>0</altitudeFt>
                </position>
                <position>
                    <lat>55.9549</lat>
                    <lon>-3.3543</lon>
                    <date>2013-07-12T16:48:23+02:00</date>
                    <speedMph>0</speedMph>
                    <altitudeFt>0</altitudeFt>
                </position>
                <position>
                    <lat>55.9549</lat>
                    <lon>-3.3543</lon>
                    <date>2013-07-12T16:48:02+02:00</date>
                    <speedMph>0</speedMph>
                    <altitudeFt>0</altitudeFt>
                </position>
                <position>
                    <lat>55.9549</lat>
                    <lon>-3.3543</lon>
                    <date>2013-07-12T16:47:57+02:00</date>
                    <speedMph>0</speedMph>
                    <altitudeFt>0</altitudeFt>
                </position>
                <position>
                    <lat>55.9537</lat>
                    <lon>-3.3557</lon>
                    <date>2013-07-12T16:46:57+02:00</date>
                    <speedMph>8</speedMph>
                    <altitudeFt>0</altitudeFt>
                </position>
                <position>
                    <lat>55.9537</lat>
                    <lon>-3.3558</lon>
                    <date>2013-07-12T16:46:47+02:00</date>
                    <speedMph>8</speedMph>
                    <altitudeFt>0</altitudeFt>
                </position>
                <position>
                    <lat>55.9536</lat>
                    <lon>-3.3561</lon>
                    <date>2013-07-12T16:46:42+02:00</date>
                    <speedMph>12</speedMph>
                    <altitudeFt>0</altitudeFt>
                </position>
                <position>
                    <lat>55.9534</lat>
                    <lon>-3.3566</lon>
                    <date>2013-07-12T16:46:37+02:00</date>
                    <speedMph>16</speedMph>
                    <altitudeFt>0</altitudeFt>
                </position>
                <position>
                    <lat>55.9526</lat>
                    <lon>-3.359</lon>
                    <date>2013-07-12T16:46:22+02:00</date>
                    <speedMph>20</speedMph>
                    <altitudeFt>0</altitudeFt>
                </position>
                <position>
                    <lat>55.9523</lat>
                    <lon>-3.3599</lon>
                    <date>2013-07-12T16:46:12+02:00</date>
                    <speedMph>16</speedMph>
                    <altitudeFt>0</altitudeFt>
                </position>
                <position>
                    <lat>55.9518</lat>
                    <lon>-3.3615</lon>
                    <date>2013-07-12T16:46:02+02:00</date>
                    <speedMph>16</speedMph>
                    <altitudeFt>0</altitudeFt>
                </position>
                <position>
                    <lat>55.9518</lat>
                    <lon>-3.3615</lon>
                    <date>2013-07-12T16:45:57+02:00</date>
                    <speedMph>16</speedMph>
                    <altitudeFt>0</altitudeFt>
                </position>
                <position>
                    <lat>55.9516</lat>
                    <lon>-3.362</lon>
                    <date>2013-07-12T16:45:47+02:00</date>
                    <speedMph>12</speedMph>
                    <altitudeFt>0</altitudeFt>
                </position>
                <position>
                    <lat>55.9512</lat>
                    <lon>-3.3631</lon>
                    <date>2013-07-12T16:45:37+02:00</date>
                    <speedMph>8</speedMph>
                    <altitudeFt>0</altitudeFt>
                </position>
                <position>
                    <lat>55.9511</lat>
                    <lon>-3.3635</lon>
                    <date>2013-07-12T16:45:27+02:00</date>
                    <speedMph>8</speedMph>
                    <altitudeFt>0</altitudeFt>
                </position>
                <position>
                    <lat>55.9508</lat>
                    <lon>-3.3639</lon>
                    <date>2013-07-12T16:45:22+02:00</date>
                    <speedMph>8</speedMph>
                    <altitudeFt>0</altitudeFt>
                </position>
                <position>
                    <lat>55.9506</lat>
                    <lon>-3.3639</lon>
                    <date>2013-07-12T16:45:12+02:00</date>
                    <speedMph>8</speedMph>
                    <altitudeFt>0</altitudeFt>
                </position>
                <position>
                    <lat>55.9502</lat>
                    <lon>-3.3638</lon>
                    <date>2013-07-12T16:45:02+02:00</date>
                    <speedMph>8</speedMph>
                    <altitudeFt>0</altitudeFt>
                </position>
                <position>
                    <lat>55.9501</lat>
                    <lon>-3.364</lon>
                    <date>2013-07-12T16:44:57+02:00</date>
                    <speedMph>8</speedMph>
                    <altitudeFt>0</altitudeFt>
                </position>
                <position>
                    <lat>55.95</lat>
                    <lon>-3.3643</lon>
                    <date>2013-07-12T16:44:52+02:00</date>
                    <speedMph>4</speedMph>
                    <altitudeFt>0</altitudeFt>
                </position>
                <position>
                    <lat>55.9499</lat>
                    <lon>-3.3645</lon>
                    <date>2013-07-12T16:44:42+02:00</date>
                    <speedMph>0</speedMph>
                    <altitudeFt>0</altitudeFt>
                </position>
                <position>
                    <lat>55.9499</lat>
                    <lon>-3.3645</lon>
                    <date>2013-07-12T16:44:27+02:00</date>
                    <speedMph>0</speedMph>
                    <altitudeFt>0</altitudeFt>
                </position>
                <position>
                    <lat>55.9499</lat>
                    <lon>-3.3645</lon>
                    <date>2013-07-12T16:44:22+02:00</date>
                    <speedMph>0</speedMph>
                    <altitudeFt>0</altitudeFt>
                </position>
                <position>
                    <lat>55.9499</lat>
                    <lon>-3.3645</lon>
                    <date>2013-07-12T16:43:57+02:00</date>
                    <speedMph>0</speedMph>
                    <altitudeFt>0</altitudeFt>
                </position>
                <position>
                    <lat>55.9499</lat>
                    <lon>-3.3645</lon>
                    <date>2013-07-12T16:43:42+02:00</date>
                    <speedMph>0</speedMph>
                    <altitudeFt>0</altitudeFt>
                </position>
                <position>
                    <lat>55.9499</lat>
                    <lon>-3.3645</lon>
                    <date>2013-07-12T16:43:22+02:00</date>
                    <speedMph>0</speedMph>
                    <altitudeFt>0</altitudeFt>
                </position>
                <position>
                    <lat>55.9499</lat>
                    <lon>-3.3645</lon>
                    <date>2013-07-12T16:43:12+02:00</date>
                    <speedMph>0</speedMph>
                    <altitudeFt>0</altitudeFt>
                </position>
                <position>
                    <lat>55.9499</lat>
                    <lon>-3.3645</lon>
                    <date>2013-07-12T16:42:42+02:00</date>
                    <speedMph>0</speedMph>
                    <altitudeFt>0</altitudeFt>
                </position>
                <position>
                    <lat>55.95</lat>
                    <lon>-3.3644</lon>
                    <date>2013-07-12T16:42:22+02:00</date>
                    <speedMph>0</speedMph>
                    <altitudeFt>0</altitudeFt>
                </position>
                <position>
                    <lat>55.95</lat>
                    <lon>-3.3642</lon>
                    <date>2013-07-12T16:41:57+02:00</date>
                    <speedMph>0</speedMph>
                    <altitudeFt>0</altitudeFt>
                </position>
                <position>
                    <lat>55.9498</lat>
                    <lon>-3.364</lon>
                    <date>2013-07-12T16:41:37+02:00</date>
                    <speedMph>4</speedMph>
                    <altitudeFt>0</altitudeFt>
                </position>
                <position>
                    <lat>55.9496</lat>
                    <lon>-3.3638</lon>
                    <date>2013-07-12T16:41:22+02:00</date>
                    <speedMph>4</speedMph>
                    <altitudeFt>0</altitudeFt>
                </position>
            </positions>
        </flightTrack>
    </flightTracks>
</flightstatslog>
