<?xml version="1.0" encoding="UTF-8" standalone="yes"?>
<flightstatslog>
    <appendix>
        <airports>
            <airport>
                <fs>LGW</fs>
                <latitude>51.148056</latitude>
                <longitude>-0.190278</longitude>
                <city>London</city>
            </airport>
            <airport>
                <fs>RHO</fs>
                <latitude>36.405419</latitude>
                <longitude>28.086192</longitude>
                <city>Rhodos</city>
            </airport>
        </airports>
    </appendix>
    <flightTracks>
        <flightTrack>
            <flightId>4220518</flightId>
            <departureAirportFsCode>LGW</departureAirportFsCode>
            <arrivalAirportFsCode>RHO</arrivalAirportFsCode>
            <positions>
                <position>
                    <lat>35.3391</lat>
                    <lon>25.171</lon>
                    <date>2013-07-13T21:35:03+02:00</date>
                    <speedMph>4</speedMph>
                    <altitudeFt>0</altitudeFt>
                </position>
                <position>
                    <lat>35.3402</lat>
                    <lon>25.1723</lon>
                    <date>2013-07-13T21:33:38+02:00</date>
                    <speedMph>32</speedMph>
                    <altitudeFt>0</altitudeFt>
                </position>
                <position>
                    <lat>35.3402</lat>
                    <lon>25.1742</lon>
                    <date>2013-07-13T21:33:33+02:00</date>
                    <speedMph>48</speedMph>
                    <altitudeFt>0</altitudeFt>
                </position>
                <position>
                    <lat>35.3401</lat>
                    <lon>25.1752</lon>
                    <date>2013-07-13T21:33:28+02:00</date>
                    <speedMph>56</speedMph>
                    <altitudeFt>0</altitudeFt>
                </position>
                <position>
                    <lat>35.34</lat>
                    <lon>25.1772</lon>
                    <date>2013-07-13T21:33:18+02:00</date>
                    <speedMph>84</speedMph>
                    <altitudeFt>0</altitudeFt>
                </position>
                <position>
                    <lat>35.3396</lat>
                    <lon>25.1827</lon>
                    <date>2013-07-13T21:33:13+02:00</date>
                    <speedMph>116</speedMph>
                    <altitudeFt>0</altitudeFt>
                </position>
                <position>
                    <lat>35.3393</lat>
                    <lon>25.1865</lon>
                    <date>2013-07-13T21:33:08+02:00</date>
                    <speedMph>128</speedMph>
                    <altitudeFt>80</altitudeFt>
                </position>
                <position>
                    <lat>35.3391</lat>
                    <lon>25.1899</lon>
                    <date>2013-07-13T21:32:58+02:00</date>
                    <speedMph>128</speedMph>
                    <altitudeFt>130</altitudeFt>
                </position>
                <position>
                    <lat>35.3386</lat>
                    <lon>25.1966</lon>
                    <date>2013-07-13T21:32:53+02:00</date>
                    <speedMph>128</speedMph>
                    <altitudeFt>250</altitudeFt>
                </position>
                <position>
                    <lat>35.3384</lat>
                    <lon>25.2</lon>
                    <date>2013-07-13T21:32:48+02:00</date>
                    <speedMph>132</speedMph>
                    <altitudeFt>300</altitudeFt>
                </position>
                <position>
                    <lat>35.3379</lat>
                    <lon>25.2075</lon>
                    <date>2013-07-13T21:32:38+02:00</date>
                    <speedMph>128</speedMph>
                    <altitudeFt>430</altitudeFt>
                </position>
                <position>
                    <lat>35.3378</lat>
                    <lon>25.2106</lon>
                    <date>2013-07-13T21:32:33+02:00</date>
                    <speedMph>128</speedMph>
                    <altitudeFt>480</altitudeFt>
                </position>
                <position>
                    <lat>35.3375</lat>
                    <lon>25.215</lon>
                    <date>2013-07-13T21:32:28+02:00</date>
                    <speedMph>128</speedMph>
                    <altitudeFt>550</altitudeFt>
                </position>
                <position>
                    <lat>35.3373</lat>
                    <lon>25.2178</lon>
                    <date>2013-07-13T21:32:18+02:00</date>
                    <speedMph>128</speedMph>
                    <altitudeFt>600</altitudeFt>
                </position>
                <position>
                    <lat>35.3368</lat>
                    <lon>25.2258</lon>
                    <date>2013-07-13T21:32:13+02:00</date>
                    <speedMph>128</speedMph>
                    <altitudeFt>730</altitudeFt>
                </position>
                <position>
                    <lat>35.3364</lat>
                    <lon>25.2298</lon>
                    <date>2013-07-13T21:32:08+02:00</date>
                    <speedMph>128</speedMph>
                    <altitudeFt>780</altitudeFt>
                </position>
                <position>
                    <lat>35.3361</lat>
                    <lon>25.2333</lon>
                    <date>2013-07-13T21:31:58+02:00</date>
                    <speedMph>128</speedMph>
                    <altitudeFt>830</altitudeFt>
                </position>
                <position>
                    <lat>35.3356</lat>
                    <lon>25.2407</lon>
                    <date>2013-07-13T21:31:53+02:00</date>
                    <speedMph>128</speedMph>
                    <altitudeFt>980</altitudeFt>
                </position>
                <position>
                    <lat>35.3354</lat>
                    <lon>25.2447</lon>
                    <date>2013-07-13T21:31:48+02:00</date>
                    <speedMph>132</speedMph>
                    <altitudeFt>1030</altitudeFt>
                </position>
                <position>
                    <lat>35.3353</lat>
                    <lon>25.2485</lon>
                    <date>2013-07-13T21:31:38+02:00</date>
                    <speedMph>132</speedMph>
                    <altitudeFt>1100</altitudeFt>
                </position>
                <position>
                    <lat>35.3348</lat>
                    <lon>25.2553</lon>
                    <date>2013-07-13T21:31:33+02:00</date>
                    <speedMph>132</speedMph>
                    <altitudeFt>1200</altitudeFt>
                </position>
                <position>
                    <lat>35.3344</lat>
                    <lon>25.2594</lon>
                    <date>2013-07-13T21:31:28+02:00</date>
                    <speedMph>132</speedMph>
                    <altitudeFt>1250</altitudeFt>
                </position>
                <position>
                    <lat>35.3342</lat>
                    <lon>25.2633</lon>
                    <date>2013-07-13T21:31:23+02:00</date>
                    <speedMph>128</speedMph>
                    <altitudeFt>1300</altitudeFt>
                </position>
                <position>
                    <lat>35.3332</lat>
                    <lon>25.2762</lon>
                    <date>2013-07-13T21:30:58+02:00</date>
                    <speedMph>136</speedMph>
                    <altitudeFt>1500</altitudeFt>
                </position>
                <position>
                    <lat>35.3329</lat>
                    <lon>25.2857</lon>
                    <date>2013-07-13T21:30:48+02:00</date>
                    <speedMph>140</speedMph>
                    <altitudeFt>1750</altitudeFt>
                </position>
                <position>
                    <lat>35.3327</lat>
                    <lon>25.2907</lon>
                    <date>2013-07-13T21:30:43+02:00</date>
                    <speedMph>140</speedMph>
                    <altitudeFt>1900</altitudeFt>
                </position>
                <position>
                    <lat>35.3326</lat>
                    <lon>25.2929</lon>
                    <date>2013-07-13T21:30:38+02:00</date>
                    <speedMph>140</speedMph>
                    <altitudeFt>1950</altitudeFt>
                </position>
                <position>
                    <lat>35.3322</lat>
                    <lon>25.2987</lon>
                    <date>2013-07-13T21:30:33+02:00</date>
                    <speedMph>140</speedMph>
                    <altitudeFt>2050</altitudeFt>
                </position>
                <position>
                    <lat>35.332</lat>
                    <lon>25.302</lon>
                    <date>2013-07-13T21:30:28+02:00</date>
                    <speedMph>140</speedMph>
                    <altitudeFt>2130</altitudeFt>
                </position>
                <position>
                    <lat>35.3318</lat>
                    <lon>25.305</lon>
                    <date>2013-07-13T21:30:23+02:00</date>
                    <speedMph>140</speedMph>
                    <altitudeFt>2180</altitudeFt>
                </position>
                <position>
                    <lat>35.3316</lat>
                    <lon>25.3079</lon>
                    <date>2013-07-13T21:30:18+02:00</date>
                    <speedMph>140</speedMph>
                    <altitudeFt>2230</altitudeFt>
                </position>
                <position>
                    <lat>35.3311</lat>
                    <lon>25.3158</lon>
                    <date>2013-07-13T21:30:08+02:00</date>
                    <speedMph>144</speedMph>
                    <altitudeFt>2350</altitudeFt>
                </position>
                <position>
                    <lat>35.3307</lat>
                    <lon>25.3216</lon>
                    <date>2013-07-13T21:30:03+02:00</date>
                    <speedMph>144</speedMph>
                    <altitudeFt>2450</altitudeFt>
                </position>
                <position>
                    <lat>35.3305</lat>
                    <lon>25.3256</lon>
                    <date>2013-07-13T21:29:58+02:00</date>
                    <speedMph>140</speedMph>
                    <altitudeFt>2530</altitudeFt>
                </position>
                <position>
                    <lat>35.3303</lat>
                    <lon>25.3283</lon>
                    <date>2013-07-13T21:29:53+02:00</date>
                    <speedMph>140</speedMph>
                    <altitudeFt>2580</altitudeFt>
                </position>
                <position>
                    <lat>35.3301</lat>
                    <lon>25.3318</lon>
                    <date>2013-07-13T21:29:48+02:00</date>
                    <speedMph>144</speedMph>
                    <altitudeFt>2580</altitudeFt>
                </position>
                <position>
                    <lat>35.3297</lat>
                    <lon>25.3378</lon>
                    <date>2013-07-13T21:29:43+02:00</date>
                    <speedMph>144</speedMph>
                    <altitudeFt>2580</altitudeFt>
                </position>
                <position>
                    <lat>35.3295</lat>
                    <lon>25.3415</lon>
                    <date>2013-07-13T21:29:38+02:00</date>
                    <speedMph>148</speedMph>
                    <altitudeFt>2580</altitudeFt>
                </position>
                <position>
                    <lat>35.3293</lat>
                    <lon>25.3447</lon>
                    <date>2013-07-13T21:29:33+02:00</date>
                    <speedMph>152</speedMph>
                    <altitudeFt>2580</altitudeFt>
                </position>
                <position>
                    <lat>35.3288</lat>
                    <lon>25.3522</lon>
                    <date>2013-07-13T21:29:28+02:00</date>
                    <speedMph>160</speedMph>
                    <altitudeFt>2600</altitudeFt>
                </position>
                <position>
                    <lat>35.3286</lat>
                    <lon>25.3555</lon>
                    <date>2013-07-13T21:29:23+02:00</date>
                    <speedMph>164</speedMph>
                    <altitudeFt>2630</altitudeFt>
                </position>
                <position>
                    <lat>35.3284</lat>
                    <lon>25.3592</lon>
                    <date>2013-07-13T21:29:18+02:00</date>
                    <speedMph>164</speedMph>
                    <altitudeFt>2680</altitudeFt>
                </position>
                <position>
                    <lat>35.3281</lat>
                    <lon>25.365</lon>
                    <date>2013-07-13T21:29:13+02:00</date>
                    <speedMph>168</speedMph>
                    <altitudeFt>2750</altitudeFt>
                </position>
                <position>
                    <lat>35.3278</lat>
                    <lon>25.3693</lon>
                    <date>2013-07-13T21:29:08+02:00</date>
                    <speedMph>168</speedMph>
                    <altitudeFt>2800</altitudeFt>
                </position>
                <position>
                    <lat>35.3274</lat>
                    <lon>25.3771</lon>
                    <date>2013-07-13T21:29:03+02:00</date>
                    <speedMph>172</speedMph>
                    <altitudeFt>2880</altitudeFt>
                </position>
                <position>
                    <lat>35.3272</lat>
                    <lon>25.3805</lon>
                    <date>2013-07-13T21:28:58+02:00</date>
                    <speedMph>172</speedMph>
                    <altitudeFt>2930</altitudeFt>
                </position>
                <position>
                    <lat>35.3271</lat>
                    <lon>25.3839</lon>
                    <date>2013-07-13T21:28:53+02:00</date>
                    <speedMph>176</speedMph>
                    <altitudeFt>2980</altitudeFt>
                </position>
                <position>
                    <lat>35.3269</lat>
                    <lon>25.3872</lon>
                    <date>2013-07-13T21:28:48+02:00</date>
                    <speedMph>176</speedMph>
                    <altitudeFt>3030</altitudeFt>
                </position>
                <position>
                    <lat>35.3264</lat>
                    <lon>25.397</lon>
                    <date>2013-07-13T21:28:38+02:00</date>
                    <speedMph>176</speedMph>
                    <altitudeFt>3180</altitudeFt>
                </position>
                <position>
                    <lat>35.3263</lat>
                    <lon>25.4012</lon>
                    <date>2013-07-13T21:28:33+02:00</date>
                    <speedMph>180</speedMph>
                    <altitudeFt>3250</altitudeFt>
                </position>
                <position>
                    <lat>35.3258</lat>
                    <lon>25.4092</lon>
                    <date>2013-07-13T21:28:28+02:00</date>
                    <speedMph>180</speedMph>
                    <altitudeFt>3350</altitudeFt>
                </position>
                <position>
                    <lat>35.3257</lat>
                    <lon>25.4133</lon>
                    <date>2013-07-13T21:28:23+02:00</date>
                    <speedMph>180</speedMph>
                    <altitudeFt>3400</altitudeFt>
                </position>
                <position>
                    <lat>35.3251</lat>
                    <lon>25.4257</lon>
                    <date>2013-07-13T21:28:13+02:00</date>
                    <speedMph>188</speedMph>
                    <altitudeFt>3530</altitudeFt>
                </position>
                <position>
                    <lat>35.3249</lat>
                    <lon>25.4304</lon>
                    <date>2013-07-13T21:28:08+02:00</date>
                    <speedMph>192</speedMph>
                    <altitudeFt>3550</altitudeFt>
                </position>
                <position>
                    <lat>35.3246</lat>
                    <lon>25.4341</lon>
                    <date>2013-07-13T21:28:03+02:00</date>
                    <speedMph>192</speedMph>
                    <altitudeFt>3600</altitudeFt>
                </position>
                <position>
                    <lat>35.3242</lat>
                    <lon>25.4394</lon>
                    <date>2013-07-13T21:27:58+02:00</date>
                    <speedMph>192</speedMph>
                    <altitudeFt>3680</altitudeFt>
                </position>
                <position>
                    <lat>35.324</lat>
                    <lon>25.4429</lon>
                    <date>2013-07-13T21:27:53+02:00</date>
                    <speedMph>192</speedMph>
                    <altitudeFt>3730</altitudeFt>
                </position>
                <position>
                    <lat>35.3236</lat>
                    <lon>25.4525</lon>
                    <date>2013-07-13T21:27:48+02:00</date>
                    <speedMph>192</speedMph>
                    <altitudeFt>3880</altitudeFt>
                </position>
                <position>
                    <lat>35.3243</lat>
                    <lon>25.4594</lon>
                    <date>2013-07-13T21:27:43+02:00</date>
                    <speedMph>196</speedMph>
                    <altitudeFt>3950</altitudeFt>
                </position>
                <position>
                    <lat>35.3245</lat>
                    <lon>25.4602</lon>
                    <date>2013-07-13T21:27:38+02:00</date>
                    <speedMph>196</speedMph>
                    <altitudeFt>3950</altitudeFt>
                </position>
                <position>
                    <lat>35.3257</lat>
                    <lon>25.4641</lon>
                    <date>2013-07-13T21:27:33+02:00</date>
                    <speedMph>200</speedMph>
                    <altitudeFt>4000</altitudeFt>
                </position>
                <position>
                    <lat>35.3297</lat>
                    <lon>25.4722</lon>
                    <date>2013-07-13T21:27:28+02:00</date>
                    <speedMph>204</speedMph>
                    <altitudeFt>4100</altitudeFt>
                </position>
                <position>
                    <lat>35.3322</lat>
                    <lon>25.4761</lon>
                    <date>2013-07-13T21:27:23+02:00</date>
                    <speedMph>204</speedMph>
                    <altitudeFt>4150</altitudeFt>
                </position>
                <position>
                    <lat>35.3347</lat>
                    <lon>25.4796</lon>
                    <date>2013-07-13T21:27:18+02:00</date>
                    <speedMph>204</speedMph>
                    <altitudeFt>4200</altitudeFt>
                </position>
                <position>
                    <lat>35.3395</lat>
                    <lon>25.4863</lon>
                    <date>2013-07-13T21:27:13+02:00</date>
                    <speedMph>208</speedMph>
                    <altitudeFt>4280</altitudeFt>
                </position>
                <position>
                    <lat>35.3421</lat>
                    <lon>25.4899</lon>
                    <date>2013-07-13T21:27:08+02:00</date>
                    <speedMph>208</speedMph>
                    <altitudeFt>4330</altitudeFt>
                </position>
                <position>
                    <lat>35.3447</lat>
                    <lon>25.4935</lon>
                    <date>2013-07-13T21:27:03+02:00</date>
                    <speedMph>208</speedMph>
                    <altitudeFt>4380</altitudeFt>
                </position>
                <position>
                    <lat>35.3479</lat>
                    <lon>25.4979</lon>
                    <date>2013-07-13T21:26:58+02:00</date>
                    <speedMph>212</speedMph>
                    <altitudeFt>4430</altitudeFt>
                </position>
                <position>
                    <lat>35.3501</lat>
                    <lon>25.5009</lon>
                    <date>2013-07-13T21:26:53+02:00</date>
                    <speedMph>212</speedMph>
                    <altitudeFt>4480</altitudeFt>
                </position>
                <position>
                    <lat>35.3552</lat>
                    <lon>25.5081</lon>
                    <date>2013-07-13T21:26:48+02:00</date>
                    <speedMph>216</speedMph>
                    <altitudeFt>4550</altitudeFt>
                </position>
                <position>
                    <lat>35.3582</lat>
                    <lon>25.5122</lon>
                    <date>2013-07-13T21:26:43+02:00</date>
                    <speedMph>220</speedMph>
                    <altitudeFt>4600</altitudeFt>
                </position>
                <position>
                    <lat>35.3606</lat>
                    <lon>25.5156</lon>
                    <date>2013-07-13T21:26:38+02:00</date>
                    <speedMph>220</speedMph>
                    <altitudeFt>4650</altitudeFt>
                </position>
                <position>
                    <lat>35.3661</lat>
                    <lon>25.5234</lon>
                    <date>2013-07-13T21:26:33+02:00</date>
                    <speedMph>224</speedMph>
                    <altitudeFt>4750</altitudeFt>
                </position>
                <position>
                    <lat>35.3691</lat>
                    <lon>25.5276</lon>
                    <date>2013-07-13T21:26:28+02:00</date>
                    <speedMph>224</speedMph>
                    <altitudeFt>4780</altitudeFt>
                </position>
                <position>
                    <lat>35.3717</lat>
                    <lon>25.5314</lon>
                    <date>2013-07-13T21:26:23+02:00</date>
                    <speedMph>228</speedMph>
                    <altitudeFt>4830</altitudeFt>
                </position>
                <position>
                    <lat>35.3747</lat>
                    <lon>25.5355</lon>
                    <date>2013-07-13T21:26:18+02:00</date>
                    <speedMph>228</speedMph>
                    <altitudeFt>4850</altitudeFt>
                </position>
                <position>
                    <lat>35.3799</lat>
                    <lon>25.5428</lon>
                    <date>2013-07-13T21:26:13+02:00</date>
                    <speedMph>232</speedMph>
                    <altitudeFt>4900</altitudeFt>
                </position>
                <position>
                    <lat>35.3831</lat>
                    <lon>25.5469</lon>
                    <date>2013-07-13T21:26:08+02:00</date>
                    <speedMph>236</speedMph>
                    <altitudeFt>4900</altitudeFt>
                </position>
                <position>
                    <lat>35.3861</lat>
                    <lon>25.5505</lon>
                    <date>2013-07-13T21:26:03+02:00</date>
                    <speedMph>240</speedMph>
                    <altitudeFt>4930</altitudeFt>
                </position>
                <position>
                    <lat>35.3896</lat>
                    <lon>25.5538</lon>
                    <date>2013-07-13T21:25:58+02:00</date>
                    <speedMph>244</speedMph>
                    <altitudeFt>4980</altitudeFt>
                </position>
                <position>
                    <lat>35.402</lat>
                    <lon>25.5603</lon>
                    <date>2013-07-13T21:25:48+02:00</date>
                    <speedMph>252</speedMph>
                    <altitudeFt>5050</altitudeFt>
                </position>
                <position>
                    <lat>35.4114</lat>
                    <lon>25.5625</lon>
                    <date>2013-07-13T21:25:38+02:00</date>
                    <speedMph>256</speedMph>
                    <altitudeFt>5100</altitudeFt>
                </position>
                <position>
                    <lat>35.4257</lat>
                    <lon>25.5659</lon>
                    <date>2013-07-13T21:25:28+02:00</date>
                    <speedMph>264</speedMph>
                    <altitudeFt>5180</altitudeFt>
                </position>
                <position>
                    <lat>35.4342</lat>
                    <lon>25.5679</lon>
                    <date>2013-07-13T21:25:18+02:00</date>
                    <speedMph>268</speedMph>
                    <altitudeFt>5230</altitudeFt>
                </position>
                <position>
                    <lat>35.4501</lat>
                    <lon>25.5717</lon>
                    <date>2013-07-13T21:25:08+02:00</date>
                    <speedMph>272</speedMph>
                    <altitudeFt>5300</altitudeFt>
                </position>
                <position>
                    <lat>35.4597</lat>
                    <lon>25.5741</lon>
                    <date>2013-07-13T21:24:58+02:00</date>
                    <speedMph>276</speedMph>
                    <altitudeFt>5350</altitudeFt>
                </position>
                <position>
                    <lat>35.4741</lat>
                    <lon>25.5775</lon>
                    <date>2013-07-13T21:24:48+02:00</date>
                    <speedMph>284</speedMph>
                    <altitudeFt>5430</altitudeFt>
                </position>
                <position>
                    <lat>35.485</lat>
                    <lon>25.5802</lon>
                    <date>2013-07-13T21:24:38+02:00</date>
                    <speedMph>292</speedMph>
                    <altitudeFt>5480</altitudeFt>
                </position>
                <position>
                    <lat>35.5007</lat>
                    <lon>25.5841</lon>
                    <date>2013-07-13T21:24:28+02:00</date>
                    <speedMph>300</speedMph>
                    <altitudeFt>5580</altitudeFt>
                </position>
                <position>
                    <lat>35.5118</lat>
                    <lon>25.5869</lon>
                    <date>2013-07-13T21:24:18+02:00</date>
                    <speedMph>304</speedMph>
                    <altitudeFt>5650</altitudeFt>
                </position>
                <position>
                    <lat>35.5432</lat>
                    <lon>25.5928</lon>
                    <date>2013-07-13T21:24:03+02:00</date>
                    <speedMph>320</speedMph>
                    <altitudeFt>6000</altitudeFt>
                </position>
                <position>
                    <lat>35.5464</lat>
                    <lon>25.5928</lon>
                    <date>2013-07-13T21:23:53+02:00</date>
                    <speedMph>320</speedMph>
                    <altitudeFt>6080</altitudeFt>
                </position>
                <position>
                    <lat>35.5638</lat>
                    <lon>25.5889</lon>
                    <date>2013-07-13T21:23:43+02:00</date>
                    <speedMph>320</speedMph>
                    <altitudeFt>6400</altitudeFt>
                </position>
                <position>
                    <lat>35.581</lat>
                    <lon>25.5829</lon>
                    <date>2013-07-13T21:23:33+02:00</date>
                    <speedMph>324</speedMph>
                    <altitudeFt>6730</altitudeFt>
                </position>
                <position>
                    <lat>35.5924</lat>
                    <lon>25.5789</lon>
                    <date>2013-07-13T21:23:23+02:00</date>
                    <speedMph>324</speedMph>
                    <altitudeFt>6900</altitudeFt>
                </position>
                <position>
                    <lat>35.6101</lat>
                    <lon>25.5725</lon>
                    <date>2013-07-13T21:23:13+02:00</date>
                    <speedMph>328</speedMph>
                    <altitudeFt>7180</altitudeFt>
                </position>
                <position>
                    <lat>35.6222</lat>
                    <lon>25.5681</lon>
                    <date>2013-07-13T21:23:03+02:00</date>
                    <speedMph>328</speedMph>
                    <altitudeFt>7450</altitudeFt>
                </position>
                <position>
                    <lat>35.6552</lat>
                    <lon>25.5558</lon>
                    <date>2013-07-13T21:22:53+02:00</date>
                    <speedMph>320</speedMph>
                    <altitudeFt>8400</altitudeFt>
                </position>
                <position>
                    <lat>35.6604</lat>
                    <lon>25.5538</lon>
                    <date>2013-07-13T21:22:43+02:00</date>
                    <speedMph>324</speedMph>
                    <altitudeFt>8580</altitudeFt>
                </position>
                <position>
                    <lat>35.664</lat>
                    <lon>25.5524</lon>
                    <date>2013-07-13T21:22:33+02:00</date>
                    <speedMph>324</speedMph>
                    <altitudeFt>8680</altitudeFt>
                </position>
                <position>
                    <lat>35.6854</lat>
                    <lon>25.5446</lon>
                    <date>2013-07-13T21:22:23+02:00</date>
                    <speedMph>324</speedMph>
                    <altitudeFt>9330</altitudeFt>
                </position>
                <position>
                    <lat>35.6985</lat>
                    <lon>25.5398</lon>
                    <date>2013-07-13T21:22:13+02:00</date>
                    <speedMph>324</speedMph>
                    <altitudeFt>9630</altitudeFt>
                </position>
                <position>
                    <lat>35.718</lat>
                    <lon>25.5328</lon>
                    <date>2013-07-13T21:22:03+02:00</date>
                    <speedMph>320</speedMph>
                    <altitudeFt>10100</altitudeFt>
                </position>
                <position>
                    <lat>35.7564</lat>
                    <lon>25.5186</lon>
                    <date>2013-07-13T21:21:33+02:00</date>
                    <speedMph>324</speedMph>
                    <altitudeFt>10850</altitudeFt>
                </position>
                <position>
                    <lat>35.7935</lat>
                    <lon>25.4918</lon>
                    <date>2013-07-13T21:21:03+02:00</date>
                    <speedMph>328</speedMph>
                    <altitudeFt>11600</altitudeFt>
                </position>
                <position>
                    <lat>35.8345</lat>
                    <lon>25.4556</lon>
                    <date>2013-07-13T21:20:33+02:00</date>
                    <speedMph>336</speedMph>
                    <altitudeFt>12400</altitudeFt>
                </position>
                <position>
                    <lat>35.8722</lat>
                    <lon>25.4215</lon>
                    <date>2013-07-13T21:20:03+02:00</date>
                    <speedMph>340</speedMph>
                    <altitudeFt>13230</altitudeFt>
                </position>
                <position>
                    <lat>35.9094</lat>
                    <lon>25.3878</lon>
                    <date>2013-07-13T21:19:33+02:00</date>
                    <speedMph>344</speedMph>
                    <altitudeFt>13930</altitudeFt>
                </position>
                <position>
                    <lat>35.9453</lat>
                    <lon>25.3554</lon>
                    <date>2013-07-13T21:19:03+02:00</date>
                    <speedMph>344</speedMph>
                    <altitudeFt>14800</altitudeFt>
                </position>
                <position>
                    <lat>36.0254</lat>
                    <lon>25.2835</lon>
                    <date>2013-07-13T21:18:03+02:00</date>
                    <speedMph>364</speedMph>
                    <altitudeFt>16200</altitudeFt>
                </position>
                <position>
                    <lat>36.1101</lat>
                    <lon>25.2076</lon>
                    <date>2013-07-13T21:17:03+02:00</date>
                    <speedMph>392</speedMph>
                    <altitudeFt>17380</altitudeFt>
                </position>
                <position>
                    <lat>36.2012</lat>
                    <lon>25.1258</lon>
                    <date>2013-07-13T21:16:03+02:00</date>
                    <speedMph>404</speedMph>
                    <altitudeFt>19200</altitudeFt>
                </position>
                <position>
                    <lat>36.3039</lat>
                    <lon>25.0333</lon>
                    <date>2013-07-13T21:14:56+02:00</date>
                    <speedMph>420</speedMph>
                    <altitudeFt>21280</altitudeFt>
                </position>
                <position>
                    <lat>36.3964</lat>
                    <lon>24.9497</lon>
                    <date>2013-07-13T21:13:56+02:00</date>
                    <speedMph>436</speedMph>
                    <altitudeFt>23300</altitudeFt>
                </position>
                <position>
                    <lat>36.4976</lat>
                    <lon>24.8574</lon>
                    <date>2013-07-13T21:12:56+02:00</date>
                    <speedMph>448</speedMph>
                    <altitudeFt>25450</altitudeFt>
                </position>
                <position>
                    <lat>36.5946</lat>
                    <lon>24.7694</lon>
                    <date>2013-07-13T21:11:56+02:00</date>
                    <speedMph>440</speedMph>
                    <altitudeFt>27550</altitudeFt>
                </position>
                <position>
                    <lat>36.696</lat>
                    <lon>24.6768</lon>
                    <date>2013-07-13T21:10:52+02:00</date>
                    <speedMph>448</speedMph>
                    <altitudeFt>29700</altitudeFt>
                </position>
                <position>
                    <lat>36.7965</lat>
                    <lon>24.5846</lon>
                    <date>2013-07-13T21:09:52+02:00</date>
                    <speedMph>460</speedMph>
                    <altitudeFt>31880</altitudeFt>
                </position>
                <position>
                    <lat>36.9005</lat>
                    <lon>24.4889</lon>
                    <date>2013-07-13T21:08:52+02:00</date>
                    <speedMph>476</speedMph>
                    <altitudeFt>34100</altitudeFt>
                </position>
                <position>
                    <lat>37.0064</lat>
                    <lon>24.3912</lon>
                    <date>2013-07-13T21:07:52+02:00</date>
                    <speedMph>476</speedMph>
                    <altitudeFt>35530</altitudeFt>
                </position>
                <position>
                    <lat>37.1107</lat>
                    <lon>24.2948</lon>
                    <date>2013-07-13T21:06:52+02:00</date>
                    <speedMph>472</speedMph>
                    <altitudeFt>36480</altitudeFt>
                </position>
                <position>
                    <lat>37.2171</lat>
                    <lon>24.1961</lon>
                    <date>2013-07-13T21:05:52+02:00</date>
                    <speedMph>472</speedMph>
                    <altitudeFt>37030</altitudeFt>
                </position>
                <position>
                    <lat>37.3229</lat>
                    <lon>24.0974</lon>
                    <date>2013-07-13T21:04:52+02:00</date>
                    <speedMph>476</speedMph>
                    <altitudeFt>37030</altitudeFt>
                </position>
                <position>
                    <lat>37.4347</lat>
                    <lon>23.9927</lon>
                    <date>2013-07-13T21:03:52+02:00</date>
                    <speedMph>476</speedMph>
                    <altitudeFt>37000</altitudeFt>
                </position>
                <position>
                    <lat>37.5306</lat>
                    <lon>23.9029</lon>
                    <date>2013-07-13T21:02:52+02:00</date>
                    <speedMph>472</speedMph>
                    <altitudeFt>36980</altitudeFt>
                </position>
                <position>
                    <lat>37.6373</lat>
                    <lon>23.8025</lon>
                    <date>2013-07-13T21:01:52+02:00</date>
                    <speedMph>472</speedMph>
                    <altitudeFt>36980</altitudeFt>
                </position>
                <position>
                    <lat>37.7426</lat>
                    <lon>23.7028</lon>
                    <date>2013-07-13T21:00:52+02:00</date>
                    <speedMph>472</speedMph>
                    <altitudeFt>37000</altitudeFt>
                </position>
                <position>
                    <lat>37.8487</lat>
                    <lon>23.6021</lon>
                    <date>2013-07-13T20:59:52+02:00</date>
                    <speedMph>472</speedMph>
                    <altitudeFt>37000</altitudeFt>
                </position>
                <position>
                    <lat>37.9523</lat>
                    <lon>23.5033</lon>
                    <date>2013-07-13T20:58:52+02:00</date>
                    <speedMph>472</speedMph>
                    <altitudeFt>37050</altitudeFt>
                </position>
                <position>
                    <lat>38.055</lat>
                    <lon>23.4055</lon>
                    <date>2013-07-13T20:57:52+02:00</date>
                    <speedMph>476</speedMph>
                    <altitudeFt>37050</altitudeFt>
                </position>
                <position>
                    <lat>38.1634</lat>
                    <lon>23.3013</lon>
                    <date>2013-07-13T20:56:52+02:00</date>
                    <speedMph>472</speedMph>
                    <altitudeFt>37030</altitudeFt>
                </position>
                <position>
                    <lat>38.2686</lat>
                    <lon>23.1999</lon>
                    <date>2013-07-13T20:55:52+02:00</date>
                    <speedMph>472</speedMph>
                    <altitudeFt>37000</altitudeFt>
                </position>
                <position>
                    <lat>38.375</lat>
                    <lon>23.0972</lon>
                    <date>2013-07-13T20:54:52+02:00</date>
                    <speedMph>468</speedMph>
                    <altitudeFt>36980</altitudeFt>
                </position>
                <position>
                    <lat>38.4678</lat>
                    <lon>23.0071</lon>
                    <date>2013-07-13T20:53:52+02:00</date>
                    <speedMph>468</speedMph>
                    <altitudeFt>36980</altitudeFt>
                </position>
                <position>
                    <lat>38.5748</lat>
                    <lon>22.9031</lon>
                    <date>2013-07-13T20:52:52+02:00</date>
                    <speedMph>464</speedMph>
                    <altitudeFt>36980</altitudeFt>
                </position>
                <position>
                    <lat>38.6834</lat>
                    <lon>22.7969</lon>
                    <date>2013-07-13T20:51:52+02:00</date>
                    <speedMph>468</speedMph>
                    <altitudeFt>37000</altitudeFt>
                </position>
                <position>
                    <lat>38.7827</lat>
                    <lon>22.6993</lon>
                    <date>2013-07-13T20:50:52+02:00</date>
                    <speedMph>472</speedMph>
                    <altitudeFt>37030</altitudeFt>
                </position>
                <position>
                    <lat>38.8875</lat>
                    <lon>22.5959</lon>
                    <date>2013-07-13T20:49:52+02:00</date>
                    <speedMph>480</speedMph>
                    <altitudeFt>37030</altitudeFt>
                </position>
                <position>
                    <lat>39.0076</lat>
                    <lon>22.4774</lon>
                    <date>2013-07-13T20:48:52+02:00</date>
                    <speedMph>484</speedMph>
                    <altitudeFt>37030</altitudeFt>
                </position>
                <position>
                    <lat>39.101</lat>
                    <lon>22.3846</lon>
                    <date>2013-07-13T20:47:52+02:00</date>
                    <speedMph>484</speedMph>
                    <altitudeFt>37030</altitudeFt>
                </position>
                <position>
                    <lat>39.2038</lat>
                    <lon>22.2823</lon>
                    <date>2013-07-13T20:46:52+02:00</date>
                    <speedMph>488</speedMph>
                    <altitudeFt>37030</altitudeFt>
                </position>
                <position>
                    <lat>39.3112</lat>
                    <lon>22.1749</lon>
                    <date>2013-07-13T20:45:52+02:00</date>
                    <speedMph>484</speedMph>
                    <altitudeFt>37000</altitudeFt>
                </position>
                <position>
                    <lat>39.4207</lat>
                    <lon>22.065</lon>
                    <date>2013-07-13T20:44:52+02:00</date>
                    <speedMph>484</speedMph>
                    <altitudeFt>36980</altitudeFt>
                </position>
                <position>
                    <lat>39.5218</lat>
                    <lon>21.9631</lon>
                    <date>2013-07-13T20:43:52+02:00</date>
                    <speedMph>480</speedMph>
                    <altitudeFt>36980</altitudeFt>
                </position>
                <position>
                    <lat>39.6269</lat>
                    <lon>21.8569</lon>
                    <date>2013-07-13T20:42:52+02:00</date>
                    <speedMph>480</speedMph>
                    <altitudeFt>37000</altitudeFt>
                </position>
                <position>
                    <lat>39.7306</lat>
                    <lon>21.7515</lon>
                    <date>2013-07-13T20:41:52+02:00</date>
                    <speedMph>484</speedMph>
                    <altitudeFt>37000</altitudeFt>
                </position>
                <position>
                    <lat>39.8359</lat>
                    <lon>21.644</lon>
                    <date>2013-07-13T20:40:52+02:00</date>
                    <speedMph>484</speedMph>
                    <altitudeFt>37000</altitudeFt>
                </position>
                <position>
                    <lat>39.9427</lat>
                    <lon>21.5346</lon>
                    <date>2013-07-13T20:39:52+02:00</date>
                    <speedMph>488</speedMph>
                    <altitudeFt>36980</altitudeFt>
                </position>
                <position>
                    <lat>40.0476</lat>
                    <lon>21.4267</lon>
                    <date>2013-07-13T20:38:52+02:00</date>
                    <speedMph>488</speedMph>
                    <altitudeFt>37000</altitudeFt>
                </position>
                <position>
                    <lat>40.1543</lat>
                    <lon>21.317</lon>
                    <date>2013-07-13T20:37:52+02:00</date>
                    <speedMph>488</speedMph>
                    <altitudeFt>37030</altitudeFt>
                </position>
                <position>
                    <lat>40.262</lat>
                    <lon>21.2069</lon>
                    <date>2013-07-13T20:36:52+02:00</date>
                    <speedMph>492</speedMph>
                    <altitudeFt>37030</altitudeFt>
                </position>
                <position>
                    <lat>40.391</lat>
                    <lon>21.0593</lon>
                    <date>2013-07-13T20:35:52+02:00</date>
                    <speedMph>496</speedMph>
                    <altitudeFt>37000</altitudeFt>
                </position>
                <position>
                    <lat>40.491</lat>
                    <lon>20.9424</lon>
                    <date>2013-07-13T20:34:52+02:00</date>
                    <speedMph>500</speedMph>
                    <altitudeFt>37000</altitudeFt>
                </position>
                <position>
                    <lat>40.5698</lat>
                    <lon>20.8399</lon>
                    <date>2013-07-13T20:33:52+02:00</date>
                    <speedMph>500</speedMph>
                    <altitudeFt>37000</altitudeFt>
                </position>
                <position>
                    <lat>40.6696</lat>
                    <lon>20.7101</lon>
                    <date>2013-07-13T20:32:52+02:00</date>
                    <speedMph>504</speedMph>
                    <altitudeFt>36980</altitudeFt>
                </position>
                <position>
                    <lat>40.7663</lat>
                    <lon>20.5836</lon>
                    <date>2013-07-13T20:31:52+02:00</date>
                    <speedMph>504</speedMph>
                    <altitudeFt>36980</altitudeFt>
                </position>
                <position>
                    <lat>40.869</lat>
                    <lon>20.4483</lon>
                    <date>2013-07-13T20:30:52+02:00</date>
                    <speedMph>504</speedMph>
                    <altitudeFt>37030</altitudeFt>
                </position>
                <position>
                    <lat>40.9644</lat>
                    <lon>20.3223</lon>
                    <date>2013-07-13T20:29:52+02:00</date>
                    <speedMph>508</speedMph>
                    <altitudeFt>37000</altitudeFt>
                </position>
                <position>
                    <lat>41.0678</lat>
                    <lon>20.1852</lon>
                    <date>2013-07-13T20:28:52+02:00</date>
                    <speedMph>508</speedMph>
                    <altitudeFt>37000</altitudeFt>
                </position>
                <position>
                    <lat>41.1593</lat>
                    <lon>20.0633</lon>
                    <date>2013-07-13T20:27:52+02:00</date>
                    <speedMph>508</speedMph>
                    <altitudeFt>37000</altitudeFt>
                </position>
                <position>
                    <lat>41.2595</lat>
                    <lon>19.929</lon>
                    <date>2013-07-13T20:26:52+02:00</date>
                    <speedMph>508</speedMph>
                    <altitudeFt>37030</altitudeFt>
                </position>
                <position>
                    <lat>41.3639</lat>
                    <lon>19.7876</lon>
                    <date>2013-07-13T20:25:52+02:00</date>
                    <speedMph>512</speedMph>
                    <altitudeFt>37000</altitudeFt>
                </position>
                <position>
                    <lat>41.46</lat>
                    <lon>19.6616</lon>
                    <date>2013-07-13T20:24:52+02:00</date>
                    <speedMph>512</speedMph>
                    <altitudeFt>37030</altitudeFt>
                </position>
                <position>
                    <lat>41.5679</lat>
                    <lon>19.5199</lon>
                    <date>2013-07-13T20:23:52+02:00</date>
                    <speedMph>512</speedMph>
                    <altitudeFt>37000</altitudeFt>
                </position>
                <position>
                    <lat>41.6617</lat>
                    <lon>19.3967</lon>
                    <date>2013-07-13T20:22:52+02:00</date>
                    <speedMph>512</speedMph>
                    <altitudeFt>36980</altitudeFt>
                </position>
                <position>
                    <lat>41.7634</lat>
                    <lon>19.2623</lon>
                    <date>2013-07-13T20:21:52+02:00</date>
                    <speedMph>512</speedMph>
                    <altitudeFt>37000</altitudeFt>
                </position>
                <position>
                    <lat>41.8616</lat>
                    <lon>19.1324</lon>
                    <date>2013-07-13T20:20:52+02:00</date>
                    <speedMph>512</speedMph>
                    <altitudeFt>37030</altitudeFt>
                </position>
                <position>
                    <lat>41.9623</lat>
                    <lon>18.9984</lon>
                    <date>2013-07-13T20:19:52+02:00</date>
                    <speedMph>512</speedMph>
                    <altitudeFt>37030</altitudeFt>
                </position>
                <position>
                    <lat>42.0684</lat>
                    <lon>18.8563</lon>
                    <date>2013-07-13T20:18:52+02:00</date>
                    <speedMph>516</speedMph>
                    <altitudeFt>37000</altitudeFt>
                </position>
                <position>
                    <lat>42.1749</lat>
                    <lon>18.7133</lon>
                    <date>2013-07-13T20:17:52+02:00</date>
                    <speedMph>516</speedMph>
                    <altitudeFt>37000</altitudeFt>
                </position>
                <position>
                    <lat>42.2682</lat>
                    <lon>18.5874</lon>
                    <date>2013-07-13T20:16:52+02:00</date>
                    <speedMph>512</speedMph>
                    <altitudeFt>37000</altitudeFt>
                </position>
                <position>
                    <lat>42.3659</lat>
                    <lon>18.4545</lon>
                    <date>2013-07-13T20:15:52+02:00</date>
                    <speedMph>512</speedMph>
                    <altitudeFt>37000</altitudeFt>
                </position>
                <position>
                    <lat>42.4682</lat>
                    <lon>18.3149</lon>
                    <date>2013-07-13T20:14:52+02:00</date>
                    <speedMph>512</speedMph>
                    <altitudeFt>37000</altitudeFt>
                </position>
                <position>
                    <lat>42.5689</lat>
                    <lon>18.1788</lon>
                    <date>2013-07-13T20:13:52+02:00</date>
                    <speedMph>512</speedMph>
                    <altitudeFt>37000</altitudeFt>
                </position>
                <position>
                    <lat>42.6686</lat>
                    <lon>18.0349</lon>
                    <date>2013-07-13T20:12:52+02:00</date>
                    <speedMph>512</speedMph>
                    <altitudeFt>37000</altitudeFt>
                </position>
                <position>
                    <lat>42.7609</lat>
                    <lon>17.8991</lon>
                    <date>2013-07-13T20:11:52+02:00</date>
                    <speedMph>516</speedMph>
                    <altitudeFt>37030</altitudeFt>
                </position>
                <position>
                    <lat>42.865</lat>
                    <lon>17.7458</lon>
                    <date>2013-07-13T20:10:52+02:00</date>
                    <speedMph>516</speedMph>
                    <altitudeFt>37000</altitudeFt>
                </position>
                <position>
                    <lat>42.9654</lat>
                    <lon>17.597</lon>
                    <date>2013-07-13T20:09:52+02:00</date>
                    <speedMph>508</speedMph>
                    <altitudeFt>36980</altitudeFt>
                </position>
                <position>
                    <lat>43.0609</lat>
                    <lon>17.4548</lon>
                    <date>2013-07-13T20:08:52+02:00</date>
                    <speedMph>508</speedMph>
                    <altitudeFt>37000</altitudeFt>
                </position>
                <position>
                    <lat>43.158</lat>
                    <lon>17.3095</lon>
                    <date>2013-07-13T20:07:52+02:00</date>
                    <speedMph>508</speedMph>
                    <altitudeFt>37000</altitudeFt>
                </position>
                <position>
                    <lat>43.2539</lat>
                    <lon>17.1652</lon>
                    <date>2013-07-13T20:06:52+02:00</date>
                    <speedMph>512</speedMph>
                    <altitudeFt>37000</altitudeFt>
                </position>
                <position>
                    <lat>43.347</lat>
                    <lon>17.0243</lon>
                    <date>2013-07-13T20:05:52+02:00</date>
                    <speedMph>508</speedMph>
                    <altitudeFt>36950</altitudeFt>
                </position>
                <position>
                    <lat>43.4335</lat>
                    <lon>16.8928</lon>
                    <date>2013-07-13T20:04:52+02:00</date>
                    <speedMph>508</speedMph>
                    <altitudeFt>37000</altitudeFt>
                </position>
                <position>
                    <lat>43.5269</lat>
                    <lon>16.7503</lon>
                    <date>2013-07-13T20:03:52+02:00</date>
                    <speedMph>508</speedMph>
                    <altitudeFt>37030</altitudeFt>
                </position>
                <position>
                    <lat>43.6221</lat>
                    <lon>16.6039</lon>
                    <date>2013-07-13T20:02:52+02:00</date>
                    <speedMph>512</speedMph>
                    <altitudeFt>37000</altitudeFt>
                </position>
                <position>
                    <lat>43.7128</lat>
                    <lon>16.4641</lon>
                    <date>2013-07-13T20:01:52+02:00</date>
                    <speedMph>512</speedMph>
                    <altitudeFt>37030</altitudeFt>
                </position>
                <position>
                    <lat>43.8895</lat>
                    <lon>16.1895</lon>
                    <date>2013-07-13T20:00:52+02:00</date>
                    <speedMph>512</speedMph>
                    <altitudeFt>36980</altitudeFt>
                </position>
                <position>
                    <lat>43.913</lat>
                    <lon>16.1528</lon>
                    <date>2013-07-13T19:59:50+02:00</date>
                    <speedMph>512</speedMph>
                    <altitudeFt>36980</altitudeFt>
                </position>
                <position>
                    <lat>44.0074</lat>
                    <lon>16.0052</lon>
                    <date>2013-07-13T19:58:50+02:00</date>
                    <speedMph>512</speedMph>
                    <altitudeFt>37030</altitudeFt>
                </position>
                <position>
                    <lat>44.1109</lat>
                    <lon>15.8408</lon>
                    <date>2013-07-13T19:57:50+02:00</date>
                    <speedMph>516</speedMph>
                    <altitudeFt>37050</altitudeFt>
                </position>
                <position>
                    <lat>44.1956</lat>
                    <lon>15.7021</lon>
                    <date>2013-07-13T19:56:50+02:00</date>
                    <speedMph>512</speedMph>
                    <altitudeFt>37030</altitudeFt>
                </position>
                <position>
                    <lat>44.2861</lat>
                    <lon>15.5533</lon>
                    <date>2013-07-13T19:55:50+02:00</date>
                    <speedMph>508</speedMph>
                    <altitudeFt>37030</altitudeFt>
                </position>
                <position>
                    <lat>44.3772</lat>
                    <lon>15.4028</lon>
                    <date>2013-07-13T19:54:50+02:00</date>
                    <speedMph>508</speedMph>
                    <altitudeFt>37030</altitudeFt>
                </position>
                <position>
                    <lat>44.4892</lat>
                    <lon>15.2165</lon>
                    <date>2013-07-13T19:53:50+02:00</date>
                    <speedMph>520</speedMph>
                    <altitudeFt>36980</altitudeFt>
                </position>
                <position>
                    <lat>44.5713</lat>
                    <lon>15.0787</lon>
                    <date>2013-07-13T19:52:50+02:00</date>
                    <speedMph>512</speedMph>
                    <altitudeFt>37000</altitudeFt>
                </position>
                <position>
                    <lat>44.6546</lat>
                    <lon>14.9384</lon>
                    <date>2013-07-13T19:51:50+02:00</date>
                    <speedMph>512</speedMph>
                    <altitudeFt>37000</altitudeFt>
                </position>
                <position>
                    <lat>44.742</lat>
                    <lon>14.7911</lon>
                    <date>2013-07-13T19:50:50+02:00</date>
                    <speedMph>512</speedMph>
                    <altitudeFt>37000</altitudeFt>
                </position>
                <position>
                    <lat>44.8344</lat>
                    <lon>14.6337</lon>
                    <date>2013-07-13T19:49:50+02:00</date>
                    <speedMph>508</speedMph>
                    <altitudeFt>37000</altitudeFt>
                </position>
                <position>
                    <lat>44.9296</lat>
                    <lon>14.4714</lon>
                    <date>2013-07-13T19:48:50+02:00</date>
                    <speedMph>512</speedMph>
                    <altitudeFt>37000</altitudeFt>
                </position>
                <position>
                    <lat>45.0125</lat>
                    <lon>14.3291</lon>
                    <date>2013-07-13T19:47:50+02:00</date>
                    <speedMph>512</speedMph>
                    <altitudeFt>37000</altitudeFt>
                </position>
                <position>
                    <lat>45.1025</lat>
                    <lon>14.1737</lon>
                    <date>2013-07-13T19:46:50+02:00</date>
                    <speedMph>508</speedMph>
                    <altitudeFt>36980</altitudeFt>
                </position>
                <position>
                    <lat>45.1907</lat>
                    <lon>14.0206</lon>
                    <date>2013-07-13T19:45:50+02:00</date>
                    <speedMph>496</speedMph>
                    <altitudeFt>36600</altitudeFt>
                </position>
                <position>
                    <lat>45.2785</lat>
                    <lon>13.8669</lon>
                    <date>2013-07-13T19:44:50+02:00</date>
                    <speedMph>492</speedMph>
                    <altitudeFt>36130</altitudeFt>
                </position>
                <position>
                    <lat>45.3712</lat>
                    <lon>13.7041</lon>
                    <date>2013-07-13T19:43:50+02:00</date>
                    <speedMph>492</speedMph>
                    <altitudeFt>35330</altitudeFt>
                </position>
                <position>
                    <lat>45.4484</lat>
                    <lon>13.5679</lon>
                    <date>2013-07-13T19:42:50+02:00</date>
                    <speedMph>492</speedMph>
                    <altitudeFt>35000</altitudeFt>
                </position>
                <position>
                    <lat>45.5362</lat>
                    <lon>13.4123</lon>
                    <date>2013-07-13T19:41:50+02:00</date>
                    <speedMph>492</speedMph>
                    <altitudeFt>35030</altitudeFt>
                </position>
                <position>
                    <lat>45.6217</lat>
                    <lon>13.2595</lon>
                    <date>2013-07-13T19:40:50+02:00</date>
                    <speedMph>500</speedMph>
                    <altitudeFt>34980</altitudeFt>
                </position>
                <position>
                    <lat>45.7198</lat>
                    <lon>13.1233</lon>
                    <date>2013-07-13T19:39:50+02:00</date>
                    <speedMph>488</speedMph>
                    <altitudeFt>35030</altitudeFt>
                </position>
                <position>
                    <lat>45.8311</lat>
                    <lon>13.0142</lon>
                    <date>2013-07-13T19:38:50+02:00</date>
                    <speedMph>488</speedMph>
                    <altitudeFt>35050</altitudeFt>
                </position>
                <position>
                    <lat>45.9436</lat>
                    <lon>12.9033</lon>
                    <date>2013-07-13T19:37:50+02:00</date>
                    <speedMph>488</speedMph>
                    <altitudeFt>34980</altitudeFt>
                </position>
                <position>
                    <lat>46.054</lat>
                    <lon>12.7939</lon>
                    <date>2013-07-13T19:36:50+02:00</date>
                    <speedMph>484</speedMph>
                    <altitudeFt>34980</altitudeFt>
                </position>
                <position>
                    <lat>46.1635</lat>
                    <lon>12.685</lon>
                    <date>2013-07-13T19:35:50+02:00</date>
                    <speedMph>480</speedMph>
                    <altitudeFt>35030</altitudeFt>
                </position>
                <position>
                    <lat>46.2754</lat>
                    <lon>12.5732</lon>
                    <date>2013-07-13T19:34:50+02:00</date>
                    <speedMph>480</speedMph>
                    <altitudeFt>34950</altitudeFt>
                </position>
                <position>
                    <lat>46.3813</lat>
                    <lon>12.4654</lon>
                    <date>2013-07-13T19:33:50+02:00</date>
                    <speedMph>480</speedMph>
                    <altitudeFt>34980</altitudeFt>
                </position>
                <position>
                    <lat>46.4774</lat>
                    <lon>12.335</lon>
                    <date>2013-07-13T19:32:50+02:00</date>
                    <speedMph>484</speedMph>
                    <altitudeFt>34980</altitudeFt>
                </position>
                <position>
                    <lat>46.5382</lat>
                    <lon>12.1631</lon>
                    <date>2013-07-13T19:31:50+02:00</date>
                    <speedMph>484</speedMph>
                    <altitudeFt>35000</altitudeFt>
                </position>
                <position>
                    <lat>46.6001</lat>
                    <lon>11.9841</lon>
                    <date>2013-07-13T19:30:50+02:00</date>
                    <speedMph>480</speedMph>
                    <altitudeFt>35080</altitudeFt>
                </position>
                <position>
                    <lat>46.6586</lat>
                    <lon>11.8171</lon>
                    <date>2013-07-13T19:29:50+02:00</date>
                    <speedMph>480</speedMph>
                    <altitudeFt>35030</altitudeFt>
                </position>
                <position>
                    <lat>46.7281</lat>
                    <lon>11.6183</lon>
                    <date>2013-07-13T19:28:50+02:00</date>
                    <speedMph>480</speedMph>
                    <altitudeFt>34950</altitudeFt>
                </position>
                <position>
                    <lat>46.7835</lat>
                    <lon>11.4561</lon>
                    <date>2013-07-13T19:27:50+02:00</date>
                    <speedMph>476</speedMph>
                    <altitudeFt>35030</altitudeFt>
                </position>
                <position>
                    <lat>46.8436</lat>
                    <lon>11.2874</lon>
                    <date>2013-07-13T19:26:50+02:00</date>
                    <speedMph>476</speedMph>
                    <altitudeFt>35050</altitudeFt>
                </position>
                <position>
                    <lat>46.9067</lat>
                    <lon>11.13</lon>
                    <date>2013-07-13T19:25:50+02:00</date>
                    <speedMph>472</speedMph>
                    <altitudeFt>34980</altitudeFt>
                </position>
                <position>
                    <lat>46.9992</lat>
                    <lon>10.987</lon>
                    <date>2013-07-13T19:24:50+02:00</date>
                    <speedMph>464</speedMph>
                    <altitudeFt>34980</altitudeFt>
                </position>
                <position>
                    <lat>47.0921</lat>
                    <lon>10.8499</lon>
                    <date>2013-07-13T19:23:50+02:00</date>
                    <speedMph>468</speedMph>
                    <altitudeFt>35030</altitudeFt>
                </position>
                <position>
                    <lat>47.1763</lat>
                    <lon>10.7251</lon>
                    <date>2013-07-13T19:22:50+02:00</date>
                    <speedMph>468</speedMph>
                    <altitudeFt>34950</altitudeFt>
                </position>
                <position>
                    <lat>47.266</lat>
                    <lon>10.5915</lon>
                    <date>2013-07-13T19:21:50+02:00</date>
                    <speedMph>472</speedMph>
                    <altitudeFt>35030</altitudeFt>
                </position>
                <position>
                    <lat>47.3636</lat>
                    <lon>10.4455</lon>
                    <date>2013-07-13T19:20:50+02:00</date>
                    <speedMph>468</speedMph>
                    <altitudeFt>34980</altitudeFt>
                </position>
                <position>
                    <lat>47.4508</lat>
                    <lon>10.314</lon>
                    <date>2013-07-13T19:19:50+02:00</date>
                    <speedMph>468</speedMph>
                    <altitudeFt>35030</altitudeFt>
                </position>
                <position>
                    <lat>47.5464</lat>
                    <lon>10.1684</lon>
                    <date>2013-07-13T19:18:50+02:00</date>
                    <speedMph>468</speedMph>
                    <altitudeFt>35000</altitudeFt>
                </position>
                <position>
                    <lat>47.6467</lat>
                    <lon>10.0514</lon>
                    <date>2013-07-13T19:17:50+02:00</date>
                    <speedMph>468</speedMph>
                    <altitudeFt>35030</altitudeFt>
                </position>
                <position>
                    <lat>47.7413</lat>
                    <lon>9.945</lon>
                    <date>2013-07-13T19:16:50+02:00</date>
                    <speedMph>468</speedMph>
                    <altitudeFt>35030</altitudeFt>
                </position>
                <position>
                    <lat>47.8439</lat>
                    <lon>9.8284</lon>
                    <date>2013-07-13T19:15:50+02:00</date>
                    <speedMph>464</speedMph>
                    <altitudeFt>35000</altitudeFt>
                </position>
                <position>
                    <lat>47.9473</lat>
                    <lon>9.7107</lon>
                    <date>2013-07-13T19:14:50+02:00</date>
                    <speedMph>464</speedMph>
                    <altitudeFt>34980</altitudeFt>
                </position>
                <position>
                    <lat>48.0488</lat>
                    <lon>9.5944</lon>
                    <date>2013-07-13T19:13:50+02:00</date>
                    <speedMph>464</speedMph>
                    <altitudeFt>35000</altitudeFt>
                </position>
                <position>
                    <lat>48.175</lat>
                    <lon>9.4491</lon>
                    <date>2013-07-13T19:12:50+02:00</date>
                    <speedMph>468</speedMph>
                    <altitudeFt>35000</altitudeFt>
                </position>
                <position>
                    <lat>48.278</lat>
                    <lon>9.3286</lon>
                    <date>2013-07-13T19:11:50+02:00</date>
                    <speedMph>468</speedMph>
                    <altitudeFt>35030</altitudeFt>
                </position>
                <position>
                    <lat>48.361</lat>
                    <lon>9.2333</lon>
                    <date>2013-07-13T19:10:49+02:00</date>
                    <speedMph>460</speedMph>
                    <altitudeFt>34980</altitudeFt>
                </position>
                <position>
                    <lat>48.4422</lat>
                    <lon>9.0863</lon>
                    <date>2013-07-13T19:09:49+02:00</date>
                    <speedMph>460</speedMph>
                    <altitudeFt>35000</altitudeFt>
                </position>
                <position>
                    <lat>48.5196</lat>
                    <lon>8.9293</lon>
                    <date>2013-07-13T19:08:49+02:00</date>
                    <speedMph>464</speedMph>
                    <altitudeFt>35030</altitudeFt>
                </position>
                <position>
                    <lat>48.5932</lat>
                    <lon>8.7793</lon>
                    <date>2013-07-13T19:07:49+02:00</date>
                    <speedMph>464</speedMph>
                    <altitudeFt>35000</altitudeFt>
                </position>
                <position>
                    <lat>48.6708</lat>
                    <lon>8.62</lon>
                    <date>2013-07-13T19:06:49+02:00</date>
                    <speedMph>464</speedMph>
                    <altitudeFt>35000</altitudeFt>
                </position>
                <position>
                    <lat>48.7463</lat>
                    <lon>8.4644</lon>
                    <date>2013-07-13T19:05:49+02:00</date>
                    <speedMph>464</speedMph>
                    <altitudeFt>35000</altitudeFt>
                </position>
                <position>
                    <lat>48.8212</lat>
                    <lon>8.3095</lon>
                    <date>2013-07-13T19:04:49+02:00</date>
                    <speedMph>464</speedMph>
                    <altitudeFt>35030</altitudeFt>
                </position>
                <position>
                    <lat>48.8954</lat>
                    <lon>8.1546</lon>
                    <date>2013-07-13T19:03:49+02:00</date>
                    <speedMph>468</speedMph>
                    <altitudeFt>35030</altitudeFt>
                </position>
                <position>
                    <lat>48.9716</lat>
                    <lon>7.9945</lon>
                    <date>2013-07-13T19:02:49+02:00</date>
                    <speedMph>468</speedMph>
                    <altitudeFt>35000</altitudeFt>
                </position>
                <position>
                    <lat>49.0468</lat>
                    <lon>7.8359</lon>
                    <date>2013-07-13T19:01:49+02:00</date>
                    <speedMph>464</speedMph>
                    <altitudeFt>35000</altitudeFt>
                </position>
                <position>
                    <lat>49.1265</lat>
                    <lon>7.6669</lon>
                    <date>2013-07-13T19:00:49+02:00</date>
                    <speedMph>464</speedMph>
                    <altitudeFt>34980</altitudeFt>
                </position>
                <position>
                    <lat>49.1971</lat>
                    <lon>7.5154</lon>
                    <date>2013-07-13T18:59:49+02:00</date>
                    <speedMph>464</speedMph>
                    <altitudeFt>35000</altitudeFt>
                </position>
                <position>
                    <lat>49.2764</lat>
                    <lon>7.3453</lon>
                    <date>2013-07-13T18:58:49+02:00</date>
                    <speedMph>464</speedMph>
                    <altitudeFt>34980</altitudeFt>
                </position>
                <position>
                    <lat>49.347</lat>
                    <lon>7.1926</lon>
                    <date>2013-07-13T18:57:49+02:00</date>
                    <speedMph>464</speedMph>
                    <altitudeFt>35030</altitudeFt>
                </position>
                <position>
                    <lat>49.424</lat>
                    <lon>7.0253</lon>
                    <date>2013-07-13T18:56:49+02:00</date>
                    <speedMph>468</speedMph>
                    <altitudeFt>35030</altitudeFt>
                </position>
                <position>
                    <lat>49.4922</lat>
                    <lon>6.8759</lon>
                    <date>2013-07-13T18:55:49+02:00</date>
                    <speedMph>468</speedMph>
                    <altitudeFt>34980</altitudeFt>
                </position>
                <position>
                    <lat>49.5669</lat>
                    <lon>6.7115</lon>
                    <date>2013-07-13T18:54:49+02:00</date>
                    <speedMph>468</speedMph>
                    <altitudeFt>35000</altitudeFt>
                </position>
                <position>
                    <lat>49.6423</lat>
                    <lon>6.5444</lon>
                    <date>2013-07-13T18:53:49+02:00</date>
                    <speedMph>468</speedMph>
                    <altitudeFt>35030</altitudeFt>
                </position>
                <position>
                    <lat>49.7166</lat>
                    <lon>6.3785</lon>
                    <date>2013-07-13T18:52:49+02:00</date>
                    <speedMph>468</speedMph>
                    <altitudeFt>35000</altitudeFt>
                </position>
                <position>
                    <lat>49.7919</lat>
                    <lon>6.2062</lon>
                    <date>2013-07-13T18:51:49+02:00</date>
                    <speedMph>464</speedMph>
                    <altitudeFt>35000</altitudeFt>
                </position>
                <position>
                    <lat>49.8456</lat>
                    <lon>6.0398</lon>
                    <date>2013-07-13T18:50:49+02:00</date>
                    <speedMph>464</speedMph>
                    <altitudeFt>34980</altitudeFt>
                </position>
                <position>
                    <lat>49.9019</lat>
                    <lon>5.8622</lon>
                    <date>2013-07-13T18:49:49+02:00</date>
                    <speedMph>460</speedMph>
                    <altitudeFt>35000</altitudeFt>
                </position>
                <position>
                    <lat>49.9586</lat>
                    <lon>5.682</lon>
                    <date>2013-07-13T18:48:49+02:00</date>
                    <speedMph>464</speedMph>
                    <altitudeFt>35030</altitudeFt>
                </position>
                <position>
                    <lat>50.0146</lat>
                    <lon>5.5032</lon>
                    <date>2013-07-13T18:47:49+02:00</date>
                    <speedMph>464</speedMph>
                    <altitudeFt>35000</altitudeFt>
                </position>
                <position>
                    <lat>50.0707</lat>
                    <lon>5.3221</lon>
                    <date>2013-07-13T18:46:49+02:00</date>
                    <speedMph>468</speedMph>
                    <altitudeFt>35000</altitudeFt>
                </position>
                <position>
                    <lat>50.1311</lat>
                    <lon>5.1262</lon>
                    <date>2013-07-13T18:45:49+02:00</date>
                    <speedMph>468</speedMph>
                    <altitudeFt>35000</altitudeFt>
                </position>
                <position>
                    <lat>50.1888</lat>
                    <lon>4.9376</lon>
                    <date>2013-07-13T18:44:49+02:00</date>
                    <speedMph>468</speedMph>
                    <altitudeFt>35000</altitudeFt>
                </position>
                <position>
                    <lat>50.2411</lat>
                    <lon>4.7652</lon>
                    <date>2013-07-13T18:43:49+02:00</date>
                    <speedMph>468</speedMph>
                    <altitudeFt>35000</altitudeFt>
                </position>
                <position>
                    <lat>50.2986</lat>
                    <lon>4.5746</lon>
                    <date>2013-07-13T18:42:49+02:00</date>
                    <speedMph>468</speedMph>
                    <altitudeFt>35030</altitudeFt>
                </position>
                <position>
                    <lat>50.3479</lat>
                    <lon>4.4101</lon>
                    <date>2013-07-13T18:41:49+02:00</date>
                    <speedMph>472</speedMph>
                    <altitudeFt>35030</altitudeFt>
                </position>
                <position>
                    <lat>50.4059</lat>
                    <lon>4.2151</lon>
                    <date>2013-07-13T18:40:49+02:00</date>
                    <speedMph>468</speedMph>
                    <altitudeFt>35000</altitudeFt>
                </position>
                <position>
                    <lat>50.4605</lat>
                    <lon>4.0294</lon>
                    <date>2013-07-13T18:39:49+02:00</date>
                    <speedMph>468</speedMph>
                    <altitudeFt>35000</altitudeFt>
                </position>
                <position>
                    <lat>50.5134</lat>
                    <lon>3.848</lon>
                    <date>2013-07-13T18:38:49+02:00</date>
                    <speedMph>468</speedMph>
                    <altitudeFt>35000</altitudeFt>
                </position>
                <position>
                    <lat>50.5717</lat>
                    <lon>3.6469</lon>
                    <date>2013-07-13T18:37:49+02:00</date>
                    <speedMph>476</speedMph>
                    <altitudeFt>35000</altitudeFt>
                </position>
                <position>
                    <lat>50.6216</lat>
                    <lon>3.4738</lon>
                    <date>2013-07-13T18:36:49+02:00</date>
                    <speedMph>472</speedMph>
                    <altitudeFt>34930</altitudeFt>
                </position>
                <position>
                    <lat>50.6765</lat>
                    <lon>3.2814</lon>
                    <date>2013-07-13T18:35:49+02:00</date>
                    <speedMph>472</speedMph>
                    <altitudeFt>34030</altitudeFt>
                </position>
                <position>
                    <lat>50.7294</lat>
                    <lon>3.0947</lon>
                    <date>2013-07-13T18:34:49+02:00</date>
                    <speedMph>476</speedMph>
                    <altitudeFt>32950</altitudeFt>
                </position>
                <position>
                    <lat>50.7864</lat>
                    <lon>2.8919</lon>
                    <date>2013-07-13T18:33:49+02:00</date>
                    <speedMph>480</speedMph>
                    <altitudeFt>31750</altitudeFt>
                </position>
                <position>
                    <lat>50.8426</lat>
                    <lon>2.69</lon>
                    <date>2013-07-13T18:32:49+02:00</date>
                    <speedMph>476</speedMph>
                    <altitudeFt>30680</altitudeFt>
                </position>
                <position>
                    <lat>50.8902</lat>
                    <lon>2.5178</lon>
                    <date>2013-07-13T18:31:49+02:00</date>
                    <speedMph>480</speedMph>
                    <altitudeFt>29450</altitudeFt>
                </position>
                <position>
                    <lat>50.9511</lat>
                    <lon>2.2955</lon>
                    <date>2013-07-13T18:30:49+02:00</date>
                    <speedMph>468</speedMph>
                    <altitudeFt>28350</altitudeFt>
                </position>
                <position>
                    <lat>50.9933</lat>
                    <lon>2.14</lon>
                    <date>2013-07-13T18:29:49+02:00</date>
                    <speedMph>464</speedMph>
                    <altitudeFt>27430</altitudeFt>
                </position>
                <position>
                    <lat>51.0441</lat>
                    <lon>1.9517</lon>
                    <date>2013-07-13T18:28:49+02:00</date>
                    <speedMph>460</speedMph>
                    <altitudeFt>26180</altitudeFt>
                </position>
                <position>
                    <lat>51.0928</lat>
                    <lon>1.7694</lon>
                    <date>2013-07-13T18:27:49+02:00</date>
                    <speedMph>452</speedMph>
                    <altitudeFt>25000</altitudeFt>
                </position>
                <position>
                    <lat>51.1417</lat>
                    <lon>1.5852</lon>
                    <date>2013-07-13T18:26:49+02:00</date>
                    <speedMph>440</speedMph>
                    <altitudeFt>23580</altitudeFt>
                </position>
                <position>
                    <lat>51.183</lat>
                    <lon>1.4032</lon>
                    <date>2013-07-13T18:25:49+02:00</date>
                    <speedMph>420</speedMph>
                    <altitudeFt>22230</altitudeFt>
                </position>
                <position>
                    <lat>51.1947</lat>
                    <lon>1.2207</lon>
                    <date>2013-07-13T18:24:49+02:00</date>
                    <speedMph>408</speedMph>
                    <altitudeFt>20700</altitudeFt>
                </position>
                <position>
                    <lat>51.2055</lat>
                    <lon>1.0401</lon>
                    <date>2013-07-13T18:23:49+02:00</date>
                    <speedMph>412</speedMph>
                    <altitudeFt>18430</altitudeFt>
                </position>
                <position>
                    <lat>51.2167</lat>
                    <lon>0.8598</lon>
                    <date>2013-07-13T18:22:49+02:00</date>
                    <speedMph>408</speedMph>
                    <altitudeFt>16300</altitudeFt>
                </position>
                <position>
                    <lat>51.2284</lat>
                    <lon>0.684</lon>
                    <date>2013-07-13T18:21:49+02:00</date>
                    <speedMph>396</speedMph>
                    <altitudeFt>14330</altitudeFt>
                </position>
                <position>
                    <lat>51.2332</lat>
                    <lon>0.611</lon>
                    <date>2013-07-13T18:21:19+02:00</date>
                    <speedMph>388</speedMph>
                    <altitudeFt>13450</altitudeFt>
                </position>
                <position>
                    <lat>51.2387</lat>
                    <lon>0.5204</lon>
                    <date>2013-07-13T18:20:49+02:00</date>
                    <speedMph>388</speedMph>
                    <altitudeFt>11930</altitudeFt>
                </position>
                <position>
                    <lat>51.2204</lat>
                    <lon>0.4296</lon>
                    <date>2013-07-13T18:20:19+02:00</date>
                    <speedMph>352</speedMph>
                    <altitudeFt>11180</altitudeFt>
                </position>
                <position>
                    <lat>51.2052</lat>
                    <lon>0.3699</lon>
                    <date>2013-07-13T18:19:49+02:00</date>
                    <speedMph>328</speedMph>
                    <altitudeFt>10600</altitudeFt>
                </position>
                <position>
                    <lat>51.1872</lat>
                    <lon>0.2989</lon>
                    <date>2013-07-13T18:19:19+02:00</date>
                    <speedMph>292</speedMph>
                    <altitudeFt>9980</altitudeFt>
                </position>
                <position>
                    <lat>51.1846</lat>
                    <lon>0.2872</lon>
                    <date>2013-07-13T18:19:09+02:00</date>
                    <speedMph>292</speedMph>
                    <altitudeFt>9750</altitudeFt>
                </position>
                <position>
                    <lat>51.1819</lat>
                    <lon>0.2693</lon>
                    <date>2013-07-13T18:18:59+02:00</date>
                    <speedMph>292</speedMph>
                    <altitudeFt>9400</altitudeFt>
                </position>
                <position>
                    <lat>51.181</lat>
                    <lon>0.2432</lon>
                    <date>2013-07-13T18:18:49+02:00</date>
                    <speedMph>292</speedMph>
                    <altitudeFt>8930</altitudeFt>
                </position>
                <position>
                    <lat>51.1807</lat>
                    <lon>0.2228</lon>
                    <date>2013-07-13T18:18:39+02:00</date>
                    <speedMph>288</speedMph>
                    <altitudeFt>8580</altitudeFt>
                </position>
                <position>
                    <lat>51.1805</lat>
                    <lon>0.2039</lon>
                    <date>2013-07-13T18:18:29+02:00</date>
                    <speedMph>284</speedMph>
                    <altitudeFt>8180</altitudeFt>
                </position>
                <position>
                    <lat>51.1802</lat>
                    <lon>0.1794</lon>
                    <date>2013-07-13T18:18:19+02:00</date>
                    <speedMph>284</speedMph>
                    <altitudeFt>7650</altitudeFt>
                </position>
                <position>
                    <lat>51.1799</lat>
                    <lon>0.158</lon>
                    <date>2013-07-13T18:18:09+02:00</date>
                    <speedMph>280</speedMph>
                    <altitudeFt>7200</altitudeFt>
                </position>
                <position>
                    <lat>51.1796</lat>
                    <lon>0.1437</lon>
                    <date>2013-07-13T18:17:59+02:00</date>
                    <speedMph>276</speedMph>
                    <altitudeFt>6930</altitudeFt>
                </position>
                <position>
                    <lat>51.179</lat>
                    <lon>0.1177</lon>
                    <date>2013-07-13T18:17:49+02:00</date>
                    <speedMph>276</speedMph>
                    <altitudeFt>6200</altitudeFt>
                </position>
                <position>
                    <lat>51.1782</lat>
                    <lon>0.0938</lon>
                    <date>2013-07-13T18:17:39+02:00</date>
                    <speedMph>280</speedMph>
                    <altitudeFt>5550</altitudeFt>
                </position>
                <position>
                    <lat>51.1775</lat>
                    <lon>0.0764</lon>
                    <date>2013-07-13T18:17:29+02:00</date>
                    <speedMph>276</speedMph>
                    <altitudeFt>5150</altitudeFt>
                </position>
                <position>
                    <lat>51.1769</lat>
                    <lon>0.0616</lon>
                    <date>2013-07-13T18:17:19+02:00</date>
                    <speedMph>276</speedMph>
                    <altitudeFt>4800</altitudeFt>
                </position>
                <position>
                    <lat>51.1759</lat>
                    <lon>0.0368</lon>
                    <date>2013-07-13T18:17:14+02:00</date>
                    <speedMph>272</speedMph>
                    <altitudeFt>4230</altitudeFt>
                </position>
                <position>
                    <lat>51.1758</lat>
                    <lon>0.0346</lon>
                    <date>2013-07-13T18:17:09+02:00</date>
                    <speedMph>272</speedMph>
                    <altitudeFt>4180</altitudeFt>
                </position>
                <position>
                    <lat>51.1756</lat>
                    <lon>0.0274</lon>
                    <date>2013-07-13T18:17:04+02:00</date>
                    <speedMph>268</speedMph>
                    <altitudeFt>4000</altitudeFt>
                </position>
                <position>
                    <lat>51.1752</lat>
                    <lon>0.0185</lon>
                    <date>2013-07-13T18:16:59+02:00</date>
                    <speedMph>268</speedMph>
                    <altitudeFt>3800</altitudeFt>
                </position>
                <position>
                    <lat>51.1744</lat>
                    <lon>0.0026</lon>
                    <date>2013-07-13T18:16:54+02:00</date>
                    <speedMph>264</speedMph>
                    <altitudeFt>3430</altitudeFt>
                </position>
                <position>
                    <lat>51.1738</lat>
                    <lon>-0.0065</lon>
                    <date>2013-07-13T18:16:49+02:00</date>
                    <speedMph>260</speedMph>
                    <altitudeFt>3230</altitudeFt>
                </position>
                <position>
                    <lat>51.1725</lat>
                    <lon>-0.0173</lon>
                    <date>2013-07-13T18:16:39+02:00</date>
                    <speedMph>260</speedMph>
                    <altitudeFt>2980</altitudeFt>
                </position>
                <position>
                    <lat>51.1714</lat>
                    <lon>-0.0253</lon>
                    <date>2013-07-13T18:16:34+02:00</date>
                    <speedMph>256</speedMph>
                    <altitudeFt>2830</altitudeFt>
                </position>
                <position>
                    <lat>51.1692</lat>
                    <lon>-0.0407</lon>
                    <date>2013-07-13T18:16:29+02:00</date>
                    <speedMph>244</speedMph>
                    <altitudeFt>2600</altitudeFt>
                </position>
                <position>
                    <lat>51.1679</lat>
                    <lon>-0.0497</lon>
                    <date>2013-07-13T18:16:24+02:00</date>
                    <speedMph>236</speedMph>
                    <altitudeFt>2500</altitudeFt>
                </position>
                <position>
                    <lat>51.1674</lat>
                    <lon>-0.0534</lon>
                    <date>2013-07-13T18:16:19+02:00</date>
                    <speedMph>232</speedMph>
                    <altitudeFt>2480</altitudeFt>
                </position>
                <position>
                    <lat>51.1647</lat>
                    <lon>-0.0716</lon>
                    <date>2013-07-13T18:16:14+02:00</date>
                    <speedMph>216</speedMph>
                    <altitudeFt>2350</altitudeFt>
                </position>
                <position>
                    <lat>51.163</lat>
                    <lon>-0.0837</lon>
                    <date>2013-07-13T18:16:09+02:00</date>
                    <speedMph>208</speedMph>
                    <altitudeFt>2180</altitudeFt>
                </position>
                <position>
                    <lat>51.1626</lat>
                    <lon>-0.0863</lon>
                    <date>2013-07-13T18:16:04+02:00</date>
                    <speedMph>208</speedMph>
                    <altitudeFt>2130</altitudeFt>
                </position>
                <position>
                    <lat>51.1615</lat>
                    <lon>-0.0943</lon>
                    <date>2013-07-13T18:15:54+02:00</date>
                    <speedMph>208</speedMph>
                    <altitudeFt>1950</altitudeFt>
                </position>
                <position>
                    <lat>51.1571</lat>
                    <lon>-0.1266</lon>
                    <date>2013-07-13T18:15:49+02:00</date>
                    <speedMph>176</speedMph>
                    <altitudeFt>1550</altitudeFt>
                </position>
                <position>
                    <lat>51.1541</lat>
                    <lon>-0.148</lon>
                    <date>2013-07-13T18:15:44+02:00</date>
                    <speedMph>164</speedMph>
                    <altitudeFt>1050</altitudeFt>
                </position>
                <position>
                    <lat>51.1526</lat>
                    <lon>-0.1588</lon>
                    <date>2013-07-13T18:15:14+02:00</date>
                    <speedMph>168</speedMph>
                    <altitudeFt>600</altitudeFt>
                </position>
                <position>
                    <lat>51.1518</lat>
                    <lon>-0.1644</lon>
                    <date>2013-07-13T18:15:02+02:00</date>
                    <speedMph>168</speedMph>
                    <altitudeFt>400</altitudeFt>
                </position>
                <position>
                    <lat>51.1518</lat>
                    <lon>-0.1829</lon>
                    <date>2013-07-13T18:09:59+02:00</date>
                    <speedMph>16</speedMph>
                    <altitudeFt>0</altitudeFt>
                </position>
            </positions>
        </flightTrack>
    </flightTracks>
</flightstatslog>
