<?xml version="1.0" encoding="UTF-8" standalone="yes"?>
<flightstatslog>
    <appendix>
        <airports>
            <airport>
                <fs>TRD</fs>
                <latitude>63.457556</latitude>
                <longitude>10.92425</longitude>
                <city>Trondheim</city>
            </airport>
            <airport>
                <fs>KRS</fs>
                <latitude>58.204214</latitude>
                <longitude>8.085369</longitude>
                <city>Kristiansand</city>
            </airport>
        </airports>
    </appendix>
    <flightTracks>
        <flightTrack>
            <flightId>4687642</flightId>
            <departureAirportFsCode>TRD</departureAirportFsCode>
            <arrivalAirportFsCode>KRS</arrivalAirportFsCode>
            <positions>
                <position>
                    <lat>68.4892</lat>
                    <lon>16.6872</lon>
                    <date>2013-07-14T16:05:55+02:00</date>
                    <speedMph>4</speedMph>
                    <altitudeFt>0</altitudeFt>
                </position>
                <position>
                    <lat>68.4889</lat>
                    <lon>16.6829</lon>
                    <date>2013-07-14T16:04:45+02:00</date>
                    <speedMph>8</speedMph>
                    <altitudeFt>0</altitudeFt>
                </position>
                <position>
                    <lat>68.4891</lat>
                    <lon>16.6783</lon>
                    <date>2013-07-14T16:04:00+02:00</date>
                    <speedMph>20</speedMph>
                    <altitudeFt>0</altitudeFt>
                </position>
                <position>
                    <lat>68.5067</lat>
                    <lon>16.6763</lon>
                    <date>2013-07-14T16:03:20+02:00</date>
                    <speedMph>132</speedMph>
                    <altitudeFt>380</altitudeFt>
                </position>
                <position>
                    <lat>68.5162</lat>
                    <lon>16.6751</lon>
                    <date>2013-07-14T16:03:10+02:00</date>
                    <speedMph>132</speedMph>
                    <altitudeFt>600</altitudeFt>
                </position>
                <position>
                    <lat>68.5228</lat>
                    <lon>16.6744</lon>
                    <date>2013-07-14T16:03:00+02:00</date>
                    <speedMph>132</speedMph>
                    <altitudeFt>750</altitudeFt>
                </position>
                <position>
                    <lat>68.5354</lat>
                    <lon>16.6728</lon>
                    <date>2013-07-14T16:02:40+02:00</date>
                    <speedMph>136</speedMph>
                    <altitudeFt>1100</altitudeFt>
                </position>
                <position>
                    <lat>68.5428</lat>
                    <lon>16.672</lon>
                    <date>2013-07-14T16:02:20+02:00</date>
                    <speedMph>144</speedMph>
                    <altitudeFt>1300</altitudeFt>
                </position>
                <position>
                    <lat>68.5508</lat>
                    <lon>16.6709</lon>
                    <date>2013-07-14T16:02:10+02:00</date>
                    <speedMph>148</speedMph>
                    <altitudeFt>1500</altitudeFt>
                </position>
                <position>
                    <lat>68.5537</lat>
                    <lon>16.6707</lon>
                    <date>2013-07-14T16:02:05+02:00</date>
                    <speedMph>144</speedMph>
                    <altitudeFt>1580</altitudeFt>
                </position>
                <position>
                    <lat>68.5598</lat>
                    <lon>16.67</lon>
                    <date>2013-07-14T16:01:55+02:00</date>
                    <speedMph>148</speedMph>
                    <altitudeFt>1750</altitudeFt>
                </position>
                <position>
                    <lat>68.5631</lat>
                    <lon>16.6697</lon>
                    <date>2013-07-14T16:01:50+02:00</date>
                    <speedMph>152</speedMph>
                    <altitudeFt>1830</altitudeFt>
                </position>
                <position>
                    <lat>68.5717</lat>
                    <lon>16.6689</lon>
                    <date>2013-07-14T16:01:40+02:00</date>
                    <speedMph>160</speedMph>
                    <altitudeFt>2030</altitudeFt>
                </position>
                <position>
                    <lat>68.5787</lat>
                    <lon>16.6681</lon>
                    <date>2013-07-14T16:01:30+02:00</date>
                    <speedMph>164</speedMph>
                    <altitudeFt>2200</altitudeFt>
                </position>
                <position>
                    <lat>68.5825</lat>
                    <lon>16.6674</lon>
                    <date>2013-07-14T16:01:25+02:00</date>
                    <speedMph>168</speedMph>
                    <altitudeFt>2280</altitudeFt>
                </position>
                <position>
                    <lat>68.5862</lat>
                    <lon>16.667</lon>
                    <date>2013-07-14T16:01:20+02:00</date>
                    <speedMph>160</speedMph>
                    <altitudeFt>2380</altitudeFt>
                </position>
                <position>
                    <lat>68.5894</lat>
                    <lon>16.6668</lon>
                    <date>2013-07-14T16:01:15+02:00</date>
                    <speedMph>160</speedMph>
                    <altitudeFt>2480</altitudeFt>
                </position>
                <position>
                    <lat>68.5971</lat>
                    <lon>16.666</lon>
                    <date>2013-07-14T16:01:05+02:00</date>
                    <speedMph>164</speedMph>
                    <altitudeFt>2680</altitudeFt>
                </position>
                <position>
                    <lat>68.6012</lat>
                    <lon>16.6653</lon>
                    <date>2013-07-14T16:01:00+02:00</date>
                    <speedMph>164</speedMph>
                    <altitudeFt>2780</altitudeFt>
                </position>
                <position>
                    <lat>68.6057</lat>
                    <lon>16.6649</lon>
                    <date>2013-07-14T16:00:55+02:00</date>
                    <speedMph>164</speedMph>
                    <altitudeFt>2900</altitudeFt>
                </position>
                <position>
                    <lat>68.6093</lat>
                    <lon>16.6644</lon>
                    <date>2013-07-14T16:00:50+02:00</date>
                    <speedMph>164</speedMph>
                    <altitudeFt>3000</altitudeFt>
                </position>
                <position>
                    <lat>68.6141</lat>
                    <lon>16.6639</lon>
                    <date>2013-07-14T16:00:45+02:00</date>
                    <speedMph>164</speedMph>
                    <altitudeFt>3100</altitudeFt>
                </position>
                <position>
                    <lat>68.617</lat>
                    <lon>16.6637</lon>
                    <date>2013-07-14T16:00:40+02:00</date>
                    <speedMph>164</speedMph>
                    <altitudeFt>3150</altitudeFt>
                </position>
                <position>
                    <lat>68.622</lat>
                    <lon>16.663</lon>
                    <date>2013-07-14T16:00:35+02:00</date>
                    <speedMph>164</speedMph>
                    <altitudeFt>3280</altitudeFt>
                </position>
                <position>
                    <lat>68.6291</lat>
                    <lon>16.6619</lon>
                    <date>2013-07-14T16:00:25+02:00</date>
                    <speedMph>164</speedMph>
                    <altitudeFt>3430</altitudeFt>
                </position>
                <position>
                    <lat>68.6386</lat>
                    <lon>16.6608</lon>
                    <date>2013-07-14T16:00:15+02:00</date>
                    <speedMph>160</speedMph>
                    <altitudeFt>3700</altitudeFt>
                </position>
                <position>
                    <lat>68.6583</lat>
                    <lon>16.6591</lon>
                    <date>2013-07-14T15:59:50+02:00</date>
                    <speedMph>160</speedMph>
                    <altitudeFt>4180</altitudeFt>
                </position>
                <position>
                    <lat>68.6603</lat>
                    <lon>16.6588</lon>
                    <date>2013-07-14T15:59:45+02:00</date>
                    <speedMph>160</speedMph>
                    <altitudeFt>4180</altitudeFt>
                </position>
                <position>
                    <lat>68.6675</lat>
                    <lon>16.6582</lon>
                    <date>2013-07-14T15:59:35+02:00</date>
                    <speedMph>160</speedMph>
                    <altitudeFt>4180</altitudeFt>
                </position>
                <position>
                    <lat>68.671</lat>
                    <lon>16.6577</lon>
                    <date>2013-07-14T15:59:30+02:00</date>
                    <speedMph>160</speedMph>
                    <altitudeFt>4180</altitudeFt>
                </position>
                <position>
                    <lat>68.6745</lat>
                    <lon>16.6571</lon>
                    <date>2013-07-14T15:59:25+02:00</date>
                    <speedMph>160</speedMph>
                    <altitudeFt>4230</altitudeFt>
                </position>
                <position>
                    <lat>68.6818</lat>
                    <lon>16.6553</lon>
                    <date>2013-07-14T15:59:15+02:00</date>
                    <speedMph>164</speedMph>
                    <altitudeFt>4280</altitudeFt>
                </position>
                <position>
                    <lat>68.6862</lat>
                    <lon>16.6538</lon>
                    <date>2013-07-14T15:59:10+02:00</date>
                    <speedMph>156</speedMph>
                    <altitudeFt>4330</altitudeFt>
                </position>
                <position>
                    <lat>68.6919</lat>
                    <lon>16.6509</lon>
                    <date>2013-07-14T15:59:05+02:00</date>
                    <speedMph>156</speedMph>
                    <altitudeFt>4380</altitudeFt>
                </position>
                <position>
                    <lat>68.6969</lat>
                    <lon>16.6466</lon>
                    <date>2013-07-14T15:58:55+02:00</date>
                    <speedMph>160</speedMph>
                    <altitudeFt>4430</altitudeFt>
                </position>
                <position>
                    <lat>68.7003</lat>
                    <lon>16.6432</lon>
                    <date>2013-07-14T15:58:50+02:00</date>
                    <speedMph>160</speedMph>
                    <altitudeFt>4450</altitudeFt>
                </position>
                <position>
                    <lat>68.7047</lat>
                    <lon>16.6391</lon>
                    <date>2013-07-14T15:58:45+02:00</date>
                    <speedMph>168</speedMph>
                    <altitudeFt>4500</altitudeFt>
                </position>
                <position>
                    <lat>68.7118</lat>
                    <lon>16.6289</lon>
                    <date>2013-07-14T15:58:35+02:00</date>
                    <speedMph>176</speedMph>
                    <altitudeFt>4630</altitudeFt>
                </position>
                <position>
                    <lat>68.7141</lat>
                    <lon>16.6223</lon>
                    <date>2013-07-14T15:58:30+02:00</date>
                    <speedMph>180</speedMph>
                    <altitudeFt>4700</altitudeFt>
                </position>
                <position>
                    <lat>68.72</lat>
                    <lon>16.5743</lon>
                    <date>2013-07-14T15:58:10+02:00</date>
                    <speedMph>212</speedMph>
                    <altitudeFt>4980</altitudeFt>
                </position>
                <position>
                    <lat>68.7184</lat>
                    <lon>16.5475</lon>
                    <date>2013-07-14T15:58:00+02:00</date>
                    <speedMph>216</speedMph>
                    <altitudeFt>5050</altitudeFt>
                </position>
                <position>
                    <lat>68.7165</lat>
                    <lon>16.5225</lon>
                    <date>2013-07-14T15:57:50+02:00</date>
                    <speedMph>224</speedMph>
                    <altitudeFt>5130</altitudeFt>
                </position>
                <position>
                    <lat>68.7126</lat>
                    <lon>16.4804</lon>
                    <date>2013-07-14T15:57:40+02:00</date>
                    <speedMph>236</speedMph>
                    <altitudeFt>5200</altitudeFt>
                </position>
                <position>
                    <lat>68.7109</lat>
                    <lon>16.4642</lon>
                    <date>2013-07-14T15:57:30+02:00</date>
                    <speedMph>240</speedMph>
                    <altitudeFt>5250</altitudeFt>
                </position>
                <position>
                    <lat>68.7077</lat>
                    <lon>16.4376</lon>
                    <date>2013-07-14T15:57:20+02:00</date>
                    <speedMph>248</speedMph>
                    <altitudeFt>5330</altitudeFt>
                </position>
                <position>
                    <lat>68.7037</lat>
                    <lon>16.4083</lon>
                    <date>2013-07-14T15:57:10+02:00</date>
                    <speedMph>248</speedMph>
                    <altitudeFt>5480</altitudeFt>
                </position>
                <position>
                    <lat>68.6957</lat>
                    <lon>16.3657</lon>
                    <date>2013-07-14T15:57:00+02:00</date>
                    <speedMph>252</speedMph>
                    <altitudeFt>5680</altitudeFt>
                </position>
                <position>
                    <lat>68.691</lat>
                    <lon>16.3517</lon>
                    <date>2013-07-14T15:56:50+02:00</date>
                    <speedMph>248</speedMph>
                    <altitudeFt>5750</altitudeFt>
                </position>
                <position>
                    <lat>68.6821</lat>
                    <lon>16.3346</lon>
                    <date>2013-07-14T15:56:40+02:00</date>
                    <speedMph>256</speedMph>
                    <altitudeFt>5830</altitudeFt>
                </position>
                <position>
                    <lat>68.6721</lat>
                    <lon>16.3208</lon>
                    <date>2013-07-14T15:56:30+02:00</date>
                    <speedMph>252</speedMph>
                    <altitudeFt>5880</altitudeFt>
                </position>
                <position>
                    <lat>68.6605</lat>
                    <lon>16.3053</lon>
                    <date>2013-07-14T15:56:20+02:00</date>
                    <speedMph>252</speedMph>
                    <altitudeFt>5950</altitudeFt>
                </position>
                <position>
                    <lat>68.6505</lat>
                    <lon>16.2918</lon>
                    <date>2013-07-14T15:56:10+02:00</date>
                    <speedMph>256</speedMph>
                    <altitudeFt>6030</altitudeFt>
                </position>
                <position>
                    <lat>68.639</lat>
                    <lon>16.2763</lon>
                    <date>2013-07-14T15:56:00+02:00</date>
                    <speedMph>268</speedMph>
                    <altitudeFt>6130</altitudeFt>
                </position>
                <position>
                    <lat>68.6227</lat>
                    <lon>16.2543</lon>
                    <date>2013-07-14T15:55:50+02:00</date>
                    <speedMph>268</speedMph>
                    <altitudeFt>6350</altitudeFt>
                </position>
                <position>
                    <lat>68.6172</lat>
                    <lon>16.2467</lon>
                    <date>2013-07-14T15:55:40+02:00</date>
                    <speedMph>268</speedMph>
                    <altitudeFt>6430</altitudeFt>
                </position>
                <position>
                    <lat>68.6062</lat>
                    <lon>16.2319</lon>
                    <date>2013-07-14T15:55:30+02:00</date>
                    <speedMph>276</speedMph>
                    <altitudeFt>6500</altitudeFt>
                </position>
                <position>
                    <lat>68.5891</lat>
                    <lon>16.2089</lon>
                    <date>2013-07-14T15:55:20+02:00</date>
                    <speedMph>268</speedMph>
                    <altitudeFt>6730</altitudeFt>
                </position>
                <position>
                    <lat>68.5834</lat>
                    <lon>16.2012</lon>
                    <date>2013-07-14T15:55:10+02:00</date>
                    <speedMph>272</speedMph>
                    <altitudeFt>6750</altitudeFt>
                </position>
                <position>
                    <lat>68.5719</lat>
                    <lon>16.1857</lon>
                    <date>2013-07-14T15:55:00+02:00</date>
                    <speedMph>284</speedMph>
                    <altitudeFt>6850</altitudeFt>
                </position>
                <position>
                    <lat>68.5589</lat>
                    <lon>16.168</lon>
                    <date>2013-07-14T15:54:50+02:00</date>
                    <speedMph>292</speedMph>
                    <altitudeFt>6980</altitudeFt>
                </position>
                <position>
                    <lat>68.5478</lat>
                    <lon>16.1531</lon>
                    <date>2013-07-14T15:54:40+02:00</date>
                    <speedMph>288</speedMph>
                    <altitudeFt>7080</altitudeFt>
                </position>
                <position>
                    <lat>68.5358</lat>
                    <lon>16.1371</lon>
                    <date>2013-07-14T15:54:30+02:00</date>
                    <speedMph>292</speedMph>
                    <altitudeFt>7200</altitudeFt>
                </position>
                <position>
                    <lat>68.5169</lat>
                    <lon>16.1123</lon>
                    <date>2013-07-14T15:54:20+02:00</date>
                    <speedMph>300</speedMph>
                    <altitudeFt>7480</altitudeFt>
                </position>
                <position>
                    <lat>68.5041</lat>
                    <lon>16.0951</lon>
                    <date>2013-07-14T15:54:05+02:00</date>
                    <speedMph>304</speedMph>
                    <altitudeFt>7780</altitudeFt>
                </position>
                <position>
                    <lat>68.4853</lat>
                    <lon>16.0704</lon>
                    <date>2013-07-14T15:53:55+02:00</date>
                    <speedMph>308</speedMph>
                    <altitudeFt>8050</altitudeFt>
                </position>
                <position>
                    <lat>68.4793</lat>
                    <lon>16.0625</lon>
                    <date>2013-07-14T15:53:45+02:00</date>
                    <speedMph>308</speedMph>
                    <altitudeFt>8180</altitudeFt>
                </position>
                <position>
                    <lat>68.4654</lat>
                    <lon>16.044</lon>
                    <date>2013-07-14T15:53:35+02:00</date>
                    <speedMph>308</speedMph>
                    <altitudeFt>8430</altitudeFt>
                </position>
                <position>
                    <lat>68.4534</lat>
                    <lon>16.028</lon>
                    <date>2013-07-14T15:53:25+02:00</date>
                    <speedMph>304</speedMph>
                    <altitudeFt>8680</altitudeFt>
                </position>
                <position>
                    <lat>68.4411</lat>
                    <lon>16.0116</lon>
                    <date>2013-07-14T15:53:15+02:00</date>
                    <speedMph>304</speedMph>
                    <altitudeFt>8950</altitudeFt>
                </position>
                <position>
                    <lat>68.4286</lat>
                    <lon>15.995</lon>
                    <date>2013-07-14T15:53:05+02:00</date>
                    <speedMph>304</speedMph>
                    <altitudeFt>9200</altitudeFt>
                </position>
                <position>
                    <lat>68.4153</lat>
                    <lon>15.9773</lon>
                    <date>2013-07-14T15:52:55+02:00</date>
                    <speedMph>304</speedMph>
                    <altitudeFt>9430</altitudeFt>
                </position>
                <position>
                    <lat>68.3965</lat>
                    <lon>15.9523</lon>
                    <date>2013-07-14T15:52:45+02:00</date>
                    <speedMph>308</speedMph>
                    <altitudeFt>9700</altitudeFt>
                </position>
                <position>
                    <lat>68.3897</lat>
                    <lon>15.9434</lon>
                    <date>2013-07-14T15:52:35+02:00</date>
                    <speedMph>308</speedMph>
                    <altitudeFt>9830</altitudeFt>
                </position>
                <position>
                    <lat>68.3708</lat>
                    <lon>15.9183</lon>
                    <date>2013-07-14T15:52:25+02:00</date>
                    <speedMph>320</speedMph>
                    <altitudeFt>9950</altitudeFt>
                </position>
                <position>
                    <lat>68.3646</lat>
                    <lon>15.91</lon>
                    <date>2013-07-14T15:52:15+02:00</date>
                    <speedMph>324</speedMph>
                    <altitudeFt>9980</altitudeFt>
                </position>
                <position>
                    <lat>68.3506</lat>
                    <lon>15.8913</lon>
                    <date>2013-07-14T15:52:05+02:00</date>
                    <speedMph>324</speedMph>
                    <altitudeFt>10050</altitudeFt>
                </position>
                <position>
                    <lat>68.3074</lat>
                    <lon>15.8349</lon>
                    <date>2013-07-14T15:51:35+02:00</date>
                    <speedMph>356</speedMph>
                    <altitudeFt>10380</altitudeFt>
                </position>
                <position>
                    <lat>68.2629</lat>
                    <lon>15.7773</lon>
                    <date>2013-07-14T15:51:05+02:00</date>
                    <speedMph>372</speedMph>
                    <altitudeFt>10980</altitudeFt>
                </position>
                <position>
                    <lat>68.216</lat>
                    <lon>15.7165</lon>
                    <date>2013-07-14T15:50:35+02:00</date>
                    <speedMph>376</speedMph>
                    <altitudeFt>11980</altitudeFt>
                </position>
                <position>
                    <lat>68.1676</lat>
                    <lon>15.654</lon>
                    <date>2013-07-14T15:50:05+02:00</date>
                    <speedMph>376</speedMph>
                    <altitudeFt>12950</altitudeFt>
                </position>
                <position>
                    <lat>68.1184</lat>
                    <lon>15.5904</lon>
                    <date>2013-07-14T15:49:35+02:00</date>
                    <speedMph>392</speedMph>
                    <altitudeFt>13950</altitudeFt>
                </position>
                <position>
                    <lat>68.0699</lat>
                    <lon>15.5287</lon>
                    <date>2013-07-14T15:49:05+02:00</date>
                    <speedMph>392</speedMph>
                    <altitudeFt>14950</altitudeFt>
                </position>
                <position>
                    <lat>68.0053</lat>
                    <lon>15.4464</lon>
                    <date>2013-07-14T15:48:25+02:00</date>
                    <speedMph>400</speedMph>
                    <altitudeFt>16330</altitudeFt>
                </position>
                <position>
                    <lat>67.902</lat>
                    <lon>15.3155</lon>
                    <date>2013-07-14T15:47:25+02:00</date>
                    <speedMph>412</speedMph>
                    <altitudeFt>18530</altitudeFt>
                </position>
                <position>
                    <lat>67.7964</lat>
                    <lon>15.1834</lon>
                    <date>2013-07-14T15:46:25+02:00</date>
                    <speedMph>428</speedMph>
                    <altitudeFt>20750</altitudeFt>
                </position>
                <position>
                    <lat>67.6396</lat>
                    <lon>14.9899</lon>
                    <date>2013-07-14T15:45:25+02:00</date>
                    <speedMph>460</speedMph>
                    <altitudeFt>23980</altitudeFt>
                </position>
                <position>
                    <lat>67.5304</lat>
                    <lon>14.856</lon>
                    <date>2013-07-14T15:44:08+02:00</date>
                    <speedMph>480</speedMph>
                    <altitudeFt>26450</altitudeFt>
                </position>
                <position>
                    <lat>67.4037</lat>
                    <lon>14.7031</lon>
                    <date>2013-07-14T15:43:08+02:00</date>
                    <speedMph>480</speedMph>
                    <altitudeFt>29680</altitudeFt>
                </position>
                <position>
                    <lat>67.2732</lat>
                    <lon>14.5482</lon>
                    <date>2013-07-14T15:42:08+02:00</date>
                    <speedMph>484</speedMph>
                    <altitudeFt>32930</altitudeFt>
                </position>
                <position>
                    <lat>67.1533</lat>
                    <lon>14.4073</lon>
                    <date>2013-07-14T15:41:08+02:00</date>
                    <speedMph>484</speedMph>
                    <altitudeFt>35000</altitudeFt>
                </position>
                <position>
                    <lat>67.0401</lat>
                    <lon>14.2757</lon>
                    <date>2013-07-14T15:40:08+02:00</date>
                    <speedMph>492</speedMph>
                    <altitudeFt>35000</altitudeFt>
                </position>
                <position>
                    <lat>66.926</lat>
                    <lon>14.1439</lon>
                    <date>2013-07-14T15:39:08+02:00</date>
                    <speedMph>492</speedMph>
                    <altitudeFt>35000</altitudeFt>
                </position>
                <position>
                    <lat>66.7901</lat>
                    <lon>13.9887</lon>
                    <date>2013-07-14T15:38:08+02:00</date>
                    <speedMph>488</speedMph>
                    <altitudeFt>35000</altitudeFt>
                </position>
                <position>
                    <lat>66.6767</lat>
                    <lon>13.8608</lon>
                    <date>2013-07-14T15:37:08+02:00</date>
                    <speedMph>492</speedMph>
                    <altitudeFt>35000</altitudeFt>
                </position>
                <position>
                    <lat>66.5426</lat>
                    <lon>13.7114</lon>
                    <date>2013-07-14T15:36:08+02:00</date>
                    <speedMph>488</speedMph>
                    <altitudeFt>35000</altitudeFt>
                </position>
                <position>
                    <lat>66.4186</lat>
                    <lon>13.575</lon>
                    <date>2013-07-14T15:35:08+02:00</date>
                    <speedMph>488</speedMph>
                    <altitudeFt>35000</altitudeFt>
                </position>
                <position>
                    <lat>66.2947</lat>
                    <lon>13.4391</lon>
                    <date>2013-07-14T15:34:08+02:00</date>
                    <speedMph>488</speedMph>
                    <altitudeFt>35000</altitudeFt>
                </position>
                <position>
                    <lat>66.1708</lat>
                    <lon>13.3051</lon>
                    <date>2013-07-14T15:33:08+02:00</date>
                    <speedMph>488</speedMph>
                    <altitudeFt>34980</altitudeFt>
                </position>
                <position>
                    <lat>66.0445</lat>
                    <lon>13.1699</lon>
                    <date>2013-07-14T15:32:08+02:00</date>
                    <speedMph>488</speedMph>
                    <altitudeFt>34980</altitudeFt>
                </position>
                <position>
                    <lat>65.9207</lat>
                    <lon>13.0395</lon>
                    <date>2013-07-14T15:31:08+02:00</date>
                    <speedMph>488</speedMph>
                    <altitudeFt>35000</altitudeFt>
                </position>
                <position>
                    <lat>65.7904</lat>
                    <lon>12.9038</lon>
                    <date>2013-07-14T15:30:08+02:00</date>
                    <speedMph>488</speedMph>
                    <altitudeFt>35000</altitudeFt>
                </position>
                <position>
                    <lat>65.6831</lat>
                    <lon>12.7924</lon>
                    <date>2013-07-14T15:29:08+02:00</date>
                    <speedMph>488</speedMph>
                    <altitudeFt>35000</altitudeFt>
                </position>
                <position>
                    <lat>65.5566</lat>
                    <lon>12.6628</lon>
                    <date>2013-07-14T15:28:08+02:00</date>
                    <speedMph>488</speedMph>
                    <altitudeFt>35000</altitudeFt>
                </position>
                <position>
                    <lat>65.4313</lat>
                    <lon>12.5361</lon>
                    <date>2013-07-14T15:27:08+02:00</date>
                    <speedMph>484</speedMph>
                    <altitudeFt>35000</altitudeFt>
                </position>
                <position>
                    <lat>65.312</lat>
                    <lon>12.4166</lon>
                    <date>2013-07-14T15:26:08+02:00</date>
                    <speedMph>484</speedMph>
                    <altitudeFt>35000</altitudeFt>
                </position>
                <position>
                    <lat>65.1852</lat>
                    <lon>12.29</lon>
                    <date>2013-07-14T15:25:08+02:00</date>
                    <speedMph>488</speedMph>
                    <altitudeFt>34250</altitudeFt>
                </position>
                <position>
                    <lat>65.0605</lat>
                    <lon>12.1674</lon>
                    <date>2013-07-14T15:24:08+02:00</date>
                    <speedMph>484</speedMph>
                    <altitudeFt>33280</altitudeFt>
                </position>
                <position>
                    <lat>64.9434</lat>
                    <lon>12.0534</lon>
                    <date>2013-07-14T15:23:08+02:00</date>
                    <speedMph>476</speedMph>
                    <altitudeFt>32380</altitudeFt>
                </position>
                <position>
                    <lat>64.8204</lat>
                    <lon>11.935</lon>
                    <date>2013-07-14T15:22:08+02:00</date>
                    <speedMph>480</speedMph>
                    <altitudeFt>30830</altitudeFt>
                </position>
                <position>
                    <lat>64.6948</lat>
                    <lon>11.8149</lon>
                    <date>2013-07-14T15:21:08+02:00</date>
                    <speedMph>484</speedMph>
                    <altitudeFt>28950</altitudeFt>
                </position>
                <position>
                    <lat>64.5707</lat>
                    <lon>11.6976</lon>
                    <date>2013-07-14T15:20:08+02:00</date>
                    <speedMph>480</speedMph>
                    <altitudeFt>27380</altitudeFt>
                </position>
                <position>
                    <lat>64.4481</lat>
                    <lon>11.5832</lon>
                    <date>2013-07-14T15:19:08+02:00</date>
                    <speedMph>472</speedMph>
                    <altitudeFt>25850</altitudeFt>
                </position>
                <position>
                    <lat>64.3284</lat>
                    <lon>11.472</lon>
                    <date>2013-07-14T15:18:08+02:00</date>
                    <speedMph>460</speedMph>
                    <altitudeFt>24250</altitudeFt>
                </position>
                <position>
                    <lat>64.2123</lat>
                    <lon>11.3649</lon>
                    <date>2013-07-14T15:17:08+02:00</date>
                    <speedMph>444</speedMph>
                    <altitudeFt>22430</altitudeFt>
                </position>
                <position>
                    <lat>63.9857</lat>
                    <lon>11.1623</lon>
                    <date>2013-07-14T15:16:08+02:00</date>
                    <speedMph>420</speedMph>
                    <altitudeFt>17750</altitudeFt>
                </position>
                <position>
                    <lat>63.9578</lat>
                    <lon>11.1369</lon>
                    <date>2013-07-14T15:14:52+02:00</date>
                    <speedMph>408</speedMph>
                    <altitudeFt>17150</altitudeFt>
                </position>
                <position>
                    <lat>63.856</lat>
                    <lon>11.0335</lon>
                    <date>2013-07-14T15:13:52+02:00</date>
                    <speedMph>392</speedMph>
                    <altitudeFt>14780</altitudeFt>
                </position>
                <position>
                    <lat>63.7858</lat>
                    <lon>10.9612</lon>
                    <date>2013-07-14T15:13:22+02:00</date>
                    <speedMph>380</speedMph>
                    <altitudeFt>12780</altitudeFt>
                </position>
                <position>
                    <lat>63.7601</lat>
                    <lon>10.9378</lon>
                    <date>2013-07-14T15:12:52+02:00</date>
                    <speedMph>380</speedMph>
                    <altitudeFt>12080</altitudeFt>
                </position>
                <position>
                    <lat>63.7078</lat>
                    <lon>10.8913</lon>
                    <date>2013-07-14T15:12:22+02:00</date>
                    <speedMph>364</speedMph>
                    <altitudeFt>11000</altitudeFt>
                </position>
                <position>
                    <lat>63.6545</lat>
                    <lon>10.8441</lon>
                    <date>2013-07-14T15:11:52+02:00</date>
                    <speedMph>300</speedMph>
                    <altitudeFt>10400</altitudeFt>
                </position>
                <position>
                    <lat>63.6076</lat>
                    <lon>10.8023</lon>
                    <date>2013-07-14T15:11:22+02:00</date>
                    <speedMph>288</speedMph>
                    <altitudeFt>8780</altitudeFt>
                </position>
                <position>
                    <lat>63.602</lat>
                    <lon>10.7975</lon>
                    <date>2013-07-14T15:11:06+02:00</date>
                    <speedMph>280</speedMph>
                    <altitudeFt>8550</altitudeFt>
                </position>
                <position>
                    <lat>63.5924</lat>
                    <lon>10.7896</lon>
                    <date>2013-07-14T15:10:56+02:00</date>
                    <speedMph>280</speedMph>
                    <altitudeFt>8130</altitudeFt>
                </position>
                <position>
                    <lat>63.5826</lat>
                    <lon>10.7816</lon>
                    <date>2013-07-14T15:10:46+02:00</date>
                    <speedMph>276</speedMph>
                    <altitudeFt>7700</altitudeFt>
                </position>
                <position>
                    <lat>63.5685</lat>
                    <lon>10.7709</lon>
                    <date>2013-07-14T15:10:36+02:00</date>
                    <speedMph>276</speedMph>
                    <altitudeFt>7050</altitudeFt>
                </position>
                <position>
                    <lat>63.5585</lat>
                    <lon>10.7635</lon>
                    <date>2013-07-14T15:10:26+02:00</date>
                    <speedMph>284</speedMph>
                    <altitudeFt>6630</altitudeFt>
                </position>
                <position>
                    <lat>63.543</lat>
                    <lon>10.7522</lon>
                    <date>2013-07-14T15:10:16+02:00</date>
                    <speedMph>288</speedMph>
                    <altitudeFt>6150</altitudeFt>
                </position>
                <position>
                    <lat>63.5279</lat>
                    <lon>10.7397</lon>
                    <date>2013-07-14T15:10:06+02:00</date>
                    <speedMph>284</speedMph>
                    <altitudeFt>6000</altitudeFt>
                </position>
                <position>
                    <lat>63.518</lat>
                    <lon>10.7295</lon>
                    <date>2013-07-14T15:09:56+02:00</date>
                    <speedMph>284</speedMph>
                    <altitudeFt>5800</altitudeFt>
                </position>
                <position>
                    <lat>63.4917</lat>
                    <lon>10.7137</lon>
                    <date>2013-07-14T15:09:36+02:00</date>
                    <speedMph>260</speedMph>
                    <altitudeFt>4780</altitudeFt>
                </position>
                <position>
                    <lat>63.4871</lat>
                    <lon>10.7139</lon>
                    <date>2013-07-14T15:09:31+02:00</date>
                    <speedMph>260</speedMph>
                    <altitudeFt>4580</altitudeFt>
                </position>
                <position>
                    <lat>63.4819</lat>
                    <lon>10.7155</lon>
                    <date>2013-07-14T15:09:26+02:00</date>
                    <speedMph>256</speedMph>
                    <altitudeFt>4300</altitudeFt>
                </position>
                <position>
                    <lat>63.4773</lat>
                    <lon>10.7183</lon>
                    <date>2013-07-14T15:09:21+02:00</date>
                    <speedMph>252</speedMph>
                    <altitudeFt>4080</altitudeFt>
                </position>
                <position>
                    <lat>63.4691</lat>
                    <lon>10.7272</lon>
                    <date>2013-07-14T15:09:16+02:00</date>
                    <speedMph>236</speedMph>
                    <altitudeFt>3700</altitudeFt>
                </position>
                <position>
                    <lat>63.4657</lat>
                    <lon>10.7332</lon>
                    <date>2013-07-14T15:09:11+02:00</date>
                    <speedMph>228</speedMph>
                    <altitudeFt>3580</altitudeFt>
                </position>
                <position>
                    <lat>63.4628</lat>
                    <lon>10.7403</lon>
                    <date>2013-07-14T15:09:06+02:00</date>
                    <speedMph>220</speedMph>
                    <altitudeFt>3450</altitudeFt>
                </position>
                <position>
                    <lat>63.4605</lat>
                    <lon>10.7482</lon>
                    <date>2013-07-14T15:09:01+02:00</date>
                    <speedMph>220</speedMph>
                    <altitudeFt>3300</altitudeFt>
                </position>
                <position>
                    <lat>63.4591</lat>
                    <lon>10.7555</lon>
                    <date>2013-07-14T15:08:56+02:00</date>
                    <speedMph>212</speedMph>
                    <altitudeFt>3180</altitudeFt>
                </position>
                <position>
                    <lat>63.4578</lat>
                    <lon>10.774</lon>
                    <date>2013-07-14T15:08:51+02:00</date>
                    <speedMph>204</speedMph>
                    <altitudeFt>2800</altitudeFt>
                </position>
                <position>
                    <lat>63.4578</lat>
                    <lon>10.7815</lon>
                    <date>2013-07-14T15:08:46+02:00</date>
                    <speedMph>200</speedMph>
                    <altitudeFt>2650</altitudeFt>
                </position>
                <position>
                    <lat>63.4578</lat>
                    <lon>10.7902</lon>
                    <date>2013-07-14T15:08:41+02:00</date>
                    <speedMph>196</speedMph>
                    <altitudeFt>2480</altitudeFt>
                </position>
                <position>
                    <lat>63.4577</lat>
                    <lon>10.7985</lon>
                    <date>2013-07-14T15:08:36+02:00</date>
                    <speedMph>200</speedMph>
                    <altitudeFt>2230</altitudeFt>
                </position>
                <position>
                    <lat>63.4577</lat>
                    <lon>10.8153</lon>
                    <date>2013-07-14T15:08:31+02:00</date>
                    <speedMph>196</speedMph>
                    <altitudeFt>1780</altitudeFt>
                </position>
                <position>
                    <lat>63.4576</lat>
                    <lon>10.8316</lon>
                    <date>2013-07-14T15:08:21+02:00</date>
                    <speedMph>184</speedMph>
                    <altitudeFt>1530</altitudeFt>
                </position>
                <position>
                    <lat>63.4576</lat>
                    <lon>10.8523</lon>
                    <date>2013-07-14T15:08:16+02:00</date>
                    <speedMph>164</speedMph>
                    <altitudeFt>1330</altitudeFt>
                </position>
                <position>
                    <lat>63.4577</lat>
                    <lon>10.8841</lon>
                    <date>2013-07-14T15:07:51+02:00</date>
                    <speedMph>156</speedMph>
                    <altitudeFt>580</altitudeFt>
                </position>
                <position>
                    <lat>63.4577</lat>
                    <lon>10.8906</lon>
                    <date>2013-07-14T15:07:46+02:00</date>
                    <speedMph>160</speedMph>
                    <altitudeFt>350</altitudeFt>
                </position>
                <position>
                    <lat>63.4577</lat>
                    <lon>10.8986</lon>
                    <date>2013-07-14T15:07:41+02:00</date>
                    <speedMph>136</speedMph>
                    <altitudeFt>150</altitudeFt>
                </position>
                <position>
                    <lat>63.4576</lat>
                    <lon>10.9168</lon>
                    <date>2013-07-14T15:07:31+02:00</date>
                    <speedMph>132</speedMph>
                    <altitudeFt>0</altitudeFt>
                </position>
                <position>
                    <lat>63.4576</lat>
                    <lon>10.9234</lon>
                    <date>2013-07-14T15:07:26+02:00</date>
                    <speedMph>116</speedMph>
                    <altitudeFt>0</altitudeFt>
                </position>
                <position>
                    <lat>63.4576</lat>
                    <lon>10.9266</lon>
                    <date>2013-07-14T15:07:21+02:00</date>
                    <speedMph>100</speedMph>
                    <altitudeFt>0</altitudeFt>
                </position>
                <position>
                    <lat>63.4576</lat>
                    <lon>10.9308</lon>
                    <date>2013-07-14T15:07:16+02:00</date>
                    <speedMph>80</speedMph>
                    <altitudeFt>0</altitudeFt>
                </position>
                <position>
                    <lat>63.4576</lat>
                    <lon>10.9402</lon>
                    <date>2013-07-14T15:06:51+02:00</date>
                    <speedMph>0</speedMph>
                    <altitudeFt>0</altitudeFt>
                </position>
                <position>
                    <lat>63.4576</lat>
                    <lon>10.9402</lon>
                    <date>2013-07-14T15:06:36+02:00</date>
                    <speedMph>4</speedMph>
                    <altitudeFt>0</altitudeFt>
                </position>
                <position>
                    <lat>63.457</lat>
                    <lon>10.9407</lon>
                    <date>2013-07-14T15:06:16+02:00</date>
                    <speedMph>12</speedMph>
                    <altitudeFt>0</altitudeFt>
                </position>
                <position>
                    <lat>63.4567</lat>
                    <lon>10.9399</lon>
                    <date>2013-07-14T15:06:11+02:00</date>
                    <speedMph>12</speedMph>
                    <altitudeFt>0</altitudeFt>
                </position>
                <position>
                    <lat>63.4564</lat>
                    <lon>10.9393</lon>
                    <date>2013-07-14T15:05:56+02:00</date>
                    <speedMph>12</speedMph>
                    <altitudeFt>0</altitudeFt>
                </position>
                <position>
                    <lat>63.4559</lat>
                    <lon>10.9369</lon>
                    <date>2013-07-14T15:05:31+02:00</date>
                    <speedMph>12</speedMph>
                    <altitudeFt>0</altitudeFt>
                </position>
                <position>
                    <lat>63.4559</lat>
                    <lon>10.9358</lon>
                    <date>2013-07-14T15:05:21+02:00</date>
                    <speedMph>16</speedMph>
                    <altitudeFt>0</altitudeFt>
                </position>
                <position>
                    <lat>63.4559</lat>
                    <lon>10.9333</lon>
                    <date>2013-07-14T15:05:11+02:00</date>
                    <speedMph>20</speedMph>
                    <altitudeFt>0</altitudeFt>
                </position>
                <position>
                    <lat>63.4559</lat>
                    <lon>10.931</lon>
                    <date>2013-07-14T15:05:01+02:00</date>
                    <speedMph>20</speedMph>
                    <altitudeFt>0</altitudeFt>
                </position>
                <position>
                    <lat>63.4559</lat>
                    <lon>10.9304</lon>
                    <date>2013-07-14T15:04:56+02:00</date>
                    <speedMph>20</speedMph>
                    <altitudeFt>0</altitudeFt>
                </position>
                <position>
                    <lat>63.4559</lat>
                    <lon>10.9291</lon>
                    <date>2013-07-14T15:04:51+02:00</date>
                    <speedMph>20</speedMph>
                    <altitudeFt>0</altitudeFt>
                </position>
                <position>
                    <lat>63.4559</lat>
                    <lon>10.9282</lon>
                    <date>2013-07-14T15:04:46+02:00</date>
                    <speedMph>20</speedMph>
                    <altitudeFt>0</altitudeFt>
                </position>
                <position>
                    <lat>63.4559</lat>
                    <lon>10.9262</lon>
                    <date>2013-07-14T15:04:31+02:00</date>
                    <speedMph>16</speedMph>
                    <altitudeFt>0</altitudeFt>
                </position>
                <position>
                    <lat>63.456</lat>
                    <lon>10.9231</lon>
                    <date>2013-07-14T15:04:16+02:00</date>
                    <speedMph>16</speedMph>
                    <altitudeFt>0</altitudeFt>
                </position>
                <position>
                    <lat>63.456</lat>
                    <lon>10.9228</lon>
                    <date>2013-07-14T15:04:11+02:00</date>
                    <speedMph>16</speedMph>
                    <altitudeFt>0</altitudeFt>
                </position>
                <position>
                    <lat>63.456</lat>
                    <lon>10.9211</lon>
                    <date>2013-07-14T15:04:01+02:00</date>
                    <speedMph>12</speedMph>
                    <altitudeFt>0</altitudeFt>
                </position>
                <position>
                    <lat>63.4558</lat>
                    <lon>10.9189</lon>
                    <date>2013-07-14T15:03:31+02:00</date>
                    <speedMph>8</speedMph>
                    <altitudeFt>0</altitudeFt>
                </position>
                <position>
                    <lat>63.4553</lat>
                    <lon>10.9184</lon>
                    <date>2013-07-14T15:03:06+02:00</date>
                    <speedMph>4</speedMph>
                    <altitudeFt>0</altitudeFt>
                </position>
                <position>
                    <lat>63.4553</lat>
                    <lon>10.9183</lon>
                    <date>2013-07-14T15:01:36+02:00</date>
                    <speedMph>0</speedMph>
                    <altitudeFt>0</altitudeFt>
                </position>
            </positions>
        </flightTrack>
    </flightTracks>
</flightstatslog>
