<?xml version="1.0" encoding="UTF-8" standalone="yes"?><response><appendix><airlines><airline><fs>EV</fs><iata>EV</iata><icao>ASQ</icao><name>ExpressJet</name><active>true</active></airline></airlines><airports><airport><fs>IND</fs><iata>IND</iata><icao>KIND</icao><faa>IND</faa><name>Indianapolis International Airport</name><street1>7800 Col. H. Weir Cook Memorial Drive</street1><city>Indianapolis</city><cityCode>IND</cityCode><stateCode>IN</stateCode><postalCode>46241</postalCode><countryCode>US</countryCode><countryName>United States</countryName><regionName>North America</regionName><timeZoneRegionName>America/Indiana/Indianapolis</timeZoneRegionName><weatherZone>INZ047</weatherZone><localTime>2013-08-05T09:57:54.531</localTime><utcOffsetHours>-4.0</utcOffsetHours><latitude>39.714516</latitude><longitude>-86.298051</longitude><elevationFeet>757</elevationFeet><classification>2</classification><active>true</active><delayIndexUrl>https://api.flightstats.com/flex/delayindex/rest/v1/json/airports/IND?codeType=fs</delayIndexUrl><weatherUrl>https://api.flightstats.com/flex/weather/rest/v1/json/all/IND?codeType=fs</weatherUrl></airport><airport><fs>ORD</fs><iata>ORD</iata><icao>KORD</icao><faa>ORD</faa><name>O'Hare International Airport</name><street1>10,000 West O'Hare</street1><city>Chicago</city><cityCode>CHI</cityCode><stateCode>IL</stateCode><postalCode>60666</postalCode><countryCode>US</countryCode><countryName>United States</countryName><regionName>North America</regionName><timeZoneRegionName>America/Chicago</timeZoneRegionName><weatherZone>ILZ014</weatherZone><localTime>2013-08-05T08:57:54.531</localTime><utcOffsetHours>-5.0</utcOffsetHours><latitude>41.976912</latitude><longitude>-87.904876</longitude><elevationFeet>668</elevationFeet><classification>1</classification><active>true</active><delayIndexUrl>https://api.flightstats.com/flex/delayindex/rest/v1/json/airports/ORD?codeType=fs</delayIndexUrl><weatherUrl>https://api.flightstats.com/flex/weather/rest/v1/json/all/ORD?codeType=fs</weatherUrl></airport><airport><fs>BHM</fs><iata>BHM</iata><icao>KBHM</icao><faa>BHM</faa><name>Birmingham Airport</name><street1>5900 Airport Highway</street1><street2></street2><city>Birmingham</city><cityCode>BHM</cityCode><stateCode>AL</stateCode><postalCode>35212</postalCode><countryCode>US</countryCode><countryName>United States</countryName><regionName>North America</regionName><timeZoneRegionName>America/Chicago</timeZoneRegionName><weatherZone>ALZ024</weatherZone><localTime>2013-08-05T08:57:54.531</localTime><utcOffsetHours>-5.0</utcOffsetHours><latitude>33.560834</latitude><longitude>-86.752189</longitude><elevationFeet>644</elevationFeet><classification>2</classification><active>true</active><delayIndexUrl>https://api.flightstats.com/flex/delayindex/rest/v1/json/airports/BHM?codeType=fs</delayIndexUrl><weatherUrl>https://api.flightstats.com/flex/weather/rest/v1/json/all/BHM?codeType=fs</weatherUrl></airport></airports></appendix><flightTracks><flightTrack><flightId>304687939</flightId><carrierFsCode>EV</carrierFsCode><flightNumber>5946</flightNumber><callsign>ASQ5946</callsign><departureAirportFsCode>BHM</departureAirportFsCode><arrivalAirportFsCode>ORD</arrivalAirportFsCode><departureDate><dateLocal>2013-08-02T06:00:00.000</dateLocal><dateUtc>2013-08-02T11:00:00.000Z</dateUtc></departureDate><equipment>E145</equipment><delayMinutes>22</delayMinutes><bearing>332.74344117047445</bearing><heading>226.75903854042394</heading><positions><position><lon>-86.31999969482422</lon><lat>39.70000076293945</lat><speedMph>163</speedMph><altitudeFt>800</altitudeFt><source>ASDI</source><date>2013-08-02T13:03:30.000Z</date></position><position><lon>-86.30000305175781</lon><lat>39.720001220703125</lat><speedMph>166</speedMph><altitudeFt>800</altitudeFt><source>ASDI</source><date>2013-08-02T13:02:59.000Z</date></position><position><lon>-86.27999877929688</lon><lat>39.720001220703125</lat><speedMph>167</speedMph><altitudeFt>1000</altitudeFt><source>ASDI</source><date>2013-08-02T13:02:28.000Z</date></position><position><lon>-86.2699966430664</lon><lat>39.72999954223633</lat><speedMph>182</speedMph><altitudeFt>1400</altitudeFt><source>ASDI</source><date>2013-08-02T13:01:58.000Z</date></position><position><lon>-86.2699966430664</lon><lat>39.75</lat><speedMph>192</speedMph><altitudeFt>1600</altitudeFt><source>ASDI</source><date>2013-08-02T13:01:34.000Z</date></position><position><lon>-86.25</lon><lat>39.75</lat><speedMph>198</speedMph><altitudeFt>1700</altitudeFt><source>ASDI</source><date>2013-08-02T13:01:27.000Z</date></position><position><lon>-86.2300033569336</lon><lat>39.77000045776367</lat><speedMph>236</speedMph><altitudeFt>2200</altitudeFt><source>ASDI</source><date>2013-08-02T13:00:56.000Z</date></position><position><lon>-86.22000122070312</lon><lat>39.779998779296875</lat><speedMph>215</speedMph><altitudeFt>2400</altitudeFt><source>ASDI</source><date>2013-08-02T13:00:34.000Z</date></position><position><lon>-86.19999694824219</lon><lat>39.779998779296875</lat><speedMph>246</speedMph><altitudeFt>2700</altitudeFt><source>ASDI</source><date>2013-08-02T13:00:25.000Z</date></position><position><lon>-86.18000030517578</lon><lat>39.79999923706055</lat><speedMph>260</speedMph><altitudeFt>3300</altitudeFt><source>ASDI</source><date>2013-08-02T12:59:54.000Z</date></position><position><lon>-86.18000030517578</lon><lat>39.81999969482422</lat><speedMph>244</speedMph><altitudeFt>3300</altitudeFt><source>ASDI</source><date>2013-08-02T12:59:40.000Z</date></position><position><lon>-86.1500015258789</lon><lat>39.81999969482422</lat><speedMph>280</speedMph><altitudeFt>3400</altitudeFt><source>ASDI</source><date>2013-08-02T12:59:23.000Z</date></position><position><lon>-86.12000274658203</lon><lat>39.849998474121094</lat><speedMph>304</speedMph><altitudeFt>3500</altitudeFt><source>ASDI</source><date>2013-08-02T12:58:52.000Z</date></position><position><lon>-86.12999725341797</lon><lat>39.869998931884766</lat><speedMph>305</speedMph><altitudeFt>3800</altitudeFt><source>ASDI</source><date>2013-08-02T12:58:34.000Z</date></position><position><lon>-86.1500015258789</lon><lat>39.869998931884766</lat><speedMph>313</speedMph><altitudeFt>4200</altitudeFt><source>ASDI</source><date>2013-08-02T12:58:21.000Z</date></position><position><lon>-86.19999694824219</lon><lat>39.869998931884766</lat><speedMph>307</speedMph><altitudeFt>5200</altitudeFt><source>ASDI</source><date>2013-08-02T12:57:50.000Z</date></position><position><lon>-86.22000122070312</lon><lat>39.869998931884766</lat><speedMph>310</speedMph><altitudeFt>5500</altitudeFt><source>ASDI</source><date>2013-08-02T12:57:34.000Z</date></position><position><lon>-86.2300033569336</lon><lat>39.849998474121094</lat><speedMph>314</speedMph><altitudeFt>5900</altitudeFt><source>ASDI</source><date>2013-08-02T12:57:20.000Z</date></position><position><lon>-86.2699966430664</lon><lat>39.81999969482422</lat><speedMph>323</speedMph><altitudeFt>7000</altitudeFt><source>ASDI</source><date>2013-08-02T12:56:48.000Z</date></position><position><lon>-86.30000305175781</lon><lat>39.81999969482422</lat><speedMph>312</speedMph><altitudeFt>7300</altitudeFt><source>ASDI</source><date>2013-08-02T12:56:34.000Z</date></position><position><lon>-86.30000305175781</lon><lat>39.79999923706055</lat><speedMph>338</speedMph><altitudeFt>7800</altitudeFt><source>ASDI</source><date>2013-08-02T12:56:18.000Z</date></position><position><lon>-86.37000274658203</lon><lat>39.81999969482422</lat><speedMph>351</speedMph><altitudeFt>8000</altitudeFt><source>ASDI</source><date>2013-08-02T12:55:46.000Z</date></position><position><lon>-86.37999725341797</lon><lat>39.83000183105469</lat><speedMph>343</speedMph><altitudeFt>8100</altitudeFt><source>ASDI</source><date>2013-08-02T12:55:34.000Z</date></position><position><lon>-86.41999816894531</lon><lat>39.849998474121094</lat><speedMph>362</speedMph><altitudeFt>8400</altitudeFt><source>ASDI</source><date>2013-08-02T12:55:16.000Z</date></position><position><lon>-86.44999694824219</lon><lat>39.869998931884766</lat><speedMph>366</speedMph><altitudeFt>8800</altitudeFt><source>ASDI</source><date>2013-08-02T12:54:44.000Z</date></position><position><lon>-86.4800033569336</lon><lat>39.880001068115234</lat><speedMph>354</speedMph><altitudeFt>9200</altitudeFt><source>ASDI</source><date>2013-08-02T12:54:28.000Z</date></position><position><lon>-86.5</lon><lat>39.900001525878906</lat><speedMph>396</speedMph><altitudeFt>9800</altitudeFt><source>ASDI</source><date>2013-08-02T12:54:14.000Z</date></position><position><lon>-86.52999877929688</lon><lat>39.93000030517578</lat><speedMph>406</speedMph><altitudeFt>10400</altitudeFt><source>ASDI</source><date>2013-08-02T12:53:42.000Z</date></position><position><lon>-86.56999969482422</lon><lat>39.95000076293945</lat><speedMph>406</speedMph><altitudeFt>10800</altitudeFt><source>ASDI</source><date>2013-08-02T12:53:28.000Z</date></position><position><lon>-86.5999984741211</lon><lat>39.970001220703125</lat><speedMph>429</speedMph><altitudeFt>11400</altitudeFt><source>ASDI</source><date>2013-08-02T12:53:13.000Z</date></position><position><lon>-86.6500015258789</lon><lat>40.0</lat><speedMph>435</speedMph><altitudeFt>12300</altitudeFt><source>ASDI</source><date>2013-08-02T12:52:40.000Z</date></position><position><lon>-86.66999816894531</lon><lat>40.02000045776367</lat><speedMph>437</speedMph><altitudeFt>12300</altitudeFt><source>ASDI</source><date>2013-08-02T12:52:28.000Z</date></position><position><lon>-86.69999694824219</lon><lat>40.029998779296875</lat><speedMph>433</speedMph><altitudeFt>12800</altitudeFt><source>ASDI</source><date>2013-08-02T12:52:11.000Z</date></position><position><lon>-86.7699966430664</lon><lat>40.06999969482422</lat><speedMph>436</speedMph><altitudeFt>13000</altitudeFt><source>ASDI</source><date>2013-08-02T12:51:38.000Z</date></position><position><lon>-86.7699966430664</lon><lat>40.08000183105469</lat><speedMph>445</speedMph><altitudeFt>13100</altitudeFt><source>ASDI</source><date>2013-08-02T12:51:28.000Z</date></position><position><lon>-86.80000305175781</lon><lat>40.099998474121094</lat><speedMph>426</speedMph><altitudeFt>13000</altitudeFt><source>ASDI</source><date>2013-08-02T12:51:09.000Z</date></position><position><lon>-86.8499984741211</lon><lat>40.150001525878906</lat><speedMph>413</speedMph><altitudeFt>13000</altitudeFt><source>ASDI</source><date>2013-08-02T12:50:36.000Z</date></position><position><lon>-86.8499984741211</lon><lat>40.150001525878906</lat><speedMph>418</speedMph><altitudeFt>13000</altitudeFt><source>ASDI</source><date>2013-08-02T12:50:33.000Z</date></position><position><lon>-86.8499984741211</lon><lat>40.18000030517578</lat><speedMph>405</speedMph><altitudeFt>13000</altitudeFt><source>ASDI</source><date>2013-08-02T12:50:07.000Z</date></position><position><lon>-86.8499984741211</lon><lat>40.25</lat><speedMph>398</speedMph><altitudeFt>13100</altitudeFt><source>ASDI</source><date>2013-08-02T12:49:39.000Z</date></position><position><lon>-86.8499984741211</lon><lat>40.25</lat><speedMph>402</speedMph><altitudeFt>13200</altitudeFt><source>ASDI</source><date>2013-08-02T12:49:34.000Z</date></position><position><lon>-86.83000183105469</lon><lat>40.29999923706055</lat><speedMph>409</speedMph><altitudeFt>13600</altitudeFt><source>ASDI</source><date>2013-08-02T12:49:06.000Z</date></position><position><lon>-86.83000183105469</lon><lat>40.33000183105469</lat><speedMph>402</speedMph><altitudeFt>14100</altitudeFt><source>ASDI</source><date>2013-08-02T12:48:39.000Z</date></position><position><lon>-86.81999969482422</lon><lat>40.349998474121094</lat><speedMph>406</speedMph><altitudeFt>14200</altitudeFt><source>ASDI</source><date>2013-08-02T12:48:32.000Z</date></position><position><lon>-86.80000305175781</lon><lat>40.400001525878906</lat><speedMph>415</speedMph><altitudeFt>14800</altitudeFt><source>ASDI</source><date>2013-08-02T12:48:04.000Z</date></position><position><lon>-86.80000305175781</lon><lat>40.41999816894531</lat><speedMph>409</speedMph><altitudeFt>15000</altitudeFt><source>ASDI</source><date>2013-08-02T12:47:51.000Z</date></position><position><lon>-86.77999877929688</lon><lat>40.45000076293945</lat><speedMph>417</speedMph><altitudeFt>15600</altitudeFt><source>ASDI</source><date>2013-08-02T12:47:30.000Z</date></position><position><lon>-86.77999877929688</lon><lat>40.5</lat><speedMph>423</speedMph><altitudeFt>16000</altitudeFt><source>ASDI</source><date>2013-08-02T12:47:02.000Z</date></position><position><lon>-86.7699966430664</lon><lat>40.54999923706055</lat><speedMph>430</speedMph><altitudeFt>16800</altitudeFt><source>ASDI</source><date>2013-08-02T12:46:28.000Z</date></position><position><lon>-86.75</lon><lat>40.599998474121094</lat><speedMph>430</speedMph><altitudeFt>17200</altitudeFt><source>ASDI</source><date>2013-08-02T12:46:00.000Z</date></position><position><lon>-86.7300033569336</lon><lat>40.650001525878906</lat><speedMph>418</speedMph><altitudeFt>18000</altitudeFt><source>ASDI</source><date>2013-08-02T12:45:26.000Z</date></position><position><lon>-86.72000122070312</lon><lat>40.70000076293945</lat><speedMph>389</speedMph><altitudeFt>18600</altitudeFt><source>ASDI</source><date>2013-08-02T12:44:59.000Z</date></position><position><lon>-86.6500015258789</lon><lat>40.720001220703125</lat><speedMph>389</speedMph><altitudeFt>19600</altitudeFt><source>ASDI</source><date>2013-08-02T12:44:24.000Z</date></position><position><lon>-86.5999984741211</lon><lat>40.720001220703125</lat><speedMph>392</speedMph><altitudeFt>20100</altitudeFt><source>ASDI</source><date>2013-08-02T12:43:57.000Z</date></position><position><lon>-86.5199966430664</lon><lat>40.720001220703125</lat><speedMph>392</speedMph><altitudeFt>21100</altitudeFt><source>ASDI</source><date>2013-08-02T12:43:22.000Z</date></position><position><lon>-86.44999694824219</lon><lat>40.70000076293945</lat><speedMph>396</speedMph><altitudeFt>21900</altitudeFt><source>ASDI</source><date>2013-08-02T12:42:55.000Z</date></position><position><lon>-86.4000015258789</lon><lat>40.70000076293945</lat><speedMph>390</speedMph><altitudeFt>22600</altitudeFt><source>ASDI</source><date>2013-08-02T12:42:20.000Z</date></position><position><lon>-86.33000183105469</lon><lat>40.68000030517578</lat><speedMph>365</speedMph><altitudeFt>23300</altitudeFt><source>ASDI</source><date>2013-08-02T12:41:53.000Z</date></position><position><lon>-86.2699966430664</lon><lat>40.66999816894531</lat><speedMph>371</speedMph><altitudeFt>24000</altitudeFt><source>ASDI</source><date>2013-08-02T12:41:18.000Z</date></position><position><lon>-86.2300033569336</lon><lat>40.650001525878906</lat><speedMph>358</speedMph><altitudeFt>24000</altitudeFt><source>ASDI</source><date>2013-08-02T12:40:51.000Z</date></position><position><lon>-86.16999816894531</lon><lat>40.619998931884766</lat><speedMph>361</speedMph><altitudeFt>24000</altitudeFt><source>ASDI</source><date>2013-08-02T12:40:16.000Z</date></position><position><lon>-86.12999725341797</lon><lat>40.599998474121094</lat><speedMph>339</speedMph><altitudeFt>24000</altitudeFt><source>ASDI</source><date>2013-08-02T12:39:50.000Z</date></position><position><lon>-86.06999969482422</lon><lat>40.58000183105469</lat><speedMph>328</speedMph><altitudeFt>24000</altitudeFt><source>ASDI</source><date>2013-08-02T12:39:14.000Z</date></position><position><lon>-86.0199966430664</lon><lat>40.58000183105469</lat><speedMph>307</speedMph><altitudeFt>24000</altitudeFt><source>ASDI</source><date>2013-08-02T12:38:48.000Z</date></position><position><lon>-85.94999694824219</lon><lat>40.58000183105469</lat><speedMph>299</speedMph><altitudeFt>24000</altitudeFt><source>ASDI</source><date>2013-08-02T12:38:12.000Z</date></position><position><lon>-85.91999816894531</lon><lat>40.58000183105469</lat><speedMph>291</speedMph><altitudeFt>24000</altitudeFt><source>ASDI</source><date>2013-08-02T12:37:46.000Z</date></position><position><lon>-85.87000274658203</lon><lat>40.599998474121094</lat><speedMph>295</speedMph><altitudeFt>24000</altitudeFt><source>ASDI</source><date>2013-08-02T12:37:10.000Z</date></position><position><lon>-85.80000305175781</lon><lat>40.599998474121094</lat><speedMph>304</speedMph><altitudeFt>24000</altitudeFt><source>ASDI</source><date>2013-08-02T12:36:44.000Z</date></position><position><lon>-85.75</lon><lat>40.599998474121094</lat><speedMph>303</speedMph><altitudeFt>24000</altitudeFt><source>ASDI</source><date>2013-08-02T12:36:08.000Z</date></position><position><lon>-85.72000122070312</lon><lat>40.58000183105469</lat><speedMph>341</speedMph><altitudeFt>24000</altitudeFt><source>ASDI</source><date>2013-08-02T12:35:42.000Z</date></position><position><lon>-85.7300033569336</lon><lat>40.529998779296875</lat><speedMph>383</speedMph><altitudeFt>24000</altitudeFt><source>ASDI</source><date>2013-08-02T12:35:06.000Z</date></position><position><lon>-85.7699966430664</lon><lat>40.52000045776367</lat><speedMph>389</speedMph><altitudeFt>24000</altitudeFt><source>ASDI</source><date>2013-08-02T12:34:40.000Z</date></position><position><lon>-85.8499984741211</lon><lat>40.529998779296875</lat><speedMph>374</speedMph><altitudeFt>24000</altitudeFt><source>ASDI</source><date>2013-08-02T12:34:04.000Z</date></position><position><lon>-85.87999725341797</lon><lat>40.619998931884766</lat><speedMph>364</speedMph><altitudeFt>24000</altitudeFt><source>ASDI</source><date>2013-08-02T12:33:03.000Z</date></position><position><lon>-85.91999816894531</lon><lat>40.70000076293945</lat><speedMph>353</speedMph><altitudeFt>24000</altitudeFt><source>ASDI</source><date>2013-08-02T12:32:00.000Z</date></position><position><lon>-85.91999816894531</lon><lat>40.779998779296875</lat><speedMph>305</speedMph><altitudeFt>24000</altitudeFt><source>ASDI</source><date>2013-08-02T12:30:58.000Z</date></position><position><lon>-85.81999969482422</lon><lat>40.79999923706055</lat><speedMph>297</speedMph><altitudeFt>24000</altitudeFt><source>ASDI</source><date>2013-08-02T12:29:56.000Z</date></position><position><lon>-85.7699966430664</lon><lat>40.75</lat><speedMph>314</speedMph><altitudeFt>24000</altitudeFt><source>ASDI</source><date>2013-08-02T12:28:54.000Z</date></position><position><lon>-85.75</lon><lat>40.66999816894531</lat><speedMph>319</speedMph><altitudeFt>24000</altitudeFt><source>ASDI</source><date>2013-08-02T12:27:52.000Z</date></position><position><lon>-85.72000122070312</lon><lat>40.599998474121094</lat><speedMph>337</speedMph><altitudeFt>24000</altitudeFt><source>ASDI</source><date>2013-08-02T12:26:50.000Z</date></position><position><lon>-85.75</lon><lat>40.52000045776367</lat><speedMph>387</speedMph><altitudeFt>24000</altitudeFt><source>ASDI</source><date>2013-08-02T12:25:48.000Z</date></position><position><lon>-85.87000274658203</lon><lat>40.54999923706055</lat><speedMph>367</speedMph><altitudeFt>24000</altitudeFt><source>ASDI</source><date>2013-08-02T12:24:46.000Z</date></position><position><lon>-85.9000015258789</lon><lat>40.650001525878906</lat><speedMph>368</speedMph><altitudeFt>24000</altitudeFt><source>ASDI</source><date>2013-08-02T12:23:44.000Z</date></position><position><lon>-85.93000030517578</lon><lat>40.72999954223633</lat><speedMph>343</speedMph><altitudeFt>24000</altitudeFt><source>ASDI</source><date>2013-08-02T12:22:42.000Z</date></position><position><lon>-85.87999725341797</lon><lat>40.79999923706055</lat><speedMph>299</speedMph><altitudeFt>24000</altitudeFt><source>ASDI</source><date>2013-08-02T12:21:41.000Z</date></position><position><lon>-85.8499984741211</lon><lat>40.79999923706055</lat><speedMph>311</speedMph><altitudeFt>24000</altitudeFt><source>ASDI</source><date>2013-08-02T12:21:17.000Z</date></position><position><lon>-85.80000305175781</lon><lat>40.779998779296875</lat><speedMph>320</speedMph><altitudeFt>24000</altitudeFt><source>ASDI</source><date>2013-08-02T12:20:39.000Z</date></position><position><lon>-85.77999877929688</lon><lat>40.77000045776367</lat><speedMph>321</speedMph><altitudeFt>24000</altitudeFt><source>ASDI</source><date>2013-08-02T12:20:15.000Z</date></position><position><lon>-85.75</lon><lat>40.70000076293945</lat><speedMph>319</speedMph><altitudeFt>24000</altitudeFt><source>ASDI</source><date>2013-08-02T12:19:37.000Z</date></position><position><lon>-85.75</lon><lat>40.68000030517578</lat><speedMph>319</speedMph><altitudeFt>24000</altitudeFt><source>ASDI</source><date>2013-08-02T12:19:14.000Z</date></position><position><lon>-85.7300033569336</lon><lat>40.630001068115234</lat><speedMph>325</speedMph><altitudeFt>24000</altitudeFt><source>ASDI</source><date>2013-08-02T12:18:35.000Z</date></position><position><lon>-85.72000122070312</lon><lat>40.619998931884766</lat><speedMph>329</speedMph><altitudeFt>24000</altitudeFt><source>ASDI</source><date>2013-08-02T12:18:12.000Z</date></position><position><lon>-85.72000122070312</lon><lat>40.54999923706055</lat><speedMph>379</speedMph><altitudeFt>24000</altitudeFt><source>ASDI</source><date>2013-08-02T12:17:33.000Z</date></position><position><lon>-85.75</lon><lat>40.529998779296875</lat><speedMph>388</speedMph><altitudeFt>24000</altitudeFt><source>ASDI</source><date>2013-08-02T12:17:10.000Z</date></position><position><lon>-85.81999969482422</lon><lat>40.52000045776367</lat><speedMph>383</speedMph><altitudeFt>24000</altitudeFt><source>ASDI</source><date>2013-08-02T12:16:31.000Z</date></position><position><lon>-85.8499984741211</lon><lat>40.529998779296875</lat><speedMph>365</speedMph><altitudeFt>24000</altitudeFt><source>ASDI</source><date>2013-08-02T12:16:09.000Z</date></position><position><lon>-85.87999725341797</lon><lat>40.58000183105469</lat><speedMph>365</speedMph><altitudeFt>24000</altitudeFt><source>ASDI</source><date>2013-08-02T12:15:29.000Z</date></position><position><lon>-85.87999725341797</lon><lat>40.619998931884766</lat><speedMph>365</speedMph><altitudeFt>24000</altitudeFt><source>ASDI</source><date>2013-08-02T12:15:07.000Z</date></position><position><lon>-85.91999816894531</lon><lat>40.66999816894531</lat><speedMph>367</speedMph><altitudeFt>24000</altitudeFt><source>ASDI</source><date>2013-08-02T12:14:27.000Z</date></position><position><lon>-85.91999816894531</lon><lat>40.720001220703125</lat><speedMph>336</speedMph><altitudeFt>24000</altitudeFt><source>ASDI</source><date>2013-08-02T12:14:05.000Z</date></position><position><lon>-85.91999816894531</lon><lat>40.77000045776367</lat><speedMph>313</speedMph><altitudeFt>24000</altitudeFt><source>ASDI</source><date>2013-08-02T12:13:25.000Z</date></position><position><lon>-85.91999816894531</lon><lat>40.779998779296875</lat><speedMph>313</speedMph><altitudeFt>24000</altitudeFt><source>ASDI</source><date>2013-08-02T12:13:04.000Z</date></position><position><lon>-85.8499984741211</lon><lat>40.79999923706055</lat><speedMph>307</speedMph><altitudeFt>24000</altitudeFt><source>ASDI</source><date>2013-08-02T12:12:23.000Z</date></position><position><lon>-85.81999969482422</lon><lat>40.79999923706055</lat><speedMph>315</speedMph><altitudeFt>24000</altitudeFt><source>ASDI</source><date>2013-08-02T12:12:02.000Z</date></position><position><lon>-85.77999877929688</lon><lat>40.75</lat><speedMph>327</speedMph><altitudeFt>24000</altitudeFt><source>ASDI</source><date>2013-08-02T12:11:21.000Z</date></position><position><lon>-85.7699966430664</lon><lat>40.72999954223633</lat><speedMph>327</speedMph><altitudeFt>24000</altitudeFt><source>ASDI</source><date>2013-08-02T12:11:01.000Z</date></position><position><lon>-85.75</lon><lat>40.68000030517578</lat><speedMph>329</speedMph><altitudeFt>24000</altitudeFt><source>ASDI</source><date>2013-08-02T12:10:19.000Z</date></position><position><lon>-85.7300033569336</lon><lat>40.650001525878906</lat><speedMph>341</speedMph><altitudeFt>24000</altitudeFt><source>ASDI</source><date>2013-08-02T12:09:59.000Z</date></position><position><lon>-85.72000122070312</lon><lat>40.599998474121094</lat><speedMph>348</speedMph><altitudeFt>24000</altitudeFt><source>ASDI</source><date>2013-08-02T12:09:18.000Z</date></position><position><lon>-85.72000122070312</lon><lat>40.56999969482422</lat><speedMph>364</speedMph><altitudeFt>24000</altitudeFt><source>ASDI</source><date>2013-08-02T12:08:58.000Z</date></position><position><lon>-85.68000030517578</lon><lat>40.52000045776367</lat><speedMph>372</speedMph><altitudeFt>24000</altitudeFt><source>ASDI</source><date>2013-08-02T12:08:16.000Z</date></position><position><lon>-85.68000030517578</lon><lat>40.5</lat><speedMph>396</speedMph><altitudeFt>24000</altitudeFt><source>ASDI</source><date>2013-08-02T12:07:56.000Z</date></position><position><lon>-85.6500015258789</lon><lat>40.43000030517578</lat><speedMph>409</speedMph><altitudeFt>24000</altitudeFt><source>ASDI</source><date>2013-08-02T12:07:14.000Z</date></position><position><lon>-85.6500015258789</lon><lat>40.400001525878906</lat><speedMph>440</speedMph><altitudeFt>24000</altitudeFt><source>ASDI</source><date>2013-08-02T12:06:55.000Z</date></position><position><lon>-85.62000274658203</lon><lat>40.33000183105469</lat><speedMph>464</speedMph><altitudeFt>24000</altitudeFt><source>ASDI</source><date>2013-08-02T12:06:12.000Z</date></position><position><lon>-85.62000274658203</lon><lat>40.29999923706055</lat><speedMph>483</speedMph><altitudeFt>24000</altitudeFt><source>ASDI</source><date>2013-08-02T12:05:53.000Z</date></position><position><lon>-85.58000183105469</lon><lat>40.220001220703125</lat><speedMph>490</speedMph><altitudeFt>24000</altitudeFt><source>ASDI</source><date>2013-08-02T12:05:10.000Z</date></position><position><lon>-85.56999969482422</lon><lat>40.20000076293945</lat><speedMph>493</speedMph><altitudeFt>24000</altitudeFt><source>ASDI</source><date>2013-08-02T12:04:51.000Z</date></position><position><lon>-85.52999877929688</lon><lat>40.099998474121094</lat><speedMph>489</speedMph><altitudeFt>24000</altitudeFt><source>ASDI</source><date>2013-08-02T12:04:08.000Z</date></position><position><lon>-85.52999877929688</lon><lat>40.08000183105469</lat><speedMph>487</speedMph><altitudeFt>24000</altitudeFt><source>ASDI</source><date>2013-08-02T12:03:50.000Z</date></position><position><lon>-85.5</lon><lat>40.0</lat><speedMph>489</speedMph><altitudeFt>24000</altitudeFt><source>ASDI</source><date>2013-08-02T12:03:06.000Z</date></position><position><lon>-85.4800033569336</lon><lat>39.95000076293945</lat><speedMph>488</speedMph><altitudeFt>24000</altitudeFt><source>ASDI</source><date>2013-08-02T12:02:48.000Z</date></position><position><lon>-85.44999694824219</lon><lat>39.880001068115234</lat><speedMph>490</speedMph><altitudeFt>24000</altitudeFt><source>ASDI</source><date>2013-08-02T12:02:04.000Z</date></position><position><lon>-85.43000030517578</lon><lat>39.83000183105469</lat><speedMph>491</speedMph><altitudeFt>24000</altitudeFt><source>ASDI</source><date>2013-08-02T12:01:47.000Z</date></position><position><lon>-85.4000015258789</lon><lat>39.75</lat><speedMph>494</speedMph><altitudeFt>24000</altitudeFt><source>ASDI</source><date>2013-08-02T12:01:03.000Z</date></position><position><lon>-85.4000015258789</lon><lat>39.720001220703125</lat><speedMph>496</speedMph><altitudeFt>24000</altitudeFt><source>ASDI</source><date>2013-08-02T12:00:45.000Z</date></position><position><lon>-85.37000274658203</lon><lat>39.630001068115234</lat><speedMph>497</speedMph><altitudeFt>24000</altitudeFt><source>ASDI</source><date>2013-08-02T12:00:01.000Z</date></position><position><lon>-85.37000274658203</lon><lat>39.599998474121094</lat><speedMph>499</speedMph><altitudeFt>24000</altitudeFt><source>ASDI</source><date>2013-08-02T11:59:44.000Z</date></position><position><lon>-85.33000183105469</lon><lat>39.52000045776367</lat><speedMph>501</speedMph><altitudeFt>24000</altitudeFt><source>ASDI</source><date>2013-08-02T11:58:58.000Z</date></position><position><lon>-85.31999969482422</lon><lat>39.5</lat><speedMph>503</speedMph><altitudeFt>24000</altitudeFt><source>ASDI</source><date>2013-08-02T11:58:42.000Z</date></position><position><lon>-85.27999877929688</lon><lat>39.400001525878906</lat><speedMph>501</speedMph><altitudeFt>24000</altitudeFt><source>ASDI</source><date>2013-08-02T11:57:56.000Z</date></position><position><lon>-85.27999877929688</lon><lat>39.380001068115234</lat><speedMph>501</speedMph><altitudeFt>24000</altitudeFt><source>ASDI</source><date>2013-08-02T11:57:41.000Z</date></position><position><lon>-85.25</lon><lat>39.279998779296875</lat><speedMph>497</speedMph><altitudeFt>24000</altitudeFt><source>ASDI</source><date>2013-08-02T11:56:54.000Z</date></position><position><lon>-85.2300033569336</lon><lat>39.22999954223633</lat><speedMph>502</speedMph><altitudeFt>24000</altitudeFt><source>ASDI</source><date>2013-08-02T11:56:39.000Z</date></position><position><lon>-85.19999694824219</lon><lat>39.16999816894531</lat><speedMph>496</speedMph><altitudeFt>24000</altitudeFt><source>ASDI</source><date>2013-08-02T11:55:53.000Z</date></position><position><lon>-85.18000030517578</lon><lat>39.119998931884766</lat><speedMph>499</speedMph><altitudeFt>24000</altitudeFt><source>ASDI</source><date>2013-08-02T11:55:38.000Z</date></position><position><lon>-85.1500015258789</lon><lat>39.0</lat><speedMph>497</speedMph><altitudeFt>24000</altitudeFt><source>ASDI</source><date>2013-08-02T11:54:36.000Z</date></position><position><lon>-85.12000274658203</lon><lat>38.880001068115234</lat><speedMph>498</speedMph><altitudeFt>24000</altitudeFt><source>ASDI</source><date>2013-08-02T11:53:35.000Z</date></position><position><lon>-85.06999969482422</lon><lat>38.77000045776367</lat><speedMph>501</speedMph><altitudeFt>24000</altitudeFt><source>ASDI</source><date>2013-08-02T11:52:34.000Z</date></position><position><lon>-85.02999877929688</lon><lat>38.650001525878906</lat><speedMph>501</speedMph><altitudeFt>24000</altitudeFt><source>ASDI</source><date>2013-08-02T11:51:32.000Z</date></position><position><lon>-84.9800033569336</lon><lat>38.529998779296875</lat><speedMph>510</speedMph><altitudeFt>24000</altitudeFt><source>ASDI</source><date>2013-08-02T11:50:31.000Z</date></position><position><lon>-84.94999694824219</lon><lat>38.400001525878906</lat><speedMph>502</speedMph><altitudeFt>24000</altitudeFt><source>ASDI</source><date>2013-08-02T11:49:29.000Z</date></position><position><lon>-84.94999694824219</lon><lat>38.279998779296875</lat><speedMph>502</speedMph><altitudeFt>24000</altitudeFt><source>ASDI</source><date>2013-08-02T11:48:28.000Z</date></position><position><lon>-84.94999694824219</lon><lat>38.16999816894531</lat><speedMph>501</speedMph><altitudeFt>24000</altitudeFt><source>ASDI</source><date>2013-08-02T11:47:27.000Z</date></position><position><lon>-84.93000030517578</lon><lat>38.04999923706055</lat><speedMph>505</speedMph><altitudeFt>24000</altitudeFt><source>ASDI</source><date>2013-08-02T11:46:26.000Z</date></position><position><lon>-84.93000030517578</lon><lat>37.91999816894531</lat><speedMph>511</speedMph><altitudeFt>24000</altitudeFt><source>ASDI</source><date>2013-08-02T11:45:24.000Z</date></position><position><lon>-84.91999816894531</lon><lat>37.79999923706055</lat><speedMph>496</speedMph><altitudeFt>24000</altitudeFt><source>ASDI</source><date>2013-08-02T11:44:23.000Z</date></position><position><lon>-84.87999725341797</lon><lat>37.68000030517578</lat><speedMph>502</speedMph><altitudeFt>24000</altitudeFt><source>ASDI</source><date>2013-08-02T11:43:21.000Z</date></position><position><lon>-84.87000274658203</lon><lat>37.56999969482422</lat><speedMph>501</speedMph><altitudeFt>24000</altitudeFt><source>ASDI</source><date>2013-08-02T11:42:21.000Z</date></position><position><lon>-84.8499984741211</lon><lat>37.41999816894531</lat><speedMph>510</speedMph><altitudeFt>24000</altitudeFt><source>ASDI</source><date>2013-08-02T11:41:19.000Z</date></position><position><lon>-84.83000183105469</lon><lat>37.29999923706055</lat><speedMph>504</speedMph><altitudeFt>24000</altitudeFt><source>ASDI</source><date>2013-08-02T11:40:17.000Z</date></position><position><lon>-84.81999969482422</lon><lat>37.18000030517578</lat><speedMph>506</speedMph><altitudeFt>24000</altitudeFt><source>ASDI</source><date>2013-08-02T11:39:16.000Z</date></position><position><lon>-84.80000305175781</lon><lat>37.04999923706055</lat><speedMph>503</speedMph><altitudeFt>24000</altitudeFt><source>ASDI</source><date>2013-08-02T11:38:15.000Z</date></position><position><lon>-84.80000305175781</lon><lat>36.93000030517578</lat><speedMph>501</speedMph><altitudeFt>24000</altitudeFt><source>ASDI</source><date>2013-08-02T11:37:14.000Z</date></position><position><lon>-84.80000305175781</lon><lat>36.81999969482422</lat><speedMph>495</speedMph><altitudeFt>24000</altitudeFt><source>ASDI</source><date>2013-08-02T11:36:12.000Z</date></position><position><lon>-84.81999969482422</lon><lat>36.70000076293945</lat><speedMph>487</speedMph><altitudeFt>24000</altitudeFt><source>ASDI</source><date>2013-08-02T11:35:11.000Z</date></position><position><lon>-84.81999969482422</lon><lat>36.54999923706055</lat><speedMph>498</speedMph><altitudeFt>24400</altitudeFt><source>ASDI</source><date>2013-08-02T11:34:10.000Z</date></position><position><lon>-84.83000183105469</lon><lat>36.43000030517578</lat><speedMph>512</speedMph><altitudeFt>25400</altitudeFt><source>ASDI</source><date>2013-08-02T11:33:08.000Z</date></position><position><lon>-84.83000183105469</lon><lat>36.31999969482422</lat><speedMph>517</speedMph><altitudeFt>26000</altitudeFt><source>ASDI</source><date>2013-08-02T11:32:07.000Z</date></position><position><lon>-84.8499984741211</lon><lat>36.18000030517578</lat><speedMph>517</speedMph><altitudeFt>26000</altitudeFt><source>ASDI</source><date>2013-08-02T11:31:06.000Z</date></position><position><lon>-84.87000274658203</lon><lat>36.06999969482422</lat><speedMph>520</speedMph><altitudeFt>26000</altitudeFt><source>ASDI</source><date>2013-08-02T11:30:04.000Z</date></position><position><lon>-84.9000015258789</lon><lat>35.93000030517578</lat><speedMph>517</speedMph><altitudeFt>26000</altitudeFt><source>ASDI</source><date>2013-08-02T11:29:03.000Z</date></position><position><lon>-84.9000015258789</lon><lat>35.880001068115234</lat><speedMph>510</speedMph><altitudeFt>26000</altitudeFt><source>ASDI</source><date>2013-08-02T11:28:41.000Z</date></position><position><lon>-84.93000030517578</lon><lat>35.79999923706055</lat><speedMph>504</speedMph><altitudeFt>26000</altitudeFt><source>ASDI</source><date>2013-08-02T11:28:02.000Z</date></position><position><lon>-84.93000030517578</lon><lat>35.779998779296875</lat><speedMph>483</speedMph><altitudeFt>26000</altitudeFt><source>ASDI</source><date>2013-08-02T11:27:41.000Z</date></position><position><lon>-84.97000122070312</lon><lat>35.68000030517578</lat><speedMph>499</speedMph><altitudeFt>26000</altitudeFt><source>ASDI</source><date>2013-08-02T11:27:01.000Z</date></position><position><lon>-84.97000122070312</lon><lat>35.66999816894531</lat><speedMph>478</speedMph><altitudeFt>26000</altitudeFt><source>ASDI</source><date>2013-08-02T11:26:41.000Z</date></position><position><lon>-84.9800033569336</lon><lat>35.56999969482422</lat><speedMph>483</speedMph><altitudeFt>26000</altitudeFt><source>ASDI</source><date>2013-08-02T11:25:59.000Z</date></position><position><lon>-85.0</lon><lat>35.54999923706055</lat><speedMph>456</speedMph><altitudeFt>26000</altitudeFt><source>ASDI</source><date>2013-08-02T11:25:41.000Z</date></position><position><lon>-85.0199966430664</lon><lat>35.45000076293945</lat><speedMph>479</speedMph><altitudeFt>26000</altitudeFt><source>ASDI</source><date>2013-08-02T11:24:58.000Z</date></position><position><lon>-85.02999877929688</lon><lat>35.43000030517578</lat><speedMph>450</speedMph><altitudeFt>26000</altitudeFt><source>ASDI</source><date>2013-08-02T11:24:41.000Z</date></position><position><lon>-85.05000305175781</lon><lat>35.31999969482422</lat><speedMph>444</speedMph><altitudeFt>25500</altitudeFt><source>ASDI</source><date>2013-08-02T11:23:41.000Z</date></position><position><lon>-85.08000183105469</lon><lat>35.220001220703125</lat><speedMph>444</speedMph><altitudeFt>24600</altitudeFt><source>ASDI</source><date>2013-08-02T11:22:41.000Z</date></position><position><lon>-85.12000274658203</lon><lat>35.099998474121094</lat><speedMph>444</speedMph><altitudeFt>23600</altitudeFt><source>ASDI</source><date>2013-08-02T11:21:41.000Z</date></position><position><lon>-85.12999725341797</lon><lat>35.0</lat><speedMph>459</speedMph><altitudeFt>22900</altitudeFt><source>ASDI</source><date>2013-08-02T11:20:41.000Z</date></position><position><lon>-85.22000122070312</lon><lat>34.900001525878906</lat><speedMph>451</speedMph><altitudeFt>22200</altitudeFt><source>ASDI</source><date>2013-08-02T11:19:41.000Z</date></position><position><lon>-85.30000305175781</lon><lat>34.81999969482422</lat><speedMph>444</speedMph><altitudeFt>21800</altitudeFt><source>ASDI</source><date>2013-08-02T11:18:41.000Z</date></position><position><lon>-85.4000015258789</lon><lat>34.72999954223633</lat><speedMph>444</speedMph><altitudeFt>21000</altitudeFt><source>ASDI</source><date>2013-08-02T11:17:41.000Z</date></position><position><lon>-85.4800033569336</lon><lat>34.650001525878906</lat><speedMph>429</speedMph><altitudeFt>20100</altitudeFt><source>ASDI</source><date>2013-08-02T11:16:41.000Z</date></position><position><lon>-85.58000183105469</lon><lat>34.58000183105469</lat><speedMph>429</speedMph><altitudeFt>19200</altitudeFt><source>ASDI</source><date>2013-08-02T11:15:41.000Z</date></position><position><lon>-85.66999816894531</lon><lat>34.5</lat><speedMph>429</speedMph><altitudeFt>18400</altitudeFt><source>ASDI</source><date>2013-08-02T11:14:41.000Z</date></position><position><lon>-85.75</lon><lat>34.41999816894531</lat><speedMph>415</speedMph><altitudeFt>17600</altitudeFt><source>ASDI</source><date>2013-08-02T11:13:41.000Z</date></position><position><lon>-85.8499984741211</lon><lat>34.33000183105469</lat><speedMph>415</speedMph><altitudeFt>16700</altitudeFt><source>ASDI</source><date>2013-08-02T11:12:41.000Z</date></position><position><lon>-85.93000030517578</lon><lat>34.27000045776367</lat><speedMph>415</speedMph><altitudeFt>15800</altitudeFt><source>ASDI</source><date>2013-08-02T11:11:41.000Z</date></position><position><lon>-86.0199966430664</lon><lat>34.18000030517578</lat><speedMph>410</speedMph><altitudeFt>15000</altitudeFt><source>ASDI</source><date>2013-08-02T11:10:41.000Z</date></position><position><lon>-86.0999984741211</lon><lat>34.119998931884766</lat><speedMph>404</speedMph><altitudeFt>14100</altitudeFt><source>ASDI</source><date>2013-08-02T11:09:41.000Z</date></position><position><lon>-86.18000030517578</lon><lat>34.029998779296875</lat><speedMph>383</speedMph><altitudeFt>13200</altitudeFt><source>ASDI</source><date>2013-08-02T11:08:41.000Z</date></position><position><lon>-86.2699966430664</lon><lat>33.970001220703125</lat><speedMph>358</speedMph><altitudeFt>12400</altitudeFt><source>ASDI</source><date>2013-08-02T11:07:41.000Z</date></position><position><lon>-86.3499984741211</lon><lat>33.880001068115234</lat><speedMph>329</speedMph><altitudeFt>11500</altitudeFt><source>ASDI</source><date>2013-08-02T11:06:41.000Z</date></position><position><lon>-86.41999816894531</lon><lat>33.83000183105469</lat><speedMph>313</speedMph><altitudeFt>10700</altitudeFt><source>ASDI</source><date>2013-08-02T11:05:41.000Z</date></position><position><lon>-86.4800033569336</lon><lat>33.77000045776367</lat><speedMph>302</speedMph><altitudeFt>9300</altitudeFt><source>ASDI</source><date>2013-08-02T11:04:41.000Z</date></position><position><lon>-86.55000305175781</lon><lat>33.720001220703125</lat><speedMph>275</speedMph><altitudeFt>7200</altitudeFt><source>ASDI</source><date>2013-08-02T11:03:41.000Z</date></position><position><lon>-86.62000274658203</lon><lat>33.650001525878906</lat><speedMph>243</speedMph><altitudeFt>5300</altitudeFt><source>ASDI</source><date>2013-08-02T11:02:41.000Z</date></position><position><lon>-86.66999816894531</lon><lat>33.599998474121094</lat><speedMph>222</speedMph><altitudeFt>3600</altitudeFt><source>ASDI</source><date>2013-08-02T11:01:41.000Z</date></position><position><lon>-86.72000122070312</lon><lat>33.56999969482422</lat><speedMph>0</speedMph><altitudeFt>31000</altitudeFt><source>ASDI</source><date>2013-08-02T11:00:41.000Z</date></position><position><lon>-86.7300033569336</lon><lat>33.56999969482422</lat><speedMph>196</speedMph><altitudeFt>1500</altitudeFt><source>ASDI</source><date>2013-08-02T11:00:22.000Z</date></position></positions><waypoints><waypoint><lon>-86.75</lon><lat>33.54999923706055</lat></waypoint><waypoint><lon>-86.73332977294922</lon><lat>34.233333587646484</lat></waypoint><waypoint><lon>-86.71666717529297</lon><lat>34.83333206176758</lat></waypoint><waypoint><lon>-86.71666717529297</lon><lat>35.61666488647461</lat></waypoint><waypoint><lon>-86.69999694824219</lon><lat>36.66666793823242</lat></waypoint><waypoint><lon>-86.68333435058594</lon><lat>37.28333282470703</lat></waypoint><waypoint><lon>-86.68333435058594</lon><lat>37.54999923706055</lat></waypoint><waypoint><lon>-86.66666412353516</lon><lat>38.599998474121094</lat></waypoint><waypoint><lon>-86.66666412353516</lon><lat>38.78333282470703</lat></waypoint><waypoint><lon>-86.6500015258789</lon><lat>39.11666488647461</lat></waypoint><waypoint><lon>-86.63333129882812</lon><lat>40.18333435058594</lat></waypoint><waypoint><lon>-86.63333129882812</lon><lat>40.650001525878906</lat></waypoint><waypoint><lon>-86.63333129882812</lon><lat>40.71666717529297</lat></waypoint><waypoint><lon>-86.6500015258789</lon><lat>40.66666793823242</lat></waypoint><waypoint><lon>-86.75</lon><lat>40.43333435058594</lat></waypoint><waypoint><lon>-86.81666564941406</lon><lat>40.29999923706055</lat></waypoint><waypoint><lon>-86.81666564941406</lon><lat>40.28333282470703</lat></waypoint><waypoint><lon>-86.86666870117188</lon><lat>40.150001525878906</lat></waypoint><waypoint><lon>-86.86666870117188</lon><lat>40.150001525878906</lat></waypoint><waypoint><lon>-86.83333587646484</lon><lat>40.13333511352539</lat></waypoint><waypoint><lon>-86.61666870117188</lon><lat>39.983333587646484</lat></waypoint><waypoint><lon>-86.46666717529297</lon><lat>39.88333511352539</lat></waypoint><waypoint><lon>-86.41666412353516</lon><lat>39.849998474121094</lat></waypoint><waypoint><lon>-86.41666412353516</lon><lat>39.849998474121094</lat></waypoint><waypoint><lon>-86.38333129882812</lon><lat>39.81666564941406</lat></waypoint><waypoint><lon>-86.36666870117188</lon><lat>39.79999923706055</lat></waypoint><waypoint><lon>-86.31666564941406</lon><lat>39.75</lat></waypoint><waypoint><lon>-86.28333282470703</lon><lat>39.71666717529297</lat></waypoint></waypoints><legacyRoute>KBHM./.OKK295029..JAKKS..VHP..KIND</legacyRoute></flightTrack><flightTrack><flightId>304978022</flightId><carrierFsCode>EV</carrierFsCode><flightNumber>5946</flightNumber><departureAirportFsCode>IND</departureAirportFsCode><arrivalAirportFsCode>ORD</arrivalAirportFsCode><departureDate><dateLocal>2013-08-02T11:03:00.000</dateLocal><dateUtc>2013-08-02T15:03:00.000Z</dateUtc></departureDate><delayMinutes>2</delayMinutes><bearing>332.27459246957784</bearing><positions/></flightTrack></flightTracks><request><url>https://api.flightstats.com/flex/flightstatus/rest/v2/xml/flight/tracks/EV/5946/arr/2013/8/2</url><airline><requestedCode>EV</requestedCode><fsCode>EV</fsCode></airline><flight><requested>5946</requested><interpreted>5946</interpreted></flight><date><year>2013</year><month>8</month><day>2</day><interpreted>2013-08-02</interpreted></date><hourOfDay><interpreted>0</interpreted></hourOfDay><numHours><interpreted>24</interpreted></numHours><utc><requested>false</requested><interpreted>false</interpreted></utc><airport/><includeFlightPlan><requested>true</requested><interpreted>true</interpreted></includeFlightPlan><maxPositions/><maxPositionAgeMinutes/><codeType/><extendedOptions/></request></response>