<?xml version="1.0" encoding="UTF-8" standalone="yes"?><response><appendix><airlines><airline><fs>OO</fs><iata>OO</iata><icao>SKW</icao><name>SkyWest Airlines</name><active>true</active></airline></airlines><airports><airport><fs>ACV</fs><iata>ACV</iata><icao>KACV</icao><faa>ACV</faa><name>Arcata Airport</name><street1>1106 Second Street</street1><street2></street2><city>Arcata</city><cityCode>ACV</cityCode><stateCode>CA</stateCode><postalCode>95501</postalCode><countryCode>US</countryCode><countryName>United States</countryName><regionName>North America</regionName><timeZoneRegionName>America/Los_Angeles</timeZoneRegionName><weatherZone>CAZ001</weatherZone><localTime>2013-08-12T02:04:54.259</localTime><utcOffsetHours>-7.0</utcOffsetHours><latitude>40.970912</latitude><longitude>-124.106929</longitude><elevationFeet>218</elevationFeet><classification>4</classification><active>true</active><delayIndexUrl>https://api.flightstats.com/flex/delayindex/rest/v1/json/airports/ACV?codeType=fs</delayIndexUrl><weatherUrl>https://api.flightstats.com/flex/weather/rest/v1/json/all/ACV?codeType=fs</weatherUrl></airport><airport><fs>SFO</fs><iata>SFO</iata><icao>KSFO</icao><faa>SFO</faa><name>San Francisco International Airport</name><city>San Francisco</city><cityCode>SFO</cityCode><stateCode>CA</stateCode><postalCode>94128</postalCode><countryCode>US</countryCode><countryName>United States</countryName><regionName>North America</regionName><timeZoneRegionName>America/Los_Angeles</timeZoneRegionName><weatherZone>CAZ508</weatherZone><localTime>2013-08-12T02:04:54.259</localTime><utcOffsetHours>-7.0</utcOffsetHours><latitude>37.615215</latitude><longitude>-122.389881</longitude><elevationFeet>11</elevationFeet><classification>1</classification><active>true</active><delayIndexUrl>https://api.flightstats.com/flex/delayindex/rest/v1/json/airports/SFO?codeType=fs</delayIndexUrl><weatherUrl>https://api.flightstats.com/flex/weather/rest/v1/json/all/SFO?codeType=fs</weatherUrl></airport></airports></appendix><flightTracks><flightTrack><flightId>305663820</flightId><carrierFsCode>OO</carrierFsCode><flightNumber>6329</flightNumber><callsign>SKW6329</callsign><departureAirportFsCode>SFO</departureAirportFsCode><arrivalAirportFsCode>ACV</arrivalAirportFsCode><departureDate><dateLocal>2013-08-11T06:41:00.000</dateLocal><dateUtc>2013-08-11T13:41:00.000Z</dateUtc></departureDate><equipment>E120</equipment><delayMinutes>3</delayMinutes><bearing>279.87566221958673</bearing><heading>339.321576742445</heading><positions><position><lon>-124.0999984741211</lon><lat>40.970001220703125</lat><speedMph>78</speedMph><altitudeFt>200</altitudeFt><source>ASDI</source><date>2013-08-11T14:57:09.000Z</date></position><position><lon>-124.0999984741211</lon><lat>40.970001220703125</lat><speedMph>147</speedMph><altitudeFt>200</altitudeFt><source>ASDI</source><date>2013-08-11T14:56:08.000Z</date></position><position><lon>-124.08000183105469</lon><lat>40.93000030517578</lat><speedMph>147</speedMph><altitudeFt>900</altitudeFt><source>ASDI</source><date>2013-08-11T14:55:07.000Z</date></position><position><lon>-124.05000305175781</lon><lat>40.900001525878906</lat><speedMph>153</speedMph><altitudeFt>1500</altitudeFt><source>ASDI</source><date>2013-08-11T14:54:07.000Z</date></position><position><lon>-124.05000305175781</lon><lat>40.880001068115234</lat><speedMph>157</speedMph><altitudeFt>2000</altitudeFt><source>ASDI</source><date>2013-08-11T14:53:31.000Z</date></position><position><lon>-124.02999877929688</lon><lat>40.869998931884766</lat><speedMph>160</speedMph><altitudeFt>2200</altitudeFt><source>ASDI</source><date>2013-08-11T14:53:06.000Z</date></position><position><lon>-124.0199966430664</lon><lat>40.849998474121094</lat><speedMph>167</speedMph><altitudeFt>2600</altitudeFt><source>ASDI</source><date>2013-08-11T14:52:30.000Z</date></position><position><lon>-124.0199966430664</lon><lat>40.83000183105469</lat><speedMph>173</speedMph><altitudeFt>2900</altitudeFt><source>ASDI</source><date>2013-08-11T14:52:05.000Z</date></position><position><lon>-124.0</lon><lat>40.81999969482422</lat><speedMph>185</speedMph><altitudeFt>3400</altitudeFt><source>ASDI</source><date>2013-08-11T14:51:29.000Z</date></position><position><lon>-123.9800033569336</lon><lat>40.79999923706055</lat><speedMph>199</speedMph><altitudeFt>3700</altitudeFt><source>ASDI</source><date>2013-08-11T14:51:04.000Z</date></position><position><lon>-123.9800033569336</lon><lat>40.779998779296875</lat><speedMph>232</speedMph><altitudeFt>4100</altitudeFt><source>ASDI</source><date>2013-08-11T14:50:29.000Z</date></position><position><lon>-123.97000122070312</lon><lat>40.77000045776367</lat><speedMph>242</speedMph><altitudeFt>4500</altitudeFt><source>ASDI</source><date>2013-08-11T14:50:04.000Z</date></position><position><lon>-123.94999694824219</lon><lat>40.72999954223633</lat><speedMph>245</speedMph><altitudeFt>5100</altitudeFt><source>ASDI</source><date>2013-08-11T14:49:28.000Z</date></position><position><lon>-123.93000030517578</lon><lat>40.720001220703125</lat><speedMph>243</speedMph><altitudeFt>5500</altitudeFt><source>ASDI</source><date>2013-08-11T14:49:03.000Z</date></position><position><lon>-123.9000015258789</lon><lat>40.68000030517578</lat><speedMph>236</speedMph><altitudeFt>6000</altitudeFt><source>ASDI</source><date>2013-08-11T14:48:27.000Z</date></position><position><lon>-123.9000015258789</lon><lat>40.66999816894531</lat><speedMph>234</speedMph><altitudeFt>6700</altitudeFt><source>ASDI</source><date>2013-08-11T14:48:02.000Z</date></position><position><lon>-123.87999725341797</lon><lat>40.630001068115234</lat><speedMph>239</speedMph><altitudeFt>7200</altitudeFt><source>ASDI</source><date>2013-08-11T14:47:26.000Z</date></position><position><lon>-123.87000274658203</lon><lat>40.619998931884766</lat><speedMph>245</speedMph><altitudeFt>7200</altitudeFt><source>ASDI</source><date>2013-08-11T14:47:02.000Z</date></position><position><lon>-123.8499984741211</lon><lat>40.58000183105469</lat><speedMph>258</speedMph><altitudeFt>7300</altitudeFt><source>ASDI</source><date>2013-08-11T14:46:25.000Z</date></position><position><lon>-123.83000183105469</lon><lat>40.56999969482422</lat><speedMph>268</speedMph><altitudeFt>7300</altitudeFt><source>ASDI</source><date>2013-08-11T14:46:01.000Z</date></position><position><lon>-123.81999969482422</lon><lat>40.529998779296875</lat><speedMph>283</speedMph><altitudeFt>7300</altitudeFt><source>ASDI</source><date>2013-08-11T14:45:25.000Z</date></position><position><lon>-123.77999877929688</lon><lat>40.52000045776367</lat><speedMph>288</speedMph><altitudeFt>7300</altitudeFt><source>ASDI</source><date>2013-08-11T14:45:00.000Z</date></position><position><lon>-123.7699966430664</lon><lat>40.47999954223633</lat><speedMph>284</speedMph><altitudeFt>7300</altitudeFt><source>ASDI</source><date>2013-08-11T14:44:24.000Z</date></position><position><lon>-123.7300033569336</lon><lat>40.470001220703125</lat><speedMph>276</speedMph><altitudeFt>7300</altitudeFt><source>ASDI</source><date>2013-08-11T14:44:00.000Z</date></position><position><lon>-123.68000030517578</lon><lat>40.41999816894531</lat><speedMph>258</speedMph><altitudeFt>8500</altitudeFt><source>ASDI</source><date>2013-08-11T14:43:23.000Z</date></position><position><lon>-123.66999816894531</lon><lat>40.380001068115234</lat><speedMph>252</speedMph><altitudeFt>9200</altitudeFt><source>ASDI</source><date>2013-08-11T14:42:59.000Z</date></position><position><lon>-123.62999725341797</lon><lat>40.369998931884766</lat><speedMph>246</speedMph><altitudeFt>9900</altitudeFt><source>ASDI</source><date>2013-08-11T14:42:22.000Z</date></position><position><lon>-123.62000274658203</lon><lat>40.33000183105469</lat><speedMph>245</speedMph><altitudeFt>10000</altitudeFt><source>ASDI</source><date>2013-08-11T14:41:58.000Z</date></position><position><lon>-123.58000183105469</lon><lat>40.31999969482422</lat><speedMph>247</speedMph><altitudeFt>10000</altitudeFt><source>ASDI</source><date>2013-08-11T14:41:22.000Z</date></position><position><lon>-123.56999969482422</lon><lat>40.29999923706055</lat><speedMph>252</speedMph><altitudeFt>10000</altitudeFt><source>ASDI</source><date>2013-08-11T14:40:57.000Z</date></position><position><lon>-123.55000305175781</lon><lat>40.27000045776367</lat><speedMph>265</speedMph><altitudeFt>10000</altitudeFt><source>ASDI</source><date>2013-08-11T14:40:21.000Z</date></position><position><lon>-123.52999877929688</lon><lat>40.25</lat><speedMph>275</speedMph><altitudeFt>10000</altitudeFt><source>ASDI</source><date>2013-08-11T14:39:57.000Z</date></position><position><lon>-123.5</lon><lat>40.220001220703125</lat><speedMph>290</speedMph><altitudeFt>10000</altitudeFt><source>ASDI</source><date>2013-08-11T14:39:20.000Z</date></position><position><lon>-123.4800033569336</lon><lat>40.20000076293945</lat><speedMph>298</speedMph><altitudeFt>10000</altitudeFt><source>ASDI</source><date>2013-08-11T14:38:56.000Z</date></position><position><lon>-123.44999694824219</lon><lat>40.16999816894531</lat><speedMph>305</speedMph><altitudeFt>10000</altitudeFt><source>ASDI</source><date>2013-08-11T14:38:19.000Z</date></position><position><lon>-123.43000030517578</lon><lat>40.150001525878906</lat><speedMph>308</speedMph><altitudeFt>10000</altitudeFt><source>ASDI</source><date>2013-08-11T14:37:55.000Z</date></position><position><lon>-123.4000015258789</lon><lat>40.099998474121094</lat><speedMph>312</speedMph><altitudeFt>11000</altitudeFt><source>ASDI</source><date>2013-08-11T14:37:19.000Z</date></position><position><lon>-123.37999725341797</lon><lat>40.08000183105469</lat><speedMph>318</speedMph><altitudeFt>11800</altitudeFt><source>ASDI</source><date>2013-08-11T14:36:55.000Z</date></position><position><lon>-123.3499984741211</lon><lat>40.04999923706055</lat><speedMph>326</speedMph><altitudeFt>13100</altitudeFt><source>ASDI</source><date>2013-08-11T14:36:18.000Z</date></position><position><lon>-123.31999969482422</lon><lat>40.02000045776367</lat><speedMph>323</speedMph><altitudeFt>13900</altitudeFt><source>ASDI</source><date>2013-08-11T14:35:54.000Z</date></position><position><lon>-123.27999877929688</lon><lat>39.97999954223633</lat><speedMph>333</speedMph><altitudeFt>15200</altitudeFt><source>ASDI</source><date>2013-08-11T14:35:17.000Z</date></position><position><lon>-123.2699966430664</lon><lat>39.95000076293945</lat><speedMph>326</speedMph><altitudeFt>16000</altitudeFt><source>ASDI</source><date>2013-08-11T14:34:53.000Z</date></position><position><lon>-123.22000122070312</lon><lat>39.91999816894531</lat><speedMph>330</speedMph><altitudeFt>17500</altitudeFt><source>ASDI</source><date>2013-08-11T14:34:17.000Z</date></position><position><lon>-123.19999694824219</lon><lat>39.900001525878906</lat><speedMph>327</speedMph><altitudeFt>18200</altitudeFt><source>ASDI</source><date>2013-08-11T14:33:53.000Z</date></position><position><lon>-123.1500015258789</lon><lat>39.849998474121094</lat><speedMph>325</speedMph><altitudeFt>19700</altitudeFt><source>ASDI</source><date>2013-08-11T14:33:16.000Z</date></position><position><lon>-123.12999725341797</lon><lat>39.83000183105469</lat><speedMph>328</speedMph><altitudeFt>20500</altitudeFt><source>ASDI</source><date>2013-08-11T14:32:52.000Z</date></position><position><lon>-123.0999984741211</lon><lat>39.79999923706055</lat><speedMph>342</speedMph><altitudeFt>21700</altitudeFt><source>ASDI</source><date>2013-08-11T14:32:15.000Z</date></position><position><lon>-123.08000183105469</lon><lat>39.77000045776367</lat><speedMph>350</speedMph><altitudeFt>22300</altitudeFt><source>ASDI</source><date>2013-08-11T14:31:52.000Z</date></position><position><lon>-123.02999877929688</lon><lat>39.72999954223633</lat><speedMph>360</speedMph><altitudeFt>23400</altitudeFt><source>ASDI</source><date>2013-08-11T14:31:14.000Z</date></position><position><lon>-123.0199966430664</lon><lat>39.70000076293945</lat><speedMph>365</speedMph><altitudeFt>23900</altitudeFt><source>ASDI</source><date>2013-08-11T14:30:51.000Z</date></position><position><lon>-122.97000122070312</lon><lat>39.650001525878906</lat><speedMph>346</speedMph><altitudeFt>24400</altitudeFt><source>ASDI</source><date>2013-08-11T14:30:14.000Z</date></position><position><lon>-122.94999694824219</lon><lat>39.630001068115234</lat><speedMph>339</speedMph><altitudeFt>24700</altitudeFt><source>ASDI</source><date>2013-08-11T14:29:50.000Z</date></position><position><lon>-122.9000015258789</lon><lat>39.58000183105469</lat><speedMph>331</speedMph><altitudeFt>25600</altitudeFt><source>ASDI</source><date>2013-08-11T14:29:13.000Z</date></position><position><lon>-122.87999725341797</lon><lat>39.56999969482422</lat><speedMph>328</speedMph><altitudeFt>25900</altitudeFt><source>ASDI</source><date>2013-08-11T14:28:50.000Z</date></position><position><lon>-122.8499984741211</lon><lat>39.52000045776367</lat><speedMph>328</speedMph><altitudeFt>26000</altitudeFt><source>ASDI</source><date>2013-08-11T14:28:12.000Z</date></position><position><lon>-122.83000183105469</lon><lat>39.5</lat><speedMph>328</speedMph><altitudeFt>26000</altitudeFt><source>ASDI</source><date>2013-08-11T14:27:49.000Z</date></position><position><lon>-122.77999877929688</lon><lat>39.45000076293945</lat><speedMph>326</speedMph><altitudeFt>26000</altitudeFt><source>ASDI</source><date>2013-08-11T14:27:11.000Z</date></position><position><lon>-122.7699966430664</lon><lat>39.41999816894531</lat><speedMph>327</speedMph><altitudeFt>26000</altitudeFt><source>ASDI</source><date>2013-08-11T14:26:48.000Z</date></position><position><lon>-122.7300033569336</lon><lat>39.380001068115234</lat><speedMph>326</speedMph><altitudeFt>26000</altitudeFt><source>ASDI</source><date>2013-08-11T14:26:11.000Z</date></position><position><lon>-122.69999694824219</lon><lat>39.369998931884766</lat><speedMph>322</speedMph><altitudeFt>26000</altitudeFt><source>ASDI</source><date>2013-08-11T14:25:48.000Z</date></position><position><lon>-122.66999816894531</lon><lat>39.31999969482422</lat><speedMph>323</speedMph><altitudeFt>26000</altitudeFt><source>ASDI</source><date>2013-08-11T14:25:10.000Z</date></position><position><lon>-122.6500015258789</lon><lat>39.29999923706055</lat><speedMph>325</speedMph><altitudeFt>26000</altitudeFt><source>ASDI</source><date>2013-08-11T14:24:47.000Z</date></position><position><lon>-122.62000274658203</lon><lat>39.27000045776367</lat><speedMph>323</speedMph><altitudeFt>26000</altitudeFt><source>ASDI</source><date>2013-08-11T14:24:09.000Z</date></position><position><lon>-122.58000183105469</lon><lat>39.22999954223633</lat><speedMph>328</speedMph><altitudeFt>26000</altitudeFt><source>ASDI</source><date>2013-08-11T14:23:47.000Z</date></position><position><lon>-122.55000305175781</lon><lat>39.20000076293945</lat><speedMph>327</speedMph><altitudeFt>26000</altitudeFt><source>ASDI</source><date>2013-08-11T14:23:09.000Z</date></position><position><lon>-122.41999816894531</lon><lat>39.06999969482422</lat><speedMph>304</speedMph><altitudeFt>25900</altitudeFt><source>ASDI</source><date>2013-08-11T14:21:07.000Z</date></position><position><lon>-122.37000274658203</lon><lat>39.0</lat><speedMph>305</speedMph><altitudeFt>25400</altitudeFt><source>ASDI</source><date>2013-08-11T14:20:06.000Z</date></position><position><lon>-122.31999969482422</lon><lat>38.93000030517578</lat><speedMph>306</speedMph><altitudeFt>24700</altitudeFt><source>ASDI</source><date>2013-08-11T14:19:06.000Z</date></position><position><lon>-122.30000305175781</lon><lat>38.869998931884766</lat><speedMph>316</speedMph><altitudeFt>24000</altitudeFt><source>ASDI</source><date>2013-08-11T14:18:05.000Z</date></position><position><lon>-122.31999969482422</lon><lat>38.779998779296875</lat><speedMph>306</speedMph><altitudeFt>23200</altitudeFt><source>ASDI</source><date>2013-08-11T14:17:04.000Z</date></position><position><lon>-122.31999969482422</lon><lat>38.720001220703125</lat><speedMph>315</speedMph><altitudeFt>22600</altitudeFt><source>ASDI</source><date>2013-08-11T14:16:04.000Z</date></position><position><lon>-122.31999969482422</lon><lat>38.650001525878906</lat><speedMph>306</speedMph><altitudeFt>22000</altitudeFt><source>ASDI</source><date>2013-08-11T14:15:03.000Z</date></position><position><lon>-122.33000183105469</lon><lat>38.54999923706055</lat><speedMph>296</speedMph><altitudeFt>21200</altitudeFt><source>ASDI</source><date>2013-08-11T14:14:02.000Z</date></position><position><lon>-122.33000183105469</lon><lat>38.47999954223633</lat><speedMph>283</speedMph><altitudeFt>20600</altitudeFt><source>ASDI</source><date>2013-08-11T14:13:02.000Z</date></position><position><lon>-122.3499984741211</lon><lat>38.41999816894531</lat><speedMph>281</speedMph><altitudeFt>19800</altitudeFt><source>ASDI</source><date>2013-08-11T14:12:01.000Z</date></position><position><lon>-122.3499984741211</lon><lat>38.349998474121094</lat><speedMph>274</speedMph><altitudeFt>18800</altitudeFt><source>ASDI</source><date>2013-08-11T14:11:00.000Z</date></position><position><lon>-122.3499984741211</lon><lat>38.279998779296875</lat><speedMph>276</speedMph><altitudeFt>17800</altitudeFt><source>ASDI</source><date>2013-08-11T14:10:00.000Z</date></position><position><lon>-122.37000274658203</lon><lat>38.220001220703125</lat><speedMph>273</speedMph><altitudeFt>16700</altitudeFt><source>ASDI</source><date>2013-08-11T14:08:59.000Z</date></position><position><lon>-122.37000274658203</lon><lat>38.150001525878906</lat><speedMph>265</speedMph><altitudeFt>15600</altitudeFt><source>ASDI</source><date>2013-08-11T14:07:58.000Z</date></position><position><lon>-122.37000274658203</lon><lat>38.08000183105469</lat><speedMph>259</speedMph><altitudeFt>14400</altitudeFt><source>ASDI</source><date>2013-08-11T14:06:57.000Z</date></position><position><lon>-122.37000274658203</lon><lat>38.02000045776367</lat><speedMph>255</speedMph><altitudeFt>13200</altitudeFt><source>ASDI</source><date>2013-08-11T14:05:57.000Z</date></position><position><lon>-122.37999725341797</lon><lat>37.970001220703125</lat><speedMph>255</speedMph><altitudeFt>11600</altitudeFt><source>ASDI</source><date>2013-08-11T14:04:56.000Z</date></position><position><lon>-122.37999725341797</lon><lat>37.900001525878906</lat><speedMph>243</speedMph><altitudeFt>10000</altitudeFt><source>ASDI</source><date>2013-08-11T14:03:55.000Z</date></position><position><lon>-122.37000274658203</lon><lat>37.83000183105469</lat><speedMph>239</speedMph><altitudeFt>8400</altitudeFt><source>ASDI</source><date>2013-08-11T14:02:55.000Z</date></position><position><lon>-122.37999725341797</lon><lat>37.83000183105469</lat><speedMph>243</speedMph><altitudeFt>8000</altitudeFt><source>ASDI</source><date>2013-08-11T14:02:41.000Z</date></position><position><lon>-122.37000274658203</lon><lat>37.77000045776367</lat><speedMph>234</speedMph><altitudeFt>6300</altitudeFt><source>ASDI</source><date>2013-08-11T14:01:54.000Z</date></position><position><lon>-122.37000274658203</lon><lat>37.779998779296875</lat><speedMph>244</speedMph><altitudeFt>6200</altitudeFt><source>ASDI</source><date>2013-08-11T14:01:41.000Z</date></position><position><lon>-122.3499984741211</lon><lat>37.720001220703125</lat><speedMph>201</speedMph><altitudeFt>4700</altitudeFt><source>ASDI</source><date>2013-08-11T14:00:53.000Z</date></position><position><lon>-122.3499984741211</lon><lat>37.720001220703125</lat><speedMph>219</speedMph><altitudeFt>4600</altitudeFt><source>ASDI</source><date>2013-08-11T14:00:41.000Z</date></position><position><lon>-122.3499984741211</lon><lat>37.66999816894531</lat><speedMph>188</speedMph><altitudeFt>2700</altitudeFt><source>ASDI</source><date>2013-08-11T13:59:53.000Z</date></position><position><lon>-122.37000274658203</lon><lat>37.66999816894531</lat><speedMph>192</speedMph><altitudeFt>2700</altitudeFt><source>ASDI</source><date>2013-08-11T13:59:41.000Z</date></position><position><lon>-122.37000274658203</lon><lat>37.630001068115234</lat><speedMph>0</speedMph><altitudeFt>26000</altitudeFt><source>ASDI</source><date>2013-08-11T13:58:52.000Z</date></position></positions><waypoints><waypoint><lon>-122.36666870117188</lon><lat>37.61666488647461</lat></waypoint><waypoint><lon>-122.3499984741211</lon><lat>37.71666717529297</lat></waypoint><waypoint><lon>-122.3499984741211</lon><lat>37.733333587646484</lat></waypoint><waypoint><lon>-122.3499984741211</lon><lat>37.733333587646484</lat></waypoint><waypoint><lon>-122.36666870117188</lon><lat>37.83333206176758</lat></waypoint><waypoint><lon>-122.36666870117188</lon><lat>37.83333206176758</lat></waypoint><waypoint><lon>-122.36666870117188</lon><lat>37.88333511352539</lat></waypoint><waypoint><lon>-122.38333129882812</lon><lat>37.93333435058594</lat></waypoint><waypoint><lon>-122.36666870117188</lon><lat>37.95000076293945</lat></waypoint><waypoint><lon>-122.36666870117188</lon><lat>37.95000076293945</lat></waypoint><waypoint><lon>-122.36666870117188</lon><lat>38.016666412353516</lat></waypoint><waypoint><lon>-122.36666870117188</lon><lat>38.03333282470703</lat></waypoint><waypoint><lon>-122.36666870117188</lon><lat>38.16666793823242</lat></waypoint><waypoint><lon>-122.36666870117188</lon><lat>38.20000076293945</lat></waypoint><waypoint><lon>-122.3499984741211</lon><lat>38.41666793823242</lat></waypoint><waypoint><lon>-122.33333587646484</lon><lat>38.58333206176758</lat></waypoint><waypoint><lon>-122.33333587646484</lon><lat>38.599998474121094</lat></waypoint><waypoint><lon>-122.31666564941406</lon><lat>38.75</lat></waypoint><waypoint><lon>-122.30000305175781</lon><lat>38.78333282470703</lat></waypoint><waypoint><lon>-122.30000305175781</lon><lat>38.83333206176758</lat></waypoint><waypoint><lon>-122.36666870117188</lon><lat>38.91666793823242</lat></waypoint><waypoint><lon>-122.41666412353516</lon><lat>38.983333587646484</lat></waypoint><waypoint><lon>-122.48332977294922</lon><lat>39.04999923706055</lat></waypoint><waypoint><lon>-122.5</lon><lat>39.08333206176758</lat></waypoint><waypoint><lon>-122.5999984741211</lon><lat>39.18333435058594</lat></waypoint><waypoint><lon>-122.6500015258789</lon><lat>39.25</lat></waypoint><waypoint><lon>-122.80000305175781</lon><lat>39.41666793823242</lat></waypoint><waypoint><lon>-123.19999694824219</lon><lat>39.86666488647461</lat></waypoint><waypoint><lon>-123.19999694824219</lon><lat>39.86666488647461</lat></waypoint><waypoint><lon>-123.43333435058594</lon><lat>40.150001525878906</lat></waypoint><waypoint><lon>-123.53333282470703</lon><lat>40.25</lat></waypoint><waypoint><lon>-123.56666564941406</lon><lat>40.28333282470703</lat></waypoint><waypoint><lon>-123.58333587646484</lon><lat>40.28333282470703</lat></waypoint><waypoint><lon>-123.61666870117188</lon><lat>40.33333206176758</lat></waypoint><waypoint><lon>-123.69999694824219</lon><lat>40.43333435058594</lat></waypoint><waypoint><lon>-123.81666564941406</lon><lat>40.54999923706055</lat></waypoint><waypoint><lon>-123.8499984741211</lon><lat>40.599998474121094</lat></waypoint><waypoint><lon>-123.94999694824219</lon><lat>40.75</lat></waypoint><waypoint><lon>-123.94999694824219</lon><lat>40.75</lat></waypoint><waypoint><lon>-123.96666717529297</lon><lat>40.78333282470703</lat></waypoint><waypoint><lon>-124.0</lon><lat>40.83333206176758</lat></waypoint><waypoint><lon>-124.05000305175781</lon><lat>40.900001525878906</lat></waypoint><waypoint><lon>-124.0999984741211</lon><lat>40.96666717529297</lat></waypoint><waypoint><lon>-124.0999984741211</lon><lat>40.96666717529297</lat></waypoint></waypoints><legacyRoute>KSFO./.PYE013053..YAGER..KNEES..KACV/1459</legacyRoute></flightTrack><flightTrack><flightId>305591321</flightId><carrierFsCode>OO</carrierFsCode><flightNumber>6329</flightNumber><callsign>SKW6329</callsign><departureAirportFsCode>ACV</departureAirportFsCode><arrivalAirportFsCode>SFO</arrivalAirportFsCode><departureDate><dateLocal>2013-08-11T08:27:00.000</dateLocal><dateUtc>2013-08-11T15:27:00.000Z</dateUtc></departureDate><equipment>E120</equipment><delayMinutes>138</delayMinutes><bearing>181.74712774480417</bearing><heading>51.42928402096666</heading><positions><position><lon>-122.27999877929688</lon><lat>40.470001220703125</lat><speedMph>177</speedMph><altitudeFt>800</altitudeFt><source>ASDI</source><date>2013-08-11T18:45:44.000Z</date></position><position><lon>-122.27999877929688</lon><lat>40.43000030517578</lat><speedMph>200</speedMph><altitudeFt>1800</altitudeFt><source>ASDI</source><date>2013-08-11T18:44:42.000Z</date></position><position><lon>-122.27999877929688</lon><lat>40.400001525878906</lat><speedMph>213</speedMph><altitudeFt>3600</altitudeFt><source>ASDI</source><date>2013-08-11T18:43:40.000Z</date></position><position><lon>-122.27999877929688</lon><lat>40.349998474121094</lat><speedMph>227</speedMph><altitudeFt>5600</altitudeFt><source>ASDI</source><date>2013-08-11T18:42:38.000Z</date></position><position><lon>-122.3499984741211</lon><lat>40.369998931884766</lat><speedMph>245</speedMph><altitudeFt>8300</altitudeFt><source>ASDI</source><date>2013-08-11T18:41:37.000Z</date></position><position><lon>-122.44999694824219</lon><lat>40.369998931884766</lat><speedMph>253</speedMph><altitudeFt>10900</altitudeFt><source>ASDI</source><date>2013-08-11T18:40:35.000Z</date></position><position><lon>-122.52999877929688</lon><lat>40.349998474121094</lat><speedMph>255</speedMph><altitudeFt>13200</altitudeFt><source>ASDI</source><date>2013-08-11T18:39:33.000Z</date></position><position><lon>-122.5999984741211</lon><lat>40.349998474121094</lat><speedMph>255</speedMph><altitudeFt>14400</altitudeFt><source>ASDI</source><date>2013-08-11T18:38:31.000Z</date></position><position><lon>-122.68000030517578</lon><lat>40.33000183105469</lat><speedMph>253</speedMph><altitudeFt>15000</altitudeFt><source>ASDI</source><date>2013-08-11T18:37:29.000Z</date></position><position><lon>-122.7699966430664</lon><lat>40.31999969482422</lat><speedMph>254</speedMph><altitudeFt>15000</altitudeFt><source>ASDI</source><date>2013-08-11T18:36:28.000Z</date></position><position><lon>-122.8499984741211</lon><lat>40.31999969482422</lat><speedMph>261</speedMph><altitudeFt>15000</altitudeFt><source>ASDI</source><date>2013-08-11T18:35:26.000Z</date></position><position><lon>-122.91999816894531</lon><lat>40.29999923706055</lat><speedMph>260</speedMph><altitudeFt>15000</altitudeFt><source>ASDI</source><date>2013-08-11T18:34:24.000Z</date></position><position><lon>-123.0199966430664</lon><lat>40.279998779296875</lat><speedMph>255</speedMph><altitudeFt>15000</altitudeFt><source>ASDI</source><date>2013-08-11T18:33:23.000Z</date></position><position><lon>-123.08000183105469</lon><lat>40.25</lat><speedMph>251</speedMph><altitudeFt>15000</altitudeFt><source>ASDI</source><date>2013-08-11T18:32:21.000Z</date></position><position><lon>-123.0999984741211</lon><lat>40.25</lat><speedMph>250</speedMph><altitudeFt>15000</altitudeFt><source>ASDI</source><date>2013-08-11T18:32:01.000Z</date></position><position><lon>-123.16999816894531</lon><lat>40.22999954223633</lat><speedMph>252</speedMph><altitudeFt>15000</altitudeFt><source>ASDI</source><date>2013-08-11T18:31:19.000Z</date></position><position><lon>-123.19999694824219</lon><lat>40.22999954223633</lat><speedMph>251</speedMph><altitudeFt>15100</altitudeFt><source>ASDI</source><date>2013-08-11T18:30:59.000Z</date></position><position><lon>-123.2300033569336</lon><lat>40.220001220703125</lat><speedMph>250</speedMph><altitudeFt>15100</altitudeFt><source>ASDI</source><date>2013-08-11T18:30:17.000Z</date></position><position><lon>-123.2699966430664</lon><lat>40.20000076293945</lat><speedMph>251</speedMph><altitudeFt>15100</altitudeFt><source>ASDI</source><date>2013-08-11T18:29:58.000Z</date></position><position><lon>-123.30000305175781</lon><lat>40.20000076293945</lat><speedMph>253</speedMph><altitudeFt>15000</altitudeFt><source>ASDI</source><date>2013-08-11T18:29:15.000Z</date></position><position><lon>-123.33000183105469</lon><lat>40.18000030517578</lat><speedMph>253</speedMph><altitudeFt>15000</altitudeFt><source>ASDI</source><date>2013-08-11T18:28:57.000Z</date></position><position><lon>-123.37999725341797</lon><lat>40.16999816894531</lat><speedMph>257</speedMph><altitudeFt>15000</altitudeFt><source>ASDI</source><date>2013-08-11T18:28:14.000Z</date></position><position><lon>-123.41999816894531</lon><lat>40.16999816894531</lat><speedMph>251</speedMph><altitudeFt>15000</altitudeFt><source>ASDI</source><date>2013-08-11T18:27:55.000Z</date></position><position><lon>-123.47000122070312</lon><lat>40.150001525878906</lat><speedMph>260</speedMph><altitudeFt>15000</altitudeFt><source>ASDI</source><date>2013-08-11T18:27:12.000Z</date></position><position><lon>-123.4800033569336</lon><lat>40.130001068115234</lat><speedMph>252</speedMph><altitudeFt>15000</altitudeFt><source>ASDI</source><date>2013-08-11T18:26:54.000Z</date></position><position><lon>-123.55000305175781</lon><lat>40.119998931884766</lat><speedMph>252</speedMph><altitudeFt>15000</altitudeFt><source>ASDI</source><date>2013-08-11T18:26:10.000Z</date></position><position><lon>-123.56999969482422</lon><lat>40.119998931884766</lat><speedMph>251</speedMph><altitudeFt>15000</altitudeFt><source>ASDI</source><date>2013-08-11T18:25:52.000Z</date></position><position><lon>-123.62000274658203</lon><lat>40.099998474121094</lat><speedMph>250</speedMph><altitudeFt>15000</altitudeFt><source>ASDI</source><date>2013-08-11T18:25:08.000Z</date></position><position><lon>-123.62999725341797</lon><lat>40.099998474121094</lat><speedMph>247</speedMph><altitudeFt>15000</altitudeFt><source>ASDI</source><date>2013-08-11T18:24:51.000Z</date></position><position><lon>-123.69999694824219</lon><lat>40.08000183105469</lat><speedMph>244</speedMph><altitudeFt>15000</altitudeFt><source>ASDI</source><date>2013-08-11T18:24:07.000Z</date></position><position><lon>-123.72000122070312</lon><lat>40.08000183105469</lat><speedMph>244</speedMph><altitudeFt>15000</altitudeFt><source>ASDI</source><date>2013-08-11T18:23:50.000Z</date></position><position><lon>-123.7699966430664</lon><lat>40.06999969482422</lat><speedMph>244</speedMph><altitudeFt>14900</altitudeFt><source>ASDI</source><date>2013-08-11T18:23:05.000Z</date></position><position><lon>-123.80000305175781</lon><lat>40.06999969482422</lat><speedMph>244</speedMph><altitudeFt>14800</altitudeFt><source>ASDI</source><date>2013-08-11T18:22:48.000Z</date></position><position><lon>-123.8499984741211</lon><lat>40.06999969482422</lat><speedMph>243</speedMph><altitudeFt>14500</altitudeFt><source>ASDI</source><date>2013-08-11T18:22:03.000Z</date></position><position><lon>-123.87999725341797</lon><lat>40.08000183105469</lat><speedMph>234</speedMph><altitudeFt>14200</altitudeFt><source>ASDI</source><date>2013-08-11T18:21:47.000Z</date></position><position><lon>-123.9000015258789</lon><lat>40.119998931884766</lat><speedMph>234</speedMph><altitudeFt>13700</altitudeFt><source>ASDI</source><date>2013-08-11T18:21:01.000Z</date></position><position><lon>-123.91999816894531</lon><lat>40.130001068115234</lat><speedMph>234</speedMph><altitudeFt>13600</altitudeFt><source>ASDI</source><date>2013-08-11T18:20:46.000Z</date></position><position><lon>-123.93000030517578</lon><lat>40.18000030517578</lat><speedMph>234</speedMph><altitudeFt>13100</altitudeFt><source>ASDI</source><date>2013-08-11T18:20:00.000Z</date></position><position><lon>-123.93000030517578</lon><lat>40.18000030517578</lat><speedMph>234</speedMph><altitudeFt>13000</altitudeFt><source>ASDI</source><date>2013-08-11T18:19:44.000Z</date></position><position><lon>-123.97000122070312</lon><lat>40.22999954223633</lat><speedMph>234</speedMph><altitudeFt>12500</altitudeFt><source>ASDI</source><date>2013-08-11T18:18:58.000Z</date></position><position><lon>-123.97000122070312</lon><lat>40.22999954223633</lat><speedMph>234</speedMph><altitudeFt>12400</altitudeFt><source>ASDI</source><date>2013-08-11T18:18:43.000Z</date></position><position><lon>-124.0</lon><lat>40.279998779296875</lat><speedMph>232</speedMph><altitudeFt>11900</altitudeFt><source>ASDI</source><date>2013-08-11T18:17:56.000Z</date></position><position><lon>-124.0</lon><lat>40.279998779296875</lat><speedMph>231</speedMph><altitudeFt>11800</altitudeFt><source>ASDI</source><date>2013-08-11T18:17:42.000Z</date></position><position><lon>-124.0199966430664</lon><lat>40.33000183105469</lat><speedMph>230</speedMph><altitudeFt>11300</altitudeFt><source>ASDI</source><date>2013-08-11T18:16:54.000Z</date></position><position><lon>-124.02999877929688</lon><lat>40.349998474121094</lat><speedMph>230</speedMph><altitudeFt>11100</altitudeFt><source>ASDI</source><date>2013-08-11T18:16:41.000Z</date></position><position><lon>-124.05000305175781</lon><lat>40.380001068115234</lat><speedMph>228</speedMph><altitudeFt>10700</altitudeFt><source>ASDI</source><date>2013-08-11T18:15:53.000Z</date></position><position><lon>-124.06999969482422</lon><lat>40.400001525878906</lat><speedMph>228</speedMph><altitudeFt>10600</altitudeFt><source>ASDI</source><date>2013-08-11T18:15:39.000Z</date></position><position><lon>-124.08000183105469</lon><lat>40.43000030517578</lat><speedMph>228</speedMph><altitudeFt>10100</altitudeFt><source>ASDI</source><date>2013-08-11T18:14:51.000Z</date></position><position><lon>-124.08000183105469</lon><lat>40.45000076293945</lat><speedMph>228</speedMph><altitudeFt>10000</altitudeFt><source>ASDI</source><date>2013-08-11T18:14:38.000Z</date></position><position><lon>-124.12000274658203</lon><lat>40.47999954223633</lat><speedMph>229</speedMph><altitudeFt>9600</altitudeFt><source>ASDI</source><date>2013-08-11T18:13:49.000Z</date></position><position><lon>-124.12000274658203</lon><lat>40.5</lat><speedMph>230</speedMph><altitudeFt>9500</altitudeFt><source>ASDI</source><date>2013-08-11T18:13:37.000Z</date></position><position><lon>-124.1500015258789</lon><lat>40.529998779296875</lat><speedMph>229</speedMph><altitudeFt>9000</altitudeFt><source>ASDI</source><date>2013-08-11T18:12:47.000Z</date></position><position><lon>-124.1500015258789</lon><lat>40.54999923706055</lat><speedMph>228</speedMph><altitudeFt>8900</altitudeFt><source>ASDI</source><date>2013-08-11T18:12:36.000Z</date></position><position><lon>-124.18000030517578</lon><lat>40.58000183105469</lat><speedMph>226</speedMph><altitudeFt>8300</altitudeFt><source>ASDI</source><date>2013-08-11T18:11:46.000Z</date></position><position><lon>-124.18000030517578</lon><lat>40.599998474121094</lat><speedMph>224</speedMph><altitudeFt>8200</altitudeFt><source>ASDI</source><date>2013-08-11T18:11:34.000Z</date></position><position><lon>-124.22000122070312</lon><lat>40.650001525878906</lat><speedMph>223</speedMph><altitudeFt>7600</altitudeFt><source>ASDI</source><date>2013-08-11T18:10:44.000Z</date></position><position><lon>-124.22000122070312</lon><lat>40.650001525878906</lat><speedMph>223</speedMph><altitudeFt>7600</altitudeFt><source>ASDI</source><date>2013-08-11T18:10:33.000Z</date></position><position><lon>-124.2300033569336</lon><lat>40.70000076293945</lat><speedMph>220</speedMph><altitudeFt>7000</altitudeFt><source>ASDI</source><date>2013-08-11T18:09:42.000Z</date></position><position><lon>-124.2300033569336</lon><lat>40.720001220703125</lat><speedMph>220</speedMph><altitudeFt>7000</altitudeFt><source>ASDI</source><date>2013-08-11T18:09:32.000Z</date></position><position><lon>-124.25</lon><lat>40.75</lat><speedMph>220</speedMph><altitudeFt>6600</altitudeFt><source>ASDI</source><date>2013-08-11T18:08:40.000Z</date></position><position><lon>-124.25</lon><lat>40.77000045776367</lat><speedMph>220</speedMph><altitudeFt>6500</altitudeFt><source>ASDI</source><date>2013-08-11T18:08:31.000Z</date></position><position><lon>-124.25</lon><lat>40.79999923706055</lat><speedMph>220</speedMph><altitudeFt>5900</altitudeFt><source>ASDI</source><date>2013-08-11T18:07:39.000Z</date></position><position><lon>-124.25</lon><lat>40.81999969482422</lat><speedMph>219</speedMph><altitudeFt>5800</altitudeFt><source>ASDI</source><date>2013-08-11T18:07:30.000Z</date></position><position><lon>-124.25</lon><lat>40.869998931884766</lat><speedMph>216</speedMph><altitudeFt>5100</altitudeFt><source>ASDI</source><date>2013-08-11T18:06:37.000Z</date></position><position><lon>-124.2699966430664</lon><lat>40.869998931884766</lat><speedMph>216</speedMph><altitudeFt>5000</altitudeFt><source>ASDI</source><date>2013-08-11T18:06:28.000Z</date></position><position><lon>-124.2699966430664</lon><lat>40.91999816894531</lat><speedMph>213</speedMph><altitudeFt>4300</altitudeFt><source>ASDI</source><date>2013-08-11T18:05:35.000Z</date></position><position><lon>-124.27999877929688</lon><lat>40.91999816894531</lat><speedMph>209</speedMph><altitudeFt>3700</altitudeFt><source>ASDI</source><date>2013-08-11T18:05:27.000Z</date></position><position><lon>-124.25</lon><lat>40.970001220703125</lat><speedMph>203</speedMph><altitudeFt>3400</altitudeFt><source>ASDI</source><date>2013-08-11T18:04:33.000Z</date></position><position><lon>-124.2300033569336</lon><lat>40.970001220703125</lat><speedMph>200</speedMph><altitudeFt>3200</altitudeFt><source>ASDI</source><date>2013-08-11T18:04:26.000Z</date></position><position><lon>-124.16999816894531</lon><lat>40.970001220703125</lat><speedMph>186</speedMph><altitudeFt>2200</altitudeFt><source>ASDI</source><date>2013-08-11T18:03:25.000Z</date></position></positions><waypoints><waypoint><lon>-124.0999984741211</lon><lat>40.96666717529297</lat></waypoint><waypoint><lon>-124.08333587646484</lon><lat>40.849998474121094</lat></waypoint><waypoint><lon>-124.05000305175781</lon><lat>40.75</lat></waypoint><waypoint><lon>-124.03333282470703</lon><lat>40.650001525878906</lat></waypoint><waypoint><lon>-124.01667022705078</lon><lat>40.56666564941406</lat></waypoint><waypoint><lon>-123.98332977294922</lon><lat>40.400001525878906</lat></waypoint><waypoint><lon>-123.94999694824219</lon><lat>40.21666717529297</lat></waypoint><waypoint><lon>-123.94999694824219</lon><lat>40.21666717529297</lat></waypoint><waypoint><lon>-123.88333129882812</lon><lat>40.08333206176758</lat></waypoint><waypoint><lon>-123.61666870117188</lon><lat>40.099998474121094</lat></waypoint><waypoint><lon>-123.55000305175781</lon><lat>40.11666488647461</lat></waypoint><waypoint><lon>-123.4000015258789</lon><lat>40.11666488647461</lat></waypoint><waypoint><lon>-123.06666564941406</lon><lat>40.08333206176758</lat></waypoint><waypoint><lon>-123.05000305175781</lon><lat>40.08333206176758</lat></waypoint><waypoint><lon>-123.05000305175781</lon><lat>40.08333206176758</lat></waypoint><waypoint><lon>-122.86666870117188</lon><lat>40.16666793823242</lat></waypoint><waypoint><lon>-122.86666870117188</lon><lat>40.16666793823242</lat></waypoint><waypoint><lon>-122.76667022705078</lon><lat>40.31666564941406</lat></waypoint><waypoint><lon>-122.53333282470703</lon><lat>40.349998474121094</lat></waypoint><waypoint><lon>-122.51667022705078</lon><lat>40.349998474121094</lat></waypoint><waypoint><lon>-122.4000015258789</lon><lat>40.36666488647461</lat></waypoint><waypoint><lon>-122.31666564941406</lon><lat>40.38333511352539</lat></waypoint><waypoint><lon>-122.28333282470703</lon><lat>40.38333511352539</lat></waypoint><waypoint><lon>-122.28333282470703</lon><lat>40.43333435058594</lat></waypoint><waypoint><lon>-122.28333282470703</lon><lat>40.5</lat></waypoint></waypoints><legacyRoute>KACV./.RBL270038..LASSN..RDD</legacyRoute></flightTrack></flightTracks><request><url>https://api.flightstats.com/flex/flightstatus/rest/v2/xml/flight/tracks/OO/6329/arr/2013/8/11</url><airline><requestedCode>OO</requestedCode><fsCode>OO</fsCode></airline><flight><requested>6329</requested><interpreted>6329</interpreted></flight><date><year>2013</year><month>8</month><day>11</day><interpreted>2013-08-11</interpreted></date><hourOfDay><interpreted>0</interpreted></hourOfDay><numHours><interpreted>24</interpreted></numHours><utc><requested>false</requested><interpreted>false</interpreted></utc><airport/><includeFlightPlan><requested>true</requested><interpreted>true</interpreted></includeFlightPlan><maxPositions/><maxPositionAgeMinutes/><codeType/><extendedOptions/></request></response>