<?xml version="1.0" encoding="UTF-8" standalone="yes"?>
<flightstatslog>
    <appendix>
        <airports>
            <airport>
                <fs>CDG</fs>
                <latitude>49.012779</latitude>
                <longitude>2.55</longitude>
                <city>Paris</city>
            </airport>
            <airport>
                <fs>VIE</fs>
                <latitude>48.110278</latitude>
                <longitude>16.569722</longitude>
                <city>Vienna</city>
            </airport>
        </airports>
    </appendix>
    <flightTracks>
        <flightTrack>
            <flightId>3755019</flightId>
            <departureAirportFsCode>CDG</departureAirportFsCode>
            <arrivalAirportFsCode>VIE</arrivalAirportFsCode>
            <positions>
                <position>
                    <lat>48.1194</lat>
                    <lon>16.5564</lon>
                    <date>2013-07-10T14:57:35+02:00</date>
                    <speedMph>0</speedMph>
                    <altitudeFt>0</altitudeFt>
                </position>
                <position>
                    <lat>48.1194</lat>
                    <lon>16.5564</lon>
                    <date>2013-07-10T14:56:25+02:00</date>
                    <speedMph>0</speedMph>
                    <altitudeFt>0</altitudeFt>
                </position>
                <position>
                    <lat>48.1188</lat>
                    <lon>16.556</lon>
                    <date>2013-07-10T14:56:05+02:00</date>
                    <speedMph>8</speedMph>
                    <altitudeFt>0</altitudeFt>
                </position>
                <position>
                    <lat>48.1185</lat>
                    <lon>16.556</lon>
                    <date>2013-07-10T14:55:45+02:00</date>
                    <speedMph>8</speedMph>
                    <altitudeFt>0</altitudeFt>
                </position>
                <position>
                    <lat>48.1183</lat>
                    <lon>16.5564</lon>
                    <date>2013-07-10T14:55:21+02:00</date>
                    <speedMph>16</speedMph>
                    <altitudeFt>0</altitudeFt>
                </position>
                <position>
                    <lat>48.1178</lat>
                    <lon>16.558</lon>
                    <date>2013-07-10T14:55:11+02:00</date>
                    <speedMph>24</speedMph>
                    <altitudeFt>0</altitudeFt>
                </position>
                <position>
                    <lat>48.1177</lat>
                    <lon>16.5585</lon>
                    <date>2013-07-10T14:55:06+02:00</date>
                    <speedMph>24</speedMph>
                    <altitudeFt>0</altitudeFt>
                </position>
                <position>
                    <lat>48.1174</lat>
                    <lon>16.5594</lon>
                    <date>2013-07-10T14:55:01+02:00</date>
                    <speedMph>20</speedMph>
                    <altitudeFt>0</altitudeFt>
                </position>
                <position>
                    <lat>48.1171</lat>
                    <lon>16.5601</lon>
                    <date>2013-07-10T14:54:56+02:00</date>
                    <speedMph>20</speedMph>
                    <altitudeFt>0</altitudeFt>
                </position>
                <position>
                    <lat>48.1169</lat>
                    <lon>16.5608</lon>
                    <date>2013-07-10T14:54:51+02:00</date>
                    <speedMph>24</speedMph>
                    <altitudeFt>0</altitudeFt>
                </position>
                <position>
                    <lat>48.1169</lat>
                    <lon>16.5608</lon>
                    <date>2013-07-10T14:54:46+02:00</date>
                    <speedMph>24</speedMph>
                    <altitudeFt>0</altitudeFt>
                </position>
                <position>
                    <lat>48.1164</lat>
                    <lon>16.5623</lon>
                    <date>2013-07-10T14:54:41+02:00</date>
                    <speedMph>28</speedMph>
                    <altitudeFt>0</altitudeFt>
                </position>
                <position>
                    <lat>48.1162</lat>
                    <lon>16.5632</lon>
                    <date>2013-07-10T14:54:36+02:00</date>
                    <speedMph>28</speedMph>
                    <altitudeFt>0</altitudeFt>
                </position>
                <position>
                    <lat>48.115</lat>
                    <lon>16.5668</lon>
                    <date>2013-07-10T14:54:11+02:00</date>
                    <speedMph>24</speedMph>
                    <altitudeFt>0</altitudeFt>
                </position>
                <position>
                    <lat>48.0855</lat>
                    <lon>16.5927</lon>
                    <date>2013-07-10T14:51:56+02:00</date>
                    <speedMph>132</speedMph>
                    <altitudeFt>650</altitudeFt>
                </position>
                <position>
                    <lat>48.0824</lat>
                    <lon>16.5939</lon>
                    <date>2013-07-10T14:50:46+02:00</date>
                    <speedMph>136</speedMph>
                    <altitudeFt>700</altitudeFt>
                </position>
                <position>
                    <lat>48.0779</lat>
                    <lon>16.5959</lon>
                    <date>2013-07-10T14:50:36+02:00</date>
                    <speedMph>136</speedMph>
                    <altitudeFt>780</altitudeFt>
                </position>
                <position>
                    <lat>48.071</lat>
                    <lon>16.5988</lon>
                    <date>2013-07-10T14:50:26+02:00</date>
                    <speedMph>136</speedMph>
                    <altitudeFt>930</altitudeFt>
                </position>
                <position>
                    <lat>48.0652</lat>
                    <lon>16.6012</lon>
                    <date>2013-07-10T14:50:16+02:00</date>
                    <speedMph>132</speedMph>
                    <altitudeFt>1030</altitudeFt>
                </position>
                <position>
                    <lat>48.062</lat>
                    <lon>16.6025</lon>
                    <date>2013-07-10T14:50:11+02:00</date>
                    <speedMph>132</speedMph>
                    <altitudeFt>1080</altitudeFt>
                </position>
                <position>
                    <lat>48.0587</lat>
                    <lon>16.6039</lon>
                    <date>2013-07-10T14:50:06+02:00</date>
                    <speedMph>136</speedMph>
                    <altitudeFt>1150</altitudeFt>
                </position>
                <position>
                    <lat>48.0541</lat>
                    <lon>16.606</lon>
                    <date>2013-07-10T14:50:01+02:00</date>
                    <speedMph>136</speedMph>
                    <altitudeFt>1250</altitudeFt>
                </position>
                <position>
                    <lat>48.0502</lat>
                    <lon>16.6076</lon>
                    <date>2013-07-10T14:49:51+02:00</date>
                    <speedMph>140</speedMph>
                    <altitudeFt>1330</altitudeFt>
                </position>
                <position>
                    <lat>48.0465</lat>
                    <lon>16.6091</lon>
                    <date>2013-07-10T14:49:46+02:00</date>
                    <speedMph>140</speedMph>
                    <altitudeFt>1380</altitudeFt>
                </position>
                <position>
                    <lat>48.038</lat>
                    <lon>16.6127</lon>
                    <date>2013-07-10T14:49:36+02:00</date>
                    <speedMph>136</speedMph>
                    <altitudeFt>1550</altitudeFt>
                </position>
                <position>
                    <lat>48.0345</lat>
                    <lon>16.6142</lon>
                    <date>2013-07-10T14:49:26+02:00</date>
                    <speedMph>136</speedMph>
                    <altitudeFt>1630</altitudeFt>
                </position>
                <position>
                    <lat>48.0298</lat>
                    <lon>16.6162</lon>
                    <date>2013-07-10T14:49:16+02:00</date>
                    <speedMph>152</speedMph>
                    <altitudeFt>1730</altitudeFt>
                </position>
                <position>
                    <lat>48.0247</lat>
                    <lon>16.6183</lon>
                    <date>2013-07-10T14:49:11+02:00</date>
                    <speedMph>152</speedMph>
                    <altitudeFt>1830</altitudeFt>
                </position>
                <position>
                    <lat>48.0194</lat>
                    <lon>16.6206</lon>
                    <date>2013-07-10T14:49:06+02:00</date>
                    <speedMph>172</speedMph>
                    <altitudeFt>1930</altitudeFt>
                </position>
                <position>
                    <lat>48.0117</lat>
                    <lon>16.6238</lon>
                    <date>2013-07-10T14:48:56+02:00</date>
                    <speedMph>172</speedMph>
                    <altitudeFt>2100</altitudeFt>
                </position>
                <position>
                    <lat>48.0092</lat>
                    <lon>16.6249</lon>
                    <date>2013-07-10T14:48:51+02:00</date>
                    <speedMph>172</speedMph>
                    <altitudeFt>2150</altitudeFt>
                </position>
                <position>
                    <lat>48.0004</lat>
                    <lon>16.6287</lon>
                    <date>2013-07-10T14:48:46+02:00</date>
                    <speedMph>172</speedMph>
                    <altitudeFt>2300</altitudeFt>
                </position>
                <position>
                    <lat>47.9968</lat>
                    <lon>16.6301</lon>
                    <date>2013-07-10T14:48:36+02:00</date>
                    <speedMph>180</speedMph>
                    <altitudeFt>2380</altitudeFt>
                </position>
                <position>
                    <lat>47.9923</lat>
                    <lon>16.6319</lon>
                    <date>2013-07-10T14:48:31+02:00</date>
                    <speedMph>184</speedMph>
                    <altitudeFt>2480</altitudeFt>
                </position>
                <position>
                    <lat>47.9873</lat>
                    <lon>16.6341</lon>
                    <date>2013-07-10T14:48:26+02:00</date>
                    <speedMph>172</speedMph>
                    <altitudeFt>2600</altitudeFt>
                </position>
                <position>
                    <lat>47.9819</lat>
                    <lon>16.6365</lon>
                    <date>2013-07-10T14:48:16+02:00</date>
                    <speedMph>172</speedMph>
                    <altitudeFt>2730</altitudeFt>
                </position>
                <position>
                    <lat>47.9761</lat>
                    <lon>16.6389</lon>
                    <date>2013-07-10T14:48:11+02:00</date>
                    <speedMph>184</speedMph>
                    <altitudeFt>2850</altitudeFt>
                </position>
                <position>
                    <lat>47.9701</lat>
                    <lon>16.6413</lon>
                    <date>2013-07-10T14:48:01+02:00</date>
                    <speedMph>184</speedMph>
                    <altitudeFt>2930</altitudeFt>
                </position>
                <position>
                    <lat>47.9635</lat>
                    <lon>16.6441</lon>
                    <date>2013-07-10T14:47:51+02:00</date>
                    <speedMph>200</speedMph>
                    <altitudeFt>2950</altitudeFt>
                </position>
                <position>
                    <lat>47.9515</lat>
                    <lon>16.6488</lon>
                    <date>2013-07-10T14:47:41+02:00</date>
                    <speedMph>196</speedMph>
                    <altitudeFt>2980</altitudeFt>
                </position>
                <position>
                    <lat>47.9443</lat>
                    <lon>16.6516</lon>
                    <date>2013-07-10T14:47:36+02:00</date>
                    <speedMph>200</speedMph>
                    <altitudeFt>3000</altitudeFt>
                </position>
                <position>
                    <lat>47.9249</lat>
                    <lon>16.6556</lon>
                    <date>2013-07-10T14:47:11+02:00</date>
                    <speedMph>196</speedMph>
                    <altitudeFt>3380</altitudeFt>
                </position>
                <position>
                    <lat>47.9204</lat>
                    <lon>16.6543</lon>
                    <date>2013-07-10T14:47:06+02:00</date>
                    <speedMph>204</speedMph>
                    <altitudeFt>3500</altitudeFt>
                </position>
                <position>
                    <lat>47.9151</lat>
                    <lon>16.652</lon>
                    <date>2013-07-10T14:47:01+02:00</date>
                    <speedMph>204</speedMph>
                    <altitudeFt>3600</altitudeFt>
                </position>
                <position>
                    <lat>47.9072</lat>
                    <lon>16.6471</lon>
                    <date>2013-07-10T14:46:51+02:00</date>
                    <speedMph>200</speedMph>
                    <altitudeFt>3800</altitudeFt>
                </position>
                <position>
                    <lat>47.9025</lat>
                    <lon>16.6421</lon>
                    <date>2013-07-10T14:46:46+02:00</date>
                    <speedMph>204</speedMph>
                    <altitudeFt>3980</altitudeFt>
                </position>
                <position>
                    <lat>47.8997</lat>
                    <lon>16.6376</lon>
                    <date>2013-07-10T14:46:41+02:00</date>
                    <speedMph>212</speedMph>
                    <altitudeFt>4080</altitudeFt>
                </position>
                <position>
                    <lat>47.8937</lat>
                    <lon>16.6133</lon>
                    <date>2013-07-10T14:46:21+02:00</date>
                    <speedMph>220</speedMph>
                    <altitudeFt>4430</altitudeFt>
                </position>
                <position>
                    <lat>47.8937</lat>
                    <lon>16.6094</lon>
                    <date>2013-07-10T14:46:16+02:00</date>
                    <speedMph>220</speedMph>
                    <altitudeFt>4480</altitudeFt>
                </position>
                <position>
                    <lat>47.8941</lat>
                    <lon>16.6041</lon>
                    <date>2013-07-10T14:46:11+02:00</date>
                    <speedMph>224</speedMph>
                    <altitudeFt>4550</altitudeFt>
                </position>
                <position>
                    <lat>47.8954</lat>
                    <lon>16.5919</lon>
                    <date>2013-07-10T14:46:06+02:00</date>
                    <speedMph>224</speedMph>
                    <altitudeFt>4700</altitudeFt>
                </position>
                <position>
                    <lat>47.8961</lat>
                    <lon>16.5854</lon>
                    <date>2013-07-10T14:46:01+02:00</date>
                    <speedMph>224</speedMph>
                    <altitudeFt>4780</altitudeFt>
                </position>
                <position>
                    <lat>47.8969</lat>
                    <lon>16.5791</lon>
                    <date>2013-07-10T14:45:56+02:00</date>
                    <speedMph>224</speedMph>
                    <altitudeFt>4880</altitudeFt>
                </position>
                <position>
                    <lat>47.8975</lat>
                    <lon>16.5732</lon>
                    <date>2013-07-10T14:45:51+02:00</date>
                    <speedMph>224</speedMph>
                    <altitudeFt>4950</altitudeFt>
                </position>
                <position>
                    <lat>47.8997</lat>
                    <lon>16.554</lon>
                    <date>2013-07-10T14:45:41+02:00</date>
                    <speedMph>228</speedMph>
                    <altitudeFt>5180</altitudeFt>
                </position>
                <position>
                    <lat>47.9018</lat>
                    <lon>16.5356</lon>
                    <date>2013-07-10T14:45:31+02:00</date>
                    <speedMph>232</speedMph>
                    <altitudeFt>5380</altitudeFt>
                </position>
                <position>
                    <lat>47.9031</lat>
                    <lon>16.5227</lon>
                    <date>2013-07-10T14:45:21+02:00</date>
                    <speedMph>236</speedMph>
                    <altitudeFt>5500</altitudeFt>
                </position>
                <position>
                    <lat>47.9048</lat>
                    <lon>16.5063</lon>
                    <date>2013-07-10T14:45:11+02:00</date>
                    <speedMph>244</speedMph>
                    <altitudeFt>5630</altitudeFt>
                </position>
                <position>
                    <lat>47.9065</lat>
                    <lon>16.4894</lon>
                    <date>2013-07-10T14:45:01+02:00</date>
                    <speedMph>248</speedMph>
                    <altitudeFt>5780</altitudeFt>
                </position>
                <position>
                    <lat>47.9081</lat>
                    <lon>16.4727</lon>
                    <date>2013-07-10T14:44:51+02:00</date>
                    <speedMph>248</speedMph>
                    <altitudeFt>5900</altitudeFt>
                </position>
                <position>
                    <lat>47.9096</lat>
                    <lon>16.4585</lon>
                    <date>2013-07-10T14:44:41+02:00</date>
                    <speedMph>252</speedMph>
                    <altitudeFt>5980</altitudeFt>
                </position>
                <position>
                    <lat>47.9119</lat>
                    <lon>16.4374</lon>
                    <date>2013-07-10T14:44:31+02:00</date>
                    <speedMph>252</speedMph>
                    <altitudeFt>6000</altitudeFt>
                </position>
                <position>
                    <lat>47.9137</lat>
                    <lon>16.4205</lon>
                    <date>2013-07-10T14:44:21+02:00</date>
                    <speedMph>248</speedMph>
                    <altitudeFt>6030</altitudeFt>
                </position>
                <position>
                    <lat>47.9147</lat>
                    <lon>16.4102</lon>
                    <date>2013-07-10T14:44:11+02:00</date>
                    <speedMph>248</speedMph>
                    <altitudeFt>6100</altitudeFt>
                </position>
                <position>
                    <lat>47.9173</lat>
                    <lon>16.3864</lon>
                    <date>2013-07-10T14:44:01+02:00</date>
                    <speedMph>252</speedMph>
                    <altitudeFt>6350</altitudeFt>
                </position>
                <position>
                    <lat>47.9193</lat>
                    <lon>16.3681</lon>
                    <date>2013-07-10T14:43:51+02:00</date>
                    <speedMph>256</speedMph>
                    <altitudeFt>6500</altitudeFt>
                </position>
                <position>
                    <lat>47.9208</lat>
                    <lon>16.3545</lon>
                    <date>2013-07-10T14:43:41+02:00</date>
                    <speedMph>256</speedMph>
                    <altitudeFt>6730</altitudeFt>
                </position>
                <position>
                    <lat>47.9223</lat>
                    <lon>16.3405</lon>
                    <date>2013-07-10T14:43:31+02:00</date>
                    <speedMph>256</speedMph>
                    <altitudeFt>6900</altitudeFt>
                </position>
                <position>
                    <lat>47.9255</lat>
                    <lon>16.2939</lon>
                    <date>2013-07-10T14:43:16+02:00</date>
                    <speedMph>264</speedMph>
                    <altitudeFt>7150</altitudeFt>
                </position>
                <position>
                    <lat>47.9254</lat>
                    <lon>16.2905</lon>
                    <date>2013-07-10T14:43:06+02:00</date>
                    <speedMph>268</speedMph>
                    <altitudeFt>7180</altitudeFt>
                </position>
                <position>
                    <lat>47.9253</lat>
                    <lon>16.2789</lon>
                    <date>2013-07-10T14:42:56+02:00</date>
                    <speedMph>272</speedMph>
                    <altitudeFt>7230</altitudeFt>
                </position>
                <position>
                    <lat>47.925</lat>
                    <lon>16.2564</lon>
                    <date>2013-07-10T14:42:46+02:00</date>
                    <speedMph>280</speedMph>
                    <altitudeFt>7380</altitudeFt>
                </position>
                <position>
                    <lat>47.9249</lat>
                    <lon>16.2405</lon>
                    <date>2013-07-10T14:42:36+02:00</date>
                    <speedMph>284</speedMph>
                    <altitudeFt>7450</altitudeFt>
                </position>
                <position>
                    <lat>47.9246</lat>
                    <lon>16.2167</lon>
                    <date>2013-07-10T14:42:26+02:00</date>
                    <speedMph>292</speedMph>
                    <altitudeFt>7630</altitudeFt>
                </position>
                <position>
                    <lat>47.9244</lat>
                    <lon>16.2006</lon>
                    <date>2013-07-10T14:42:16+02:00</date>
                    <speedMph>292</speedMph>
                    <altitudeFt>7880</altitudeFt>
                </position>
                <position>
                    <lat>47.9241</lat>
                    <lon>16.1753</lon>
                    <date>2013-07-10T14:42:06+02:00</date>
                    <speedMph>296</speedMph>
                    <altitudeFt>8200</altitudeFt>
                </position>
                <position>
                    <lat>47.9239</lat>
                    <lon>16.1552</lon>
                    <date>2013-07-10T14:41:56+02:00</date>
                    <speedMph>296</speedMph>
                    <altitudeFt>8450</altitudeFt>
                </position>
                <position>
                    <lat>47.9236</lat>
                    <lon>16.1331</lon>
                    <date>2013-07-10T14:41:46+02:00</date>
                    <speedMph>296</speedMph>
                    <altitudeFt>8750</altitudeFt>
                </position>
                <position>
                    <lat>47.9234</lat>
                    <lon>16.1179</lon>
                    <date>2013-07-10T14:41:36+02:00</date>
                    <speedMph>296</speedMph>
                    <altitudeFt>8980</altitudeFt>
                </position>
                <position>
                    <lat>47.9232</lat>
                    <lon>16.1018</lon>
                    <date>2013-07-10T14:41:26+02:00</date>
                    <speedMph>296</speedMph>
                    <altitudeFt>9200</altitudeFt>
                </position>
                <position>
                    <lat>47.9228</lat>
                    <lon>16.0764</lon>
                    <date>2013-07-10T14:41:16+02:00</date>
                    <speedMph>296</speedMph>
                    <altitudeFt>9550</altitudeFt>
                </position>
                <position>
                    <lat>47.9225</lat>
                    <lon>16.0478</lon>
                    <date>2013-07-10T14:41:06+02:00</date>
                    <speedMph>300</speedMph>
                    <altitudeFt>9850</altitudeFt>
                </position>
                <position>
                    <lat>47.9222</lat>
                    <lon>16.0269</lon>
                    <date>2013-07-10T14:40:51+02:00</date>
                    <speedMph>304</speedMph>
                    <altitudeFt>10100</altitudeFt>
                </position>
                <position>
                    <lat>47.921</lat>
                    <lon>15.9337</lon>
                    <date>2013-07-10T14:40:21+02:00</date>
                    <speedMph>324</speedMph>
                    <altitudeFt>10930</altitudeFt>
                </position>
                <position>
                    <lat>47.9224</lat>
                    <lon>15.8632</lon>
                    <date>2013-07-10T14:39:51+02:00</date>
                    <speedMph>348</speedMph>
                    <altitudeFt>11330</altitudeFt>
                </position>
                <position>
                    <lat>47.9212</lat>
                    <lon>15.8158</lon>
                    <date>2013-07-10T14:39:21+02:00</date>
                    <speedMph>360</speedMph>
                    <altitudeFt>11650</altitudeFt>
                </position>
                <position>
                    <lat>47.9149</lat>
                    <lon>15.7463</lon>
                    <date>2013-07-10T14:38:51+02:00</date>
                    <speedMph>364</speedMph>
                    <altitudeFt>12450</altitudeFt>
                </position>
                <position>
                    <lat>47.9061</lat>
                    <lon>15.6638</lon>
                    <date>2013-07-10T14:38:21+02:00</date>
                    <speedMph>368</speedMph>
                    <altitudeFt>13380</altitudeFt>
                </position>
                <position>
                    <lat>47.9043</lat>
                    <lon>15.5979</lon>
                    <date>2013-07-10T14:37:51+02:00</date>
                    <speedMph>372</speedMph>
                    <altitudeFt>14100</altitudeFt>
                </position>
                <position>
                    <lat>47.9038</lat>
                    <lon>15.5241</lon>
                    <date>2013-07-10T14:37:21+02:00</date>
                    <speedMph>380</speedMph>
                    <altitudeFt>14900</altitudeFt>
                </position>
                <position>
                    <lat>47.9032</lat>
                    <lon>15.439</lon>
                    <date>2013-07-10T14:36:51+02:00</date>
                    <speedMph>384</speedMph>
                    <altitudeFt>15830</altitudeFt>
                </position>
                <position>
                    <lat>47.9019</lat>
                    <lon>15.2824</lon>
                    <date>2013-07-10T14:35:51+02:00</date>
                    <speedMph>396</speedMph>
                    <altitudeFt>17480</altitudeFt>
                </position>
                <position>
                    <lat>47.8995</lat>
                    <lon>15.0919</lon>
                    <date>2013-07-10T14:34:51+02:00</date>
                    <speedMph>404</speedMph>
                    <altitudeFt>19430</altitudeFt>
                </position>
                <position>
                    <lat>47.9005</lat>
                    <lon>14.9472</lon>
                    <date>2013-07-10T14:33:51+02:00</date>
                    <speedMph>412</speedMph>
                    <altitudeFt>20880</altitudeFt>
                </position>
                <position>
                    <lat>47.9015</lat>
                    <lon>14.7393</lon>
                    <date>2013-07-10T14:32:51+02:00</date>
                    <speedMph>428</speedMph>
                    <altitudeFt>23030</altitudeFt>
                </position>
                <position>
                    <lat>47.9022</lat>
                    <lon>14.5353</lon>
                    <date>2013-07-10T14:31:51+02:00</date>
                    <speedMph>444</speedMph>
                    <altitudeFt>25050</altitudeFt>
                </position>
                <position>
                    <lat>47.9026</lat>
                    <lon>14.2593</lon>
                    <date>2013-07-10T14:30:04+02:00</date>
                    <speedMph>456</speedMph>
                    <altitudeFt>27850</altitudeFt>
                </position>
                <position>
                    <lat>47.9026</lat>
                    <lon>14.0725</lon>
                    <date>2013-07-10T14:29:04+02:00</date>
                    <speedMph>456</speedMph>
                    <altitudeFt>29780</altitudeFt>
                </position>
                <position>
                    <lat>47.9021</lat>
                    <lon>13.8923</lon>
                    <date>2013-07-10T14:28:04+02:00</date>
                    <speedMph>456</speedMph>
                    <altitudeFt>31630</altitudeFt>
                </position>
                <position>
                    <lat>47.9014</lat>
                    <lon>13.7115</lon>
                    <date>2013-07-10T14:27:04+02:00</date>
                    <speedMph>456</speedMph>
                    <altitudeFt>32930</altitudeFt>
                </position>
                <position>
                    <lat>47.9004</lat>
                    <lon>13.5222</lon>
                    <date>2013-07-10T14:26:04+02:00</date>
                    <speedMph>464</speedMph>
                    <altitudeFt>33880</altitudeFt>
                </position>
                <position>
                    <lat>47.8989</lat>
                    <lon>13.3199</lon>
                    <date>2013-07-10T14:25:04+02:00</date>
                    <speedMph>472</speedMph>
                    <altitudeFt>34900</altitudeFt>
                </position>
                <position>
                    <lat>47.8973</lat>
                    <lon>13.1229</lon>
                    <date>2013-07-10T14:24:04+02:00</date>
                    <speedMph>468</speedMph>
                    <altitudeFt>35900</altitudeFt>
                </position>
                <position>
                    <lat>47.8947</lat>
                    <lon>12.9123</lon>
                    <date>2013-07-10T14:23:04+02:00</date>
                    <speedMph>464</speedMph>
                    <altitudeFt>36900</altitudeFt>
                </position>
                <position>
                    <lat>47.8877</lat>
                    <lon>12.7519</lon>
                    <date>2013-07-10T14:22:04+02:00</date>
                    <speedMph>464</speedMph>
                    <altitudeFt>37000</altitudeFt>
                </position>
                <position>
                    <lat>47.8791</lat>
                    <lon>12.5594</lon>
                    <date>2013-07-10T14:21:04+02:00</date>
                    <speedMph>464</speedMph>
                    <altitudeFt>37000</altitudeFt>
                </position>
                <position>
                    <lat>47.8704</lat>
                    <lon>12.3712</lon>
                    <date>2013-07-10T14:20:04+02:00</date>
                    <speedMph>464</speedMph>
                    <altitudeFt>37000</altitudeFt>
                </position>
                <position>
                    <lat>47.8612</lat>
                    <lon>12.1803</lon>
                    <date>2013-07-10T14:19:04+02:00</date>
                    <speedMph>460</speedMph>
                    <altitudeFt>36980</altitudeFt>
                </position>
                <position>
                    <lat>47.8517</lat>
                    <lon>11.9911</lon>
                    <date>2013-07-10T14:18:04+02:00</date>
                    <speedMph>460</speedMph>
                    <altitudeFt>36980</altitudeFt>
                </position>
                <position>
                    <lat>47.8419</lat>
                    <lon>11.8005</lon>
                    <date>2013-07-10T14:17:04+02:00</date>
                    <speedMph>460</speedMph>
                    <altitudeFt>36980</altitudeFt>
                </position>
                <position>
                    <lat>47.8319</lat>
                    <lon>11.611</lon>
                    <date>2013-07-10T14:16:04+02:00</date>
                    <speedMph>460</speedMph>
                    <altitudeFt>37000</altitudeFt>
                </position>
                <position>
                    <lat>47.8214</lat>
                    <lon>11.4198</lon>
                    <date>2013-07-10T14:15:04+02:00</date>
                    <speedMph>460</speedMph>
                    <altitudeFt>37000</altitudeFt>
                </position>
                <position>
                    <lat>47.811</lat>
                    <lon>11.2351</lon>
                    <date>2013-07-10T14:14:04+02:00</date>
                    <speedMph>460</speedMph>
                    <altitudeFt>37000</altitudeFt>
                </position>
                <position>
                    <lat>47.7996</lat>
                    <lon>11.0404</lon>
                    <date>2013-07-10T14:13:04+02:00</date>
                    <speedMph>460</speedMph>
                    <altitudeFt>37000</altitudeFt>
                </position>
                <position>
                    <lat>47.7784</lat>
                    <lon>10.6907</lon>
                    <date>2013-07-10T14:12:04+02:00</date>
                    <speedMph>456</speedMph>
                    <altitudeFt>37000</altitudeFt>
                </position>
                <position>
                    <lat>47.7693</lat>
                    <lon>10.5435</lon>
                    <date>2013-07-10T14:10:25+02:00</date>
                    <speedMph>460</speedMph>
                    <altitudeFt>37000</altitudeFt>
                </position>
                <position>
                    <lat>47.757</lat>
                    <lon>10.3547</lon>
                    <date>2013-07-10T14:09:25+02:00</date>
                    <speedMph>456</speedMph>
                    <altitudeFt>37000</altitudeFt>
                </position>
                <position>
                    <lat>47.7451</lat>
                    <lon>10.1647</lon>
                    <date>2013-07-10T14:08:25+02:00</date>
                    <speedMph>456</speedMph>
                    <altitudeFt>36980</altitudeFt>
                </position>
                <position>
                    <lat>47.7339</lat>
                    <lon>9.9769</lon>
                    <date>2013-07-10T14:07:25+02:00</date>
                    <speedMph>456</speedMph>
                    <altitudeFt>36980</altitudeFt>
                </position>
                <position>
                    <lat>47.7293</lat>
                    <lon>9.7514</lon>
                    <date>2013-07-10T14:06:25+02:00</date>
                    <speedMph>460</speedMph>
                    <altitudeFt>37000</altitudeFt>
                </position>
                <position>
                    <lat>47.7272</lat>
                    <lon>9.5551</lon>
                    <date>2013-07-10T14:05:25+02:00</date>
                    <speedMph>460</speedMph>
                    <altitudeFt>37030</altitudeFt>
                </position>
                <position>
                    <lat>47.7253</lat>
                    <lon>9.3793</lon>
                    <date>2013-07-10T14:04:25+02:00</date>
                    <speedMph>460</speedMph>
                    <altitudeFt>37000</altitudeFt>
                </position>
                <position>
                    <lat>47.7231</lat>
                    <lon>9.2203</lon>
                    <date>2013-07-10T14:03:25+02:00</date>
                    <speedMph>460</speedMph>
                    <altitudeFt>37000</altitudeFt>
                </position>
                <position>
                    <lat>47.7204</lat>
                    <lon>9.031</lon>
                    <date>2013-07-10T14:02:25+02:00</date>
                    <speedMph>456</speedMph>
                    <altitudeFt>36980</altitudeFt>
                </position>
                <position>
                    <lat>47.7174</lat>
                    <lon>8.8457</lon>
                    <date>2013-07-10T14:01:25+02:00</date>
                    <speedMph>456</speedMph>
                    <altitudeFt>36980</altitudeFt>
                </position>
                <position>
                    <lat>47.7141</lat>
                    <lon>8.6595</lon>
                    <date>2013-07-10T14:00:25+02:00</date>
                    <speedMph>456</speedMph>
                    <altitudeFt>36980</altitudeFt>
                </position>
                <position>
                    <lat>47.7246</lat>
                    <lon>8.4777</lon>
                    <date>2013-07-10T13:59:25+02:00</date>
                    <speedMph>456</speedMph>
                    <altitudeFt>36980</altitudeFt>
                </position>
                <position>
                    <lat>47.7691</lat>
                    <lon>8.2658</lon>
                    <date>2013-07-10T13:58:25+02:00</date>
                    <speedMph>452</speedMph>
                    <altitudeFt>36980</altitudeFt>
                </position>
                <position>
                    <lat>47.8006</lat>
                    <lon>8.1148</lon>
                    <date>2013-07-10T13:57:25+02:00</date>
                    <speedMph>456</speedMph>
                    <altitudeFt>36980</altitudeFt>
                </position>
                <position>
                    <lat>47.8423</lat>
                    <lon>7.9358</lon>
                    <date>2013-07-10T13:56:25+02:00</date>
                    <speedMph>452</speedMph>
                    <altitudeFt>37000</altitudeFt>
                </position>
                <position>
                    <lat>47.8961</lat>
                    <lon>7.7566</lon>
                    <date>2013-07-10T13:55:25+02:00</date>
                    <speedMph>456</speedMph>
                    <altitudeFt>36650</altitudeFt>
                </position>
                <position>
                    <lat>47.9449</lat>
                    <lon>7.593</lon>
                    <date>2013-07-10T13:54:25+02:00</date>
                    <speedMph>456</speedMph>
                    <altitudeFt>36000</altitudeFt>
                </position>
                <position>
                    <lat>47.9904</lat>
                    <lon>7.4397</lon>
                    <date>2013-07-10T13:53:25+02:00</date>
                    <speedMph>452</speedMph>
                    <altitudeFt>36000</altitudeFt>
                </position>
                <position>
                    <lat>48.0426</lat>
                    <lon>7.2622</lon>
                    <date>2013-07-10T13:52:25+02:00</date>
                    <speedMph>452</speedMph>
                    <altitudeFt>36000</altitudeFt>
                </position>
                <position>
                    <lat>48.0922</lat>
                    <lon>7.0925</lon>
                    <date>2013-07-10T13:51:25+02:00</date>
                    <speedMph>456</speedMph>
                    <altitudeFt>35980</altitudeFt>
                </position>
                <position>
                    <lat>48.1415</lat>
                    <lon>6.9225</lon>
                    <date>2013-07-10T13:50:25+02:00</date>
                    <speedMph>452</speedMph>
                    <altitudeFt>35980</altitudeFt>
                </position>
                <position>
                    <lat>48.199</lat>
                    <lon>6.7226</lon>
                    <date>2013-07-10T13:49:25+02:00</date>
                    <speedMph>452</speedMph>
                    <altitudeFt>36030</altitudeFt>
                </position>
                <position>
                    <lat>48.2558</lat>
                    <lon>6.5244</lon>
                    <date>2013-07-10T13:48:25+02:00</date>
                    <speedMph>452</speedMph>
                    <altitudeFt>35980</altitudeFt>
                </position>
                <position>
                    <lat>48.3148</lat>
                    <lon>6.3159</lon>
                    <date>2013-07-10T13:47:25+02:00</date>
                    <speedMph>0</speedMph>
                    <altitudeFt>36000</altitudeFt>
                </position>
                <position>
                    <lat>48.4014</lat>
                    <lon>6.0073</lon>
                    <date>2013-07-10T13:46:24+02:00</date>
                    <speedMph>444</speedMph>
                    <altitudeFt>36000</altitudeFt>
                </position>
                <position>
                    <lat>48.4454</lat>
                    <lon>5.8486</lon>
                    <date>2013-07-10T13:44:18+02:00</date>
                    <speedMph>448</speedMph>
                    <altitudeFt>35550</altitudeFt>
                </position>
                <position>
                    <lat>48.4894</lat>
                    <lon>5.689</lon>
                    <date>2013-07-10T13:43:18+02:00</date>
                    <speedMph>452</speedMph>
                    <altitudeFt>34600</altitudeFt>
                </position>
                <position>
                    <lat>48.5406</lat>
                    <lon>5.502</lon>
                    <date>2013-07-10T13:42:18+02:00</date>
                    <speedMph>452</speedMph>
                    <altitudeFt>33500</altitudeFt>
                </position>
                <position>
                    <lat>48.5848</lat>
                    <lon>5.3394</lon>
                    <date>2013-07-10T13:41:18+02:00</date>
                    <speedMph>452</speedMph>
                    <altitudeFt>32430</altitudeFt>
                </position>
                <position>
                    <lat>48.6332</lat>
                    <lon>5.16</lon>
                    <date>2013-07-10T13:40:18+02:00</date>
                    <speedMph>456</speedMph>
                    <altitudeFt>31180</altitudeFt>
                </position>
                <position>
                    <lat>48.6804</lat>
                    <lon>4.9833</lon>
                    <date>2013-07-10T13:39:18+02:00</date>
                    <speedMph>448</speedMph>
                    <altitudeFt>30330</altitudeFt>
                </position>
                <position>
                    <lat>48.7263</lat>
                    <lon>4.8106</lon>
                    <date>2013-07-10T13:38:18+02:00</date>
                    <speedMph>440</speedMph>
                    <altitudeFt>29350</altitudeFt>
                </position>
                <position>
                    <lat>48.7716</lat>
                    <lon>4.6389</lon>
                    <date>2013-07-10T13:37:18+02:00</date>
                    <speedMph>436</speedMph>
                    <altitudeFt>28230</altitudeFt>
                </position>
                <position>
                    <lat>48.8156</lat>
                    <lon>4.4704</lon>
                    <date>2013-07-10T13:36:18+02:00</date>
                    <speedMph>424</speedMph>
                    <altitudeFt>26950</altitudeFt>
                </position>
                <position>
                    <lat>48.8599</lat>
                    <lon>4.3011</lon>
                    <date>2013-07-10T13:35:18+02:00</date>
                    <speedMph>416</speedMph>
                    <altitudeFt>25550</altitudeFt>
                </position>
                <position>
                    <lat>48.9024</lat>
                    <lon>4.1324</lon>
                    <date>2013-07-10T13:34:18+02:00</date>
                    <speedMph>404</speedMph>
                    <altitudeFt>24180</altitudeFt>
                </position>
                <position>
                    <lat>48.9151</lat>
                    <lon>3.9806</lon>
                    <date>2013-07-10T13:33:18+02:00</date>
                    <speedMph>388</speedMph>
                    <altitudeFt>22880</altitudeFt>
                </position>
                <position>
                    <lat>48.9242</lat>
                    <lon>3.8138</lon>
                    <date>2013-07-10T13:32:18+02:00</date>
                    <speedMph>380</speedMph>
                    <altitudeFt>21080</altitudeFt>
                </position>
                <position>
                    <lat>48.9333</lat>
                    <lon>3.6456</lon>
                    <date>2013-07-10T13:31:18+02:00</date>
                    <speedMph>368</speedMph>
                    <altitudeFt>19100</altitudeFt>
                </position>
                <position>
                    <lat>48.943</lat>
                    <lon>3.4955</lon>
                    <date>2013-07-10T13:30:18+02:00</date>
                    <speedMph>360</speedMph>
                    <altitudeFt>16980</altitudeFt>
                </position>
                <position>
                    <lat>48.9548</lat>
                    <lon>3.3603</lon>
                    <date>2013-07-10T13:29:18+02:00</date>
                    <speedMph>352</speedMph>
                    <altitudeFt>14980</altitudeFt>
                </position>
                <position>
                    <lat>48.962</lat>
                    <lon>3.2754</lon>
                    <date>2013-07-10T13:28:48+02:00</date>
                    <speedMph>340</speedMph>
                    <altitudeFt>13730</altitudeFt>
                </position>
                <position>
                    <lat>48.9682</lat>
                    <lon>3.2025</lon>
                    <date>2013-07-10T13:28:18+02:00</date>
                    <speedMph>336</speedMph>
                    <altitudeFt>12450</altitudeFt>
                </position>
                <position>
                    <lat>48.9739</lat>
                    <lon>3.1354</lon>
                    <date>2013-07-10T13:27:48+02:00</date>
                    <speedMph>328</speedMph>
                    <altitudeFt>11280</altitudeFt>
                </position>
                <position>
                    <lat>48.9797</lat>
                    <lon>3.0673</lon>
                    <date>2013-07-10T13:27:18+02:00</date>
                    <speedMph>296</speedMph>
                    <altitudeFt>10600</altitudeFt>
                </position>
                <position>
                    <lat>48.985</lat>
                    <lon>3.0027</lon>
                    <date>2013-07-10T13:26:48+02:00</date>
                    <speedMph>280</speedMph>
                    <altitudeFt>9580</altitudeFt>
                </position>
                <position>
                    <lat>48.9858</lat>
                    <lon>2.9938</lon>
                    <date>2013-07-10T13:26:38+02:00</date>
                    <speedMph>280</speedMph>
                    <altitudeFt>9400</altitudeFt>
                </position>
                <position>
                    <lat>48.9881</lat>
                    <lon>2.9649</lon>
                    <date>2013-07-10T13:26:28+02:00</date>
                    <speedMph>272</speedMph>
                    <altitudeFt>8830</altitudeFt>
                </position>
                <position>
                    <lat>48.9887</lat>
                    <lon>2.959</lon>
                    <date>2013-07-10T13:26:18+02:00</date>
                    <speedMph>272</speedMph>
                    <altitudeFt>8700</altitudeFt>
                </position>
                <position>
                    <lat>48.9916</lat>
                    <lon>2.9313</lon>
                    <date>2013-07-10T13:26:08+02:00</date>
                    <speedMph>268</speedMph>
                    <altitudeFt>8030</altitudeFt>
                </position>
                <position>
                    <lat>48.9938</lat>
                    <lon>2.9099</lon>
                    <date>2013-07-10T13:25:58+02:00</date>
                    <speedMph>268</speedMph>
                    <altitudeFt>7430</altitudeFt>
                </position>
                <position>
                    <lat>48.9956</lat>
                    <lon>2.8935</lon>
                    <date>2013-07-10T13:25:48+02:00</date>
                    <speedMph>268</speedMph>
                    <altitudeFt>7030</altitudeFt>
                </position>
                <position>
                    <lat>48.9968</lat>
                    <lon>2.8822</lon>
                    <date>2013-07-10T13:25:38+02:00</date>
                    <speedMph>268</speedMph>
                    <altitudeFt>6750</altitudeFt>
                </position>
                <position>
                    <lat>48.9996</lat>
                    <lon>2.8568</lon>
                    <date>2013-07-10T13:25:28+02:00</date>
                    <speedMph>264</speedMph>
                    <altitudeFt>6050</altitudeFt>
                </position>
                <position>
                    <lat>49.0017</lat>
                    <lon>2.8386</lon>
                    <date>2013-07-10T13:25:18+02:00</date>
                    <speedMph>264</speedMph>
                    <altitudeFt>5530</altitudeFt>
                </position>
                <position>
                    <lat>49.0039</lat>
                    <lon>2.8193</lon>
                    <date>2013-07-10T13:25:08+02:00</date>
                    <speedMph>260</speedMph>
                    <altitudeFt>5050</altitudeFt>
                </position>
                <position>
                    <lat>49.0049</lat>
                    <lon>2.81</lon>
                    <date>2013-07-10T13:24:58+02:00</date>
                    <speedMph>260</speedMph>
                    <altitudeFt>4830</altitudeFt>
                </position>
                <position>
                    <lat>49.0078</lat>
                    <lon>2.7728</lon>
                    <date>2013-07-10T13:24:38+02:00</date>
                    <speedMph>236</speedMph>
                    <altitudeFt>4280</altitudeFt>
                </position>
                <position>
                    <lat>49.0075</lat>
                    <lon>2.7672</lon>
                    <date>2013-07-10T13:24:33+02:00</date>
                    <speedMph>232</speedMph>
                    <altitudeFt>4200</altitudeFt>
                </position>
                <position>
                    <lat>49.0067</lat>
                    <lon>2.7519</lon>
                    <date>2013-07-10T13:24:28+02:00</date>
                    <speedMph>212</speedMph>
                    <altitudeFt>4080</altitudeFt>
                </position>
                <position>
                    <lat>49.0063</lat>
                    <lon>2.7443</lon>
                    <date>2013-07-10T13:24:18+02:00</date>
                    <speedMph>208</speedMph>
                    <altitudeFt>4000</altitudeFt>
                </position>
                <position>
                    <lat>49.0059</lat>
                    <lon>2.7368</lon>
                    <date>2013-07-10T13:24:13+02:00</date>
                    <speedMph>200</speedMph>
                    <altitudeFt>3930</altitudeFt>
                </position>
                <position>
                    <lat>49.005</lat>
                    <lon>2.7219</lon>
                    <date>2013-07-10T13:24:08+02:00</date>
                    <speedMph>188</speedMph>
                    <altitudeFt>3750</altitudeFt>
                </position>
                <position>
                    <lat>49.0047</lat>
                    <lon>2.7162</lon>
                    <date>2013-07-10T13:23:58+02:00</date>
                    <speedMph>180</speedMph>
                    <altitudeFt>3680</altitudeFt>
                </position>
                <position>
                    <lat>49.0044</lat>
                    <lon>2.7101</lon>
                    <date>2013-07-10T13:23:53+02:00</date>
                    <speedMph>176</speedMph>
                    <altitudeFt>3600</altitudeFt>
                </position>
                <position>
                    <lat>49.0037</lat>
                    <lon>2.6985</lon>
                    <date>2013-07-10T13:23:48+02:00</date>
                    <speedMph>168</speedMph>
                    <altitudeFt>3400</altitudeFt>
                </position>
                <position>
                    <lat>49.0034</lat>
                    <lon>2.6926</lon>
                    <date>2013-07-10T13:23:38+02:00</date>
                    <speedMph>168</speedMph>
                    <altitudeFt>3230</altitudeFt>
                </position>
                <position>
                    <lat>49.0031</lat>
                    <lon>2.686</lon>
                    <date>2013-07-10T13:23:33+02:00</date>
                    <speedMph>172</speedMph>
                    <altitudeFt>3000</altitudeFt>
                </position>
                <position>
                    <lat>49.0024</lat>
                    <lon>2.6743</lon>
                    <date>2013-07-10T13:23:28+02:00</date>
                    <speedMph>168</speedMph>
                    <altitudeFt>2680</altitudeFt>
                </position>
                <position>
                    <lat>49.002</lat>
                    <lon>2.6677</lon>
                    <date>2013-07-10T13:23:18+02:00</date>
                    <speedMph>164</speedMph>
                    <altitudeFt>2530</altitudeFt>
                </position>
                <position>
                    <lat>49.0018</lat>
                    <lon>2.6628</lon>
                    <date>2013-07-10T13:23:13+02:00</date>
                    <speedMph>164</speedMph>
                    <altitudeFt>2400</altitudeFt>
                </position>
                <position>
                    <lat>49.0012</lat>
                    <lon>2.6514</lon>
                    <date>2013-07-10T13:23:08+02:00</date>
                    <speedMph>164</speedMph>
                    <altitudeFt>2050</altitudeFt>
                </position>
                <position>
                    <lat>49.0008</lat>
                    <lon>2.6455</lon>
                    <date>2013-07-10T13:22:58+02:00</date>
                    <speedMph>168</speedMph>
                    <altitudeFt>1850</altitudeFt>
                </position>
                <position>
                    <lat>49.0001</lat>
                    <lon>2.6334</lon>
                    <date>2013-07-10T13:22:53+02:00</date>
                    <speedMph>168</speedMph>
                    <altitudeFt>1450</altitudeFt>
                </position>
                <position>
                    <lat>48.9998</lat>
                    <lon>2.6275</lon>
                    <date>2013-07-10T13:22:48+02:00</date>
                    <speedMph>168</speedMph>
                    <altitudeFt>1250</altitudeFt>
                </position>
                <position>
                    <lat>48.9994</lat>
                    <lon>2.6212</lon>
                    <date>2013-07-10T13:22:38+02:00</date>
                    <speedMph>172</speedMph>
                    <altitudeFt>1050</altitudeFt>
                </position>
                <position>
                    <lat>48.999</lat>
                    <lon>2.6159</lon>
                    <date>2013-07-10T13:22:33+02:00</date>
                    <speedMph>172</speedMph>
                    <altitudeFt>880</altitudeFt>
                </position>
                <position>
                    <lat>48.9983</lat>
                    <lon>2.6039</lon>
                    <date>2013-07-10T13:22:28+02:00</date>
                    <speedMph>164</speedMph>
                    <altitudeFt>580</altitudeFt>
                </position>
                <position>
                    <lat>48.9979</lat>
                    <lon>2.5951</lon>
                    <date>2013-07-10T13:22:18+02:00</date>
                    <speedMph>172</speedMph>
                    <altitudeFt>300</altitudeFt>
                </position>
                <position>
                    <lat>48.9968</lat>
                    <lon>2.5727</lon>
                    <date>2013-07-10T13:21:58+02:00</date>
                    <speedMph>124</speedMph>
                    <altitudeFt>0</altitudeFt>
                </position>
                <position>
                    <lat>48.9967</lat>
                    <lon>2.5707</lon>
                    <date>2013-07-10T13:21:53+02:00</date>
                    <speedMph>116</speedMph>
                    <altitudeFt>0</altitudeFt>
                </position>
                <position>
                    <lat>48.9963</lat>
                    <lon>2.5643</lon>
                    <date>2013-07-10T13:21:48+02:00</date>
                    <speedMph>76</speedMph>
                    <altitudeFt>0</altitudeFt>
                </position>
                <position>
                    <lat>48.9962</lat>
                    <lon>2.5615</lon>
                    <date>2013-07-10T13:21:38+02:00</date>
                    <speedMph>48</speedMph>
                    <altitudeFt>0</altitudeFt>
                </position>
                <position>
                    <lat>48.9961</lat>
                    <lon>2.5596</lon>
                    <date>2013-07-10T13:21:33+02:00</date>
                    <speedMph>16</speedMph>
                    <altitudeFt>0</altitudeFt>
                </position>
                <position>
                    <lat>48.996</lat>
                    <lon>2.5591</lon>
                    <date>2013-07-10T13:21:28+02:00</date>
                    <speedMph>16</speedMph>
                    <altitudeFt>0</altitudeFt>
                </position>
                <position>
                    <lat>48.9961</lat>
                    <lon>2.5586</lon>
                    <date>2013-07-10T13:21:18+02:00</date>
                    <speedMph>16</speedMph>
                    <altitudeFt>0</altitudeFt>
                </position>
                <position>
                    <lat>48.9963</lat>
                    <lon>2.5583</lon>
                    <date>2013-07-10T13:21:13+02:00</date>
                    <speedMph>12</speedMph>
                    <altitudeFt>0</altitudeFt>
                </position>
                <position>
                    <lat>48.9968</lat>
                    <lon>2.5582</lon>
                    <date>2013-07-10T13:21:08+02:00</date>
                    <speedMph>12</speedMph>
                    <altitudeFt>0</altitudeFt>
                </position>
                <position>
                    <lat>48.9978</lat>
                    <lon>2.5581</lon>
                    <date>2013-07-10T13:20:48+02:00</date>
                    <speedMph>12</speedMph>
                    <altitudeFt>0</altitudeFt>
                </position>
                <position>
                    <lat>48.9982</lat>
                    <lon>2.5579</lon>
                    <date>2013-07-10T13:20:38+02:00</date>
                    <speedMph>12</speedMph>
                    <altitudeFt>0</altitudeFt>
                </position>
                <position>
                    <lat>48.9983</lat>
                    <lon>2.5574</lon>
                    <date>2013-07-10T13:20:33+02:00</date>
                    <speedMph>16</speedMph>
                    <altitudeFt>0</altitudeFt>
                </position>
                <position>
                    <lat>48.9984</lat>
                    <lon>2.5569</lon>
                    <date>2013-07-10T13:20:28+02:00</date>
                    <speedMph>16</speedMph>
                    <altitudeFt>0</altitudeFt>
                </position>
                <position>
                    <lat>48.9985</lat>
                    <lon>2.5564</lon>
                    <date>2013-07-10T13:20:18+02:00</date>
                    <speedMph>16</speedMph>
                    <altitudeFt>0</altitudeFt>
                </position>
                <position>
                    <lat>48.9997</lat>
                    <lon>2.5555</lon>
                    <date>2013-07-10T13:19:58+02:00</date>
                    <speedMph>16</speedMph>
                    <altitudeFt>0</altitudeFt>
                </position>
                <position>
                    <lat>49.0012</lat>
                    <lon>2.5561</lon>
                    <date>2013-07-10T13:19:33+02:00</date>
                    <speedMph>16</speedMph>
                    <altitudeFt>0</altitudeFt>
                </position>
                <position>
                    <lat>49.0019</lat>
                    <lon>2.5559</lon>
                    <date>2013-07-10T13:19:28+02:00</date>
                    <speedMph>20</speedMph>
                    <altitudeFt>0</altitudeFt>
                </position>
                <position>
                    <lat>49.0023</lat>
                    <lon>2.5557</lon>
                    <date>2013-07-10T13:19:18+02:00</date>
                    <speedMph>24</speedMph>
                    <altitudeFt>0</altitudeFt>
                </position>
                <position>
                    <lat>49.004</lat>
                    <lon>2.5549</lon>
                    <date>2013-07-10T13:19:08+02:00</date>
                    <speedMph>24</speedMph>
                    <altitudeFt>0</altitudeFt>
                </position>
                <position>
                    <lat>49.0046</lat>
                    <lon>2.5547</lon>
                    <date>2013-07-10T13:18:58+02:00</date>
                    <speedMph>24</speedMph>
                    <altitudeFt>0</altitudeFt>
                </position>
                <position>
                    <lat>49.0053</lat>
                    <lon>2.5543</lon>
                    <date>2013-07-10T13:18:53+02:00</date>
                    <speedMph>20</speedMph>
                    <altitudeFt>0</altitudeFt>
                </position>
                <position>
                    <lat>49.0071</lat>
                    <lon>2.5538</lon>
                    <date>2013-07-10T13:18:33+02:00</date>
                    <speedMph>12</speedMph>
                    <altitudeFt>0</altitudeFt>
                </position>
                <position>
                    <lat>49.0073</lat>
                    <lon>2.5542</lon>
                    <date>2013-07-10T13:18:28+02:00</date>
                    <speedMph>12</speedMph>
                    <altitudeFt>0</altitudeFt>
                </position>
                <position>
                    <lat>49.0073</lat>
                    <lon>2.5547</lon>
                    <date>2013-07-10T13:18:18+02:00</date>
                    <speedMph>16</speedMph>
                    <altitudeFt>0</altitudeFt>
                </position>
                <position>
                    <lat>49.0073</lat>
                    <lon>2.5557</lon>
                    <date>2013-07-10T13:18:08+02:00</date>
                    <speedMph>16</speedMph>
                    <altitudeFt>0</altitudeFt>
                </position>
                <position>
                    <lat>49.0075</lat>
                    <lon>2.5574</lon>
                    <date>2013-07-10T13:17:58+02:00</date>
                    <speedMph>16</speedMph>
                    <altitudeFt>0</altitudeFt>
                </position>
                <position>
                    <lat>49.0076</lat>
                    <lon>2.5584</lon>
                    <date>2013-07-10T13:17:48+02:00</date>
                    <speedMph>16</speedMph>
                    <altitudeFt>0</altitudeFt>
                </position>
                <position>
                    <lat>49.0077</lat>
                    <lon>2.5598</lon>
                    <date>2013-07-10T13:17:38+02:00</date>
                    <speedMph>28</speedMph>
                    <altitudeFt>0</altitudeFt>
                </position>
                <position>
                    <lat>49.0078</lat>
                    <lon>2.561</lon>
                    <date>2013-07-10T13:17:33+02:00</date>
                    <speedMph>28</speedMph>
                    <altitudeFt>0</altitudeFt>
                </position>
                <position>
                    <lat>49.0079</lat>
                    <lon>2.562</lon>
                    <date>2013-07-10T13:17:28+02:00</date>
                    <speedMph>28</speedMph>
                    <altitudeFt>0</altitudeFt>
                </position>
            </positions>
        </flightTrack>
    </flightTracks>
</flightstatslog>
