<?xml version="1.0" encoding="UTF-8" standalone="yes"?>
<flightstatslog>
    <appendix>
        <airports>
            <airport>
                <fs>EDI</fs>
                <latitude>55.95</latitude>
                <longitude>-3.3725</longitude>
                <city>Edinburgh</city>
            </airport>
            <airport>
                <fs>STN</fs>
                <latitude>51.885</latitude>
                <longitude>0.235</longitude>
                <city>London</city>
            </airport>
        </airports>
    </appendix>
    <flightTracks>
        <flightTrack>
            <flightId>4198473</flightId>
            <departureAirportFsCode>EDI</departureAirportFsCode>
            <arrivalAirportFsCode>STN</arrivalAirportFsCode>
            <positions>
                <position>
                    <lat>51.8894</lat>
                    <lon>0.2496</lon>
                    <date>2013-07-11T01:19:58+02:00</date>
                    <speedMph>16</speedMph>
                    <altitudeFt>0</altitudeFt>
                </position>
                <position>
                    <lat>51.8903</lat>
                    <lon>0.2477</lon>
                    <date>2013-07-11T01:19:38+02:00</date>
                    <speedMph>12</speedMph>
                    <altitudeFt>0</altitudeFt>
                </position>
                <position>
                    <lat>51.8903</lat>
                    <lon>0.2476</lon>
                    <date>2013-07-11T01:19:28+02:00</date>
                    <speedMph>12</speedMph>
                    <altitudeFt>0</altitudeFt>
                </position>
                <position>
                    <lat>51.8896</lat>
                    <lon>0.2465</lon>
                    <date>2013-07-11T01:19:18+02:00</date>
                    <speedMph>16</speedMph>
                    <altitudeFt>0</altitudeFt>
                </position>
                <position>
                    <lat>51.8895</lat>
                    <lon>0.2463</lon>
                    <date>2013-07-11T01:19:13+02:00</date>
                    <speedMph>12</speedMph>
                    <altitudeFt>0</altitudeFt>
                </position>
                <position>
                    <lat>51.8892</lat>
                    <lon>0.2446</lon>
                    <date>2013-07-11T01:18:53+02:00</date>
                    <speedMph>16</speedMph>
                    <altitudeFt>0</altitudeFt>
                </position>
                <position>
                    <lat>51.8891</lat>
                    <lon>0.2438</lon>
                    <date>2013-07-11T01:18:48+02:00</date>
                    <speedMph>20</speedMph>
                    <altitudeFt>0</altitudeFt>
                </position>
                <position>
                    <lat>51.889</lat>
                    <lon>0.2433</lon>
                    <date>2013-07-11T01:18:43+02:00</date>
                    <speedMph>24</speedMph>
                    <altitudeFt>0</altitudeFt>
                </position>
                <position>
                    <lat>51.8889</lat>
                    <lon>0.2424</lon>
                    <date>2013-07-11T01:18:38+02:00</date>
                    <speedMph>24</speedMph>
                    <altitudeFt>0</altitudeFt>
                </position>
                <position>
                    <lat>51.8887</lat>
                    <lon>0.2416</lon>
                    <date>2013-07-11T01:18:33+02:00</date>
                    <speedMph>24</speedMph>
                    <altitudeFt>0</altitudeFt>
                </position>
                <position>
                    <lat>51.8885</lat>
                    <lon>0.2407</lon>
                    <date>2013-07-11T01:18:28+02:00</date>
                    <speedMph>28</speedMph>
                    <altitudeFt>0</altitudeFt>
                </position>
                <position>
                    <lat>51.8881</lat>
                    <lon>0.2398</lon>
                    <date>2013-07-11T01:18:23+02:00</date>
                    <speedMph>32</speedMph>
                    <altitudeFt>0</altitudeFt>
                </position>
                <position>
                    <lat>51.8877</lat>
                    <lon>0.2388</lon>
                    <date>2013-07-11T01:18:18+02:00</date>
                    <speedMph>40</speedMph>
                    <altitudeFt>0</altitudeFt>
                </position>
                <position>
                    <lat>51.8871</lat>
                    <lon>0.2378</lon>
                    <date>2013-07-11T01:18:13+02:00</date>
                    <speedMph>44</speedMph>
                    <altitudeFt>0</altitudeFt>
                </position>
                <position>
                    <lat>51.8863</lat>
                    <lon>0.2368</lon>
                    <date>2013-07-11T01:18:08+02:00</date>
                    <speedMph>52</speedMph>
                    <altitudeFt>0</altitudeFt>
                </position>
                <position>
                    <lat>51.8853</lat>
                    <lon>0.235</lon>
                    <date>2013-07-11T01:18:03+02:00</date>
                    <speedMph>68</speedMph>
                    <altitudeFt>0</altitudeFt>
                </position>
                <position>
                    <lat>51.8836</lat>
                    <lon>0.2326</lon>
                    <date>2013-07-11T01:17:58+02:00</date>
                    <speedMph>96</speedMph>
                    <altitudeFt>0</altitudeFt>
                </position>
                <position>
                    <lat>51.8803</lat>
                    <lon>0.2276</lon>
                    <date>2013-07-11T01:17:48+02:00</date>
                    <speedMph>120</speedMph>
                    <altitudeFt>0</altitudeFt>
                </position>
                <position>
                    <lat>51.8749</lat>
                    <lon>0.2192</lon>
                    <date>2013-07-11T01:17:33+02:00</date>
                    <speedMph>124</speedMph>
                    <altitudeFt>100</altitudeFt>
                </position>
                <position>
                    <lat>51.8737</lat>
                    <lon>0.2174</lon>
                    <date>2013-07-11T01:17:28+02:00</date>
                    <speedMph>120</speedMph>
                    <altitudeFt>130</altitudeFt>
                </position>
                <position>
                    <lat>51.8704</lat>
                    <lon>0.2124</lon>
                    <date>2013-07-11T01:17:23+02:00</date>
                    <speedMph>120</speedMph>
                    <altitudeFt>200</altitudeFt>
                </position>
                <position>
                    <lat>51.8687</lat>
                    <lon>0.2099</lon>
                    <date>2013-07-11T01:17:18+02:00</date>
                    <speedMph>120</speedMph>
                    <altitudeFt>250</altitudeFt>
                </position>
                <position>
                    <lat>51.867</lat>
                    <lon>0.2075</lon>
                    <date>2013-07-11T01:17:13+02:00</date>
                    <speedMph>120</speedMph>
                    <altitudeFt>300</altitudeFt>
                </position>
                <position>
                    <lat>51.8653</lat>
                    <lon>0.205</lon>
                    <date>2013-07-11T01:17:08+02:00</date>
                    <speedMph>120</speedMph>
                    <altitudeFt>350</altitudeFt>
                </position>
                <position>
                    <lat>51.8622</lat>
                    <lon>0.2001</lon>
                    <date>2013-07-11T01:17:03+02:00</date>
                    <speedMph>120</speedMph>
                    <altitudeFt>430</altitudeFt>
                </position>
                <position>
                    <lat>51.8605</lat>
                    <lon>0.1976</lon>
                    <date>2013-07-11T01:16:58+02:00</date>
                    <speedMph>120</speedMph>
                    <altitudeFt>480</altitudeFt>
                </position>
                <position>
                    <lat>51.8588</lat>
                    <lon>0.1952</lon>
                    <date>2013-07-11T01:16:53+02:00</date>
                    <speedMph>120</speedMph>
                    <altitudeFt>500</altitudeFt>
                </position>
                <position>
                    <lat>51.8555</lat>
                    <lon>0.1903</lon>
                    <date>2013-07-11T01:16:48+02:00</date>
                    <speedMph>120</speedMph>
                    <altitudeFt>600</altitudeFt>
                </position>
                <position>
                    <lat>51.8538</lat>
                    <lon>0.1877</lon>
                    <date>2013-07-11T01:16:43+02:00</date>
                    <speedMph>120</speedMph>
                    <altitudeFt>650</altitudeFt>
                </position>
                <position>
                    <lat>51.8522</lat>
                    <lon>0.1853</lon>
                    <date>2013-07-11T01:16:38+02:00</date>
                    <speedMph>124</speedMph>
                    <altitudeFt>700</altitudeFt>
                </position>
                <position>
                    <lat>51.8508</lat>
                    <lon>0.1828</lon>
                    <date>2013-07-11T01:16:33+02:00</date>
                    <speedMph>124</speedMph>
                    <altitudeFt>750</altitudeFt>
                </position>
                <position>
                    <lat>51.8471</lat>
                    <lon>0.1779</lon>
                    <date>2013-07-11T01:16:28+02:00</date>
                    <speedMph>120</speedMph>
                    <altitudeFt>830</altitudeFt>
                </position>
                <position>
                    <lat>51.8413</lat>
                    <lon>0.1694</lon>
                    <date>2013-07-11T01:16:18+02:00</date>
                    <speedMph>112</speedMph>
                    <altitudeFt>950</altitudeFt>
                </position>
                <position>
                    <lat>51.8407</lat>
                    <lon>0.1682</lon>
                    <date>2013-07-11T01:16:13+02:00</date>
                    <speedMph>116</speedMph>
                    <altitudeFt>980</altitudeFt>
                </position>
                <position>
                    <lat>51.8382</lat>
                    <lon>0.1647</lon>
                    <date>2013-07-11T01:16:08+02:00</date>
                    <speedMph>116</speedMph>
                    <altitudeFt>1050</altitudeFt>
                </position>
                <position>
                    <lat>51.8375</lat>
                    <lon>0.1636</lon>
                    <date>2013-07-11T01:16:03+02:00</date>
                    <speedMph>116</speedMph>
                    <altitudeFt>1050</altitudeFt>
                </position>
                <position>
                    <lat>51.8293</lat>
                    <lon>0.1511</lon>
                    <date>2013-07-11T01:15:58+02:00</date>
                    <speedMph>132</speedMph>
                    <altitudeFt>1280</altitudeFt>
                </position>
                <position>
                    <lat>51.8272</lat>
                    <lon>0.1479</lon>
                    <date>2013-07-11T01:15:53+02:00</date>
                    <speedMph>136</speedMph>
                    <altitudeFt>1330</altitudeFt>
                </position>
                <position>
                    <lat>51.8199</lat>
                    <lon>0.137</lon>
                    <date>2013-07-11T01:15:48+02:00</date>
                    <speedMph>148</speedMph>
                    <altitudeFt>1550</altitudeFt>
                </position>
                <position>
                    <lat>51.8096</lat>
                    <lon>0.1215</lon>
                    <date>2013-07-11T01:14:59+02:00</date>
                    <speedMph>152</speedMph>
                    <altitudeFt>1800</altitudeFt>
                </position>
                <position>
                    <lat>51.8055</lat>
                    <lon>0.1153</lon>
                    <date>2013-07-11T01:14:54+02:00</date>
                    <speedMph>152</speedMph>
                    <altitudeFt>1880</altitudeFt>
                </position>
                <position>
                    <lat>51.8033</lat>
                    <lon>0.1122</lon>
                    <date>2013-07-11T01:14:49+02:00</date>
                    <speedMph>156</speedMph>
                    <altitudeFt>1950</altitudeFt>
                </position>
                <position>
                    <lat>51.8011</lat>
                    <lon>0.109</lon>
                    <date>2013-07-11T01:14:44+02:00</date>
                    <speedMph>156</speedMph>
                    <altitudeFt>2000</altitudeFt>
                </position>
                <position>
                    <lat>51.7967</lat>
                    <lon>0.1027</lon>
                    <date>2013-07-11T01:14:39+02:00</date>
                    <speedMph>160</speedMph>
                    <altitudeFt>2130</altitudeFt>
                </position>
                <position>
                    <lat>51.7945</lat>
                    <lon>0.0995</lon>
                    <date>2013-07-11T01:14:34+02:00</date>
                    <speedMph>164</speedMph>
                    <altitudeFt>2200</altitudeFt>
                </position>
                <position>
                    <lat>51.7923</lat>
                    <lon>0.0961</lon>
                    <date>2013-07-11T01:14:29+02:00</date>
                    <speedMph>164</speedMph>
                    <altitudeFt>2280</altitudeFt>
                </position>
                <position>
                    <lat>51.7901</lat>
                    <lon>0.0927</lon>
                    <date>2013-07-11T01:14:24+02:00</date>
                    <speedMph>168</speedMph>
                    <altitudeFt>2350</altitudeFt>
                </position>
                <position>
                    <lat>51.7877</lat>
                    <lon>0.0894</lon>
                    <date>2013-07-11T01:14:19+02:00</date>
                    <speedMph>168</speedMph>
                    <altitudeFt>2430</altitudeFt>
                </position>
                <position>
                    <lat>51.7832</lat>
                    <lon>0.0825</lon>
                    <date>2013-07-11T01:14:14+02:00</date>
                    <speedMph>172</speedMph>
                    <altitudeFt>2530</altitudeFt>
                </position>
                <position>
                    <lat>51.7794</lat>
                    <lon>0.0774</lon>
                    <date>2013-07-11T01:14:09+02:00</date>
                    <speedMph>172</speedMph>
                    <altitudeFt>2600</altitudeFt>
                </position>
                <position>
                    <lat>51.7783</lat>
                    <lon>0.0757</lon>
                    <date>2013-07-11T01:14:04+02:00</date>
                    <speedMph>172</speedMph>
                    <altitudeFt>2630</altitudeFt>
                </position>
                <position>
                    <lat>51.7761</lat>
                    <lon>0.0722</lon>
                    <date>2013-07-11T01:13:59+02:00</date>
                    <speedMph>172</speedMph>
                    <altitudeFt>2630</altitudeFt>
                </position>
                <position>
                    <lat>51.7712</lat>
                    <lon>0.065</lon>
                    <date>2013-07-11T01:13:54+02:00</date>
                    <speedMph>176</speedMph>
                    <altitudeFt>2650</altitudeFt>
                </position>
                <position>
                    <lat>51.7688</lat>
                    <lon>0.0613</lon>
                    <date>2013-07-11T01:13:49+02:00</date>
                    <speedMph>180</speedMph>
                    <altitudeFt>2650</altitudeFt>
                </position>
                <position>
                    <lat>51.7665</lat>
                    <lon>0.0575</lon>
                    <date>2013-07-11T01:13:44+02:00</date>
                    <speedMph>180</speedMph>
                    <altitudeFt>2650</altitudeFt>
                </position>
                <position>
                    <lat>51.7593</lat>
                    <lon>0.0451</lon>
                    <date>2013-07-11T01:13:39+02:00</date>
                    <speedMph>180</speedMph>
                    <altitudeFt>2650</altitudeFt>
                </position>
                <position>
                    <lat>51.7566</lat>
                    <lon>0.0402</lon>
                    <date>2013-07-11T01:13:29+02:00</date>
                    <speedMph>180</speedMph>
                    <altitudeFt>2650</altitudeFt>
                </position>
                <position>
                    <lat>51.7534</lat>
                    <lon>0.0352</lon>
                    <date>2013-07-11T01:13:24+02:00</date>
                    <speedMph>180</speedMph>
                    <altitudeFt>2650</altitudeFt>
                </position>
                <position>
                    <lat>51.7517</lat>
                    <lon>0.0322</lon>
                    <date>2013-07-11T01:13:19+02:00</date>
                    <speedMph>180</speedMph>
                    <altitudeFt>2650</altitudeFt>
                </position>
                <position>
                    <lat>51.7462</lat>
                    <lon>0.0221</lon>
                    <date>2013-07-11T01:13:14+02:00</date>
                    <speedMph>180</speedMph>
                    <altitudeFt>2650</altitudeFt>
                </position>
                <position>
                    <lat>51.7432</lat>
                    <lon>0.0163</lon>
                    <date>2013-07-11T01:13:04+02:00</date>
                    <speedMph>180</speedMph>
                    <altitudeFt>2650</altitudeFt>
                </position>
                <position>
                    <lat>51.7401</lat>
                    <lon>0.0102</lon>
                    <date>2013-07-11T01:12:59+02:00</date>
                    <speedMph>180</speedMph>
                    <altitudeFt>2650</altitudeFt>
                </position>
                <position>
                    <lat>51.7355</lat>
                    <lon>0.0019</lon>
                    <date>2013-07-11T01:12:49+02:00</date>
                    <speedMph>180</speedMph>
                    <altitudeFt>2650</altitudeFt>
                </position>
                <position>
                    <lat>51.7322</lat>
                    <lon>-0.0088</lon>
                    <date>2013-07-11T01:12:44+02:00</date>
                    <speedMph>184</speedMph>
                    <altitudeFt>2650</altitudeFt>
                </position>
                <position>
                    <lat>51.7293</lat>
                    <lon>-0.0315</lon>
                    <date>2013-07-11T01:12:24+02:00</date>
                    <speedMph>188</speedMph>
                    <altitudeFt>2650</altitudeFt>
                </position>
                <position>
                    <lat>51.7305</lat>
                    <lon>-0.0428</lon>
                    <date>2013-07-11T01:12:19+02:00</date>
                    <speedMph>200</speedMph>
                    <altitudeFt>2700</altitudeFt>
                </position>
                <position>
                    <lat>51.7321</lat>
                    <lon>-0.0483</lon>
                    <date>2013-07-11T01:12:14+02:00</date>
                    <speedMph>208</speedMph>
                    <altitudeFt>2780</altitudeFt>
                </position>
                <position>
                    <lat>51.7358</lat>
                    <lon>-0.0556</lon>
                    <date>2013-07-11T01:12:09+02:00</date>
                    <speedMph>216</speedMph>
                    <altitudeFt>2950</altitudeFt>
                </position>
                <position>
                    <lat>51.7373</lat>
                    <lon>-0.0578</lon>
                    <date>2013-07-11T01:12:04+02:00</date>
                    <speedMph>216</speedMph>
                    <altitudeFt>3030</altitudeFt>
                </position>
                <position>
                    <lat>51.7434</lat>
                    <lon>-0.0661</lon>
                    <date>2013-07-11T01:11:59+02:00</date>
                    <speedMph>220</speedMph>
                    <altitudeFt>3230</altitudeFt>
                </position>
                <position>
                    <lat>51.7481</lat>
                    <lon>-0.0724</lon>
                    <date>2013-07-11T01:11:54+02:00</date>
                    <speedMph>220</speedMph>
                    <altitudeFt>3400</altitudeFt>
                </position>
                <position>
                    <lat>51.7528</lat>
                    <lon>-0.0786</lon>
                    <date>2013-07-11T01:11:49+02:00</date>
                    <speedMph>224</speedMph>
                    <altitudeFt>3550</altitudeFt>
                </position>
                <position>
                    <lat>51.7545</lat>
                    <lon>-0.0808</lon>
                    <date>2013-07-11T01:11:44+02:00</date>
                    <speedMph>224</speedMph>
                    <altitudeFt>3630</altitudeFt>
                </position>
                <position>
                    <lat>51.7576</lat>
                    <lon>-0.085</lon>
                    <date>2013-07-11T01:11:39+02:00</date>
                    <speedMph>224</speedMph>
                    <altitudeFt>3700</altitudeFt>
                </position>
                <position>
                    <lat>51.761</lat>
                    <lon>-0.0893</lon>
                    <date>2013-07-11T01:11:34+02:00</date>
                    <speedMph>228</speedMph>
                    <altitudeFt>3800</altitudeFt>
                </position>
                <position>
                    <lat>51.764</lat>
                    <lon>-0.0936</lon>
                    <date>2013-07-11T01:11:29+02:00</date>
                    <speedMph>228</speedMph>
                    <altitudeFt>3900</altitudeFt>
                </position>
                <position>
                    <lat>51.7709</lat>
                    <lon>-0.1023</lon>
                    <date>2013-07-11T01:11:24+02:00</date>
                    <speedMph>236</speedMph>
                    <altitudeFt>4100</altitudeFt>
                </position>
                <position>
                    <lat>51.7813</lat>
                    <lon>-0.117</lon>
                    <date>2013-07-11T01:11:19+02:00</date>
                    <speedMph>244</speedMph>
                    <altitudeFt>4250</altitudeFt>
                </position>
                <position>
                    <lat>51.7882</lat>
                    <lon>-0.1252</lon>
                    <date>2013-07-11T01:11:03+02:00</date>
                    <speedMph>252</speedMph>
                    <altitudeFt>4350</altitudeFt>
                </position>
                <position>
                    <lat>51.7918</lat>
                    <lon>-0.1299</lon>
                    <date>2013-07-11T01:10:58+02:00</date>
                    <speedMph>252</speedMph>
                    <altitudeFt>4430</altitudeFt>
                </position>
                <position>
                    <lat>51.7955</lat>
                    <lon>-0.1347</lon>
                    <date>2013-07-11T01:10:53+02:00</date>
                    <speedMph>256</speedMph>
                    <altitudeFt>4480</altitudeFt>
                </position>
                <position>
                    <lat>51.8029</lat>
                    <lon>-0.1447</lon>
                    <date>2013-07-11T01:10:48+02:00</date>
                    <speedMph>264</speedMph>
                    <altitudeFt>4600</altitudeFt>
                </position>
                <position>
                    <lat>51.8067</lat>
                    <lon>-0.1497</lon>
                    <date>2013-07-11T01:10:43+02:00</date>
                    <speedMph>264</speedMph>
                    <altitudeFt>4730</altitudeFt>
                </position>
                <position>
                    <lat>51.8103</lat>
                    <lon>-0.1548</lon>
                    <date>2013-07-11T01:10:38+02:00</date>
                    <speedMph>264</speedMph>
                    <altitudeFt>4830</altitudeFt>
                </position>
                <position>
                    <lat>51.8177</lat>
                    <lon>-0.165</lon>
                    <date>2013-07-11T01:10:33+02:00</date>
                    <speedMph>268</speedMph>
                    <altitudeFt>5080</altitudeFt>
                </position>
                <position>
                    <lat>51.8258</lat>
                    <lon>-0.1765</lon>
                    <date>2013-07-11T01:10:23+02:00</date>
                    <speedMph>268</speedMph>
                    <altitudeFt>5330</altitudeFt>
                </position>
                <position>
                    <lat>51.8322</lat>
                    <lon>-0.1842</lon>
                    <date>2013-07-11T01:10:13+02:00</date>
                    <speedMph>272</speedMph>
                    <altitudeFt>5500</altitudeFt>
                </position>
                <position>
                    <lat>51.8443</lat>
                    <lon>-0.2014</lon>
                    <date>2013-07-11T01:10:03+02:00</date>
                    <speedMph>276</speedMph>
                    <altitudeFt>5780</altitudeFt>
                </position>
                <position>
                    <lat>51.8518</lat>
                    <lon>-0.2107</lon>
                    <date>2013-07-11T01:09:53+02:00</date>
                    <speedMph>276</speedMph>
                    <altitudeFt>5950</altitudeFt>
                </position>
                <position>
                    <lat>51.8634</lat>
                    <lon>-0.227</lon>
                    <date>2013-07-11T01:09:43+02:00</date>
                    <speedMph>276</speedMph>
                    <altitudeFt>6330</altitudeFt>
                </position>
                <position>
                    <lat>51.8714</lat>
                    <lon>-0.2392</lon>
                    <date>2013-07-11T01:09:33+02:00</date>
                    <speedMph>280</speedMph>
                    <altitudeFt>6480</altitudeFt>
                </position>
                <position>
                    <lat>51.8829</lat>
                    <lon>-0.2548</lon>
                    <date>2013-07-11T01:09:23+02:00</date>
                    <speedMph>284</speedMph>
                    <altitudeFt>6700</altitudeFt>
                </position>
                <position>
                    <lat>51.8909</lat>
                    <lon>-0.2676</lon>
                    <date>2013-07-11T01:09:13+02:00</date>
                    <speedMph>284</speedMph>
                    <altitudeFt>6900</altitudeFt>
                </position>
                <position>
                    <lat>51.902</lat>
                    <lon>-0.2843</lon>
                    <date>2013-07-11T01:09:03+02:00</date>
                    <speedMph>296</speedMph>
                    <altitudeFt>6950</altitudeFt>
                </position>
                <position>
                    <lat>51.9097</lat>
                    <lon>-0.2973</lon>
                    <date>2013-07-11T01:08:53+02:00</date>
                    <speedMph>308</speedMph>
                    <altitudeFt>6980</altitudeFt>
                </position>
                <position>
                    <lat>51.9225</lat>
                    <lon>-0.3197</lon>
                    <date>2013-07-11T01:08:43+02:00</date>
                    <speedMph>324</speedMph>
                    <altitudeFt>6980</altitudeFt>
                </position>
                <position>
                    <lat>51.9349</lat>
                    <lon>-0.3413</lon>
                    <date>2013-07-11T01:08:33+02:00</date>
                    <speedMph>340</speedMph>
                    <altitudeFt>7050</altitudeFt>
                </position>
                <position>
                    <lat>51.9431</lat>
                    <lon>-0.3561</lon>
                    <date>2013-07-11T01:08:23+02:00</date>
                    <speedMph>340</speedMph>
                    <altitudeFt>7230</altitudeFt>
                </position>
                <position>
                    <lat>51.9523</lat>
                    <lon>-0.3712</lon>
                    <date>2013-07-11T01:08:13+02:00</date>
                    <speedMph>344</speedMph>
                    <altitudeFt>7500</altitudeFt>
                </position>
                <position>
                    <lat>51.9659</lat>
                    <lon>-0.3959</lon>
                    <date>2013-07-11T01:08:03+02:00</date>
                    <speedMph>352</speedMph>
                    <altitudeFt>7950</altitudeFt>
                </position>
                <position>
                    <lat>51.9786</lat>
                    <lon>-0.4169</lon>
                    <date>2013-07-11T01:07:53+02:00</date>
                    <speedMph>352</speedMph>
                    <altitudeFt>8380</altitudeFt>
                </position>
                <position>
                    <lat>51.9921</lat>
                    <lon>-0.44</lon>
                    <date>2013-07-11T01:07:38+02:00</date>
                    <speedMph>352</speedMph>
                    <altitudeFt>8930</altitudeFt>
                </position>
                <position>
                    <lat>52.0077</lat>
                    <lon>-0.4668</lon>
                    <date>2013-07-11T01:07:28+02:00</date>
                    <speedMph>348</speedMph>
                    <altitudeFt>9630</altitudeFt>
                </position>
                <position>
                    <lat>52.0145</lat>
                    <lon>-0.4784</lon>
                    <date>2013-07-11T01:07:18+02:00</date>
                    <speedMph>348</speedMph>
                    <altitudeFt>9980</altitudeFt>
                </position>
                <position>
                    <lat>52.0328</lat>
                    <lon>-0.5112</lon>
                    <date>2013-07-11T01:07:03+02:00</date>
                    <speedMph>352</speedMph>
                    <altitudeFt>10900</altitudeFt>
                </position>
                <position>
                    <lat>52.0672</lat>
                    <lon>-0.5737</lon>
                    <date>2013-07-11T01:06:33+02:00</date>
                    <speedMph>368</speedMph>
                    <altitudeFt>12330</altitudeFt>
                </position>
                <position>
                    <lat>52.0917</lat>
                    <lon>-0.6436</lon>
                    <date>2013-07-11T01:06:03+02:00</date>
                    <speedMph>372</speedMph>
                    <altitudeFt>13580</altitudeFt>
                </position>
                <position>
                    <lat>52.1138</lat>
                    <lon>-0.713</lon>
                    <date>2013-07-11T01:05:33+02:00</date>
                    <speedMph>372</speedMph>
                    <altitudeFt>14950</altitudeFt>
                </position>
                <position>
                    <lat>52.1421</lat>
                    <lon>-0.8271</lon>
                    <date>2013-07-11T01:04:48+02:00</date>
                    <speedMph>380</speedMph>
                    <altitudeFt>17050</altitudeFt>
                </position>
                <position>
                    <lat>52.171</lat>
                    <lon>-0.9972</lon>
                    <date>2013-07-11T01:03:48+02:00</date>
                    <speedMph>396</speedMph>
                    <altitudeFt>19000</altitudeFt>
                </position>
                <position>
                    <lat>52.2001</lat>
                    <lon>-1.178</lon>
                    <date>2013-07-11T01:02:48+02:00</date>
                    <speedMph>392</speedMph>
                    <altitudeFt>19000</altitudeFt>
                </position>
                <position>
                    <lat>52.2651</lat>
                    <lon>-1.3105</lon>
                    <date>2013-07-11T01:01:48+02:00</date>
                    <speedMph>400</speedMph>
                    <altitudeFt>19000</altitudeFt>
                </position>
                <position>
                    <lat>52.3632</lat>
                    <lon>-1.3928</lon>
                    <date>2013-07-11T01:00:48+02:00</date>
                    <speedMph>400</speedMph>
                    <altitudeFt>19000</altitudeFt>
                </position>
                <position>
                    <lat>52.4584</lat>
                    <lon>-1.4735</lon>
                    <date>2013-07-11T00:59:48+02:00</date>
                    <speedMph>400</speedMph>
                    <altitudeFt>19000</altitudeFt>
                </position>
                <position>
                    <lat>52.554</lat>
                    <lon>-1.5542</lon>
                    <date>2013-07-11T00:58:48+02:00</date>
                    <speedMph>400</speedMph>
                    <altitudeFt>19000</altitudeFt>
                </position>
                <position>
                    <lat>52.6545</lat>
                    <lon>-1.6393</lon>
                    <date>2013-07-11T00:57:48+02:00</date>
                    <speedMph>396</speedMph>
                    <altitudeFt>19000</altitudeFt>
                </position>
                <position>
                    <lat>52.7536</lat>
                    <lon>-1.7238</lon>
                    <date>2013-07-11T00:56:48+02:00</date>
                    <speedMph>396</speedMph>
                    <altitudeFt>19000</altitudeFt>
                </position>
                <position>
                    <lat>52.8484</lat>
                    <lon>-1.7954</lon>
                    <date>2013-07-11T00:55:48+02:00</date>
                    <speedMph>392</speedMph>
                    <altitudeFt>19000</altitudeFt>
                </position>
                <position>
                    <lat>52.9535</lat>
                    <lon>-1.8769</lon>
                    <date>2013-07-11T00:54:48+02:00</date>
                    <speedMph>392</speedMph>
                    <altitudeFt>19000</altitudeFt>
                </position>
                <position>
                    <lat>53.0466</lat>
                    <lon>-1.9488</lon>
                    <date>2013-07-11T00:53:48+02:00</date>
                    <speedMph>392</speedMph>
                    <altitudeFt>19000</altitudeFt>
                </position>
                <position>
                    <lat>53.1465</lat>
                    <lon>-2.0243</lon>
                    <date>2013-07-11T00:52:48+02:00</date>
                    <speedMph>404</speedMph>
                    <altitudeFt>20350</altitudeFt>
                </position>
                <position>
                    <lat>53.2503</lat>
                    <lon>-2.1033</lon>
                    <date>2013-07-11T00:51:48+02:00</date>
                    <speedMph>416</speedMph>
                    <altitudeFt>22680</altitudeFt>
                </position>
                <position>
                    <lat>53.3603</lat>
                    <lon>-2.1889</lon>
                    <date>2013-07-11T00:50:48+02:00</date>
                    <speedMph>432</speedMph>
                    <altitudeFt>25130</altitudeFt>
                </position>
                <position>
                    <lat>53.4683</lat>
                    <lon>-2.2728</lon>
                    <date>2013-07-11T00:49:48+02:00</date>
                    <speedMph>424</speedMph>
                    <altitudeFt>27000</altitudeFt>
                </position>
                <position>
                    <lat>53.579</lat>
                    <lon>-2.3563</lon>
                    <date>2013-07-11T00:48:48+02:00</date>
                    <speedMph>424</speedMph>
                    <altitudeFt>27000</altitudeFt>
                </position>
                <position>
                    <lat>53.6859</lat>
                    <lon>-2.4033</lon>
                    <date>2013-07-11T00:47:48+02:00</date>
                    <speedMph>424</speedMph>
                    <altitudeFt>27000</altitudeFt>
                </position>
                <position>
                    <lat>53.8037</lat>
                    <lon>-2.4561</lon>
                    <date>2013-07-11T00:46:48+02:00</date>
                    <speedMph>428</speedMph>
                    <altitudeFt>27000</altitudeFt>
                </position>
                <position>
                    <lat>53.9225</lat>
                    <lon>-2.5091</lon>
                    <date>2013-07-11T00:45:48+02:00</date>
                    <speedMph>432</speedMph>
                    <altitudeFt>27000</altitudeFt>
                </position>
                <position>
                    <lat>54.0385</lat>
                    <lon>-2.5607</lon>
                    <date>2013-07-11T00:44:48+02:00</date>
                    <speedMph>432</speedMph>
                    <altitudeFt>27000</altitudeFt>
                </position>
                <position>
                    <lat>54.1538</lat>
                    <lon>-2.6121</lon>
                    <date>2013-07-11T00:43:48+02:00</date>
                    <speedMph>432</speedMph>
                    <altitudeFt>27000</altitudeFt>
                </position>
                <position>
                    <lat>54.2701</lat>
                    <lon>-2.6634</lon>
                    <date>2013-07-11T00:42:48+02:00</date>
                    <speedMph>432</speedMph>
                    <altitudeFt>27000</altitudeFt>
                </position>
                <position>
                    <lat>54.3881</lat>
                    <lon>-2.7153</lon>
                    <date>2013-07-11T00:41:48+02:00</date>
                    <speedMph>432</speedMph>
                    <altitudeFt>27000</altitudeFt>
                </position>
                <position>
                    <lat>54.5019</lat>
                    <lon>-2.7668</lon>
                    <date>2013-07-11T00:40:48+02:00</date>
                    <speedMph>432</speedMph>
                    <altitudeFt>27000</altitudeFt>
                </position>
                <position>
                    <lat>54.6185</lat>
                    <lon>-2.82</lon>
                    <date>2013-07-11T00:39:48+02:00</date>
                    <speedMph>432</speedMph>
                    <altitudeFt>27000</altitudeFt>
                </position>
                <position>
                    <lat>54.7341</lat>
                    <lon>-2.872</lon>
                    <date>2013-07-11T00:38:48+02:00</date>
                    <speedMph>432</speedMph>
                    <altitudeFt>27000</altitudeFt>
                </position>
                <position>
                    <lat>54.8512</lat>
                    <lon>-2.9254</lon>
                    <date>2013-07-11T00:37:48+02:00</date>
                    <speedMph>432</speedMph>
                    <altitudeFt>27000</altitudeFt>
                </position>
                <position>
                    <lat>54.9662</lat>
                    <lon>-2.9779</lon>
                    <date>2013-07-11T00:36:48+02:00</date>
                    <speedMph>432</speedMph>
                    <altitudeFt>27000</altitudeFt>
                </position>
                <position>
                    <lat>55.0813</lat>
                    <lon>-3.0314</lon>
                    <date>2013-07-11T00:35:48+02:00</date>
                    <speedMph>432</speedMph>
                    <altitudeFt>27000</altitudeFt>
                </position>
                <position>
                    <lat>55.1969</lat>
                    <lon>-3.0884</lon>
                    <date>2013-07-11T00:34:48+02:00</date>
                    <speedMph>436</speedMph>
                    <altitudeFt>27000</altitudeFt>
                </position>
                <position>
                    <lat>55.3147</lat>
                    <lon>-3.1451</lon>
                    <date>2013-07-11T00:33:48+02:00</date>
                    <speedMph>432</speedMph>
                    <altitudeFt>26850</altitudeFt>
                </position>
                <position>
                    <lat>55.431</lat>
                    <lon>-3.2007</lon>
                    <date>2013-07-11T00:32:48+02:00</date>
                    <speedMph>424</speedMph>
                    <altitudeFt>24830</altitudeFt>
                </position>
                <position>
                    <lat>55.5488</lat>
                    <lon>-3.2549</lon>
                    <date>2013-07-11T00:31:48+02:00</date>
                    <speedMph>400</speedMph>
                    <altitudeFt>22430</altitudeFt>
                </position>
                <position>
                    <lat>55.7248</lat>
                    <lon>-3.339</lon>
                    <date>2013-07-11T00:30:48+02:00</date>
                    <speedMph>380</speedMph>
                    <altitudeFt>17130</altitudeFt>
                </position>
                <position>
                    <lat>55.8158</lat>
                    <lon>-3.3832</lon>
                    <date>2013-07-11T00:29:07+02:00</date>
                    <speedMph>360</speedMph>
                    <altitudeFt>14180</altitudeFt>
                </position>
                <position>
                    <lat>55.8626</lat>
                    <lon>-3.4061</lon>
                    <date>2013-07-11T00:28:37+02:00</date>
                    <speedMph>360</speedMph>
                    <altitudeFt>12230</altitudeFt>
                </position>
                <position>
                    <lat>55.9111</lat>
                    <lon>-3.4302</lon>
                    <date>2013-07-11T00:28:07+02:00</date>
                    <speedMph>340</speedMph>
                    <altitudeFt>10850</altitudeFt>
                </position>
                <position>
                    <lat>55.9548</lat>
                    <lon>-3.453</lon>
                    <date>2013-07-11T00:27:37+02:00</date>
                    <speedMph>308</speedMph>
                    <altitudeFt>9650</altitudeFt>
                </position>
                <position>
                    <lat>55.9803</lat>
                    <lon>-3.4623</lon>
                    <date>2013-07-11T00:27:22+02:00</date>
                    <speedMph>304</speedMph>
                    <altitudeFt>8600</altitudeFt>
                </position>
                <position>
                    <lat>55.9875</lat>
                    <lon>-3.4617</lon>
                    <date>2013-07-11T00:27:12+02:00</date>
                    <speedMph>304</speedMph>
                    <altitudeFt>8300</altitudeFt>
                </position>
                <position>
                    <lat>56.001</lat>
                    <lon>-3.4555</lon>
                    <date>2013-07-11T00:27:02+02:00</date>
                    <speedMph>304</speedMph>
                    <altitudeFt>7730</altitudeFt>
                </position>
                <position>
                    <lat>56.0128</lat>
                    <lon>-3.442</lon>
                    <date>2013-07-11T00:26:52+02:00</date>
                    <speedMph>300</speedMph>
                    <altitudeFt>7130</altitudeFt>
                </position>
                <position>
                    <lat>56.0213</lat>
                    <lon>-3.4227</lon>
                    <date>2013-07-11T00:26:42+02:00</date>
                    <speedMph>296</speedMph>
                    <altitudeFt>6580</altitudeFt>
                </position>
                <position>
                    <lat>56.0276</lat>
                    <lon>-3.3985</lon>
                    <date>2013-07-11T00:26:32+02:00</date>
                    <speedMph>292</speedMph>
                    <altitudeFt>5980</altitudeFt>
                </position>
                <position>
                    <lat>56.0324</lat>
                    <lon>-3.3783</lon>
                    <date>2013-07-11T00:26:22+02:00</date>
                    <speedMph>292</speedMph>
                    <altitudeFt>5480</altitudeFt>
                </position>
                <position>
                    <lat>56.0385</lat>
                    <lon>-3.3306</lon>
                    <date>2013-07-11T00:26:02+02:00</date>
                    <speedMph>272</speedMph>
                    <altitudeFt>4580</altitudeFt>
                </position>
                <position>
                    <lat>56.0376</lat>
                    <lon>-3.3198</lon>
                    <date>2013-07-11T00:25:57+02:00</date>
                    <speedMph>264</speedMph>
                    <altitudeFt>4400</altitudeFt>
                </position>
                <position>
                    <lat>56.0356</lat>
                    <lon>-3.3096</lon>
                    <date>2013-07-11T00:25:52+02:00</date>
                    <speedMph>256</speedMph>
                    <altitudeFt>4230</altitudeFt>
                </position>
                <position>
                    <lat>56.033</lat>
                    <lon>-3.3022</lon>
                    <date>2013-07-11T00:25:47+02:00</date>
                    <speedMph>248</speedMph>
                    <altitudeFt>4080</altitudeFt>
                </position>
                <position>
                    <lat>56.0294</lat>
                    <lon>-3.2946</lon>
                    <date>2013-07-11T00:25:42+02:00</date>
                    <speedMph>244</speedMph>
                    <altitudeFt>3880</altitudeFt>
                </position>
                <position>
                    <lat>56.0099</lat>
                    <lon>-3.2811</lon>
                    <date>2013-07-11T00:25:22+02:00</date>
                    <speedMph>212</speedMph>
                    <altitudeFt>3200</altitudeFt>
                </position>
                <position>
                    <lat>56.005</lat>
                    <lon>-3.2819</lon>
                    <date>2013-07-11T00:25:17+02:00</date>
                    <speedMph>216</speedMph>
                    <altitudeFt>3050</altitudeFt>
                </position>
                <position>
                    <lat>56.0002</lat>
                    <lon>-3.2843</lon>
                    <date>2013-07-11T00:25:12+02:00</date>
                    <speedMph>208</speedMph>
                    <altitudeFt>2880</altitudeFt>
                </position>
                <position>
                    <lat>55.995</lat>
                    <lon>-3.289</lon>
                    <date>2013-07-11T00:25:07+02:00</date>
                    <speedMph>208</speedMph>
                    <altitudeFt>2600</altitudeFt>
                </position>
                <position>
                    <lat>55.9914</lat>
                    <lon>-3.2943</lon>
                    <date>2013-07-11T00:25:02+02:00</date>
                    <speedMph>200</speedMph>
                    <altitudeFt>2350</altitudeFt>
                </position>
                <position>
                    <lat>55.9883</lat>
                    <lon>-3.2987</lon>
                    <date>2013-07-11T00:24:57+02:00</date>
                    <speedMph>200</speedMph>
                    <altitudeFt>2130</altitudeFt>
                </position>
                <position>
                    <lat>55.9847</lat>
                    <lon>-3.3043</lon>
                    <date>2013-07-11T00:24:52+02:00</date>
                    <speedMph>200</speedMph>
                    <altitudeFt>1880</altitudeFt>
                </position>
                <position>
                    <lat>55.9811</lat>
                    <lon>-3.3099</lon>
                    <date>2013-07-11T00:24:47+02:00</date>
                    <speedMph>200</speedMph>
                    <altitudeFt>1700</altitudeFt>
                </position>
                <position>
                    <lat>55.9775</lat>
                    <lon>-3.3164</lon>
                    <date>2013-07-11T00:24:42+02:00</date>
                    <speedMph>184</speedMph>
                    <altitudeFt>1580</altitudeFt>
                </position>
                <position>
                    <lat>55.9748</lat>
                    <lon>-3.3206</lon>
                    <date>2013-07-11T00:24:37+02:00</date>
                    <speedMph>180</speedMph>
                    <altitudeFt>1480</altitudeFt>
                </position>
                <position>
                    <lat>55.9715</lat>
                    <lon>-3.3256</lon>
                    <date>2013-07-11T00:24:32+02:00</date>
                    <speedMph>176</speedMph>
                    <altitudeFt>1380</altitudeFt>
                </position>
                <position>
                    <lat>55.9686</lat>
                    <lon>-3.3305</lon>
                    <date>2013-07-11T00:24:27+02:00</date>
                    <speedMph>160</speedMph>
                    <altitudeFt>1280</altitudeFt>
                </position>
                <position>
                    <lat>55.9659</lat>
                    <lon>-3.3351</lon>
                    <date>2013-07-11T00:24:22+02:00</date>
                    <speedMph>160</speedMph>
                    <altitudeFt>1200</altitudeFt>
                </position>
                <position>
                    <lat>55.9632</lat>
                    <lon>-3.3397</lon>
                    <date>2013-07-11T00:24:17+02:00</date>
                    <speedMph>148</speedMph>
                    <altitudeFt>1050</altitudeFt>
                </position>
                <position>
                    <lat>55.9607</lat>
                    <lon>-3.3443</lon>
                    <date>2013-07-11T00:24:12+02:00</date>
                    <speedMph>144</speedMph>
                    <altitudeFt>850</altitudeFt>
                </position>
                <position>
                    <lat>55.9588</lat>
                    <lon>-3.3492</lon>
                    <date>2013-07-11T00:24:07+02:00</date>
                    <speedMph>144</speedMph>
                    <altitudeFt>700</altitudeFt>
                </position>
                <position>
                    <lat>55.9568</lat>
                    <lon>-3.3542</lon>
                    <date>2013-07-11T00:24:02+02:00</date>
                    <speedMph>140</speedMph>
                    <altitudeFt>530</altitudeFt>
                </position>
                <position>
                    <lat>55.9548</lat>
                    <lon>-3.359</lon>
                    <date>2013-07-11T00:23:57+02:00</date>
                    <speedMph>144</speedMph>
                    <altitudeFt>250</altitudeFt>
                </position>
                <position>
                    <lat>55.9527</lat>
                    <lon>-3.3648</lon>
                    <date>2013-07-11T00:23:52+02:00</date>
                    <speedMph>148</speedMph>
                    <altitudeFt>0</altitudeFt>
                </position>
                <position>
                    <lat>55.9479</lat>
                    <lon>-3.3795</lon>
                    <date>2013-07-11T00:23:47+02:00</date>
                    <speedMph>112</speedMph>
                    <altitudeFt>0</altitudeFt>
                </position>
                <position>
                    <lat>55.9476</lat>
                    <lon>-3.3795</lon>
                    <date>2013-07-11T00:23:42+02:00</date>
                    <speedMph>112</speedMph>
                    <altitudeFt>0</altitudeFt>
                </position>
                <position>
                    <lat>55.9463</lat>
                    <lon>-3.3838</lon>
                    <date>2013-07-11T00:23:32+02:00</date>
                    <speedMph>84</speedMph>
                    <altitudeFt>0</altitudeFt>
                </position>
                <position>
                    <lat>55.9438</lat>
                    <lon>-3.3895</lon>
                    <date>2013-07-11T00:23:07+02:00</date>
                    <speedMph>16</speedMph>
                    <altitudeFt>0</altitudeFt>
                </position>
                <position>
                    <lat>55.9428</lat>
                    <lon>-3.3879</lon>
                    <date>2013-07-11T00:22:47+02:00</date>
                    <speedMph>16</speedMph>
                    <altitudeFt>0</altitudeFt>
                </position>
                <position>
                    <lat>55.943</lat>
                    <lon>-3.3875</lon>
                    <date>2013-07-11T00:22:42+02:00</date>
                    <speedMph>20</speedMph>
                    <altitudeFt>0</altitudeFt>
                </position>
                <position>
                    <lat>55.9432</lat>
                    <lon>-3.3866</lon>
                    <date>2013-07-11T00:22:37+02:00</date>
                    <speedMph>24</speedMph>
                    <altitudeFt>0</altitudeFt>
                </position>
                <position>
                    <lat>55.9436</lat>
                    <lon>-3.3857</lon>
                    <date>2013-07-11T00:22:32+02:00</date>
                    <speedMph>24</speedMph>
                    <altitudeFt>0</altitudeFt>
                </position>
                <position>
                    <lat>55.9438</lat>
                    <lon>-3.3849</lon>
                    <date>2013-07-11T00:22:27+02:00</date>
                    <speedMph>24</speedMph>
                    <altitudeFt>0</altitudeFt>
                </position>
                <position>
                    <lat>55.9441</lat>
                    <lon>-3.3841</lon>
                    <date>2013-07-11T00:22:22+02:00</date>
                    <speedMph>28</speedMph>
                    <altitudeFt>0</altitudeFt>
                </position>
                <position>
                    <lat>55.9445</lat>
                    <lon>-3.3829</lon>
                    <date>2013-07-11T00:22:17+02:00</date>
                    <speedMph>28</speedMph>
                    <altitudeFt>0</altitudeFt>
                </position>
                <position>
                    <lat>55.9448</lat>
                    <lon>-3.3819</lon>
                    <date>2013-07-11T00:22:12+02:00</date>
                    <speedMph>28</speedMph>
                    <altitudeFt>0</altitudeFt>
                </position>
                <position>
                    <lat>55.9452</lat>
                    <lon>-3.3809</lon>
                    <date>2013-07-11T00:22:07+02:00</date>
                    <speedMph>28</speedMph>
                    <altitudeFt>0</altitudeFt>
                </position>
                <position>
                    <lat>55.9455</lat>
                    <lon>-3.3801</lon>
                    <date>2013-07-11T00:22:02+02:00</date>
                    <speedMph>28</speedMph>
                    <altitudeFt>0</altitudeFt>
                </position>
                <position>
                    <lat>55.9458</lat>
                    <lon>-3.3789</lon>
                    <date>2013-07-11T00:21:57+02:00</date>
                    <speedMph>28</speedMph>
                    <altitudeFt>0</altitudeFt>
                </position>
                <position>
                    <lat>55.9462</lat>
                    <lon>-3.3779</lon>
                    <date>2013-07-11T00:21:52+02:00</date>
                    <speedMph>28</speedMph>
                    <altitudeFt>0</altitudeFt>
                </position>
                <position>
                    <lat>55.9465</lat>
                    <lon>-3.3771</lon>
                    <date>2013-07-11T00:21:47+02:00</date>
                    <speedMph>28</speedMph>
                    <altitudeFt>0</altitudeFt>
                </position>
                <position>
                    <lat>55.9468</lat>
                    <lon>-3.3759</lon>
                    <date>2013-07-11T00:21:42+02:00</date>
                    <speedMph>28</speedMph>
                    <altitudeFt>0</altitudeFt>
                </position>
                <position>
                    <lat>55.9472</lat>
                    <lon>-3.3751</lon>
                    <date>2013-07-11T00:21:37+02:00</date>
                    <speedMph>28</speedMph>
                    <altitudeFt>0</altitudeFt>
                </position>
                <position>
                    <lat>55.9479</lat>
                    <lon>-3.3727</lon>
                    <date>2013-07-11T00:21:27+02:00</date>
                    <speedMph>28</speedMph>
                    <altitudeFt>0</altitudeFt>
                </position>
                <position>
                    <lat>55.9482</lat>
                    <lon>-3.3719</lon>
                    <date>2013-07-11T00:21:22+02:00</date>
                    <speedMph>28</speedMph>
                    <altitudeFt>0</altitudeFt>
                </position>
                <position>
                    <lat>55.9485</lat>
                    <lon>-3.3712</lon>
                    <date>2013-07-11T00:21:17+02:00</date>
                    <speedMph>28</speedMph>
                    <altitudeFt>0</altitudeFt>
                </position>
                <position>
                    <lat>55.9488</lat>
                    <lon>-3.37</lon>
                    <date>2013-07-11T00:21:12+02:00</date>
                    <speedMph>28</speedMph>
                    <altitudeFt>0</altitudeFt>
                </position>
                <position>
                    <lat>55.9495</lat>
                    <lon>-3.3683</lon>
                    <date>2013-07-11T00:21:02+02:00</date>
                    <speedMph>28</speedMph>
                    <altitudeFt>0</altitudeFt>
                </position>
                <position>
                    <lat>55.9499</lat>
                    <lon>-3.367</lon>
                    <date>2013-07-11T00:20:57+02:00</date>
                    <speedMph>24</speedMph>
                    <altitudeFt>0</altitudeFt>
                </position>
                <position>
                    <lat>55.9501</lat>
                    <lon>-3.3665</lon>
                    <date>2013-07-11T00:20:52+02:00</date>
                    <speedMph>24</speedMph>
                    <altitudeFt>0</altitudeFt>
                </position>
                <position>
                    <lat>55.9504</lat>
                    <lon>-3.3655</lon>
                    <date>2013-07-11T00:20:47+02:00</date>
                    <speedMph>20</speedMph>
                    <altitudeFt>0</altitudeFt>
                </position>
                <position>
                    <lat>55.9506</lat>
                    <lon>-3.3648</lon>
                    <date>2013-07-11T00:20:42+02:00</date>
                    <speedMph>20</speedMph>
                    <altitudeFt>0</altitudeFt>
                </position>
                <position>
                    <lat>55.9514</lat>
                    <lon>-3.3626</lon>
                    <date>2013-07-11T00:20:22+02:00</date>
                    <speedMph>12</speedMph>
                    <altitudeFt>0</altitudeFt>
                </position>
                <position>
                    <lat>55.9514</lat>
                    <lon>-3.3623</lon>
                    <date>2013-07-11T00:20:17+02:00</date>
                    <speedMph>12</speedMph>
                    <altitudeFt>0</altitudeFt>
                </position>
                <position>
                    <lat>55.9513</lat>
                    <lon>-3.3617</lon>
                    <date>2013-07-11T00:20:12+02:00</date>
                    <speedMph>16</speedMph>
                    <altitudeFt>0</altitudeFt>
                </position>
                <position>
                    <lat>55.951</lat>
                    <lon>-3.3605</lon>
                    <date>2013-07-11T00:20:02+02:00</date>
                    <speedMph>16</speedMph>
                    <altitudeFt>0</altitudeFt>
                </position>
                <position>
                    <lat>55.9509</lat>
                    <lon>-3.3597</lon>
                    <date>2013-07-11T00:19:57+02:00</date>
                    <speedMph>16</speedMph>
                    <altitudeFt>0</altitudeFt>
                </position>
                <position>
                    <lat>55.9506</lat>
                    <lon>-3.3589</lon>
                    <date>2013-07-11T00:19:52+02:00</date>
                    <speedMph>16</speedMph>
                    <altitudeFt>0</altitudeFt>
                </position>
                <position>
                    <lat>55.9505</lat>
                    <lon>-3.3586</lon>
                    <date>2013-07-11T00:19:47+02:00</date>
                    <speedMph>16</speedMph>
                    <altitudeFt>0</altitudeFt>
                </position>
                <position>
                    <lat>55.9505</lat>
                    <lon>-3.3579</lon>
                    <date>2013-07-11T00:19:42+02:00</date>
                    <speedMph>16</speedMph>
                    <altitudeFt>0</altitudeFt>
                </position>
                <position>
                    <lat>55.9501</lat>
                    <lon>-3.3554</lon>
                    <date>2013-07-11T00:19:22+02:00</date>
                    <speedMph>16</speedMph>
                    <altitudeFt>0</altitudeFt>
                </position>
                <position>
                    <lat>55.9503</lat>
                    <lon>-3.3536</lon>
                    <date>2013-07-11T00:19:02+02:00</date>
                    <speedMph>12</speedMph>
                    <altitudeFt>0</altitudeFt>
                </position>
                <position>
                    <lat>55.951</lat>
                    <lon>-3.3537</lon>
                    <date>2013-07-11T00:18:37+02:00</date>
                    <speedMph>0</speedMph>
                    <altitudeFt>0</altitudeFt>
                </position>
                <position>
                    <lat>55.951</lat>
                    <lon>-3.3537</lon>
                    <date>2013-07-11T00:18:22+02:00</date>
                    <speedMph>0</speedMph>
                    <altitudeFt>0</altitudeFt>
                </position>
                <position>
                    <lat>55.951</lat>
                    <lon>-3.3537</lon>
                    <date>2013-07-11T00:17:57+02:00</date>
                    <speedMph>0</speedMph>
                    <altitudeFt>0</altitudeFt>
                </position>
                <position>
                    <lat>55.951</lat>
                    <lon>-3.3537</lon>
                    <date>2013-07-11T00:17:42+02:00</date>
                    <speedMph>0</speedMph>
                    <altitudeFt>0</altitudeFt>
                </position>
            </positions>
        </flightTrack>
    </flightTracks>
</flightstatslog>
