<?xml version="1.0" encoding="UTF-8" standalone="yes"?>
<flightstatslog>
    <appendix>
        <airports>
            <airport>
                <fs>GVA</fs>
                <latitude>46.238064</latitude>
                <longitude>6.10895</longitude>
                <city>Geneva</city>
            </airport>
            <airport>
                <fs>PRN</fs>
                <latitude>42.572778</latitude>
                <longitude>21.035833</longitude>
                <city>Pristina</city>
            </airport>
        </airports>
    </appendix>
    <flightTracks>
        <flightTrack>
            <flightId>4921949</flightId>
            <departureAirportFsCode>GVA</departureAirportFsCode>
            <arrivalAirportFsCode>PRN</arrivalAirportFsCode>
            <positions>
                <position>
                    <lat>42.5853</lat>
                    <lon>21.0307</lon>
                    <date>2013-07-11T08:31:21+02:00</date>
                    <speedMph>12</speedMph>
                    <altitudeFt>0</altitudeFt>
                </position>
                <position>
                    <lat>42.5849</lat>
                    <lon>21.0314</lon>
                    <date>2013-07-11T08:31:01+02:00</date>
                    <speedMph>20</speedMph>
                    <altitudeFt>0</altitudeFt>
                </position>
                <position>
                    <lat>42.5848</lat>
                    <lon>21.0314</lon>
                    <date>2013-07-11T08:30:56+02:00</date>
                    <speedMph>20</speedMph>
                    <altitudeFt>0</altitudeFt>
                </position>
                <position>
                    <lat>42.5838</lat>
                    <lon>21.0323</lon>
                    <date>2013-07-11T08:30:51+02:00</date>
                    <speedMph>28</speedMph>
                    <altitudeFt>0</altitudeFt>
                </position>
                <position>
                    <lat>42.5837</lat>
                    <lon>21.0323</lon>
                    <date>2013-07-11T08:30:01+02:00</date>
                    <speedMph>32</speedMph>
                    <altitudeFt>0</altitudeFt>
                </position>
                <position>
                    <lat>42.5835</lat>
                    <lon>21.0323</lon>
                    <date>2013-07-11T08:29:56+02:00</date>
                    <speedMph>28</speedMph>
                    <altitudeFt>0</altitudeFt>
                </position>
                <position>
                    <lat>42.5832</lat>
                    <lon>21.0324</lon>
                    <date>2013-07-11T08:29:51+02:00</date>
                    <speedMph>28</speedMph>
                    <altitudeFt>0</altitudeFt>
                </position>
                <position>
                    <lat>42.583</lat>
                    <lon>21.0324</lon>
                    <date>2013-07-11T08:29:46+02:00</date>
                    <speedMph>28</speedMph>
                    <altitudeFt>0</altitudeFt>
                </position>
                <position>
                    <lat>42.5827</lat>
                    <lon>21.0326</lon>
                    <date>2013-07-11T08:29:41+02:00</date>
                    <speedMph>28</speedMph>
                    <altitudeFt>0</altitudeFt>
                </position>
                <position>
                    <lat>42.5826</lat>
                    <lon>21.0329</lon>
                    <date>2013-07-11T08:29:36+02:00</date>
                    <speedMph>28</speedMph>
                    <altitudeFt>0</altitudeFt>
                </position>
                <position>
                    <lat>42.5826</lat>
                    <lon>21.0343</lon>
                    <date>2013-07-11T08:29:16+02:00</date>
                    <speedMph>28</speedMph>
                    <altitudeFt>0</altitudeFt>
                </position>
                <position>
                    <lat>42.5825</lat>
                    <lon>21.0346</lon>
                    <date>2013-07-11T08:29:11+02:00</date>
                    <speedMph>28</speedMph>
                    <altitudeFt>0</altitudeFt>
                </position>
                <position>
                    <lat>42.582</lat>
                    <lon>21.0349</lon>
                    <date>2013-07-11T08:29:06+02:00</date>
                    <speedMph>20</speedMph>
                    <altitudeFt>0</altitudeFt>
                </position>
                <position>
                    <lat>42.5816</lat>
                    <lon>21.035</lon>
                    <date>2013-07-11T08:29:01+02:00</date>
                    <speedMph>20</speedMph>
                    <altitudeFt>0</altitudeFt>
                </position>
                <position>
                    <lat>42.5811</lat>
                    <lon>21.035</lon>
                    <date>2013-07-11T08:28:56+02:00</date>
                    <speedMph>24</speedMph>
                    <altitudeFt>0</altitudeFt>
                </position>
                <position>
                    <lat>42.5808</lat>
                    <lon>21.0351</lon>
                    <date>2013-07-11T08:28:51+02:00</date>
                    <speedMph>24</speedMph>
                    <altitudeFt>0</altitudeFt>
                </position>
                <position>
                    <lat>42.5804</lat>
                    <lon>21.0351</lon>
                    <date>2013-07-11T08:28:46+02:00</date>
                    <speedMph>24</speedMph>
                    <altitudeFt>0</altitudeFt>
                </position>
                <position>
                    <lat>42.5794</lat>
                    <lon>21.0352</lon>
                    <date>2013-07-11T08:28:41+02:00</date>
                    <speedMph>24</speedMph>
                    <altitudeFt>0</altitudeFt>
                </position>
                <position>
                    <lat>42.579</lat>
                    <lon>21.0352</lon>
                    <date>2013-07-11T08:28:36+02:00</date>
                    <speedMph>24</speedMph>
                    <altitudeFt>0</altitudeFt>
                </position>
                <position>
                    <lat>42.5786</lat>
                    <lon>21.0353</lon>
                    <date>2013-07-11T08:28:31+02:00</date>
                    <speedMph>24</speedMph>
                    <altitudeFt>0</altitudeFt>
                </position>
                <position>
                    <lat>42.5781</lat>
                    <lon>21.0354</lon>
                    <date>2013-07-11T08:28:26+02:00</date>
                    <speedMph>24</speedMph>
                    <altitudeFt>0</altitudeFt>
                </position>
                <position>
                    <lat>42.5775</lat>
                    <lon>21.0354</lon>
                    <date>2013-07-11T08:28:21+02:00</date>
                    <speedMph>24</speedMph>
                    <altitudeFt>0</altitudeFt>
                </position>
                <position>
                    <lat>42.5767</lat>
                    <lon>21.0355</lon>
                    <date>2013-07-11T08:28:16+02:00</date>
                    <speedMph>28</speedMph>
                    <altitudeFt>0</altitudeFt>
                </position>
                <position>
                    <lat>42.5761</lat>
                    <lon>21.0355</lon>
                    <date>2013-07-11T08:28:11+02:00</date>
                    <speedMph>28</speedMph>
                    <altitudeFt>0</altitudeFt>
                </position>
                <position>
                    <lat>42.5755</lat>
                    <lon>21.0356</lon>
                    <date>2013-07-11T08:28:06+02:00</date>
                    <speedMph>28</speedMph>
                    <altitudeFt>0</altitudeFt>
                </position>
                <position>
                    <lat>42.5746</lat>
                    <lon>21.0357</lon>
                    <date>2013-07-11T08:28:01+02:00</date>
                    <speedMph>28</speedMph>
                    <altitudeFt>0</altitudeFt>
                </position>
                <position>
                    <lat>42.574</lat>
                    <lon>21.0358</lon>
                    <date>2013-07-11T08:27:56+02:00</date>
                    <speedMph>28</speedMph>
                    <altitudeFt>0</altitudeFt>
                </position>
                <position>
                    <lat>42.5734</lat>
                    <lon>21.0358</lon>
                    <date>2013-07-11T08:27:51+02:00</date>
                    <speedMph>28</speedMph>
                    <altitudeFt>0</altitudeFt>
                </position>
                <position>
                    <lat>42.5729</lat>
                    <lon>21.0359</lon>
                    <date>2013-07-11T08:27:46+02:00</date>
                    <speedMph>32</speedMph>
                    <altitudeFt>0</altitudeFt>
                </position>
                <position>
                    <lat>42.5723</lat>
                    <lon>21.0359</lon>
                    <date>2013-07-11T08:27:41+02:00</date>
                    <speedMph>32</speedMph>
                    <altitudeFt>0</altitudeFt>
                </position>
                <position>
                    <lat>42.5708</lat>
                    <lon>21.0361</lon>
                    <date>2013-07-11T08:27:36+02:00</date>
                    <speedMph>32</speedMph>
                    <altitudeFt>0</altitudeFt>
                </position>
                <position>
                    <lat>42.5706</lat>
                    <lon>21.0361</lon>
                    <date>2013-07-11T08:27:31+02:00</date>
                    <speedMph>32</speedMph>
                    <altitudeFt>0</altitudeFt>
                </position>
                <position>
                    <lat>42.5699</lat>
                    <lon>21.0362</lon>
                    <date>2013-07-11T08:27:26+02:00</date>
                    <speedMph>32</speedMph>
                    <altitudeFt>0</altitudeFt>
                </position>
                <position>
                    <lat>42.5694</lat>
                    <lon>21.0362</lon>
                    <date>2013-07-11T08:27:21+02:00</date>
                    <speedMph>32</speedMph>
                    <altitudeFt>0</altitudeFt>
                </position>
                <position>
                    <lat>42.5682</lat>
                    <lon>21.0363</lon>
                    <date>2013-07-11T08:27:16+02:00</date>
                    <speedMph>28</speedMph>
                    <altitudeFt>0</altitudeFt>
                </position>
                <position>
                    <lat>42.5677</lat>
                    <lon>21.0364</lon>
                    <date>2013-07-11T08:27:11+02:00</date>
                    <speedMph>28</speedMph>
                    <altitudeFt>0</altitudeFt>
                </position>
                <position>
                    <lat>42.5672</lat>
                    <lon>21.0365</lon>
                    <date>2013-07-11T08:27:06+02:00</date>
                    <speedMph>28</speedMph>
                    <altitudeFt>0</altitudeFt>
                </position>
                <position>
                    <lat>42.5663</lat>
                    <lon>21.0365</lon>
                    <date>2013-07-11T08:27:01+02:00</date>
                    <speedMph>24</speedMph>
                    <altitudeFt>0</altitudeFt>
                </position>
                <position>
                    <lat>42.5658</lat>
                    <lon>21.0366</lon>
                    <date>2013-07-11T08:26:56+02:00</date>
                    <speedMph>20</speedMph>
                    <altitudeFt>0</altitudeFt>
                </position>
                <position>
                    <lat>42.564</lat>
                    <lon>21.0368</lon>
                    <date>2013-07-11T08:26:31+02:00</date>
                    <speedMph>28</speedMph>
                    <altitudeFt>0</altitudeFt>
                </position>
                <position>
                    <lat>42.5638</lat>
                    <lon>21.0367</lon>
                    <date>2013-07-11T08:26:26+02:00</date>
                    <speedMph>24</speedMph>
                    <altitudeFt>0</altitudeFt>
                </position>
                <position>
                    <lat>42.5634</lat>
                    <lon>21.0367</lon>
                    <date>2013-07-11T08:26:21+02:00</date>
                    <speedMph>20</speedMph>
                    <altitudeFt>0</altitudeFt>
                </position>
                <position>
                    <lat>42.5633</lat>
                    <lon>21.0371</lon>
                    <date>2013-07-11T08:26:01+02:00</date>
                    <speedMph>12</speedMph>
                    <altitudeFt>0</altitudeFt>
                </position>
                <position>
                    <lat>42.5633</lat>
                    <lon>21.037</lon>
                    <date>2013-07-11T08:25:56+02:00</date>
                    <speedMph>16</speedMph>
                    <altitudeFt>0</altitudeFt>
                </position>
                <position>
                    <lat>42.5634</lat>
                    <lon>21.0369</lon>
                    <date>2013-07-11T08:25:51+02:00</date>
                    <speedMph>16</speedMph>
                    <altitudeFt>0</altitudeFt>
                </position>
                <position>
                    <lat>42.5635</lat>
                    <lon>21.0368</lon>
                    <date>2013-07-11T08:25:46+02:00</date>
                    <speedMph>24</speedMph>
                    <altitudeFt>0</altitudeFt>
                </position>
                <position>
                    <lat>42.5637</lat>
                    <lon>21.0368</lon>
                    <date>2013-07-11T08:25:41+02:00</date>
                    <speedMph>20</speedMph>
                    <altitudeFt>0</altitudeFt>
                </position>
                <position>
                    <lat>42.5644</lat>
                    <lon>21.0367</lon>
                    <date>2013-07-11T08:25:36+02:00</date>
                    <speedMph>32</speedMph>
                    <altitudeFt>0</altitudeFt>
                </position>
                <position>
                    <lat>42.565</lat>
                    <lon>21.0367</lon>
                    <date>2013-07-11T08:25:31+02:00</date>
                    <speedMph>36</speedMph>
                    <altitudeFt>0</altitudeFt>
                </position>
                <position>
                    <lat>42.5657</lat>
                    <lon>21.0366</lon>
                    <date>2013-07-11T08:25:26+02:00</date>
                    <speedMph>40</speedMph>
                    <altitudeFt>0</altitudeFt>
                </position>
                <position>
                    <lat>42.5674</lat>
                    <lon>21.0364</lon>
                    <date>2013-07-11T08:25:21+02:00</date>
                    <speedMph>52</speedMph>
                    <altitudeFt>0</altitudeFt>
                </position>
                <position>
                    <lat>42.5683</lat>
                    <lon>21.0364</lon>
                    <date>2013-07-11T08:25:16+02:00</date>
                    <speedMph>56</speedMph>
                    <altitudeFt>0</altitudeFt>
                </position>
                <position>
                    <lat>42.5695</lat>
                    <lon>21.0362</lon>
                    <date>2013-07-11T08:25:11+02:00</date>
                    <speedMph>56</speedMph>
                    <altitudeFt>0</altitudeFt>
                </position>
                <position>
                    <lat>42.5704</lat>
                    <lon>21.0361</lon>
                    <date>2013-07-11T08:25:06+02:00</date>
                    <speedMph>60</speedMph>
                    <altitudeFt>0</altitudeFt>
                </position>
                <position>
                    <lat>42.5726</lat>
                    <lon>21.0359</lon>
                    <date>2013-07-11T08:25:01+02:00</date>
                    <speedMph>80</speedMph>
                    <altitudeFt>0</altitudeFt>
                </position>
                <position>
                    <lat>42.5744</lat>
                    <lon>21.0357</lon>
                    <date>2013-07-11T08:24:56+02:00</date>
                    <speedMph>92</speedMph>
                    <altitudeFt>0</altitudeFt>
                </position>
                <position>
                    <lat>42.5761</lat>
                    <lon>21.0356</lon>
                    <date>2013-07-11T08:24:51+02:00</date>
                    <speedMph>104</speedMph>
                    <altitudeFt>0</altitudeFt>
                </position>
                <position>
                    <lat>42.5783</lat>
                    <lon>21.0353</lon>
                    <date>2013-07-11T08:24:46+02:00</date>
                    <speedMph>120</speedMph>
                    <altitudeFt>0</altitudeFt>
                </position>
                <position>
                    <lat>42.5834</lat>
                    <lon>21.0348</lon>
                    <date>2013-07-11T08:24:41+02:00</date>
                    <speedMph>136</speedMph>
                    <altitudeFt>1730</altitudeFt>
                </position>
                <position>
                    <lat>42.5869</lat>
                    <lon>21.0344</lon>
                    <date>2013-07-11T08:24:36+02:00</date>
                    <speedMph>136</speedMph>
                    <altitudeFt>1830</altitudeFt>
                </position>
                <position>
                    <lat>42.5883</lat>
                    <lon>21.0343</lon>
                    <date>2013-07-11T08:24:31+02:00</date>
                    <speedMph>140</speedMph>
                    <altitudeFt>1850</altitudeFt>
                </position>
                <position>
                    <lat>42.5906</lat>
                    <lon>21.0341</lon>
                    <date>2013-07-11T08:24:26+02:00</date>
                    <speedMph>136</speedMph>
                    <altitudeFt>1900</altitudeFt>
                </position>
                <position>
                    <lat>42.5934</lat>
                    <lon>21.0338</lon>
                    <date>2013-07-11T08:24:21+02:00</date>
                    <speedMph>136</speedMph>
                    <altitudeFt>1950</altitudeFt>
                </position>
                <position>
                    <lat>42.5982</lat>
                    <lon>21.0333</lon>
                    <date>2013-07-11T08:24:16+02:00</date>
                    <speedMph>136</speedMph>
                    <altitudeFt>2050</altitudeFt>
                </position>
                <position>
                    <lat>42.6006</lat>
                    <lon>21.033</lon>
                    <date>2013-07-11T08:24:11+02:00</date>
                    <speedMph>136</speedMph>
                    <altitudeFt>2100</altitudeFt>
                </position>
                <position>
                    <lat>42.6034</lat>
                    <lon>21.0328</lon>
                    <date>2013-07-11T08:24:06+02:00</date>
                    <speedMph>136</speedMph>
                    <altitudeFt>2150</altitudeFt>
                </position>
                <position>
                    <lat>42.6087</lat>
                    <lon>21.0322</lon>
                    <date>2013-07-11T08:24:01+02:00</date>
                    <speedMph>140</speedMph>
                    <altitudeFt>2250</altitudeFt>
                </position>
                <position>
                    <lat>42.6114</lat>
                    <lon>21.032</lon>
                    <date>2013-07-11T08:23:56+02:00</date>
                    <speedMph>140</speedMph>
                    <altitudeFt>2300</altitudeFt>
                </position>
                <position>
                    <lat>42.6137</lat>
                    <lon>21.0317</lon>
                    <date>2013-07-11T08:23:51+02:00</date>
                    <speedMph>140</speedMph>
                    <altitudeFt>2350</altitudeFt>
                </position>
                <position>
                    <lat>42.6159</lat>
                    <lon>21.0315</lon>
                    <date>2013-07-11T08:23:46+02:00</date>
                    <speedMph>140</speedMph>
                    <altitudeFt>2380</altitudeFt>
                </position>
                <position>
                    <lat>42.6212</lat>
                    <lon>21.0309</lon>
                    <date>2013-07-11T08:23:41+02:00</date>
                    <speedMph>140</speedMph>
                    <altitudeFt>2480</altitudeFt>
                </position>
                <position>
                    <lat>42.6252</lat>
                    <lon>21.0305</lon>
                    <date>2013-07-11T08:23:36+02:00</date>
                    <speedMph>140</speedMph>
                    <altitudeFt>2550</altitudeFt>
                </position>
                <position>
                    <lat>42.6265</lat>
                    <lon>21.0304</lon>
                    <date>2013-07-11T08:23:31+02:00</date>
                    <speedMph>140</speedMph>
                    <altitudeFt>2580</altitudeFt>
                </position>
                <position>
                    <lat>42.6292</lat>
                    <lon>21.0301</lon>
                    <date>2013-07-11T08:23:26+02:00</date>
                    <speedMph>140</speedMph>
                    <altitudeFt>2630</altitudeFt>
                </position>
                <position>
                    <lat>42.6317</lat>
                    <lon>21.0299</lon>
                    <date>2013-07-11T08:23:21+02:00</date>
                    <speedMph>144</speedMph>
                    <altitudeFt>2680</altitudeFt>
                </position>
                <position>
                    <lat>42.6371</lat>
                    <lon>21.0293</lon>
                    <date>2013-07-11T08:23:16+02:00</date>
                    <speedMph>140</speedMph>
                    <altitudeFt>2780</altitudeFt>
                </position>
                <position>
                    <lat>42.6397</lat>
                    <lon>21.029</lon>
                    <date>2013-07-11T08:23:11+02:00</date>
                    <speedMph>140</speedMph>
                    <altitudeFt>2830</altitudeFt>
                </position>
                <position>
                    <lat>42.6423</lat>
                    <lon>21.0288</lon>
                    <date>2013-07-11T08:23:06+02:00</date>
                    <speedMph>140</speedMph>
                    <altitudeFt>2880</altitudeFt>
                </position>
                <position>
                    <lat>42.6476</lat>
                    <lon>21.0283</lon>
                    <date>2013-07-11T08:23:01+02:00</date>
                    <speedMph>144</speedMph>
                    <altitudeFt>2980</altitudeFt>
                </position>
                <position>
                    <lat>42.6501</lat>
                    <lon>21.028</lon>
                    <date>2013-07-11T08:22:56+02:00</date>
                    <speedMph>144</speedMph>
                    <altitudeFt>3030</altitudeFt>
                </position>
                <position>
                    <lat>42.6528</lat>
                    <lon>21.0277</lon>
                    <date>2013-07-11T08:22:51+02:00</date>
                    <speedMph>144</speedMph>
                    <altitudeFt>3080</altitudeFt>
                </position>
                <position>
                    <lat>42.6554</lat>
                    <lon>21.0274</lon>
                    <date>2013-07-11T08:22:46+02:00</date>
                    <speedMph>144</speedMph>
                    <altitudeFt>3130</altitudeFt>
                </position>
                <position>
                    <lat>42.658</lat>
                    <lon>21.0271</lon>
                    <date>2013-07-11T08:22:41+02:00</date>
                    <speedMph>144</speedMph>
                    <altitudeFt>3180</altitudeFt>
                </position>
                <position>
                    <lat>42.6646</lat>
                    <lon>21.0265</lon>
                    <date>2013-07-11T08:22:36+02:00</date>
                    <speedMph>144</speedMph>
                    <altitudeFt>3300</altitudeFt>
                </position>
                <position>
                    <lat>42.6661</lat>
                    <lon>21.0264</lon>
                    <date>2013-07-11T08:22:31+02:00</date>
                    <speedMph>144</speedMph>
                    <altitudeFt>3330</altitudeFt>
                </position>
                <position>
                    <lat>42.6686</lat>
                    <lon>21.0261</lon>
                    <date>2013-07-11T08:22:26+02:00</date>
                    <speedMph>144</speedMph>
                    <altitudeFt>3380</altitudeFt>
                </position>
                <position>
                    <lat>42.6725</lat>
                    <lon>21.0257</lon>
                    <date>2013-07-11T08:22:21+02:00</date>
                    <speedMph>144</speedMph>
                    <altitudeFt>3450</altitudeFt>
                </position>
                <position>
                    <lat>42.6767</lat>
                    <lon>21.0253</lon>
                    <date>2013-07-11T08:22:16+02:00</date>
                    <speedMph>144</speedMph>
                    <altitudeFt>3530</altitudeFt>
                </position>
                <position>
                    <lat>42.6793</lat>
                    <lon>21.025</lon>
                    <date>2013-07-11T08:22:11+02:00</date>
                    <speedMph>144</speedMph>
                    <altitudeFt>3580</altitudeFt>
                </position>
                <position>
                    <lat>42.6818</lat>
                    <lon>21.0247</lon>
                    <date>2013-07-11T08:22:06+02:00</date>
                    <speedMph>148</speedMph>
                    <altitudeFt>3630</altitudeFt>
                </position>
                <position>
                    <lat>42.6887</lat>
                    <lon>21.024</lon>
                    <date>2013-07-11T08:21:56+02:00</date>
                    <speedMph>148</speedMph>
                    <altitudeFt>3780</altitudeFt>
                </position>
                <position>
                    <lat>42.6941</lat>
                    <lon>21.0234</lon>
                    <date>2013-07-11T08:21:51+02:00</date>
                    <speedMph>148</speedMph>
                    <altitudeFt>3880</altitudeFt>
                </position>
                <position>
                    <lat>42.6967</lat>
                    <lon>21.0231</lon>
                    <date>2013-07-11T08:21:46+02:00</date>
                    <speedMph>144</speedMph>
                    <altitudeFt>3930</altitudeFt>
                </position>
                <position>
                    <lat>42.6994</lat>
                    <lon>21.0228</lon>
                    <date>2013-07-11T08:21:41+02:00</date>
                    <speedMph>144</speedMph>
                    <altitudeFt>3980</altitudeFt>
                </position>
                <position>
                    <lat>42.7045</lat>
                    <lon>21.0224</lon>
                    <date>2013-07-11T08:21:36+02:00</date>
                    <speedMph>144</speedMph>
                    <altitudeFt>4050</altitudeFt>
                </position>
                <position>
                    <lat>42.7067</lat>
                    <lon>21.0222</lon>
                    <date>2013-07-11T08:21:31+02:00</date>
                    <speedMph>144</speedMph>
                    <altitudeFt>4100</altitudeFt>
                </position>
                <position>
                    <lat>42.709</lat>
                    <lon>21.022</lon>
                    <date>2013-07-11T08:21:26+02:00</date>
                    <speedMph>144</speedMph>
                    <altitudeFt>4150</altitudeFt>
                </position>
                <position>
                    <lat>42.7131</lat>
                    <lon>21.0216</lon>
                    <date>2013-07-11T08:21:21+02:00</date>
                    <speedMph>144</speedMph>
                    <altitudeFt>4200</altitudeFt>
                </position>
                <position>
                    <lat>42.7152</lat>
                    <lon>21.0213</lon>
                    <date>2013-07-11T08:21:16+02:00</date>
                    <speedMph>144</speedMph>
                    <altitudeFt>4250</altitudeFt>
                </position>
                <position>
                    <lat>42.7205</lat>
                    <lon>21.0208</lon>
                    <date>2013-07-11T08:21:11+02:00</date>
                    <speedMph>144</speedMph>
                    <altitudeFt>4350</altitudeFt>
                </position>
                <position>
                    <lat>42.7233</lat>
                    <lon>21.0205</lon>
                    <date>2013-07-11T08:21:06+02:00</date>
                    <speedMph>144</speedMph>
                    <altitudeFt>4400</altitudeFt>
                </position>
                <position>
                    <lat>42.7259</lat>
                    <lon>21.0203</lon>
                    <date>2013-07-11T08:21:01+02:00</date>
                    <speedMph>144</speedMph>
                    <altitudeFt>4450</altitudeFt>
                </position>
                <position>
                    <lat>42.7287</lat>
                    <lon>21.02</lon>
                    <date>2013-07-11T08:20:56+02:00</date>
                    <speedMph>144</speedMph>
                    <altitudeFt>4530</altitudeFt>
                </position>
                <position>
                    <lat>42.7345</lat>
                    <lon>21.0193</lon>
                    <date>2013-07-11T08:20:51+02:00</date>
                    <speedMph>148</speedMph>
                    <altitudeFt>4650</altitudeFt>
                </position>
                <position>
                    <lat>42.7373</lat>
                    <lon>21.019</lon>
                    <date>2013-07-11T08:20:46+02:00</date>
                    <speedMph>152</speedMph>
                    <altitudeFt>4700</altitudeFt>
                </position>
                <position>
                    <lat>42.7398</lat>
                    <lon>21.0188</lon>
                    <date>2013-07-11T08:20:41+02:00</date>
                    <speedMph>156</speedMph>
                    <altitudeFt>4750</altitudeFt>
                </position>
                <position>
                    <lat>42.7472</lat>
                    <lon>21.018</lon>
                    <date>2013-07-11T08:20:36+02:00</date>
                    <speedMph>164</speedMph>
                    <altitudeFt>4880</altitudeFt>
                </position>
                <position>
                    <lat>42.7487</lat>
                    <lon>21.0178</lon>
                    <date>2013-07-11T08:20:31+02:00</date>
                    <speedMph>164</speedMph>
                    <altitudeFt>4900</altitudeFt>
                </position>
                <position>
                    <lat>42.7517</lat>
                    <lon>21.0175</lon>
                    <date>2013-07-11T08:20:26+02:00</date>
                    <speedMph>160</speedMph>
                    <altitudeFt>4950</altitudeFt>
                </position>
                <position>
                    <lat>42.7551</lat>
                    <lon>21.0172</lon>
                    <date>2013-07-11T08:20:21+02:00</date>
                    <speedMph>160</speedMph>
                    <altitudeFt>5000</altitudeFt>
                </position>
                <position>
                    <lat>42.7639</lat>
                    <lon>21.0163</lon>
                    <date>2013-07-11T08:20:11+02:00</date>
                    <speedMph>168</speedMph>
                    <altitudeFt>4980</altitudeFt>
                </position>
                <position>
                    <lat>42.7667</lat>
                    <lon>21.016</lon>
                    <date>2013-07-11T08:20:06+02:00</date>
                    <speedMph>168</speedMph>
                    <altitudeFt>4980</altitudeFt>
                </position>
                <position>
                    <lat>42.7698</lat>
                    <lon>21.0156</lon>
                    <date>2013-07-11T08:20:01+02:00</date>
                    <speedMph>168</speedMph>
                    <altitudeFt>4980</altitudeFt>
                </position>
                <position>
                    <lat>42.7733</lat>
                    <lon>21.0152</lon>
                    <date>2013-07-11T08:19:56+02:00</date>
                    <speedMph>168</speedMph>
                    <altitudeFt>4980</altitudeFt>
                </position>
                <position>
                    <lat>42.7794</lat>
                    <lon>21.0147</lon>
                    <date>2013-07-11T08:19:51+02:00</date>
                    <speedMph>168</speedMph>
                    <altitudeFt>4980</altitudeFt>
                </position>
                <position>
                    <lat>42.7821</lat>
                    <lon>21.0145</lon>
                    <date>2013-07-11T08:19:46+02:00</date>
                    <speedMph>168</speedMph>
                    <altitudeFt>4980</altitudeFt>
                </position>
                <position>
                    <lat>42.7994</lat>
                    <lon>21.0134</lon>
                    <date>2013-07-11T08:19:26+02:00</date>
                    <speedMph>168</speedMph>
                    <altitudeFt>4980</altitudeFt>
                </position>
                <position>
                    <lat>42.8007</lat>
                    <lon>21.0135</lon>
                    <date>2013-07-11T08:19:21+02:00</date>
                    <speedMph>168</speedMph>
                    <altitudeFt>4980</altitudeFt>
                </position>
                <position>
                    <lat>42.8075</lat>
                    <lon>21.0138</lon>
                    <date>2013-07-11T08:19:16+02:00</date>
                    <speedMph>168</speedMph>
                    <altitudeFt>4980</altitudeFt>
                </position>
                <position>
                    <lat>42.8103</lat>
                    <lon>21.0143</lon>
                    <date>2013-07-11T08:19:11+02:00</date>
                    <speedMph>168</speedMph>
                    <altitudeFt>4980</altitudeFt>
                </position>
                <position>
                    <lat>42.8131</lat>
                    <lon>21.0149</lon>
                    <date>2013-07-11T08:19:06+02:00</date>
                    <speedMph>168</speedMph>
                    <altitudeFt>4980</altitudeFt>
                </position>
                <position>
                    <lat>42.8163</lat>
                    <lon>21.0159</lon>
                    <date>2013-07-11T08:19:01+02:00</date>
                    <speedMph>168</speedMph>
                    <altitudeFt>4980</altitudeFt>
                </position>
                <position>
                    <lat>42.8225</lat>
                    <lon>21.0188</lon>
                    <date>2013-07-11T08:18:56+02:00</date>
                    <speedMph>172</speedMph>
                    <altitudeFt>5000</altitudeFt>
                </position>
                <position>
                    <lat>42.8332</lat>
                    <lon>21.0272</lon>
                    <date>2013-07-11T08:18:46+02:00</date>
                    <speedMph>180</speedMph>
                    <altitudeFt>4950</altitudeFt>
                </position>
                <position>
                    <lat>42.8369</lat>
                    <lon>21.0343</lon>
                    <date>2013-07-11T08:18:41+02:00</date>
                    <speedMph>188</speedMph>
                    <altitudeFt>4980</altitudeFt>
                </position>
                <position>
                    <lat>42.8386</lat>
                    <lon>21.0416</lon>
                    <date>2013-07-11T08:18:36+02:00</date>
                    <speedMph>188</speedMph>
                    <altitudeFt>4980</altitudeFt>
                </position>
                <position>
                    <lat>42.8384</lat>
                    <lon>21.0559</lon>
                    <date>2013-07-11T08:18:26+02:00</date>
                    <speedMph>188</speedMph>
                    <altitudeFt>4980</altitudeFt>
                </position>
                <position>
                    <lat>42.8382</lat>
                    <lon>21.0605</lon>
                    <date>2013-07-11T08:18:21+02:00</date>
                    <speedMph>188</speedMph>
                    <altitudeFt>4980</altitudeFt>
                </position>
                <position>
                    <lat>42.8375</lat>
                    <lon>21.0703</lon>
                    <date>2013-07-11T08:18:16+02:00</date>
                    <speedMph>188</speedMph>
                    <altitudeFt>4980</altitudeFt>
                </position>
                <position>
                    <lat>42.8353</lat>
                    <lon>21.0915</lon>
                    <date>2013-07-11T08:18:01+02:00</date>
                    <speedMph>188</speedMph>
                    <altitudeFt>5000</altitudeFt>
                </position>
                <position>
                    <lat>42.8313</lat>
                    <lon>21.1215</lon>
                    <date>2013-07-11T08:17:41+02:00</date>
                    <speedMph>188</speedMph>
                    <altitudeFt>5180</altitudeFt>
                </position>
                <position>
                    <lat>42.777</lat>
                    <lon>21.1316</lon>
                    <date>2013-07-11T08:17:31+02:00</date>
                    <speedMph>184</speedMph>
                    <altitudeFt>5700</altitudeFt>
                </position>
                <position>
                    <lat>42.7727</lat>
                    <lon>21.1295</lon>
                    <date>2013-07-11T08:17:21+02:00</date>
                    <speedMph>188</speedMph>
                    <altitudeFt>5750</altitudeFt>
                </position>
                <position>
                    <lat>42.7577</lat>
                    <lon>21.1219</lon>
                    <date>2013-07-11T08:16:05+02:00</date>
                    <speedMph>192</speedMph>
                    <altitudeFt>5880</altitudeFt>
                </position>
                <position>
                    <lat>42.7313</lat>
                    <lon>21.1089</lon>
                    <date>2013-07-11T08:15:52+02:00</date>
                    <speedMph>216</speedMph>
                    <altitudeFt>6130</altitudeFt>
                </position>
                <position>
                    <lat>42.7275</lat>
                    <lon>21.107</lon>
                    <date>2013-07-11T08:14:58+02:00</date>
                    <speedMph>216</speedMph>
                    <altitudeFt>6180</altitudeFt>
                </position>
                <position>
                    <lat>42.7157</lat>
                    <lon>21.1012</lon>
                    <date>2013-07-11T08:14:48+02:00</date>
                    <speedMph>224</speedMph>
                    <altitudeFt>6300</altitudeFt>
                </position>
                <position>
                    <lat>42.7062</lat>
                    <lon>21.0967</lon>
                    <date>2013-07-11T08:14:38+02:00</date>
                    <speedMph>228</speedMph>
                    <altitudeFt>6430</altitudeFt>
                </position>
                <position>
                    <lat>42.6959</lat>
                    <lon>21.0918</lon>
                    <date>2013-07-11T08:14:28+02:00</date>
                    <speedMph>236</speedMph>
                    <altitudeFt>6580</altitudeFt>
                </position>
                <position>
                    <lat>42.6878</lat>
                    <lon>21.0878</lon>
                    <date>2013-07-11T08:14:18+02:00</date>
                    <speedMph>240</speedMph>
                    <altitudeFt>6680</altitudeFt>
                </position>
                <position>
                    <lat>42.6747</lat>
                    <lon>21.0814</lon>
                    <date>2013-07-11T08:14:08+02:00</date>
                    <speedMph>244</speedMph>
                    <altitudeFt>6880</altitudeFt>
                </position>
                <position>
                    <lat>42.6666</lat>
                    <lon>21.0775</lon>
                    <date>2013-07-11T08:13:58+02:00</date>
                    <speedMph>252</speedMph>
                    <altitudeFt>6980</altitudeFt>
                </position>
                <position>
                    <lat>42.6528</lat>
                    <lon>21.0706</lon>
                    <date>2013-07-11T08:13:48+02:00</date>
                    <speedMph>264</speedMph>
                    <altitudeFt>7080</altitudeFt>
                </position>
                <position>
                    <lat>42.6394</lat>
                    <lon>21.064</lon>
                    <date>2013-07-11T08:13:38+02:00</date>
                    <speedMph>276</speedMph>
                    <altitudeFt>7200</altitudeFt>
                </position>
                <position>
                    <lat>42.6319</lat>
                    <lon>21.0603</lon>
                    <date>2013-07-11T08:13:28+02:00</date>
                    <speedMph>280</speedMph>
                    <altitudeFt>7280</altitudeFt>
                </position>
                <position>
                    <lat>42.617</lat>
                    <lon>21.0529</lon>
                    <date>2013-07-11T08:13:18+02:00</date>
                    <speedMph>284</speedMph>
                    <altitudeFt>7530</altitudeFt>
                </position>
                <position>
                    <lat>42.6022</lat>
                    <lon>21.0454</lon>
                    <date>2013-07-11T08:13:08+02:00</date>
                    <speedMph>288</speedMph>
                    <altitudeFt>7850</altitudeFt>
                </position>
                <position>
                    <lat>42.5925</lat>
                    <lon>21.0404</lon>
                    <date>2013-07-11T08:12:58+02:00</date>
                    <speedMph>288</speedMph>
                    <altitudeFt>8050</altitudeFt>
                </position>
                <position>
                    <lat>42.5824</lat>
                    <lon>21.0354</lon>
                    <date>2013-07-11T08:12:48+02:00</date>
                    <speedMph>288</speedMph>
                    <altitudeFt>8280</altitudeFt>
                </position>
                <position>
                    <lat>42.5669</lat>
                    <lon>21.0302</lon>
                    <date>2013-07-11T08:12:38+02:00</date>
                    <speedMph>288</speedMph>
                    <altitudeFt>8630</altitudeFt>
                </position>
                <position>
                    <lat>42.5564</lat>
                    <lon>21.0287</lon>
                    <date>2013-07-11T08:12:28+02:00</date>
                    <speedMph>292</speedMph>
                    <altitudeFt>8850</altitudeFt>
                </position>
                <position>
                    <lat>42.5401</lat>
                    <lon>21.0265</lon>
                    <date>2013-07-11T08:12:18+02:00</date>
                    <speedMph>292</speedMph>
                    <altitudeFt>9150</altitudeFt>
                </position>
                <position>
                    <lat>42.5277</lat>
                    <lon>21.0247</lon>
                    <date>2013-07-11T08:12:08+02:00</date>
                    <speedMph>296</speedMph>
                    <altitudeFt>9380</altitudeFt>
                </position>
                <position>
                    <lat>42.5138</lat>
                    <lon>21.0229</lon>
                    <date>2013-07-11T08:11:58+02:00</date>
                    <speedMph>296</speedMph>
                    <altitudeFt>9630</altitudeFt>
                </position>
                <position>
                    <lat>42.4789</lat>
                    <lon>21.018</lon>
                    <date>2013-07-11T08:11:48+02:00</date>
                    <speedMph>296</speedMph>
                    <altitudeFt>10350</altitudeFt>
                </position>
                <position>
                    <lat>42.4362</lat>
                    <lon>21.0123</lon>
                    <date>2013-07-11T08:11:14+02:00</date>
                    <speedMph>320</speedMph>
                    <altitudeFt>10750</altitudeFt>
                </position>
                <position>
                    <lat>42.3968</lat>
                    <lon>21.0069</lon>
                    <date>2013-07-11T08:10:38+02:00</date>
                    <speedMph>340</speedMph>
                    <altitudeFt>11030</altitudeFt>
                </position>
                <position>
                    <lat>42.3485</lat>
                    <lon>21.0006</lon>
                    <date>2013-07-11T08:10:08+02:00</date>
                    <speedMph>368</speedMph>
                    <altitudeFt>11430</altitudeFt>
                </position>
                <position>
                    <lat>42.2948</lat>
                    <lon>20.9934</lon>
                    <date>2013-07-11T08:09:38+02:00</date>
                    <speedMph>396</speedMph>
                    <altitudeFt>12000</altitudeFt>
                </position>
                <position>
                    <lat>42.2473</lat>
                    <lon>20.9869</lon>
                    <date>2013-07-11T08:09:08+02:00</date>
                    <speedMph>396</speedMph>
                    <altitudeFt>13380</altitudeFt>
                </position>
                <position>
                    <lat>42.1882</lat>
                    <lon>20.9789</lon>
                    <date>2013-07-11T08:08:38+02:00</date>
                    <speedMph>404</speedMph>
                    <altitudeFt>14830</altitudeFt>
                </position>
                <position>
                    <lat>42.1121</lat>
                    <lon>20.9687</lon>
                    <date>2013-07-11T08:07:58+02:00</date>
                    <speedMph>416</speedMph>
                    <altitudeFt>16650</altitudeFt>
                </position>
                <position>
                    <lat>41.994</lat>
                    <lon>20.9522</lon>
                    <date>2013-07-11T08:06:58+02:00</date>
                    <speedMph>436</speedMph>
                    <altitudeFt>19480</altitudeFt>
                </position>
                <position>
                    <lat>41.8713</lat>
                    <lon>20.9343</lon>
                    <date>2013-07-11T08:05:58+02:00</date>
                    <speedMph>460</speedMph>
                    <altitudeFt>22450</altitudeFt>
                </position>
                <position>
                    <lat>41.7622</lat>
                    <lon>20.8358</lon>
                    <date>2013-07-11T08:04:58+02:00</date>
                    <speedMph>484</speedMph>
                    <altitudeFt>26080</altitudeFt>
                </position>
                <position>
                    <lat>41.7251</lat>
                    <lon>20.6669</lon>
                    <date>2013-07-11T08:03:58+02:00</date>
                    <speedMph>476</speedMph>
                    <altitudeFt>30430</altitudeFt>
                </position>
                <position>
                    <lat>41.7284</lat>
                    <lon>20.488</lon>
                    <date>2013-07-11T08:02:58+02:00</date>
                    <speedMph>476</speedMph>
                    <altitudeFt>32130</altitudeFt>
                </position>
                <position>
                    <lat>41.7681</lat>
                    <lon>20.2749</lon>
                    <date>2013-07-11T08:01:58+02:00</date>
                    <speedMph>480</speedMph>
                    <altitudeFt>33350</altitudeFt>
                </position>
                <position>
                    <lat>41.8664</lat>
                    <lon>20.0002</lon>
                    <date>2013-07-11T08:00:58+02:00</date>
                    <speedMph>480</speedMph>
                    <altitudeFt>35050</altitudeFt>
                </position>
                <position>
                    <lat>41.897</lat>
                    <lon>19.9166</lon>
                    <date>2013-07-11T07:59:29+02:00</date>
                    <speedMph>488</speedMph>
                    <altitudeFt>35500</altitudeFt>
                </position>
                <position>
                    <lat>41.9583</lat>
                    <lon>19.7487</lon>
                    <date>2013-07-11T07:58:29+02:00</date>
                    <speedMph>488</speedMph>
                    <altitudeFt>36530</altitudeFt>
                </position>
                <position>
                    <lat>42.0166</lat>
                    <lon>19.5883</lon>
                    <date>2013-07-11T07:57:29+02:00</date>
                    <speedMph>484</speedMph>
                    <altitudeFt>37530</altitudeFt>
                </position>
                <position>
                    <lat>42.0728</lat>
                    <lon>19.4321</lon>
                    <date>2013-07-11T07:56:29+02:00</date>
                    <speedMph>480</speedMph>
                    <altitudeFt>38480</altitudeFt>
                </position>
                <position>
                    <lat>42.1281</lat>
                    <lon>19.2781</lon>
                    <date>2013-07-11T07:55:29+02:00</date>
                    <speedMph>484</speedMph>
                    <altitudeFt>39000</altitudeFt>
                </position>
                <position>
                    <lat>42.1868</lat>
                    <lon>19.1138</lon>
                    <date>2013-07-11T07:54:29+02:00</date>
                    <speedMph>484</speedMph>
                    <altitudeFt>39000</altitudeFt>
                </position>
                <position>
                    <lat>42.2486</lat>
                    <lon>18.9399</lon>
                    <date>2013-07-11T07:53:29+02:00</date>
                    <speedMph>484</speedMph>
                    <altitudeFt>38980</altitudeFt>
                </position>
                <position>
                    <lat>42.3048</lat>
                    <lon>18.7803</lon>
                    <date>2013-07-11T07:52:29+02:00</date>
                    <speedMph>484</speedMph>
                    <altitudeFt>38980</altitudeFt>
                </position>
                <position>
                    <lat>42.3627</lat>
                    <lon>18.615</lon>
                    <date>2013-07-11T07:51:28+02:00</date>
                    <speedMph>484</speedMph>
                    <altitudeFt>39000</altitudeFt>
                </position>
                <position>
                    <lat>42.4205</lat>
                    <lon>18.4495</lon>
                    <date>2013-07-11T07:50:28+02:00</date>
                    <speedMph>488</speedMph>
                    <altitudeFt>39000</altitudeFt>
                </position>
                <position>
                    <lat>42.4796</lat>
                    <lon>18.2787</lon>
                    <date>2013-07-11T07:49:28+02:00</date>
                    <speedMph>488</speedMph>
                    <altitudeFt>39050</altitudeFt>
                </position>
                <position>
                    <lat>42.5349</lat>
                    <lon>18.1183</lon>
                    <date>2013-07-11T07:48:28+02:00</date>
                    <speedMph>492</speedMph>
                    <altitudeFt>39030</altitudeFt>
                </position>
                <position>
                    <lat>42.593</lat>
                    <lon>17.9482</lon>
                    <date>2013-07-11T07:47:28+02:00</date>
                    <speedMph>492</speedMph>
                    <altitudeFt>39000</altitudeFt>
                </position>
                <position>
                    <lat>42.647</lat>
                    <lon>17.7899</lon>
                    <date>2013-07-11T07:46:28+02:00</date>
                    <speedMph>488</speedMph>
                    <altitudeFt>38980</altitudeFt>
                </position>
                <position>
                    <lat>42.7045</lat>
                    <lon>17.62</lon>
                    <date>2013-07-11T07:45:28+02:00</date>
                    <speedMph>488</speedMph>
                    <altitudeFt>39000</altitudeFt>
                </position>
                <position>
                    <lat>42.7589</lat>
                    <lon>17.4577</lon>
                    <date>2013-07-11T07:44:28+02:00</date>
                    <speedMph>488</speedMph>
                    <altitudeFt>39000</altitudeFt>
                </position>
                <position>
                    <lat>42.8148</lat>
                    <lon>17.2918</lon>
                    <date>2013-07-11T07:43:28+02:00</date>
                    <speedMph>488</speedMph>
                    <altitudeFt>39000</altitudeFt>
                </position>
                <position>
                    <lat>42.8726</lat>
                    <lon>17.1229</lon>
                    <date>2013-07-11T07:42:28+02:00</date>
                    <speedMph>488</speedMph>
                    <altitudeFt>39000</altitudeFt>
                </position>
                <position>
                    <lat>42.919</lat>
                    <lon>16.9521</lon>
                    <date>2013-07-11T07:41:28+02:00</date>
                    <speedMph>488</speedMph>
                    <altitudeFt>39000</altitudeFt>
                </position>
                <position>
                    <lat>42.9665</lat>
                    <lon>16.7753</lon>
                    <date>2013-07-11T07:40:28+02:00</date>
                    <speedMph>488</speedMph>
                    <altitudeFt>39000</altitudeFt>
                </position>
                <position>
                    <lat>43.0157</lat>
                    <lon>16.5878</lon>
                    <date>2013-07-11T07:39:28+02:00</date>
                    <speedMph>492</speedMph>
                    <altitudeFt>39030</altitudeFt>
                </position>
                <position>
                    <lat>43.0642</lat>
                    <lon>16.4061</lon>
                    <date>2013-07-11T07:38:28+02:00</date>
                    <speedMph>488</speedMph>
                    <altitudeFt>39000</altitudeFt>
                </position>
                <position>
                    <lat>43.1078</lat>
                    <lon>16.2383</lon>
                    <date>2013-07-11T07:37:28+02:00</date>
                    <speedMph>492</speedMph>
                    <altitudeFt>39000</altitudeFt>
                </position>
                <position>
                    <lat>43.1544</lat>
                    <lon>16.0585</lon>
                    <date>2013-07-11T07:36:28+02:00</date>
                    <speedMph>492</speedMph>
                    <altitudeFt>39000</altitudeFt>
                </position>
                <position>
                    <lat>43.1984</lat>
                    <lon>15.8878</lon>
                    <date>2013-07-11T07:35:28+02:00</date>
                    <speedMph>488</speedMph>
                    <altitudeFt>39000</altitudeFt>
                </position>
                <position>
                    <lat>43.2435</lat>
                    <lon>15.7112</lon>
                    <date>2013-07-11T07:34:28+02:00</date>
                    <speedMph>488</speedMph>
                    <altitudeFt>39030</altitudeFt>
                </position>
                <position>
                    <lat>43.2873</lat>
                    <lon>15.5387</lon>
                    <date>2013-07-11T07:33:28+02:00</date>
                    <speedMph>492</speedMph>
                    <altitudeFt>39000</altitudeFt>
                </position>
                <position>
                    <lat>43.3299</lat>
                    <lon>15.3703</lon>
                    <date>2013-07-11T07:32:28+02:00</date>
                    <speedMph>492</speedMph>
                    <altitudeFt>39000</altitudeFt>
                </position>
                <position>
                    <lat>43.3741</lat>
                    <lon>15.1925</lon>
                    <date>2013-07-11T07:31:28+02:00</date>
                    <speedMph>488</speedMph>
                    <altitudeFt>39030</altitudeFt>
                </position>
                <position>
                    <lat>43.4153</lat>
                    <lon>15.026</lon>
                    <date>2013-07-11T07:30:28+02:00</date>
                    <speedMph>492</speedMph>
                    <altitudeFt>39000</altitudeFt>
                </position>
                <position>
                    <lat>43.4583</lat>
                    <lon>14.8505</lon>
                    <date>2013-07-11T07:29:28+02:00</date>
                    <speedMph>488</speedMph>
                    <altitudeFt>39000</altitudeFt>
                </position>
                <position>
                    <lat>43.5117</lat>
                    <lon>14.633</lon>
                    <date>2013-07-11T07:28:28+02:00</date>
                    <speedMph>488</speedMph>
                    <altitudeFt>39030</altitudeFt>
                </position>
                <position>
                    <lat>43.5508</lat>
                    <lon>14.4804</lon>
                    <date>2013-07-11T07:27:28+02:00</date>
                    <speedMph>492</speedMph>
                    <altitudeFt>39000</altitudeFt>
                </position>
                <position>
                    <lat>43.5934</lat>
                    <lon>14.2565</lon>
                    <date>2013-07-11T07:26:28+02:00</date>
                    <speedMph>492</speedMph>
                    <altitudeFt>39000</altitudeFt>
                </position>
                <position>
                    <lat>43.6207</lat>
                    <lon>14.0981</lon>
                    <date>2013-07-11T07:25:28+02:00</date>
                    <speedMph>492</speedMph>
                    <altitudeFt>39000</altitudeFt>
                </position>
                <position>
                    <lat>43.6459</lat>
                    <lon>13.9496</lon>
                    <date>2013-07-11T07:24:28+02:00</date>
                    <speedMph>492</speedMph>
                    <altitudeFt>39000</altitudeFt>
                </position>
                <position>
                    <lat>43.6891</lat>
                    <lon>13.7093</lon>
                    <date>2013-07-11T07:23:28+02:00</date>
                    <speedMph>488</speedMph>
                    <altitudeFt>39030</altitudeFt>
                </position>
                <position>
                    <lat>43.7119</lat>
                    <lon>13.5573</lon>
                    <date>2013-07-11T07:22:28+02:00</date>
                    <speedMph>488</speedMph>
                    <altitudeFt>39030</altitudeFt>
                </position>
                <position>
                    <lat>43.7447</lat>
                    <lon>13.3569</lon>
                    <date>2013-07-11T07:21:28+02:00</date>
                    <speedMph>488</speedMph>
                    <altitudeFt>39030</altitudeFt>
                </position>
                <position>
                    <lat>43.7702</lat>
                    <lon>13.1995</lon>
                    <date>2013-07-11T07:20:28+02:00</date>
                    <speedMph>484</speedMph>
                    <altitudeFt>39000</altitudeFt>
                </position>
                <position>
                    <lat>43.7982</lat>
                    <lon>13.0269</lon>
                    <date>2013-07-11T07:19:28+02:00</date>
                    <speedMph>480</speedMph>
                    <altitudeFt>39000</altitudeFt>
                </position>
                <position>
                    <lat>43.8265</lat>
                    <lon>12.8507</lon>
                    <date>2013-07-11T07:18:28+02:00</date>
                    <speedMph>476</speedMph>
                    <altitudeFt>38980</altitudeFt>
                </position>
                <position>
                    <lat>43.8543</lat>
                    <lon>12.675</lon>
                    <date>2013-07-11T07:17:28+02:00</date>
                    <speedMph>472</speedMph>
                    <altitudeFt>38980</altitudeFt>
                </position>
                <position>
                    <lat>43.8817</lat>
                    <lon>12.4994</lon>
                    <date>2013-07-11T07:16:28+02:00</date>
                    <speedMph>472</speedMph>
                    <altitudeFt>39000</altitudeFt>
                </position>
                <position>
                    <lat>43.9085</lat>
                    <lon>12.3267</lon>
                    <date>2013-07-11T07:15:28+02:00</date>
                    <speedMph>472</speedMph>
                    <altitudeFt>39030</altitudeFt>
                </position>
                <position>
                    <lat>43.9362</lat>
                    <lon>12.1468</lon>
                    <date>2013-07-11T07:14:28+02:00</date>
                    <speedMph>476</speedMph>
                    <altitudeFt>39030</altitudeFt>
                </position>
                <position>
                    <lat>43.9627</lat>
                    <lon>11.9714</lon>
                    <date>2013-07-11T07:13:28+02:00</date>
                    <speedMph>476</speedMph>
                    <altitudeFt>39000</altitudeFt>
                </position>
                <position>
                    <lat>43.9925</lat>
                    <lon>11.771</lon>
                    <date>2013-07-11T07:12:28+02:00</date>
                    <speedMph>472</speedMph>
                    <altitudeFt>39030</altitudeFt>
                </position>
                <position>
                    <lat>44.0257</lat>
                    <lon>11.5441</lon>
                    <date>2013-07-11T07:11:28+02:00</date>
                    <speedMph>472</speedMph>
                    <altitudeFt>39030</altitudeFt>
                </position>
                <position>
                    <lat>44.0471</lat>
                    <lon>11.3992</lon>
                    <date>2013-07-11T07:10:14+02:00</date>
                    <speedMph>472</speedMph>
                    <altitudeFt>39000</altitudeFt>
                </position>
                <position>
                    <lat>44.0734</lat>
                    <lon>11.2177</lon>
                    <date>2013-07-11T07:09:14+02:00</date>
                    <speedMph>472</speedMph>
                    <altitudeFt>39000</altitudeFt>
                </position>
                <position>
                    <lat>44.0991</lat>
                    <lon>11.041</lon>
                    <date>2013-07-11T07:08:14+02:00</date>
                    <speedMph>472</speedMph>
                    <altitudeFt>38980</altitudeFt>
                </position>
                <position>
                    <lat>44.1235</lat>
                    <lon>10.8634</lon>
                    <date>2013-07-11T07:07:14+02:00</date>
                    <speedMph>472</speedMph>
                    <altitudeFt>38980</altitudeFt>
                </position>
                <position>
                    <lat>44.1492</lat>
                    <lon>10.6816</lon>
                    <date>2013-07-11T07:06:14+02:00</date>
                    <speedMph>472</speedMph>
                    <altitudeFt>39000</altitudeFt>
                </position>
                <position>
                    <lat>44.1759</lat>
                    <lon>10.509</lon>
                    <date>2013-07-11T07:05:14+02:00</date>
                    <speedMph>472</speedMph>
                    <altitudeFt>39030</altitudeFt>
                </position>
                <position>
                    <lat>44.2264</lat>
                    <lon>10.3393</lon>
                    <date>2013-07-11T07:04:14+02:00</date>
                    <speedMph>472</speedMph>
                    <altitudeFt>39030</altitudeFt>
                </position>
                <position>
                    <lat>44.2719</lat>
                    <lon>10.1827</lon>
                    <date>2013-07-11T07:03:14+02:00</date>
                    <speedMph>472</speedMph>
                    <altitudeFt>38980</altitudeFt>
                </position>
                <position>
                    <lat>44.3263</lat>
                    <lon>9.9977</lon>
                    <date>2013-07-11T07:02:14+02:00</date>
                    <speedMph>472</speedMph>
                    <altitudeFt>39000</altitudeFt>
                </position>
                <position>
                    <lat>44.3734</lat>
                    <lon>9.835</lon>
                    <date>2013-07-11T07:01:14+02:00</date>
                    <speedMph>472</speedMph>
                    <altitudeFt>39030</altitudeFt>
                </position>
                <position>
                    <lat>44.4232</lat>
                    <lon>9.6631</lon>
                    <date>2013-07-11T07:00:14+02:00</date>
                    <speedMph>472</speedMph>
                    <altitudeFt>39000</altitudeFt>
                </position>
                <position>
                    <lat>44.4705</lat>
                    <lon>9.4991</lon>
                    <date>2013-07-11T06:59:14+02:00</date>
                    <speedMph>472</speedMph>
                    <altitudeFt>39000</altitudeFt>
                </position>
                <position>
                    <lat>44.5191</lat>
                    <lon>9.3286</lon>
                    <date>2013-07-11T06:58:14+02:00</date>
                    <speedMph>472</speedMph>
                    <altitudeFt>38980</altitudeFt>
                </position>
                <position>
                    <lat>44.5667</lat>
                    <lon>9.1599</lon>
                    <date>2013-07-11T06:57:14+02:00</date>
                    <speedMph>472</speedMph>
                    <altitudeFt>38980</altitudeFt>
                </position>
                <position>
                    <lat>44.6158</lat>
                    <lon>8.9845</lon>
                    <date>2013-07-11T06:56:14+02:00</date>
                    <speedMph>472</speedMph>
                    <altitudeFt>39000</altitudeFt>
                </position>
                <position>
                    <lat>44.6624</lat>
                    <lon>8.8167</lon>
                    <date>2013-07-11T06:55:14+02:00</date>
                    <speedMph>468</speedMph>
                    <altitudeFt>39030</altitudeFt>
                </position>
                <position>
                    <lat>44.7093</lat>
                    <lon>8.6481</lon>
                    <date>2013-07-11T06:54:14+02:00</date>
                    <speedMph>472</speedMph>
                    <altitudeFt>38700</altitudeFt>
                </position>
                <position>
                    <lat>44.7589</lat>
                    <lon>8.4674</lon>
                    <date>2013-07-11T06:53:14+02:00</date>
                    <speedMph>468</speedMph>
                    <altitudeFt>38350</altitudeFt>
                </position>
                <position>
                    <lat>44.804</lat>
                    <lon>8.3022</lon>
                    <date>2013-07-11T06:52:14+02:00</date>
                    <speedMph>460</speedMph>
                    <altitudeFt>38000</altitudeFt>
                </position>
                <position>
                    <lat>44.8537</lat>
                    <lon>8.1194</lon>
                    <date>2013-07-11T06:51:14+02:00</date>
                    <speedMph>456</speedMph>
                    <altitudeFt>37400</altitudeFt>
                </position>
                <position>
                    <lat>44.8967</lat>
                    <lon>7.9627</lon>
                    <date>2013-07-11T06:50:14+02:00</date>
                    <speedMph>456</speedMph>
                    <altitudeFt>36750</altitudeFt>
                </position>
                <position>
                    <lat>44.9496</lat>
                    <lon>7.8164</lon>
                    <date>2013-07-11T06:49:14+02:00</date>
                    <speedMph>460</speedMph>
                    <altitudeFt>35830</altitudeFt>
                </position>
                <position>
                    <lat>45.0317</lat>
                    <lon>7.6645</lon>
                    <date>2013-07-11T06:48:14+02:00</date>
                    <speedMph>464</speedMph>
                    <altitudeFt>34630</altitudeFt>
                </position>
                <position>
                    <lat>45.1132</lat>
                    <lon>7.5128</lon>
                    <date>2013-07-11T06:47:14+02:00</date>
                    <speedMph>476</speedMph>
                    <altitudeFt>32980</altitudeFt>
                </position>
                <position>
                    <lat>45.1849</lat>
                    <lon>7.3788</lon>
                    <date>2013-07-11T06:46:14+02:00</date>
                    <speedMph>476</speedMph>
                    <altitudeFt>31750</altitudeFt>
                </position>
                <position>
                    <lat>45.2699</lat>
                    <lon>7.2192</lon>
                    <date>2013-07-11T06:45:14+02:00</date>
                    <speedMph>484</speedMph>
                    <altitudeFt>30080</altitudeFt>
                </position>
                <position>
                    <lat>45.3468</lat>
                    <lon>7.0737</lon>
                    <date>2013-07-11T06:44:14+02:00</date>
                    <speedMph>472</speedMph>
                    <altitudeFt>29180</altitudeFt>
                </position>
                <position>
                    <lat>45.4292</lat>
                    <lon>6.9169</lon>
                    <date>2013-07-11T06:43:14+02:00</date>
                    <speedMph>464</speedMph>
                    <altitudeFt>27900</altitudeFt>
                </position>
                <position>
                    <lat>45.5012</lat>
                    <lon>6.7801</lon>
                    <date>2013-07-11T06:42:14+02:00</date>
                    <speedMph>452</speedMph>
                    <altitudeFt>26750</altitudeFt>
                </position>
                <position>
                    <lat>45.5732</lat>
                    <lon>6.6402</lon>
                    <date>2013-07-11T06:41:14+02:00</date>
                    <speedMph>440</speedMph>
                    <altitudeFt>25430</altitudeFt>
                </position>
                <position>
                    <lat>45.6665</lat>
                    <lon>6.5274</lon>
                    <date>2013-07-11T06:40:14+02:00</date>
                    <speedMph>436</speedMph>
                    <altitudeFt>23980</altitudeFt>
                </position>
                <position>
                    <lat>45.7682</lat>
                    <lon>6.4196</lon>
                    <date>2013-07-11T06:39:14+02:00</date>
                    <speedMph>424</speedMph>
                    <altitudeFt>22200</altitudeFt>
                </position>
                <position>
                    <lat>45.8577</lat>
                    <lon>6.3247</lon>
                    <date>2013-07-11T06:38:14+02:00</date>
                    <speedMph>412</speedMph>
                    <altitudeFt>20500</altitudeFt>
                </position>
                <position>
                    <lat>45.9708</lat>
                    <lon>6.3083</lon>
                    <date>2013-07-11T06:37:14+02:00</date>
                    <speedMph>416</speedMph>
                    <altitudeFt>18280</altitudeFt>
                </position>
                <position>
                    <lat>46.079</lat>
                    <lon>6.3323</lon>
                    <date>2013-07-11T06:36:14+02:00</date>
                    <speedMph>380</speedMph>
                    <altitudeFt>16780</altitudeFt>
                </position>
                <position>
                    <lat>46.183</lat>
                    <lon>6.3557</lon>
                    <date>2013-07-11T06:35:14+02:00</date>
                    <speedMph>364</speedMph>
                    <altitudeFt>14450</altitudeFt>
                </position>
                <position>
                    <lat>46.2277</lat>
                    <lon>6.3672</lon>
                    <date>2013-07-11T06:34:44+02:00</date>
                    <speedMph>360</speedMph>
                    <altitudeFt>13150</altitudeFt>
                </position>
                <position>
                    <lat>46.2798</lat>
                    <lon>6.3818</lon>
                    <date>2013-07-11T06:34:14+02:00</date>
                    <speedMph>348</speedMph>
                    <altitudeFt>11700</altitudeFt>
                </position>
                <position>
                    <lat>46.322</lat>
                    <lon>6.3919</lon>
                    <date>2013-07-11T06:33:44+02:00</date>
                    <speedMph>324</speedMph>
                    <altitudeFt>10980</altitudeFt>
                </position>
                <position>
                    <lat>46.36</lat>
                    <lon>6.3592</lon>
                    <date>2013-07-11T06:33:14+02:00</date>
                    <speedMph>292</speedMph>
                    <altitudeFt>9900</altitudeFt>
                </position>
                <position>
                    <lat>46.3666</lat>
                    <lon>6.3202</lon>
                    <date>2013-07-11T06:32:54+02:00</date>
                    <speedMph>276</speedMph>
                    <altitudeFt>9000</altitudeFt>
                </position>
                <position>
                    <lat>46.3638</lat>
                    <lon>6.3013</lon>
                    <date>2013-07-11T06:32:44+02:00</date>
                    <speedMph>272</speedMph>
                    <altitudeFt>8550</altitudeFt>
                </position>
                <position>
                    <lat>46.3586</lat>
                    <lon>6.2872</lon>
                    <date>2013-07-11T06:32:34+02:00</date>
                    <speedMph>272</speedMph>
                    <altitudeFt>8000</altitudeFt>
                </position>
                <position>
                    <lat>46.3504</lat>
                    <lon>6.2735</lon>
                    <date>2013-07-11T06:32:24+02:00</date>
                    <speedMph>268</speedMph>
                    <altitudeFt>7400</altitudeFt>
                </position>
                <position>
                    <lat>46.3412</lat>
                    <lon>6.2601</lon>
                    <date>2013-07-11T06:32:14+02:00</date>
                    <speedMph>260</speedMph>
                    <altitudeFt>6900</altitudeFt>
                </position>
                <position>
                    <lat>46.3328</lat>
                    <lon>6.2478</lon>
                    <date>2013-07-11T06:32:04+02:00</date>
                    <speedMph>260</speedMph>
                    <altitudeFt>6500</altitudeFt>
                </position>
                <position>
                    <lat>46.329</lat>
                    <lon>6.2424</lon>
                    <date>2013-07-11T06:31:54+02:00</date>
                    <speedMph>256</speedMph>
                    <altitudeFt>6300</altitudeFt>
                </position>
                <position>
                    <lat>46.3167</lat>
                    <lon>6.2249</lon>
                    <date>2013-07-11T06:31:44+02:00</date>
                    <speedMph>228</speedMph>
                    <altitudeFt>5880</altitudeFt>
                </position>
                <position>
                    <lat>46.3128</lat>
                    <lon>6.2194</lon>
                    <date>2013-07-11T06:31:34+02:00</date>
                    <speedMph>228</speedMph>
                    <altitudeFt>5780</altitudeFt>
                </position>
                <position>
                    <lat>46.3014</lat>
                    <lon>6.203</lon>
                    <date>2013-07-11T06:31:24+02:00</date>
                    <speedMph>192</speedMph>
                    <altitudeFt>5530</altitudeFt>
                </position>
                <position>
                    <lat>46.2961</lat>
                    <lon>6.1953</lon>
                    <date>2013-07-11T06:31:14+02:00</date>
                    <speedMph>188</speedMph>
                    <altitudeFt>5350</altitudeFt>
                </position>
                <position>
                    <lat>46.2903</lat>
                    <lon>6.1866</lon>
                    <date>2013-07-11T06:31:04+02:00</date>
                    <speedMph>168</speedMph>
                    <altitudeFt>5180</altitudeFt>
                </position>
                <position>
                    <lat>46.2846</lat>
                    <lon>6.1778</lon>
                    <date>2013-07-11T06:30:54+02:00</date>
                    <speedMph>152</speedMph>
                    <altitudeFt>4950</altitudeFt>
                </position>
                <position>
                    <lat>46.2808</lat>
                    <lon>6.1723</lon>
                    <date>2013-07-11T06:30:49+02:00</date>
                    <speedMph>148</speedMph>
                    <altitudeFt>4800</altitudeFt>
                </position>
                <position>
                    <lat>46.2785</lat>
                    <lon>6.169</lon>
                    <date>2013-07-11T06:30:44+02:00</date>
                    <speedMph>144</speedMph>
                    <altitudeFt>4700</altitudeFt>
                </position>
                <position>
                    <lat>46.2772</lat>
                    <lon>6.1669</lon>
                    <date>2013-07-11T06:30:39+02:00</date>
                    <speedMph>144</speedMph>
                    <altitudeFt>4600</altitudeFt>
                </position>
                <position>
                    <lat>46.2746</lat>
                    <lon>6.1633</lon>
                    <date>2013-07-11T06:30:34+02:00</date>
                    <speedMph>144</speedMph>
                    <altitudeFt>4430</altitudeFt>
                </position>
                <position>
                    <lat>46.2723</lat>
                    <lon>6.1598</lon>
                    <date>2013-07-11T06:30:29+02:00</date>
                    <speedMph>144</speedMph>
                    <altitudeFt>4250</altitudeFt>
                </position>
                <position>
                    <lat>46.2701</lat>
                    <lon>6.1565</lon>
                    <date>2013-07-11T06:30:24+02:00</date>
                    <speedMph>144</speedMph>
                    <altitudeFt>4150</altitudeFt>
                </position>
                <position>
                    <lat>46.267</lat>
                    <lon>6.1519</lon>
                    <date>2013-07-11T06:30:19+02:00</date>
                    <speedMph>144</speedMph>
                    <altitudeFt>3950</altitudeFt>
                </position>
                <position>
                    <lat>46.2644</lat>
                    <lon>6.148</lon>
                    <date>2013-07-11T06:30:09+02:00</date>
                    <speedMph>148</speedMph>
                    <altitudeFt>3700</altitudeFt>
                </position>
                <position>
                    <lat>46.2604</lat>
                    <lon>6.1418</lon>
                    <date>2013-07-11T06:30:04+02:00</date>
                    <speedMph>148</speedMph>
                    <altitudeFt>3200</altitudeFt>
                </position>
                <position>
                    <lat>46.2584</lat>
                    <lon>6.1387</lon>
                    <date>2013-07-11T06:29:59+02:00</date>
                    <speedMph>152</speedMph>
                    <altitudeFt>2980</altitudeFt>
                </position>
                <position>
                    <lat>46.253</lat>
                    <lon>6.1308</lon>
                    <date>2013-07-11T06:29:49+02:00</date>
                    <speedMph>168</speedMph>
                    <altitudeFt>2350</altitudeFt>
                </position>
                <position>
                    <lat>46.2504</lat>
                    <lon>6.1271</lon>
                    <date>2013-07-11T06:29:44+02:00</date>
                    <speedMph>164</speedMph>
                    <altitudeFt>2100</altitudeFt>
                </position>
                <position>
                    <lat>46.247</lat>
                    <lon>6.1222</lon>
                    <date>2013-07-11T06:29:39+02:00</date>
                    <speedMph>164</speedMph>
                    <altitudeFt>1850</altitudeFt>
                </position>
                <position>
                    <lat>46.2419</lat>
                    <lon>6.1147</lon>
                    <date>2013-07-11T06:29:29+02:00</date>
                    <speedMph>168</speedMph>
                    <altitudeFt>1530</altitudeFt>
                </position>
                <position>
                    <lat>46.2394</lat>
                    <lon>6.111</lon>
                    <date>2013-07-11T06:29:24+02:00</date>
                    <speedMph>164</speedMph>
                    <altitudeFt>1430</altitudeFt>
                </position>
                <position>
                    <lat>46.2369</lat>
                    <lon>6.1072</lon>
                    <date>2013-07-11T06:29:19+02:00</date>
                    <speedMph>156</speedMph>
                    <altitudeFt>0</altitudeFt>
                </position>
                <position>
                    <lat>46.2286</lat>
                    <lon>6.0951</lon>
                    <date>2013-07-11T06:28:59+02:00</date>
                    <speedMph>76</speedMph>
                    <altitudeFt>0</altitudeFt>
                </position>
                <position>
                    <lat>46.226</lat>
                    <lon>6.0915</lon>
                    <date>2013-07-11T06:28:29+02:00</date>
                    <speedMph>24</speedMph>
                    <altitudeFt>0</altitudeFt>
                </position>
                <position>
                    <lat>46.2258</lat>
                    <lon>6.0916</lon>
                    <date>2013-07-11T06:28:24+02:00</date>
                    <speedMph>32</speedMph>
                    <altitudeFt>0</altitudeFt>
                </position>
                <position>
                    <lat>46.2255</lat>
                    <lon>6.0923</lon>
                    <date>2013-07-11T06:28:19+02:00</date>
                    <speedMph>16</speedMph>
                    <altitudeFt>0</altitudeFt>
                </position>
                <position>
                    <lat>46.2255</lat>
                    <lon>6.0924</lon>
                    <date>2013-07-11T06:28:14+02:00</date>
                    <speedMph>16</speedMph>
                    <altitudeFt>0</altitudeFt>
                </position>
                <position>
                    <lat>46.2255</lat>
                    <lon>6.0931</lon>
                    <date>2013-07-11T06:28:09+02:00</date>
                    <speedMph>20</speedMph>
                    <altitudeFt>0</altitudeFt>
                </position>
                <position>
                    <lat>46.2257</lat>
                    <lon>6.0939</lon>
                    <date>2013-07-11T06:28:04+02:00</date>
                    <speedMph>20</speedMph>
                    <altitudeFt>0</altitudeFt>
                </position>
                <position>
                    <lat>46.2258</lat>
                    <lon>6.0943</lon>
                    <date>2013-07-11T06:27:59+02:00</date>
                    <speedMph>20</speedMph>
                    <altitudeFt>0</altitudeFt>
                </position>
                <position>
                    <lat>46.2261</lat>
                    <lon>6.0947</lon>
                    <date>2013-07-11T06:27:54+02:00</date>
                    <speedMph>20</speedMph>
                    <altitudeFt>0</altitudeFt>
                </position>
                <position>
                    <lat>46.2263</lat>
                    <lon>6.0951</lon>
                    <date>2013-07-11T06:27:49+02:00</date>
                    <speedMph>20</speedMph>
                    <altitudeFt>0</altitudeFt>
                </position>
                <position>
                    <lat>46.2268</lat>
                    <lon>6.0957</lon>
                    <date>2013-07-11T06:27:44+02:00</date>
                    <speedMph>20</speedMph>
                    <altitudeFt>0</altitudeFt>
                </position>
                <position>
                    <lat>46.227</lat>
                    <lon>6.0961</lon>
                    <date>2013-07-11T06:27:39+02:00</date>
                    <speedMph>20</speedMph>
                    <altitudeFt>0</altitudeFt>
                </position>
                <position>
                    <lat>46.2272</lat>
                    <lon>6.0964</lon>
                    <date>2013-07-11T06:27:34+02:00</date>
                    <speedMph>16</speedMph>
                    <altitudeFt>0</altitudeFt>
                </position>
                <position>
                    <lat>46.2275</lat>
                    <lon>6.0969</lon>
                    <date>2013-07-11T06:27:29+02:00</date>
                    <speedMph>16</speedMph>
                    <altitudeFt>0</altitudeFt>
                </position>
                <position>
                    <lat>46.2277</lat>
                    <lon>6.0971</lon>
                    <date>2013-07-11T06:27:24+02:00</date>
                    <speedMph>16</speedMph>
                    <altitudeFt>0</altitudeFt>
                </position>
                <position>
                    <lat>46.2282</lat>
                    <lon>6.0978</lon>
                    <date>2013-07-11T06:27:19+02:00</date>
                    <speedMph>16</speedMph>
                    <altitudeFt>0</altitudeFt>
                </position>
                <position>
                    <lat>46.2284</lat>
                    <lon>6.0982</lon>
                    <date>2013-07-11T06:27:14+02:00</date>
                    <speedMph>16</speedMph>
                    <altitudeFt>0</altitudeFt>
                </position>
                <position>
                    <lat>46.2286</lat>
                    <lon>6.0984</lon>
                    <date>2013-07-11T06:27:09+02:00</date>
                    <speedMph>16</speedMph>
                    <altitudeFt>0</altitudeFt>
                </position>
                <position>
                    <lat>46.2291</lat>
                    <lon>6.0992</lon>
                    <date>2013-07-11T06:27:04+02:00</date>
                    <speedMph>16</speedMph>
                    <altitudeFt>0</altitudeFt>
                </position>
                <position>
                    <lat>46.2293</lat>
                    <lon>6.0994</lon>
                    <date>2013-07-11T06:26:59+02:00</date>
                    <speedMph>16</speedMph>
                    <altitudeFt>0</altitudeFt>
                </position>
                <position>
                    <lat>46.2295</lat>
                    <lon>6.0997</lon>
                    <date>2013-07-11T06:26:54+02:00</date>
                    <speedMph>16</speedMph>
                    <altitudeFt>0</altitudeFt>
                </position>
                <position>
                    <lat>46.2306</lat>
                    <lon>6.1013</lon>
                    <date>2013-07-11T06:26:34+02:00</date>
                    <speedMph>16</speedMph>
                    <altitudeFt>0</altitudeFt>
                </position>
                <position>
                    <lat>46.2307</lat>
                    <lon>6.1015</lon>
                    <date>2013-07-11T06:26:29+02:00</date>
                    <speedMph>16</speedMph>
                    <altitudeFt>0</altitudeFt>
                </position>
                <position>
                    <lat>46.2309</lat>
                    <lon>6.1018</lon>
                    <date>2013-07-11T06:26:24+02:00</date>
                    <speedMph>16</speedMph>
                    <altitudeFt>0</altitudeFt>
                </position>
                <position>
                    <lat>46.2311</lat>
                    <lon>6.1022</lon>
                    <date>2013-07-11T06:26:19+02:00</date>
                    <speedMph>16</speedMph>
                    <altitudeFt>0</altitudeFt>
                </position>
                <position>
                    <lat>46.2315</lat>
                    <lon>6.1027</lon>
                    <date>2013-07-11T06:26:14+02:00</date>
                    <speedMph>32</speedMph>
                    <altitudeFt>0</altitudeFt>
                </position>
                <position>
                    <lat>46.2317</lat>
                    <lon>6.103</lon>
                    <date>2013-07-11T06:26:09+02:00</date>
                    <speedMph>32</speedMph>
                    <altitudeFt>0</altitudeFt>
                </position>
                <position>
                    <lat>46.2319</lat>
                    <lon>6.1033</lon>
                    <date>2013-07-11T06:26:04+02:00</date>
                    <speedMph>32</speedMph>
                    <altitudeFt>0</altitudeFt>
                </position>
                <position>
                    <lat>46.2329</lat>
                    <lon>6.105</lon>
                    <date>2013-07-11T06:25:39+02:00</date>
                    <speedMph>28</speedMph>
                    <altitudeFt>0</altitudeFt>
                </position>
                <position>
                    <lat>46.2326</lat>
                    <lon>6.1055</lon>
                    <date>2013-07-11T06:25:29+02:00</date>
                    <speedMph>28</speedMph>
                    <altitudeFt>0</altitudeFt>
                </position>
                <position>
                    <lat>46.2326</lat>
                    <lon>6.1056</lon>
                    <date>2013-07-11T06:25:24+02:00</date>
                    <speedMph>28</speedMph>
                    <altitudeFt>0</altitudeFt>
                </position>
                <position>
                    <lat>46.2323</lat>
                    <lon>6.106</lon>
                    <date>2013-07-11T06:25:19+02:00</date>
                    <speedMph>24</speedMph>
                    <altitudeFt>0</altitudeFt>
                </position>
                <position>
                    <lat>46.2321</lat>
                    <lon>6.1063</lon>
                    <date>2013-07-11T06:25:14+02:00</date>
                    <speedMph>24</speedMph>
                    <altitudeFt>0</altitudeFt>
                </position>
                <position>
                    <lat>46.232</lat>
                    <lon>6.1063</lon>
                    <date>2013-07-11T06:25:09+02:00</date>
                    <speedMph>24</speedMph>
                    <altitudeFt>0</altitudeFt>
                </position>
                <position>
                    <lat>46.2319</lat>
                    <lon>6.1065</lon>
                    <date>2013-07-11T06:25:04+02:00</date>
                    <speedMph>24</speedMph>
                    <altitudeFt>0</altitudeFt>
                </position>
                <position>
                    <lat>46.2319</lat>
                    <lon>6.107</lon>
                    <date>2013-07-11T06:24:59+02:00</date>
                    <speedMph>28</speedMph>
                    <altitudeFt>0</altitudeFt>
                </position>
                <position>
                    <lat>46.2321</lat>
                    <lon>6.1073</lon>
                    <date>2013-07-11T06:24:54+02:00</date>
                    <speedMph>32</speedMph>
                    <altitudeFt>0</altitudeFt>
                </position>
                <position>
                    <lat>46.2323</lat>
                    <lon>6.1075</lon>
                    <date>2013-07-11T06:24:49+02:00</date>
                    <speedMph>28</speedMph>
                    <altitudeFt>0</altitudeFt>
                </position>
                <position>
                    <lat>46.2325</lat>
                    <lon>6.1077</lon>
                    <date>2013-07-11T06:24:44+02:00</date>
                    <speedMph>28</speedMph>
                    <altitudeFt>0</altitudeFt>
                </position>
                <position>
                    <lat>46.2326</lat>
                    <lon>6.1078</lon>
                    <date>2013-07-11T06:24:39+02:00</date>
                    <speedMph>28</speedMph>
                    <altitudeFt>0</altitudeFt>
                </position>
                <position>
                    <lat>46.2331</lat>
                    <lon>6.108</lon>
                    <date>2013-07-11T06:24:34+02:00</date>
                    <speedMph>24</speedMph>
                    <altitudeFt>0</altitudeFt>
                </position>
                <position>
                    <lat>46.2332</lat>
                    <lon>6.108</lon>
                    <date>2013-07-11T06:24:29+02:00</date>
                    <speedMph>24</speedMph>
                    <altitudeFt>0</altitudeFt>
                </position>
                <position>
                    <lat>46.2334</lat>
                    <lon>6.1082</lon>
                    <date>2013-07-11T06:24:24+02:00</date>
                    <speedMph>24</speedMph>
                    <altitudeFt>0</altitudeFt>
                </position>
                <position>
                    <lat>46.2335</lat>
                    <lon>6.1084</lon>
                    <date>2013-07-11T06:24:19+02:00</date>
                    <speedMph>24</speedMph>
                    <altitudeFt>0</altitudeFt>
                </position>
                <position>
                    <lat>46.2338</lat>
                    <lon>6.1088</lon>
                    <date>2013-07-11T06:24:14+02:00</date>
                    <speedMph>24</speedMph>
                    <altitudeFt>0</altitudeFt>
                </position>
                <position>
                    <lat>46.2339</lat>
                    <lon>6.1089</lon>
                    <date>2013-07-11T06:24:09+02:00</date>
                    <speedMph>24</speedMph>
                    <altitudeFt>0</altitudeFt>
                </position>
                <position>
                    <lat>46.2343</lat>
                    <lon>6.1088</lon>
                    <date>2013-07-11T06:23:59+02:00</date>
                    <speedMph>20</speedMph>
                    <altitudeFt>0</altitudeFt>
                </position>
            </positions>
        </flightTrack>
    </flightTracks>
</flightstatslog>
