<?xml version="1.0" encoding="UTF-8" standalone="yes"?>
<flightstatslog>
    <appendix>
        <airports>
            <airport>
                <fs>HEL</fs>
                <latitude>60.317222</latitude>
                <longitude>24.963333</longitude>
                <city>Helsinki</city>
            </airport>
            <airport>
                <fs>AMS</fs>
                <latitude>52.308613</latitude>
                <longitude>4.763889</longitude>
                <city>Amsterdam</city>
            </airport>
        </airports>
    </appendix>
    <flightTracks>
        <flightTrack>
            <flightId>4739038</flightId>
            <departureAirportFsCode>HEL</departureAirportFsCode>
            <arrivalAirportFsCode>AMS</arrivalAirportFsCode>
            <positions>
                <position>
                    <lat>52.305</lat>
                    <lon>4.7703</lon>
                    <date>2013-07-11T08:07:38+02:00</date>
                    <speedMph>32</speedMph>
                    <altitudeFt>0</altitudeFt>
                </position>
                <position>
                    <lat>52.305</lat>
                    <lon>4.7705</lon>
                    <date>2013-07-11T08:07:33+02:00</date>
                    <speedMph>32</speedMph>
                    <altitudeFt>0</altitudeFt>
                </position>
                <position>
                    <lat>52.3051</lat>
                    <lon>4.7709</lon>
                    <date>2013-07-11T08:07:28+02:00</date>
                    <speedMph>32</speedMph>
                    <altitudeFt>0</altitudeFt>
                </position>
                <position>
                    <lat>52.3053</lat>
                    <lon>4.7711</lon>
                    <date>2013-07-11T08:07:23+02:00</date>
                    <speedMph>32</speedMph>
                    <altitudeFt>0</altitudeFt>
                </position>
                <position>
                    <lat>52.3055</lat>
                    <lon>4.7719</lon>
                    <date>2013-07-11T08:07:18+02:00</date>
                    <speedMph>36</speedMph>
                    <altitudeFt>0</altitudeFt>
                </position>
                <position>
                    <lat>52.3057</lat>
                    <lon>4.7723</lon>
                    <date>2013-07-11T08:07:13+02:00</date>
                    <speedMph>36</speedMph>
                    <altitudeFt>0</altitudeFt>
                </position>
                <position>
                    <lat>52.3058</lat>
                    <lon>4.7726</lon>
                    <date>2013-07-11T08:07:08+02:00</date>
                    <speedMph>36</speedMph>
                    <altitudeFt>0</altitudeFt>
                </position>
                <position>
                    <lat>52.306</lat>
                    <lon>4.773</lon>
                    <date>2013-07-11T08:07:03+02:00</date>
                    <speedMph>16</speedMph>
                    <altitudeFt>0</altitudeFt>
                </position>
                <position>
                    <lat>52.3062</lat>
                    <lon>4.7738</lon>
                    <date>2013-07-11T08:06:58+02:00</date>
                    <speedMph>16</speedMph>
                    <altitudeFt>0</altitudeFt>
                </position>
                <position>
                    <lat>52.3064</lat>
                    <lon>4.7742</lon>
                    <date>2013-07-11T08:06:53+02:00</date>
                    <speedMph>32</speedMph>
                    <altitudeFt>0</altitudeFt>
                </position>
                <position>
                    <lat>52.3067</lat>
                    <lon>4.7745</lon>
                    <date>2013-07-11T08:06:48+02:00</date>
                    <speedMph>32</speedMph>
                    <altitudeFt>0</altitudeFt>
                </position>
                <position>
                    <lat>52.3074</lat>
                    <lon>4.7746</lon>
                    <date>2013-07-11T08:06:43+02:00</date>
                    <speedMph>20</speedMph>
                    <altitudeFt>0</altitudeFt>
                </position>
                <position>
                    <lat>52.3076</lat>
                    <lon>4.7746</lon>
                    <date>2013-07-11T08:06:38+02:00</date>
                    <speedMph>16</speedMph>
                    <altitudeFt>0</altitudeFt>
                </position>
                <position>
                    <lat>52.308</lat>
                    <lon>4.7747</lon>
                    <date>2013-07-11T08:06:33+02:00</date>
                    <speedMph>16</speedMph>
                    <altitudeFt>0</altitudeFt>
                </position>
                <position>
                    <lat>52.3093</lat>
                    <lon>4.7748</lon>
                    <date>2013-07-11T08:06:18+02:00</date>
                    <speedMph>16</speedMph>
                    <altitudeFt>0</altitudeFt>
                </position>
                <position>
                    <lat>52.3094</lat>
                    <lon>4.7748</lon>
                    <date>2013-07-11T08:06:13+02:00</date>
                    <speedMph>16</speedMph>
                    <altitudeFt>0</altitudeFt>
                </position>
                <position>
                    <lat>52.3099</lat>
                    <lon>4.7748</lon>
                    <date>2013-07-11T08:06:08+02:00</date>
                    <speedMph>16</speedMph>
                    <altitudeFt>0</altitudeFt>
                </position>
                <position>
                    <lat>52.3103</lat>
                    <lon>4.7749</lon>
                    <date>2013-07-11T08:06:03+02:00</date>
                    <speedMph>32</speedMph>
                    <altitudeFt>0</altitudeFt>
                </position>
                <position>
                    <lat>52.3105</lat>
                    <lon>4.7749</lon>
                    <date>2013-07-11T08:05:58+02:00</date>
                    <speedMph>28</speedMph>
                    <altitudeFt>0</altitudeFt>
                </position>
                <position>
                    <lat>52.3108</lat>
                    <lon>4.7749</lon>
                    <date>2013-07-11T08:05:53+02:00</date>
                    <speedMph>28</speedMph>
                    <altitudeFt>0</altitudeFt>
                </position>
                <position>
                    <lat>52.3115</lat>
                    <lon>4.7757</lon>
                    <date>2013-07-11T08:05:33+02:00</date>
                    <speedMph>28</speedMph>
                    <altitudeFt>0</altitudeFt>
                </position>
                <position>
                    <lat>52.3115</lat>
                    <lon>4.776</lon>
                    <date>2013-07-11T08:05:28+02:00</date>
                    <speedMph>32</speedMph>
                    <altitudeFt>0</altitudeFt>
                </position>
                <position>
                    <lat>52.3114</lat>
                    <lon>4.7765</lon>
                    <date>2013-07-11T08:05:23+02:00</date>
                    <speedMph>32</speedMph>
                    <altitudeFt>0</altitudeFt>
                </position>
                <position>
                    <lat>52.311</lat>
                    <lon>4.777</lon>
                    <date>2013-07-11T08:05:18+02:00</date>
                    <speedMph>20</speedMph>
                    <altitudeFt>0</altitudeFt>
                </position>
                <position>
                    <lat>52.3105</lat>
                    <lon>4.7774</lon>
                    <date>2013-07-11T08:05:13+02:00</date>
                    <speedMph>24</speedMph>
                    <altitudeFt>0</altitudeFt>
                </position>
                <position>
                    <lat>52.3083</lat>
                    <lon>4.7789</lon>
                    <date>2013-07-11T08:04:48+02:00</date>
                    <speedMph>32</speedMph>
                    <altitudeFt>0</altitudeFt>
                </position>
                <position>
                    <lat>52.3077</lat>
                    <lon>4.7789</lon>
                    <date>2013-07-11T08:04:43+02:00</date>
                    <speedMph>40</speedMph>
                    <altitudeFt>0</altitudeFt>
                </position>
                <position>
                    <lat>52.3059</lat>
                    <lon>4.7787</lon>
                    <date>2013-07-11T08:04:38+02:00</date>
                    <speedMph>64</speedMph>
                    <altitudeFt>0</altitudeFt>
                </position>
                <position>
                    <lat>52.3048</lat>
                    <lon>4.7786</lon>
                    <date>2013-07-11T08:04:33+02:00</date>
                    <speedMph>76</speedMph>
                    <altitudeFt>0</altitudeFt>
                </position>
                <position>
                    <lat>52.3031</lat>
                    <lon>4.7785</lon>
                    <date>2013-07-11T08:04:28+02:00</date>
                    <speedMph>88</speedMph>
                    <altitudeFt>0</altitudeFt>
                </position>
                <position>
                    <lat>52.2959</lat>
                    <lon>4.7778</lon>
                    <date>2013-07-11T08:04:18+02:00</date>
                    <speedMph>132</speedMph>
                    <altitudeFt>0</altitudeFt>
                </position>
                <position>
                    <lat>52.2872</lat>
                    <lon>4.777</lon>
                    <date>2013-07-11T08:04:03+02:00</date>
                    <speedMph>132</speedMph>
                    <altitudeFt>0</altitudeFt>
                </position>
                <position>
                    <lat>52.2863</lat>
                    <lon>4.7768</lon>
                    <date>2013-07-11T08:03:58+02:00</date>
                    <speedMph>132</speedMph>
                    <altitudeFt>0</altitudeFt>
                </position>
                <position>
                    <lat>52.2809</lat>
                    <lon>4.7764</lon>
                    <date>2013-07-11T08:03:48+02:00</date>
                    <speedMph>132</speedMph>
                    <altitudeFt>0</altitudeFt>
                </position>
                <position>
                    <lat>52.2744</lat>
                    <lon>4.7758</lon>
                    <date>2013-07-11T08:03:43+02:00</date>
                    <speedMph>140</speedMph>
                    <altitudeFt>50</altitudeFt>
                </position>
                <position>
                    <lat>52.2713</lat>
                    <lon>4.7755</lon>
                    <date>2013-07-11T08:03:38+02:00</date>
                    <speedMph>144</speedMph>
                    <altitudeFt>130</altitudeFt>
                </position>
                <position>
                    <lat>52.2693</lat>
                    <lon>4.7753</lon>
                    <date>2013-07-11T08:03:33+02:00</date>
                    <speedMph>140</speedMph>
                    <altitudeFt>150</altitudeFt>
                </position>
                <position>
                    <lat>52.2661</lat>
                    <lon>4.7751</lon>
                    <date>2013-07-11T08:03:28+02:00</date>
                    <speedMph>140</speedMph>
                    <altitudeFt>230</altitudeFt>
                </position>
                <position>
                    <lat>52.2641</lat>
                    <lon>4.7748</lon>
                    <date>2013-07-11T08:03:23+02:00</date>
                    <speedMph>140</speedMph>
                    <altitudeFt>280</altitudeFt>
                </position>
                <position>
                    <lat>52.2586</lat>
                    <lon>4.7743</lon>
                    <date>2013-07-11T08:03:18+02:00</date>
                    <speedMph>136</speedMph>
                    <altitudeFt>400</altitudeFt>
                </position>
                <position>
                    <lat>52.2554</lat>
                    <lon>4.7741</lon>
                    <date>2013-07-11T08:03:13+02:00</date>
                    <speedMph>136</speedMph>
                    <altitudeFt>450</altitudeFt>
                </position>
                <position>
                    <lat>52.2527</lat>
                    <lon>4.7739</lon>
                    <date>2013-07-11T08:03:08+02:00</date>
                    <speedMph>136</speedMph>
                    <altitudeFt>500</altitudeFt>
                </position>
                <position>
                    <lat>52.2506</lat>
                    <lon>4.7736</lon>
                    <date>2013-07-11T08:03:03+02:00</date>
                    <speedMph>132</speedMph>
                    <altitudeFt>550</altitudeFt>
                </position>
                <position>
                    <lat>52.2458</lat>
                    <lon>4.7731</lon>
                    <date>2013-07-11T08:02:58+02:00</date>
                    <speedMph>132</speedMph>
                    <altitudeFt>630</altitudeFt>
                </position>
                <position>
                    <lat>52.2425</lat>
                    <lon>4.7729</lon>
                    <date>2013-07-11T08:02:53+02:00</date>
                    <speedMph>132</speedMph>
                    <altitudeFt>680</altitudeFt>
                </position>
                <position>
                    <lat>52.2416</lat>
                    <lon>4.7727</lon>
                    <date>2013-07-11T08:02:48+02:00</date>
                    <speedMph>132</speedMph>
                    <altitudeFt>700</altitudeFt>
                </position>
                <position>
                    <lat>52.2388</lat>
                    <lon>4.7725</lon>
                    <date>2013-07-11T08:02:43+02:00</date>
                    <speedMph>132</speedMph>
                    <altitudeFt>750</altitudeFt>
                </position>
                <position>
                    <lat>52.2333</lat>
                    <lon>4.772</lon>
                    <date>2013-07-11T08:02:38+02:00</date>
                    <speedMph>144</speedMph>
                    <altitudeFt>850</altitudeFt>
                </position>
                <position>
                    <lat>52.2319</lat>
                    <lon>4.7719</lon>
                    <date>2013-07-11T08:02:33+02:00</date>
                    <speedMph>144</speedMph>
                    <altitudeFt>880</altitudeFt>
                </position>
                <position>
                    <lat>52.2296</lat>
                    <lon>4.7716</lon>
                    <date>2013-07-11T08:02:28+02:00</date>
                    <speedMph>144</speedMph>
                    <altitudeFt>900</altitudeFt>
                </position>
                <position>
                    <lat>52.2264</lat>
                    <lon>4.7713</lon>
                    <date>2013-07-11T08:02:23+02:00</date>
                    <speedMph>148</speedMph>
                    <altitudeFt>980</altitudeFt>
                </position>
                <position>
                    <lat>52.2233</lat>
                    <lon>4.771</lon>
                    <date>2013-07-11T08:02:18+02:00</date>
                    <speedMph>148</speedMph>
                    <altitudeFt>1050</altitudeFt>
                </position>
                <position>
                    <lat>52.2186</lat>
                    <lon>4.7706</lon>
                    <date>2013-07-11T08:02:13+02:00</date>
                    <speedMph>152</speedMph>
                    <altitudeFt>1150</altitudeFt>
                </position>
                <position>
                    <lat>52.214</lat>
                    <lon>4.7702</lon>
                    <date>2013-07-11T08:02:08+02:00</date>
                    <speedMph>156</speedMph>
                    <altitudeFt>1250</altitudeFt>
                </position>
                <position>
                    <lat>52.2101</lat>
                    <lon>4.7697</lon>
                    <date>2013-07-11T08:02:03+02:00</date>
                    <speedMph>160</speedMph>
                    <altitudeFt>1350</altitudeFt>
                </position>
                <position>
                    <lat>52.196</lat>
                    <lon>4.7684</lon>
                    <date>2013-07-11T08:01:58+02:00</date>
                    <speedMph>172</speedMph>
                    <altitudeFt>1600</altitudeFt>
                </position>
                <position>
                    <lat>52.1926</lat>
                    <lon>4.7681</lon>
                    <date>2013-07-11T08:01:53+02:00</date>
                    <speedMph>172</speedMph>
                    <altitudeFt>1680</altitudeFt>
                </position>
                <position>
                    <lat>52.1756</lat>
                    <lon>4.7664</lon>
                    <date>2013-07-11T08:01:38+02:00</date>
                    <speedMph>172</speedMph>
                    <altitudeFt>1980</altitudeFt>
                </position>
                <position>
                    <lat>52.163</lat>
                    <lon>4.7657</lon>
                    <date>2013-07-11T08:01:18+02:00</date>
                    <speedMph>172</speedMph>
                    <altitudeFt>2130</altitudeFt>
                </position>
                <position>
                    <lat>52.1584</lat>
                    <lon>4.7659</lon>
                    <date>2013-07-11T08:01:13+02:00</date>
                    <speedMph>172</speedMph>
                    <altitudeFt>2200</altitudeFt>
                </position>
                <position>
                    <lat>52.1197</lat>
                    <lon>4.7843</lon>
                    <date>2013-07-11T08:01:03+02:00</date>
                    <speedMph>176</speedMph>
                    <altitudeFt>2880</altitudeFt>
                </position>
                <position>
                    <lat>52.1161</lat>
                    <lon>4.7874</lon>
                    <date>2013-07-11T07:59:59+02:00</date>
                    <speedMph>176</speedMph>
                    <altitudeFt>2950</altitudeFt>
                </position>
                <position>
                    <lat>52.1104</lat>
                    <lon>4.7926</lon>
                    <date>2013-07-11T07:59:54+02:00</date>
                    <speedMph>176</speedMph>
                    <altitudeFt>3100</altitudeFt>
                </position>
                <position>
                    <lat>52.1076</lat>
                    <lon>4.795</lon>
                    <date>2013-07-11T07:59:49+02:00</date>
                    <speedMph>176</speedMph>
                    <altitudeFt>3180</altitudeFt>
                </position>
                <position>
                    <lat>52.1052</lat>
                    <lon>4.7969</lon>
                    <date>2013-07-11T07:59:44+02:00</date>
                    <speedMph>176</speedMph>
                    <altitudeFt>3230</altitudeFt>
                </position>
                <position>
                    <lat>52.1016</lat>
                    <lon>4.8</lon>
                    <date>2013-07-11T07:59:39+02:00</date>
                    <speedMph>180</speedMph>
                    <altitudeFt>3250</altitudeFt>
                </position>
                <position>
                    <lat>52.099</lat>
                    <lon>4.8029</lon>
                    <date>2013-07-11T07:59:34+02:00</date>
                    <speedMph>180</speedMph>
                    <altitudeFt>3250</altitudeFt>
                </position>
                <position>
                    <lat>52.0941</lat>
                    <lon>4.81</lon>
                    <date>2013-07-11T07:59:29+02:00</date>
                    <speedMph>184</speedMph>
                    <altitudeFt>3330</altitudeFt>
                </position>
                <position>
                    <lat>52.0918</lat>
                    <lon>4.8145</lon>
                    <date>2013-07-11T07:59:24+02:00</date>
                    <speedMph>188</speedMph>
                    <altitudeFt>3400</altitudeFt>
                </position>
                <position>
                    <lat>52.0905</lat>
                    <lon>4.8183</lon>
                    <date>2013-07-11T07:59:19+02:00</date>
                    <speedMph>188</speedMph>
                    <altitudeFt>3450</altitudeFt>
                </position>
                <position>
                    <lat>52.0893</lat>
                    <lon>4.8235</lon>
                    <date>2013-07-11T07:59:14+02:00</date>
                    <speedMph>192</speedMph>
                    <altitudeFt>3480</altitudeFt>
                </position>
                <position>
                    <lat>52.0878</lat>
                    <lon>4.8362</lon>
                    <date>2013-07-11T07:59:09+02:00</date>
                    <speedMph>192</speedMph>
                    <altitudeFt>3550</altitudeFt>
                </position>
                <position>
                    <lat>52.0873</lat>
                    <lon>4.8419</lon>
                    <date>2013-07-11T07:59:04+02:00</date>
                    <speedMph>188</speedMph>
                    <altitudeFt>3580</altitudeFt>
                </position>
                <position>
                    <lat>52.0849</lat>
                    <lon>4.8731</lon>
                    <date>2013-07-11T07:58:44+02:00</date>
                    <speedMph>196</speedMph>
                    <altitudeFt>3780</altitudeFt>
                </position>
                <position>
                    <lat>52.0849</lat>
                    <lon>4.8746</lon>
                    <date>2013-07-11T07:58:39+02:00</date>
                    <speedMph>196</speedMph>
                    <altitudeFt>3780</altitudeFt>
                </position>
                <position>
                    <lat>52.0854</lat>
                    <lon>4.882</lon>
                    <date>2013-07-11T07:58:34+02:00</date>
                    <speedMph>196</speedMph>
                    <altitudeFt>3830</altitudeFt>
                </position>
                <position>
                    <lat>52.0873</lat>
                    <lon>4.8919</lon>
                    <date>2013-07-11T07:58:29+02:00</date>
                    <speedMph>200</speedMph>
                    <altitudeFt>3880</altitudeFt>
                </position>
                <position>
                    <lat>52.0884</lat>
                    <lon>4.8959</lon>
                    <date>2013-07-11T07:58:24+02:00</date>
                    <speedMph>204</speedMph>
                    <altitudeFt>3900</altitudeFt>
                </position>
                <position>
                    <lat>52.0901</lat>
                    <lon>4.901</lon>
                    <date>2013-07-11T07:58:19+02:00</date>
                    <speedMph>204</speedMph>
                    <altitudeFt>3930</altitudeFt>
                </position>
                <position>
                    <lat>52.0932</lat>
                    <lon>4.9056</lon>
                    <date>2013-07-11T07:58:14+02:00</date>
                    <speedMph>204</speedMph>
                    <altitudeFt>3980</altitudeFt>
                </position>
                <position>
                    <lat>52.0988</lat>
                    <lon>4.9121</lon>
                    <date>2013-07-11T07:58:09+02:00</date>
                    <speedMph>204</speedMph>
                    <altitudeFt>4080</altitudeFt>
                </position>
                <position>
                    <lat>52.1026</lat>
                    <lon>4.9152</lon>
                    <date>2013-07-11T07:58:04+02:00</date>
                    <speedMph>208</speedMph>
                    <altitudeFt>4130</altitudeFt>
                </position>
                <position>
                    <lat>52.1063</lat>
                    <lon>4.917</lon>
                    <date>2013-07-11T07:57:59+02:00</date>
                    <speedMph>212</speedMph>
                    <altitudeFt>4150</altitudeFt>
                </position>
                <position>
                    <lat>52.11</lat>
                    <lon>4.9186</lon>
                    <date>2013-07-11T07:57:54+02:00</date>
                    <speedMph>212</speedMph>
                    <altitudeFt>4180</altitudeFt>
                </position>
                <position>
                    <lat>52.1182</lat>
                    <lon>4.9218</lon>
                    <date>2013-07-11T07:57:49+02:00</date>
                    <speedMph>216</speedMph>
                    <altitudeFt>4250</altitudeFt>
                </position>
                <position>
                    <lat>52.1225</lat>
                    <lon>4.9238</lon>
                    <date>2013-07-11T07:57:44+02:00</date>
                    <speedMph>216</speedMph>
                    <altitudeFt>4280</altitudeFt>
                </position>
                <position>
                    <lat>52.1255</lat>
                    <lon>4.925</lon>
                    <date>2013-07-11T07:57:39+02:00</date>
                    <speedMph>216</speedMph>
                    <altitudeFt>4300</altitudeFt>
                </position>
                <position>
                    <lat>52.1302</lat>
                    <lon>4.9266</lon>
                    <date>2013-07-11T07:57:34+02:00</date>
                    <speedMph>216</speedMph>
                    <altitudeFt>4330</altitudeFt>
                </position>
                <position>
                    <lat>52.14</lat>
                    <lon>4.9307</lon>
                    <date>2013-07-11T07:57:29+02:00</date>
                    <speedMph>220</speedMph>
                    <altitudeFt>4400</altitudeFt>
                </position>
                <position>
                    <lat>52.1416</lat>
                    <lon>4.9316</lon>
                    <date>2013-07-11T07:57:24+02:00</date>
                    <speedMph>220</speedMph>
                    <altitudeFt>4430</altitudeFt>
                </position>
                <position>
                    <lat>52.1452</lat>
                    <lon>4.9332</lon>
                    <date>2013-07-11T07:57:19+02:00</date>
                    <speedMph>220</speedMph>
                    <altitudeFt>4480</altitudeFt>
                </position>
                <position>
                    <lat>52.1494</lat>
                    <lon>4.9349</lon>
                    <date>2013-07-11T07:57:14+02:00</date>
                    <speedMph>216</speedMph>
                    <altitudeFt>4550</altitudeFt>
                </position>
                <position>
                    <lat>52.1589</lat>
                    <lon>4.9391</lon>
                    <date>2013-07-11T07:57:09+02:00</date>
                    <speedMph>220</speedMph>
                    <altitudeFt>4680</altitudeFt>
                </position>
                <position>
                    <lat>52.1608</lat>
                    <lon>4.94</lon>
                    <date>2013-07-11T07:57:04+02:00</date>
                    <speedMph>224</speedMph>
                    <altitudeFt>4700</altitudeFt>
                </position>
                <position>
                    <lat>52.167</lat>
                    <lon>4.9435</lon>
                    <date>2013-07-11T07:56:59+02:00</date>
                    <speedMph>224</speedMph>
                    <altitudeFt>4750</altitudeFt>
                </position>
                <position>
                    <lat>52.1688</lat>
                    <lon>4.945</lon>
                    <date>2013-07-11T07:56:54+02:00</date>
                    <speedMph>224</speedMph>
                    <altitudeFt>4780</altitudeFt>
                </position>
                <position>
                    <lat>52.1763</lat>
                    <lon>4.9513</lon>
                    <date>2013-07-11T07:56:49+02:00</date>
                    <speedMph>228</speedMph>
                    <altitudeFt>4880</altitudeFt>
                </position>
                <position>
                    <lat>52.18</lat>
                    <lon>4.9545</lon>
                    <date>2013-07-11T07:56:44+02:00</date>
                    <speedMph>232</speedMph>
                    <altitudeFt>4900</altitudeFt>
                </position>
                <position>
                    <lat>52.1836</lat>
                    <lon>4.9578</lon>
                    <date>2013-07-11T07:56:39+02:00</date>
                    <speedMph>232</speedMph>
                    <altitudeFt>4950</altitudeFt>
                </position>
                <position>
                    <lat>52.1974</lat>
                    <lon>4.9697</lon>
                    <date>2013-07-11T07:56:29+02:00</date>
                    <speedMph>244</speedMph>
                    <altitudeFt>5050</altitudeFt>
                </position>
                <position>
                    <lat>52.206</lat>
                    <lon>4.9777</lon>
                    <date>2013-07-11T07:56:19+02:00</date>
                    <speedMph>252</speedMph>
                    <altitudeFt>5100</altitudeFt>
                </position>
                <position>
                    <lat>52.2129</lat>
                    <lon>4.9841</lon>
                    <date>2013-07-11T07:56:09+02:00</date>
                    <speedMph>256</speedMph>
                    <altitudeFt>5150</altitudeFt>
                </position>
                <position>
                    <lat>52.2268</lat>
                    <lon>4.9963</lon>
                    <date>2013-07-11T07:55:59+02:00</date>
                    <speedMph>252</speedMph>
                    <altitudeFt>5430</altitudeFt>
                </position>
                <position>
                    <lat>52.2411</lat>
                    <lon>5.0092</lon>
                    <date>2013-07-11T07:55:49+02:00</date>
                    <speedMph>252</speedMph>
                    <altitudeFt>5750</altitudeFt>
                </position>
                <position>
                    <lat>52.245</lat>
                    <lon>5.0129</lon>
                    <date>2013-07-11T07:55:39+02:00</date>
                    <speedMph>252</speedMph>
                    <altitudeFt>5800</altitudeFt>
                </position>
                <position>
                    <lat>52.2527</lat>
                    <lon>5.0204</lon>
                    <date>2013-07-11T07:55:29+02:00</date>
                    <speedMph>252</speedMph>
                    <altitudeFt>5930</altitudeFt>
                </position>
                <position>
                    <lat>52.266</lat>
                    <lon>5.0316</lon>
                    <date>2013-07-11T07:55:19+02:00</date>
                    <speedMph>256</speedMph>
                    <altitudeFt>6100</altitudeFt>
                </position>
                <position>
                    <lat>52.2748</lat>
                    <lon>5.0401</lon>
                    <date>2013-07-11T07:55:09+02:00</date>
                    <speedMph>260</speedMph>
                    <altitudeFt>6230</altitudeFt>
                </position>
                <position>
                    <lat>52.2863</lat>
                    <lon>5.0507</lon>
                    <date>2013-07-11T07:54:59+02:00</date>
                    <speedMph>264</speedMph>
                    <altitudeFt>6380</altitudeFt>
                </position>
                <position>
                    <lat>52.2988</lat>
                    <lon>5.0623</lon>
                    <date>2013-07-11T07:54:49+02:00</date>
                    <speedMph>264</speedMph>
                    <altitudeFt>6580</altitudeFt>
                </position>
                <position>
                    <lat>52.308</lat>
                    <lon>5.07</lon>
                    <date>2013-07-11T07:54:39+02:00</date>
                    <speedMph>264</speedMph>
                    <altitudeFt>6650</altitudeFt>
                </position>
                <position>
                    <lat>52.3168</lat>
                    <lon>5.0787</lon>
                    <date>2013-07-11T07:54:29+02:00</date>
                    <speedMph>264</speedMph>
                    <altitudeFt>6730</altitudeFt>
                </position>
                <position>
                    <lat>52.3289</lat>
                    <lon>5.09</lon>
                    <date>2013-07-11T07:54:19+02:00</date>
                    <speedMph>268</speedMph>
                    <altitudeFt>6830</altitudeFt>
                </position>
                <position>
                    <lat>52.3365</lat>
                    <lon>5.1004</lon>
                    <date>2013-07-11T07:54:09+02:00</date>
                    <speedMph>264</speedMph>
                    <altitudeFt>6900</altitudeFt>
                </position>
                <position>
                    <lat>52.3448</lat>
                    <lon>5.1196</lon>
                    <date>2013-07-11T07:53:59+02:00</date>
                    <speedMph>260</speedMph>
                    <altitudeFt>7000</altitudeFt>
                </position>
                <position>
                    <lat>52.3499</lat>
                    <lon>5.1331</lon>
                    <date>2013-07-11T07:53:49+02:00</date>
                    <speedMph>264</speedMph>
                    <altitudeFt>7080</altitudeFt>
                </position>
                <position>
                    <lat>52.3575</lat>
                    <lon>5.1535</lon>
                    <date>2013-07-11T07:53:39+02:00</date>
                    <speedMph>264</speedMph>
                    <altitudeFt>7180</altitudeFt>
                </position>
                <position>
                    <lat>52.3648</lat>
                    <lon>5.174</lon>
                    <date>2013-07-11T07:53:29+02:00</date>
                    <speedMph>268</speedMph>
                    <altitudeFt>7250</altitudeFt>
                </position>
                <position>
                    <lat>52.3703</lat>
                    <lon>5.1879</lon>
                    <date>2013-07-11T07:53:19+02:00</date>
                    <speedMph>272</speedMph>
                    <altitudeFt>7330</altitudeFt>
                </position>
                <position>
                    <lat>52.3755</lat>
                    <lon>5.2018</lon>
                    <date>2013-07-11T07:53:09+02:00</date>
                    <speedMph>276</speedMph>
                    <altitudeFt>7400</altitudeFt>
                </position>
                <position>
                    <lat>52.3829</lat>
                    <lon>5.2217</lon>
                    <date>2013-07-11T07:52:59+02:00</date>
                    <speedMph>280</speedMph>
                    <altitudeFt>7480</altitudeFt>
                </position>
                <position>
                    <lat>52.3917</lat>
                    <lon>5.2456</lon>
                    <date>2013-07-11T07:52:49+02:00</date>
                    <speedMph>292</speedMph>
                    <altitudeFt>7580</altitudeFt>
                </position>
                <position>
                    <lat>52.3972</lat>
                    <lon>5.2608</lon>
                    <date>2013-07-11T07:52:39+02:00</date>
                    <speedMph>296</speedMph>
                    <altitudeFt>7650</altitudeFt>
                </position>
                <position>
                    <lat>52.4055</lat>
                    <lon>5.2839</lon>
                    <date>2013-07-11T07:52:29+02:00</date>
                    <speedMph>296</speedMph>
                    <altitudeFt>7780</altitudeFt>
                </position>
                <position>
                    <lat>52.411</lat>
                    <lon>5.2974</lon>
                    <date>2013-07-11T07:52:18+02:00</date>
                    <speedMph>296</speedMph>
                    <altitudeFt>7850</altitudeFt>
                </position>
                <position>
                    <lat>52.4193</lat>
                    <lon>5.3206</lon>
                    <date>2013-07-11T07:52:08+02:00</date>
                    <speedMph>300</speedMph>
                    <altitudeFt>8000</altitudeFt>
                </position>
                <position>
                    <lat>52.4253</lat>
                    <lon>5.336</lon>
                    <date>2013-07-11T07:51:58+02:00</date>
                    <speedMph>300</speedMph>
                    <altitudeFt>8100</altitudeFt>
                </position>
                <position>
                    <lat>52.434</lat>
                    <lon>5.3592</lon>
                    <date>2013-07-11T07:51:48+02:00</date>
                    <speedMph>300</speedMph>
                    <altitudeFt>8300</altitudeFt>
                </position>
                <position>
                    <lat>52.4399</lat>
                    <lon>5.3747</lon>
                    <date>2013-07-11T07:51:38+02:00</date>
                    <speedMph>304</speedMph>
                    <altitudeFt>8430</altitudeFt>
                </position>
                <position>
                    <lat>52.4483</lat>
                    <lon>5.3983</lon>
                    <date>2013-07-11T07:51:28+02:00</date>
                    <speedMph>304</speedMph>
                    <altitudeFt>8630</altitudeFt>
                </position>
                <position>
                    <lat>52.4551</lat>
                    <lon>5.4161</lon>
                    <date>2013-07-11T07:51:18+02:00</date>
                    <speedMph>304</speedMph>
                    <altitudeFt>8780</altitudeFt>
                </position>
                <position>
                    <lat>52.4636</lat>
                    <lon>5.4396</lon>
                    <date>2013-07-11T07:51:08+02:00</date>
                    <speedMph>300</speedMph>
                    <altitudeFt>8980</altitudeFt>
                </position>
                <position>
                    <lat>52.4695</lat>
                    <lon>5.4553</lon>
                    <date>2013-07-11T07:50:58+02:00</date>
                    <speedMph>300</speedMph>
                    <altitudeFt>9100</altitudeFt>
                </position>
                <position>
                    <lat>52.4775</lat>
                    <lon>5.4766</lon>
                    <date>2013-07-11T07:50:48+02:00</date>
                    <speedMph>300</speedMph>
                    <altitudeFt>9280</altitudeFt>
                </position>
                <position>
                    <lat>52.4842</lat>
                    <lon>5.494</lon>
                    <date>2013-07-11T07:50:38+02:00</date>
                    <speedMph>300</speedMph>
                    <altitudeFt>9430</altitudeFt>
                </position>
                <position>
                    <lat>52.4922</lat>
                    <lon>5.5155</lon>
                    <date>2013-07-11T07:50:28+02:00</date>
                    <speedMph>304</speedMph>
                    <altitudeFt>9630</altitudeFt>
                </position>
                <position>
                    <lat>52.4984</lat>
                    <lon>5.5334</lon>
                    <date>2013-07-11T07:50:18+02:00</date>
                    <speedMph>304</speedMph>
                    <altitudeFt>9850</altitudeFt>
                </position>
                <position>
                    <lat>52.5074</lat>
                    <lon>5.5569</lon>
                    <date>2013-07-11T07:50:08+02:00</date>
                    <speedMph>304</speedMph>
                    <altitudeFt>10150</altitudeFt>
                </position>
                <position>
                    <lat>52.5358</lat>
                    <lon>5.6101</lon>
                    <date>2013-07-11T07:49:38+02:00</date>
                    <speedMph>308</speedMph>
                    <altitudeFt>10900</altitudeFt>
                </position>
                <position>
                    <lat>52.5686</lat>
                    <lon>5.6651</lon>
                    <date>2013-07-11T07:49:08+02:00</date>
                    <speedMph>328</speedMph>
                    <altitudeFt>11480</altitudeFt>
                </position>
                <position>
                    <lat>52.5993</lat>
                    <lon>5.7171</lon>
                    <date>2013-07-11T07:48:38+02:00</date>
                    <speedMph>328</speedMph>
                    <altitudeFt>12380</altitudeFt>
                </position>
                <position>
                    <lat>52.6315</lat>
                    <lon>5.7714</lon>
                    <date>2013-07-11T07:48:08+02:00</date>
                    <speedMph>328</speedMph>
                    <altitudeFt>13330</altitudeFt>
                </position>
                <position>
                    <lat>52.6673</lat>
                    <lon>5.8297</lon>
                    <date>2013-07-11T07:47:38+02:00</date>
                    <speedMph>340</speedMph>
                    <altitudeFt>14330</altitudeFt>
                </position>
                <position>
                    <lat>52.6932</lat>
                    <lon>5.874</lon>
                    <date>2013-07-11T07:47:08+02:00</date>
                    <speedMph>344</speedMph>
                    <altitudeFt>14930</altitudeFt>
                </position>
                <position>
                    <lat>52.7278</lat>
                    <lon>5.9326</lon>
                    <date>2013-07-11T07:46:38+02:00</date>
                    <speedMph>348</speedMph>
                    <altitudeFt>15700</altitudeFt>
                </position>
                <position>
                    <lat>52.7995</lat>
                    <lon>6.0536</lon>
                    <date>2013-07-11T07:45:38+02:00</date>
                    <speedMph>356</speedMph>
                    <altitudeFt>17400</altitudeFt>
                </position>
                <position>
                    <lat>52.8682</lat>
                    <lon>6.1704</lon>
                    <date>2013-07-11T07:44:38+02:00</date>
                    <speedMph>368</speedMph>
                    <altitudeFt>18930</altitudeFt>
                </position>
                <position>
                    <lat>52.9397</lat>
                    <lon>6.2926</lon>
                    <date>2013-07-11T07:43:38+02:00</date>
                    <speedMph>376</speedMph>
                    <altitudeFt>20580</altitudeFt>
                </position>
                <position>
                    <lat>53.0114</lat>
                    <lon>6.4142</lon>
                    <date>2013-07-11T07:42:38+02:00</date>
                    <speedMph>384</speedMph>
                    <altitudeFt>22100</altitudeFt>
                </position>
                <position>
                    <lat>53.0886</lat>
                    <lon>6.5471</lon>
                    <date>2013-07-11T07:41:38+02:00</date>
                    <speedMph>404</speedMph>
                    <altitudeFt>23550</altitudeFt>
                </position>
                <position>
                    <lat>53.1695</lat>
                    <lon>6.6874</lon>
                    <date>2013-07-11T07:40:38+02:00</date>
                    <speedMph>412</speedMph>
                    <altitudeFt>25230</altitudeFt>
                </position>
                <position>
                    <lat>53.2464</lat>
                    <lon>6.8224</lon>
                    <date>2013-07-11T07:39:38+02:00</date>
                    <speedMph>428</speedMph>
                    <altitudeFt>26880</altitudeFt>
                </position>
                <position>
                    <lat>53.3343</lat>
                    <lon>6.976</lon>
                    <date>2013-07-11T07:38:38+02:00</date>
                    <speedMph>448</speedMph>
                    <altitudeFt>28700</altitudeFt>
                </position>
                <position>
                    <lat>53.4127</lat>
                    <lon>7.1158</lon>
                    <date>2013-07-11T07:37:38+02:00</date>
                    <speedMph>460</speedMph>
                    <altitudeFt>30550</altitudeFt>
                </position>
                <position>
                    <lat>53.5054</lat>
                    <lon>7.2806</lon>
                    <date>2013-07-11T07:36:38+02:00</date>
                    <speedMph>468</speedMph>
                    <altitudeFt>32780</altitudeFt>
                </position>
                <position>
                    <lat>53.5965</lat>
                    <lon>7.4413</lon>
                    <date>2013-07-11T07:35:38+02:00</date>
                    <speedMph>476</speedMph>
                    <altitudeFt>34880</altitudeFt>
                </position>
                <position>
                    <lat>53.6802</lat>
                    <lon>7.5926</lon>
                    <date>2013-07-11T07:34:38+02:00</date>
                    <speedMph>460</speedMph>
                    <altitudeFt>36950</altitudeFt>
                </position>
                <position>
                    <lat>53.7724</lat>
                    <lon>7.7608</lon>
                    <date>2013-07-11T07:33:38+02:00</date>
                    <speedMph>464</speedMph>
                    <altitudeFt>39400</altitudeFt>
                </position>
                <position>
                    <lat>53.8561</lat>
                    <lon>7.9117</lon>
                    <date>2013-07-11T07:32:38+02:00</date>
                    <speedMph>472</speedMph>
                    <altitudeFt>40000</altitudeFt>
                </position>
                <position>
                    <lat>53.9419</lat>
                    <lon>8.0691</lon>
                    <date>2013-07-11T07:31:38+02:00</date>
                    <speedMph>472</speedMph>
                    <altitudeFt>40000</altitudeFt>
                </position>
                <position>
                    <lat>54.0364</lat>
                    <lon>8.2458</lon>
                    <date>2013-07-11T07:30:38+02:00</date>
                    <speedMph>468</speedMph>
                    <altitudeFt>40000</altitudeFt>
                </position>
                <position>
                    <lat>54.1241</lat>
                    <lon>8.4095</lon>
                    <date>2013-07-11T07:29:38+02:00</date>
                    <speedMph>472</speedMph>
                    <altitudeFt>40000</altitudeFt>
                </position>
                <position>
                    <lat>54.2126</lat>
                    <lon>8.5735</lon>
                    <date>2013-07-11T07:28:38+02:00</date>
                    <speedMph>472</speedMph>
                    <altitudeFt>40000</altitudeFt>
                </position>
                <position>
                    <lat>54.3164</lat>
                    <lon>8.7691</lon>
                    <date>2013-07-11T07:27:38+02:00</date>
                    <speedMph>472</speedMph>
                    <altitudeFt>40000</altitudeFt>
                </position>
                <position>
                    <lat>54.3912</lat>
                    <lon>8.9107</lon>
                    <date>2013-07-11T07:26:38+02:00</date>
                    <speedMph>472</speedMph>
                    <altitudeFt>40000</altitudeFt>
                </position>
                <position>
                    <lat>54.479</lat>
                    <lon>9.0808</lon>
                    <date>2013-07-11T07:25:38+02:00</date>
                    <speedMph>472</speedMph>
                    <altitudeFt>40000</altitudeFt>
                </position>
                <position>
                    <lat>54.5623</lat>
                    <lon>9.2408</lon>
                    <date>2013-07-11T07:24:38+02:00</date>
                    <speedMph>472</speedMph>
                    <altitudeFt>40000</altitudeFt>
                </position>
                <position>
                    <lat>54.6509</lat>
                    <lon>9.4133</lon>
                    <date>2013-07-11T07:23:38+02:00</date>
                    <speedMph>476</speedMph>
                    <altitudeFt>40000</altitudeFt>
                </position>
                <position>
                    <lat>54.7383</lat>
                    <lon>9.5835</lon>
                    <date>2013-07-11T07:22:38+02:00</date>
                    <speedMph>476</speedMph>
                    <altitudeFt>40000</altitudeFt>
                </position>
                <position>
                    <lat>54.8195</lat>
                    <lon>9.7428</lon>
                    <date>2013-07-11T07:21:38+02:00</date>
                    <speedMph>476</speedMph>
                    <altitudeFt>40000</altitudeFt>
                </position>
                <position>
                    <lat>54.9046</lat>
                    <lon>9.9125</lon>
                    <date>2013-07-11T07:20:38+02:00</date>
                    <speedMph>476</speedMph>
                    <altitudeFt>40000</altitudeFt>
                </position>
                <position>
                    <lat>54.9972</lat>
                    <lon>10.0968</lon>
                    <date>2013-07-11T07:19:38+02:00</date>
                    <speedMph>476</speedMph>
                    <altitudeFt>40000</altitudeFt>
                </position>
                <position>
                    <lat>55.0808</lat>
                    <lon>10.2644</lon>
                    <date>2013-07-11T07:18:38+02:00</date>
                    <speedMph>476</speedMph>
                    <altitudeFt>40000</altitudeFt>
                </position>
                <position>
                    <lat>55.1672</lat>
                    <lon>10.4378</lon>
                    <date>2013-07-11T07:17:38+02:00</date>
                    <speedMph>472</speedMph>
                    <altitudeFt>40000</altitudeFt>
                </position>
                <position>
                    <lat>55.2528</lat>
                    <lon>10.6145</lon>
                    <date>2013-07-11T07:16:38+02:00</date>
                    <speedMph>472</speedMph>
                    <altitudeFt>40000</altitudeFt>
                </position>
                <position>
                    <lat>55.3448</lat>
                    <lon>10.8035</lon>
                    <date>2013-07-11T07:15:38+02:00</date>
                    <speedMph>472</speedMph>
                    <altitudeFt>40000</altitudeFt>
                </position>
                <position>
                    <lat>55.4254</lat>
                    <lon>10.9698</lon>
                    <date>2013-07-11T07:14:38+02:00</date>
                    <speedMph>472</speedMph>
                    <altitudeFt>40000</altitudeFt>
                </position>
                <position>
                    <lat>55.5036</lat>
                    <lon>11.131</lon>
                    <date>2013-07-11T07:13:38+02:00</date>
                    <speedMph>472</speedMph>
                    <altitudeFt>40000</altitudeFt>
                </position>
                <position>
                    <lat>55.5935</lat>
                    <lon>11.3219</lon>
                    <date>2013-07-11T07:12:38+02:00</date>
                    <speedMph>472</speedMph>
                    <altitudeFt>40000</altitudeFt>
                </position>
                <position>
                    <lat>55.7011</lat>
                    <lon>11.5492</lon>
                    <date>2013-07-11T07:11:38+02:00</date>
                    <speedMph>472</speedMph>
                    <altitudeFt>40000</altitudeFt>
                </position>
                <position>
                    <lat>55.7631</lat>
                    <lon>11.6825</lon>
                    <date>2013-07-11T07:10:34+02:00</date>
                    <speedMph>472</speedMph>
                    <altitudeFt>40000</altitudeFt>
                </position>
                <position>
                    <lat>55.845</lat>
                    <lon>11.858</lon>
                    <date>2013-07-11T07:09:34+02:00</date>
                    <speedMph>472</speedMph>
                    <altitudeFt>40000</altitudeFt>
                </position>
                <position>
                    <lat>55.931</lat>
                    <lon>12.0435</lon>
                    <date>2013-07-11T07:08:34+02:00</date>
                    <speedMph>472</speedMph>
                    <altitudeFt>40000</altitudeFt>
                </position>
                <position>
                    <lat>56.014</lat>
                    <lon>12.2237</lon>
                    <date>2013-07-11T07:07:34+02:00</date>
                    <speedMph>472</speedMph>
                    <altitudeFt>40000</altitudeFt>
                </position>
                <position>
                    <lat>56.0972</lat>
                    <lon>12.4053</lon>
                    <date>2013-07-11T07:06:34+02:00</date>
                    <speedMph>472</speedMph>
                    <altitudeFt>40000</altitudeFt>
                </position>
                <position>
                    <lat>56.1768</lat>
                    <lon>12.5814</lon>
                    <date>2013-07-11T07:05:34+02:00</date>
                    <speedMph>472</speedMph>
                    <altitudeFt>40000</altitudeFt>
                </position>
                <position>
                    <lat>56.2605</lat>
                    <lon>12.7712</lon>
                    <date>2013-07-11T07:04:34+02:00</date>
                    <speedMph>472</speedMph>
                    <altitudeFt>40000</altitudeFt>
                </position>
                <position>
                    <lat>56.3424</lat>
                    <lon>12.9554</lon>
                    <date>2013-07-11T07:03:34+02:00</date>
                    <speedMph>472</speedMph>
                    <altitudeFt>40000</altitudeFt>
                </position>
                <position>
                    <lat>56.4259</lat>
                    <lon>13.1438</lon>
                    <date>2013-07-11T07:02:34+02:00</date>
                    <speedMph>472</speedMph>
                    <altitudeFt>40000</altitudeFt>
                </position>
                <position>
                    <lat>56.5056</lat>
                    <lon>13.3268</lon>
                    <date>2013-07-11T07:01:34+02:00</date>
                    <speedMph>472</speedMph>
                    <altitudeFt>40000</altitudeFt>
                </position>
                <position>
                    <lat>56.587</lat>
                    <lon>13.5136</lon>
                    <date>2013-07-11T07:00:34+02:00</date>
                    <speedMph>476</speedMph>
                    <altitudeFt>40000</altitudeFt>
                </position>
                <position>
                    <lat>56.6684</lat>
                    <lon>13.7014</lon>
                    <date>2013-07-11T06:59:34+02:00</date>
                    <speedMph>476</speedMph>
                    <altitudeFt>40000</altitudeFt>
                </position>
                <position>
                    <lat>56.7443</lat>
                    <lon>13.8805</lon>
                    <date>2013-07-11T06:58:34+02:00</date>
                    <speedMph>472</speedMph>
                    <altitudeFt>40000</altitudeFt>
                </position>
                <position>
                    <lat>56.8285</lat>
                    <lon>14.0786</lon>
                    <date>2013-07-11T06:57:34+02:00</date>
                    <speedMph>472</speedMph>
                    <altitudeFt>40000</altitudeFt>
                </position>
                <position>
                    <lat>56.9142</lat>
                    <lon>14.2813</lon>
                    <date>2013-07-11T06:56:34+02:00</date>
                    <speedMph>472</speedMph>
                    <altitudeFt>40000</altitudeFt>
                </position>
                <position>
                    <lat>56.9869</lat>
                    <lon>14.4566</lon>
                    <date>2013-07-11T06:55:34+02:00</date>
                    <speedMph>476</speedMph>
                    <altitudeFt>40000</altitudeFt>
                </position>
                <position>
                    <lat>57.0679</lat>
                    <lon>14.6521</lon>
                    <date>2013-07-11T06:54:34+02:00</date>
                    <speedMph>476</speedMph>
                    <altitudeFt>40000</altitudeFt>
                </position>
                <position>
                    <lat>57.146</lat>
                    <lon>14.8426</lon>
                    <date>2013-07-11T06:53:34+02:00</date>
                    <speedMph>476</speedMph>
                    <altitudeFt>40000</altitudeFt>
                </position>
                <position>
                    <lat>57.2271</lat>
                    <lon>15.0403</lon>
                    <date>2013-07-11T06:52:34+02:00</date>
                    <speedMph>476</speedMph>
                    <altitudeFt>40000</altitudeFt>
                </position>
                <position>
                    <lat>57.306</lat>
                    <lon>15.2359</lon>
                    <date>2013-07-11T06:51:34+02:00</date>
                    <speedMph>476</speedMph>
                    <altitudeFt>40000</altitudeFt>
                </position>
                <position>
                    <lat>57.3846</lat>
                    <lon>15.432</lon>
                    <date>2013-07-11T06:50:34+02:00</date>
                    <speedMph>476</speedMph>
                    <altitudeFt>40000</altitudeFt>
                </position>
                <position>
                    <lat>57.4583</lat>
                    <lon>15.6157</lon>
                    <date>2013-07-11T06:49:34+02:00</date>
                    <speedMph>476</speedMph>
                    <altitudeFt>40000</altitudeFt>
                </position>
                <position>
                    <lat>57.5349</lat>
                    <lon>15.8095</lon>
                    <date>2013-07-11T06:48:34+02:00</date>
                    <speedMph>476</speedMph>
                    <altitudeFt>40000</altitudeFt>
                </position>
                <position>
                    <lat>57.6172</lat>
                    <lon>16.0209</lon>
                    <date>2013-07-11T06:47:34+02:00</date>
                    <speedMph>476</speedMph>
                    <altitudeFt>40000</altitudeFt>
                </position>
                <position>
                    <lat>57.6973</lat>
                    <lon>16.2263</lon>
                    <date>2013-07-11T06:46:34+02:00</date>
                    <speedMph>476</speedMph>
                    <altitudeFt>40000</altitudeFt>
                </position>
                <position>
                    <lat>57.7675</lat>
                    <lon>16.4095</lon>
                    <date>2013-07-11T06:45:34+02:00</date>
                    <speedMph>476</speedMph>
                    <altitudeFt>40000</altitudeFt>
                </position>
                <position>
                    <lat>57.8507</lat>
                    <lon>16.6263</lon>
                    <date>2013-07-11T06:44:34+02:00</date>
                    <speedMph>472</speedMph>
                    <altitudeFt>40000</altitudeFt>
                </position>
                <position>
                    <lat>57.9254</lat>
                    <lon>16.8236</lon>
                    <date>2013-07-11T06:43:34+02:00</date>
                    <speedMph>472</speedMph>
                    <altitudeFt>40000</altitudeFt>
                </position>
                <position>
                    <lat>57.9978</lat>
                    <lon>17.0186</lon>
                    <date>2013-07-11T06:42:34+02:00</date>
                    <speedMph>472</speedMph>
                    <altitudeFt>40000</altitudeFt>
                </position>
                <position>
                    <lat>58.0735</lat>
                    <lon>17.2204</lon>
                    <date>2013-07-11T06:41:34+02:00</date>
                    <speedMph>472</speedMph>
                    <altitudeFt>40000</altitudeFt>
                </position>
                <position>
                    <lat>58.1485</lat>
                    <lon>17.426</lon>
                    <date>2013-07-11T06:40:34+02:00</date>
                    <speedMph>468</speedMph>
                    <altitudeFt>40000</altitudeFt>
                </position>
                <position>
                    <lat>58.2225</lat>
                    <lon>17.6274</lon>
                    <date>2013-07-11T06:39:34+02:00</date>
                    <speedMph>468</speedMph>
                    <altitudeFt>40000</altitudeFt>
                </position>
                <position>
                    <lat>58.2976</lat>
                    <lon>17.8326</lon>
                    <date>2013-07-11T06:38:34+02:00</date>
                    <speedMph>468</speedMph>
                    <altitudeFt>40000</altitudeFt>
                </position>
                <position>
                    <lat>58.3666</lat>
                    <lon>18.0248</lon>
                    <date>2013-07-11T06:37:34+02:00</date>
                    <speedMph>464</speedMph>
                    <altitudeFt>40000</altitudeFt>
                </position>
                <position>
                    <lat>58.438</lat>
                    <lon>18.2245</lon>
                    <date>2013-07-11T06:36:34+02:00</date>
                    <speedMph>464</speedMph>
                    <altitudeFt>40000</altitudeFt>
                </position>
                <position>
                    <lat>58.5157</lat>
                    <lon>18.446</lon>
                    <date>2013-07-11T06:35:34+02:00</date>
                    <speedMph>468</speedMph>
                    <altitudeFt>40000</altitudeFt>
                </position>
                <position>
                    <lat>58.5878</lat>
                    <lon>18.6516</lon>
                    <date>2013-07-11T06:34:34+02:00</date>
                    <speedMph>468</speedMph>
                    <altitudeFt>40000</altitudeFt>
                </position>
                <position>
                    <lat>58.6546</lat>
                    <lon>18.8404</lon>
                    <date>2013-07-11T06:33:34+02:00</date>
                    <speedMph>468</speedMph>
                    <altitudeFt>40000</altitudeFt>
                </position>
                <position>
                    <lat>58.731</lat>
                    <lon>19.0643</lon>
                    <date>2013-07-11T06:32:34+02:00</date>
                    <speedMph>468</speedMph>
                    <altitudeFt>40000</altitudeFt>
                </position>
                <position>
                    <lat>58.7968</lat>
                    <lon>19.255</lon>
                    <date>2013-07-11T06:31:34+02:00</date>
                    <speedMph>464</speedMph>
                    <altitudeFt>40000</altitudeFt>
                </position>
                <position>
                    <lat>58.8693</lat>
                    <lon>19.4701</lon>
                    <date>2013-07-11T06:30:34+02:00</date>
                    <speedMph>464</speedMph>
                    <altitudeFt>40000</altitudeFt>
                </position>
                <position>
                    <lat>58.9373</lat>
                    <lon>19.6713</lon>
                    <date>2013-07-11T06:29:34+02:00</date>
                    <speedMph>464</speedMph>
                    <altitudeFt>40000</altitudeFt>
                </position>
                <position>
                    <lat>59.0074</lat>
                    <lon>19.8834</lon>
                    <date>2013-07-11T06:28:34+02:00</date>
                    <speedMph>464</speedMph>
                    <altitudeFt>40000</altitudeFt>
                </position>
                <position>
                    <lat>59.0795</lat>
                    <lon>20.0994</lon>
                    <date>2013-07-11T06:27:34+02:00</date>
                    <speedMph>460</speedMph>
                    <altitudeFt>40000</altitudeFt>
                </position>
                <position>
                    <lat>59.1472</lat>
                    <lon>20.3091</lon>
                    <date>2013-07-11T06:26:34+02:00</date>
                    <speedMph>460</speedMph>
                    <altitudeFt>40000</altitudeFt>
                </position>
                <position>
                    <lat>59.2176</lat>
                    <lon>20.5265</lon>
                    <date>2013-07-11T06:25:34+02:00</date>
                    <speedMph>460</speedMph>
                    <altitudeFt>40000</altitudeFt>
                </position>
                <position>
                    <lat>59.2835</lat>
                    <lon>20.7315</lon>
                    <date>2013-07-11T06:24:34+02:00</date>
                    <speedMph>460</speedMph>
                    <altitudeFt>40000</altitudeFt>
                </position>
                <position>
                    <lat>59.3542</lat>
                    <lon>20.9541</lon>
                    <date>2013-07-11T06:23:34+02:00</date>
                    <speedMph>460</speedMph>
                    <altitudeFt>40000</altitudeFt>
                </position>
                <position>
                    <lat>59.422</lat>
                    <lon>21.1672</lon>
                    <date>2013-07-11T06:22:34+02:00</date>
                    <speedMph>460</speedMph>
                    <altitudeFt>40000</altitudeFt>
                </position>
                <position>
                    <lat>59.4885</lat>
                    <lon>21.3806</lon>
                    <date>2013-07-11T06:21:34+02:00</date>
                    <speedMph>460</speedMph>
                    <altitudeFt>39650</altitudeFt>
                </position>
                <position>
                    <lat>59.5505</lat>
                    <lon>21.5803</lon>
                    <date>2013-07-11T06:20:34+02:00</date>
                    <speedMph>460</speedMph>
                    <altitudeFt>39030</altitudeFt>
                </position>
                <position>
                    <lat>59.6143</lat>
                    <lon>21.789</lon>
                    <date>2013-07-11T06:19:34+02:00</date>
                    <speedMph>464</speedMph>
                    <altitudeFt>38080</altitudeFt>
                </position>
                <position>
                    <lat>59.6918</lat>
                    <lon>22.0457</lon>
                    <date>2013-07-11T06:18:34+02:00</date>
                    <speedMph>476</speedMph>
                    <altitudeFt>36480</altitudeFt>
                </position>
                <position>
                    <lat>59.8518</lat>
                    <lon>22.5808</lon>
                    <date>2013-07-11T06:17:34+02:00</date>
                    <speedMph>484</speedMph>
                    <altitudeFt>33080</altitudeFt>
                </position>
                <position>
                    <lat>59.9185</lat>
                    <lon>22.8067</lon>
                    <date>2013-07-11T06:16:18+02:00</date>
                    <speedMph>480</speedMph>
                    <altitudeFt>31580</altitudeFt>
                </position>
                <position>
                    <lat>59.9224</lat>
                    <lon>22.8218</lon>
                    <date>2013-07-11T06:15:04+02:00</date>
                    <speedMph>480</speedMph>
                    <altitudeFt>31500</altitudeFt>
                </position>
                <position>
                    <lat>59.9803</lat>
                    <lon>23.0571</lon>
                    <date>2013-07-11T06:14:04+02:00</date>
                    <speedMph>468</speedMph>
                    <altitudeFt>30200</altitudeFt>
                </position>
                <position>
                    <lat>60.0309</lat>
                    <lon>23.2723</lon>
                    <date>2013-07-11T06:13:04+02:00</date>
                    <speedMph>456</speedMph>
                    <altitudeFt>28900</altitudeFt>
                </position>
                <position>
                    <lat>60.0874</lat>
                    <lon>23.5111</lon>
                    <date>2013-07-11T06:12:04+02:00</date>
                    <speedMph>436</speedMph>
                    <altitudeFt>27430</altitudeFt>
                </position>
                <position>
                    <lat>60.1539</lat>
                    <lon>23.7998</lon>
                    <date>2013-07-11T06:10:39+02:00</date>
                    <speedMph>404</speedMph>
                    <altitudeFt>25400</altitudeFt>
                </position>
                <position>
                    <lat>60.1998</lat>
                    <lon>24.0001</lon>
                    <date>2013-07-11T06:09:39+02:00</date>
                    <speedMph>388</speedMph>
                    <altitudeFt>23430</altitudeFt>
                </position>
                <position>
                    <lat>60.2436</lat>
                    <lon>24.1944</lon>
                    <date>2013-07-11T06:08:39+02:00</date>
                    <speedMph>380</speedMph>
                    <altitudeFt>20850</altitudeFt>
                </position>
                <position>
                    <lat>60.2889</lat>
                    <lon>24.3973</lon>
                    <date>2013-07-11T06:07:39+02:00</date>
                    <speedMph>372</speedMph>
                    <altitudeFt>17750</altitudeFt>
                </position>
                <position>
                    <lat>60.3309</lat>
                    <lon>24.5855</lon>
                    <date>2013-07-11T06:06:39+02:00</date>
                    <speedMph>360</speedMph>
                    <altitudeFt>14680</altitudeFt>
                </position>
                <position>
                    <lat>60.3501</lat>
                    <lon>24.6769</lon>
                    <date>2013-07-11T06:06:09+02:00</date>
                    <speedMph>348</speedMph>
                    <altitudeFt>13250</altitudeFt>
                </position>
                <position>
                    <lat>60.3696</lat>
                    <lon>24.7645</lon>
                    <date>2013-07-11T06:05:38+02:00</date>
                    <speedMph>336</speedMph>
                    <altitudeFt>11750</altitudeFt>
                </position>
                <position>
                    <lat>60.3886</lat>
                    <lon>24.8453</lon>
                    <date>2013-07-11T06:05:08+02:00</date>
                    <speedMph>296</speedMph>
                    <altitudeFt>10880</altitudeFt>
                </position>
                <position>
                    <lat>60.4048</lat>
                    <lon>24.9176</lon>
                    <date>2013-07-11T06:04:38+02:00</date>
                    <speedMph>272</speedMph>
                    <altitudeFt>9530</altitudeFt>
                </position>
                <position>
                    <lat>60.41</lat>
                    <lon>24.9408</lon>
                    <date>2013-07-11T06:04:28+02:00</date>
                    <speedMph>276</speedMph>
                    <altitudeFt>8850</altitudeFt>
                </position>
                <position>
                    <lat>60.4152</lat>
                    <lon>24.9642</lon>
                    <date>2013-07-11T06:04:18+02:00</date>
                    <speedMph>276</speedMph>
                    <altitudeFt>8150</altitudeFt>
                </position>
                <position>
                    <lat>60.4214</lat>
                    <lon>25.0136</lon>
                    <date>2013-07-11T06:04:03+02:00</date>
                    <speedMph>272</speedMph>
                    <altitudeFt>6880</altitudeFt>
                </position>
                <position>
                    <lat>60.4213</lat>
                    <lon>25.0265</lon>
                    <date>2013-07-11T06:03:53+02:00</date>
                    <speedMph>268</speedMph>
                    <altitudeFt>6650</altitudeFt>
                </position>
                <position>
                    <lat>60.4178</lat>
                    <lon>25.0544</lon>
                    <date>2013-07-11T06:03:43+02:00</date>
                    <speedMph>248</speedMph>
                    <altitudeFt>6230</altitudeFt>
                </position>
                <position>
                    <lat>60.4128</lat>
                    <lon>25.0694</lon>
                    <date>2013-07-11T06:03:33+02:00</date>
                    <speedMph>236</speedMph>
                    <altitudeFt>5930</altitudeFt>
                </position>
                <position>
                    <lat>60.3934</lat>
                    <lon>25.0919</lon>
                    <date>2013-07-11T06:03:13+02:00</date>
                    <speedMph>208</speedMph>
                    <altitudeFt>4930</altitudeFt>
                </position>
                <position>
                    <lat>60.3902</lat>
                    <lon>25.0918</lon>
                    <date>2013-07-11T06:03:08+02:00</date>
                    <speedMph>208</speedMph>
                    <altitudeFt>4800</altitudeFt>
                </position>
                <position>
                    <lat>60.3851</lat>
                    <lon>25.0891</lon>
                    <date>2013-07-11T06:03:03+02:00</date>
                    <speedMph>204</speedMph>
                    <altitudeFt>4580</altitudeFt>
                </position>
                <position>
                    <lat>60.3793</lat>
                    <lon>25.0837</lon>
                    <date>2013-07-11T06:02:58+02:00</date>
                    <speedMph>204</speedMph>
                    <altitudeFt>4330</altitudeFt>
                </position>
                <position>
                    <lat>60.3764</lat>
                    <lon>25.0786</lon>
                    <date>2013-07-11T06:02:53+02:00</date>
                    <speedMph>196</speedMph>
                    <altitudeFt>4200</altitudeFt>
                </position>
                <position>
                    <lat>60.3742</lat>
                    <lon>25.0732</lon>
                    <date>2013-07-11T06:02:48+02:00</date>
                    <speedMph>192</speedMph>
                    <altitudeFt>4100</altitudeFt>
                </position>
                <position>
                    <lat>60.3713</lat>
                    <lon>25.0666</lon>
                    <date>2013-07-11T06:02:43+02:00</date>
                    <speedMph>184</speedMph>
                    <altitudeFt>3980</altitudeFt>
                </position>
                <position>
                    <lat>60.3673</lat>
                    <lon>25.0581</lon>
                    <date>2013-07-11T06:02:38+02:00</date>
                    <speedMph>176</speedMph>
                    <altitudeFt>3730</altitudeFt>
                </position>
                <position>
                    <lat>60.3655</lat>
                    <lon>25.0544</lon>
                    <date>2013-07-11T06:02:33+02:00</date>
                    <speedMph>176</speedMph>
                    <altitudeFt>3580</altitudeFt>
                </position>
                <position>
                    <lat>60.3628</lat>
                    <lon>25.0483</lon>
                    <date>2013-07-11T06:02:28+02:00</date>
                    <speedMph>176</speedMph>
                    <altitudeFt>3330</altitudeFt>
                </position>
                <position>
                    <lat>60.3594</lat>
                    <lon>25.0412</lon>
                    <date>2013-07-11T06:02:23+02:00</date>
                    <speedMph>172</speedMph>
                    <altitudeFt>3030</altitudeFt>
                </position>
                <position>
                    <lat>60.3572</lat>
                    <lon>25.0365</lon>
                    <date>2013-07-11T06:02:18+02:00</date>
                    <speedMph>172</speedMph>
                    <altitudeFt>2830</altitudeFt>
                </position>
                <position>
                    <lat>60.3543</lat>
                    <lon>25.0308</lon>
                    <date>2013-07-11T06:02:13+02:00</date>
                    <speedMph>164</speedMph>
                    <altitudeFt>2630</altitudeFt>
                </position>
                <position>
                    <lat>60.3508</lat>
                    <lon>25.023</lon>
                    <date>2013-07-11T06:02:08+02:00</date>
                    <speedMph>160</speedMph>
                    <altitudeFt>2380</altitudeFt>
                </position>
                <position>
                    <lat>60.349</lat>
                    <lon>25.0197</lon>
                    <date>2013-07-11T06:02:03+02:00</date>
                    <speedMph>160</speedMph>
                    <altitudeFt>2230</altitudeFt>
                </position>
                <position>
                    <lat>60.346</lat>
                    <lon>25.0131</lon>
                    <date>2013-07-11T06:01:58+02:00</date>
                    <speedMph>160</speedMph>
                    <altitudeFt>2000</altitudeFt>
                </position>
                <position>
                    <lat>60.3442</lat>
                    <lon>25.0088</lon>
                    <date>2013-07-11T06:01:53+02:00</date>
                    <speedMph>156</speedMph>
                    <altitudeFt>1880</altitudeFt>
                </position>
                <position>
                    <lat>60.3414</lat>
                    <lon>25.0024</lon>
                    <date>2013-07-11T06:01:48+02:00</date>
                    <speedMph>152</speedMph>
                    <altitudeFt>1650</altitudeFt>
                </position>
                <position>
                    <lat>60.3387</lat>
                    <lon>24.9972</lon>
                    <date>2013-07-11T06:01:43+02:00</date>
                    <speedMph>156</speedMph>
                    <altitudeFt>1350</altitudeFt>
                </position>
                <position>
                    <lat>60.3368</lat>
                    <lon>24.9929</lon>
                    <date>2013-07-11T06:01:38+02:00</date>
                    <speedMph>160</speedMph>
                    <altitudeFt>1130</altitudeFt>
                </position>
                <position>
                    <lat>60.3346</lat>
                    <lon>24.9874</lon>
                    <date>2013-07-11T06:01:33+02:00</date>
                    <speedMph>164</speedMph>
                    <altitudeFt>850</altitudeFt>
                </position>
                <position>
                    <lat>60.3314</lat>
                    <lon>24.9804</lon>
                    <date>2013-07-11T06:01:28+02:00</date>
                    <speedMph>160</speedMph>
                    <altitudeFt>580</altitudeFt>
                </position>
                <position>
                    <lat>60.3155</lat>
                    <lon>24.9456</lon>
                    <date>2013-07-11T05:59:38+02:00</date>
                    <speedMph>8</speedMph>
                    <altitudeFt>0</altitudeFt>
                </position>
                <position>
                    <lat>60.3146</lat>
                    <lon>24.9461</lon>
                    <date>2013-07-11T05:59:08+02:00</date>
                    <speedMph>16</speedMph>
                    <altitudeFt>0</altitudeFt>
                </position>
            </positions>
        </flightTrack>
    </flightTracks>
</flightstatslog>
