<?xml version="1.0" encoding="UTF-8" standalone="yes"?>
<flightstatslog>
    <appendix>
        <airports>
            <airport>
                <fs>ZRH</fs>
                <latitude>47.464722</latitude>
                <longitude>8.549167</longitude>
                <city>Zurich</city>
            </airport>
            <airport>
                <fs>HAM</fs>
                <latitude>53.630389</latitude>
                <longitude>9.988228</longitude>
                <city>Hamburg</city>
            </airport>
        </airports>
    </appendix>
    <flightTracks>
        <flightTrack>
            <flightId>3958606</flightId>
            <departureAirportFsCode>ZRH</departureAirportFsCode>
            <arrivalAirportFsCode>HAM</arrivalAirportFsCode>
            <positions>
                <position>
                    <lat>53.6314</lat>
                    <lon>9.9998</lon>
                    <date>2013-07-11T10:28:39+02:00</date>
                    <speedMph>0</speedMph>
                    <altitudeFt>0</altitudeFt>
                </position>
                <position>
                    <lat>53.6306</lat>
                    <lon>10.0005</lon>
                    <date>2013-07-11T10:27:39+02:00</date>
                    <speedMph>12</speedMph>
                    <altitudeFt>0</altitudeFt>
                </position>
                <position>
                    <lat>53.6327</lat>
                    <lon>9.9977</lon>
                    <date>2013-07-11T10:26:54+02:00</date>
                    <speedMph>20</speedMph>
                    <altitudeFt>0</altitudeFt>
                </position>
                <position>
                    <lat>53.6348</lat>
                    <lon>9.9998</lon>
                    <date>2013-07-11T10:25:24+02:00</date>
                    <speedMph>8</speedMph>
                    <altitudeFt>0</altitudeFt>
                </position>
                <position>
                    <lat>53.6349</lat>
                    <lon>9.9992</lon>
                    <date>2013-07-11T10:25:14+02:00</date>
                    <speedMph>16</speedMph>
                    <altitudeFt>0</altitudeFt>
                </position>
                <position>
                    <lat>53.6361</lat>
                    <lon>9.9971</lon>
                    <date>2013-07-11T10:23:34+02:00</date>
                    <speedMph>0</speedMph>
                    <altitudeFt>0</altitudeFt>
                </position>
                <position>
                    <lat>53.6361</lat>
                    <lon>9.9971</lon>
                    <date>2013-07-11T10:23:29+02:00</date>
                    <speedMph>0</speedMph>
                    <altitudeFt>0</altitudeFt>
                </position>
                <position>
                    <lat>53.6361</lat>
                    <lon>9.997</lon>
                    <date>2013-07-11T10:23:24+02:00</date>
                    <speedMph>4</speedMph>
                    <altitudeFt>0</altitudeFt>
                </position>
                <position>
                    <lat>53.6363</lat>
                    <lon>9.9966</lon>
                    <date>2013-07-11T10:23:14+02:00</date>
                    <speedMph>12</speedMph>
                    <altitudeFt>0</altitudeFt>
                </position>
                <position>
                    <lat>53.6365</lat>
                    <lon>9.9962</lon>
                    <date>2013-07-11T10:23:09+02:00</date>
                    <speedMph>16</speedMph>
                    <altitudeFt>0</altitudeFt>
                </position>
                <position>
                    <lat>53.637</lat>
                    <lon>9.995</lon>
                    <date>2013-07-11T10:23:04+02:00</date>
                    <speedMph>20</speedMph>
                    <altitudeFt>0</altitudeFt>
                </position>
                <position>
                    <lat>53.6376</lat>
                    <lon>9.9936</lon>
                    <date>2013-07-11T10:22:49+02:00</date>
                    <speedMph>20</speedMph>
                    <altitudeFt>0</altitudeFt>
                </position>
                <position>
                    <lat>53.6294</lat>
                    <lon>9.9968</lon>
                    <date>2013-07-11T10:21:29+02:00</date>
                    <speedMph>128</speedMph>
                    <altitudeFt>0</altitudeFt>
                </position>
                <position>
                    <lat>53.6278</lat>
                    <lon>9.9982</lon>
                    <date>2013-07-11T10:21:24+02:00</date>
                    <speedMph>128</speedMph>
                    <altitudeFt>0</altitudeFt>
                </position>
                <position>
                    <lat>53.6231</lat>
                    <lon>10.0022</lon>
                    <date>2013-07-11T10:21:14+02:00</date>
                    <speedMph>128</speedMph>
                    <altitudeFt>0</altitudeFt>
                </position>
                <position>
                    <lat>53.618</lat>
                    <lon>10.0067</lon>
                    <date>2013-07-11T10:21:09+02:00</date>
                    <speedMph>128</speedMph>
                    <altitudeFt>50</altitudeFt>
                </position>
                <position>
                    <lat>53.616</lat>
                    <lon>10.0084</lon>
                    <date>2013-07-11T10:20:59+02:00</date>
                    <speedMph>128</speedMph>
                    <altitudeFt>100</altitudeFt>
                </position>
                <position>
                    <lat>53.6129</lat>
                    <lon>10.0111</lon>
                    <date>2013-07-11T10:20:54+02:00</date>
                    <speedMph>132</speedMph>
                    <altitudeFt>150</altitudeFt>
                </position>
                <position>
                    <lat>53.6082</lat>
                    <lon>10.015</lon>
                    <date>2013-07-11T10:20:44+02:00</date>
                    <speedMph>128</speedMph>
                    <altitudeFt>280</altitudeFt>
                </position>
                <position>
                    <lat>53.6052</lat>
                    <lon>10.0176</lon>
                    <date>2013-07-11T10:20:39+02:00</date>
                    <speedMph>128</speedMph>
                    <altitudeFt>350</altitudeFt>
                </position>
                <position>
                    <lat>53.6027</lat>
                    <lon>10.0198</lon>
                    <date>2013-07-11T10:20:34+02:00</date>
                    <speedMph>132</speedMph>
                    <altitudeFt>400</altitudeFt>
                </position>
                <position>
                    <lat>53.5953</lat>
                    <lon>10.0264</lon>
                    <date>2013-07-11T10:20:24+02:00</date>
                    <speedMph>128</speedMph>
                    <altitudeFt>600</altitudeFt>
                </position>
                <position>
                    <lat>53.5879</lat>
                    <lon>10.0327</lon>
                    <date>2013-07-11T10:20:09+02:00</date>
                    <speedMph>128</speedMph>
                    <altitudeFt>780</altitudeFt>
                </position>
                <position>
                    <lat>53.5788</lat>
                    <lon>10.0405</lon>
                    <date>2013-07-11T10:19:54+02:00</date>
                    <speedMph>132</speedMph>
                    <altitudeFt>1030</altitudeFt>
                </position>
                <position>
                    <lat>53.5741</lat>
                    <lon>10.0448</lon>
                    <date>2013-07-11T10:19:49+02:00</date>
                    <speedMph>132</speedMph>
                    <altitudeFt>1130</altitudeFt>
                </position>
                <position>
                    <lat>53.573</lat>
                    <lon>10.0457</lon>
                    <date>2013-07-11T10:19:39+02:00</date>
                    <speedMph>148</speedMph>
                    <altitudeFt>1130</altitudeFt>
                </position>
                <position>
                    <lat>53.5697</lat>
                    <lon>10.0485</lon>
                    <date>2013-07-11T10:19:34+02:00</date>
                    <speedMph>144</speedMph>
                    <altitudeFt>1150</altitudeFt>
                </position>
                <position>
                    <lat>53.5673</lat>
                    <lon>10.0504</lon>
                    <date>2013-07-11T10:19:29+02:00</date>
                    <speedMph>144</speedMph>
                    <altitudeFt>1200</altitudeFt>
                </position>
                <position>
                    <lat>53.5601</lat>
                    <lon>10.0564</lon>
                    <date>2013-07-11T10:19:24+02:00</date>
                    <speedMph>160</speedMph>
                    <altitudeFt>1380</altitudeFt>
                </position>
                <position>
                    <lat>53.5568</lat>
                    <lon>10.0593</lon>
                    <date>2013-07-11T10:19:14+02:00</date>
                    <speedMph>164</speedMph>
                    <altitudeFt>1430</altitudeFt>
                </position>
                <position>
                    <lat>53.5497</lat>
                    <lon>10.0654</lon>
                    <date>2013-07-11T10:19:09+02:00</date>
                    <speedMph>164</speedMph>
                    <altitudeFt>1600</altitudeFt>
                </position>
                <position>
                    <lat>53.5475</lat>
                    <lon>10.0673</lon>
                    <date>2013-07-11T10:18:59+02:00</date>
                    <speedMph>164</speedMph>
                    <altitudeFt>1650</altitudeFt>
                </position>
                <position>
                    <lat>53.5419</lat>
                    <lon>10.0723</lon>
                    <date>2013-07-11T10:18:54+02:00</date>
                    <speedMph>168</speedMph>
                    <altitudeFt>1800</altitudeFt>
                </position>
                <position>
                    <lat>53.531</lat>
                    <lon>10.0818</lon>
                    <date>2013-07-11T10:18:44+02:00</date>
                    <speedMph>164</speedMph>
                    <altitudeFt>2100</altitudeFt>
                </position>
                <position>
                    <lat>53.5235</lat>
                    <lon>10.0882</lon>
                    <date>2013-07-11T10:18:39+02:00</date>
                    <speedMph>160</speedMph>
                    <altitudeFt>2280</altitudeFt>
                </position>
                <position>
                    <lat>53.5199</lat>
                    <lon>10.0911</lon>
                    <date>2013-07-11T10:18:34+02:00</date>
                    <speedMph>160</speedMph>
                    <altitudeFt>2330</altitudeFt>
                </position>
                <position>
                    <lat>53.5103</lat>
                    <lon>10.0995</lon>
                    <date>2013-07-11T10:18:19+02:00</date>
                    <speedMph>168</speedMph>
                    <altitudeFt>2430</altitudeFt>
                </position>
                <position>
                    <lat>53.5007</lat>
                    <lon>10.1079</lon>
                    <date>2013-07-11T10:18:09+02:00</date>
                    <speedMph>164</speedMph>
                    <altitudeFt>2630</altitudeFt>
                </position>
                <position>
                    <lat>53.4913</lat>
                    <lon>10.116</lon>
                    <date>2013-07-11T10:17:59+02:00</date>
                    <speedMph>172</speedMph>
                    <altitudeFt>2800</altitudeFt>
                </position>
                <position>
                    <lat>53.4378</lat>
                    <lon>10.2618</lon>
                    <date>2013-07-11T10:17:29+02:00</date>
                    <speedMph>192</speedMph>
                    <altitudeFt>4000</altitudeFt>
                </position>
                <position>
                    <lat>53.4126</lat>
                    <lon>10.2782</lon>
                    <date>2013-07-11T10:15:42+02:00</date>
                    <speedMph>196</speedMph>
                    <altitudeFt>4730</altitudeFt>
                </position>
                <position>
                    <lat>53.4082</lat>
                    <lon>10.2813</lon>
                    <date>2013-07-11T10:14:56+02:00</date>
                    <speedMph>196</speedMph>
                    <altitudeFt>4830</altitudeFt>
                </position>
                <position>
                    <lat>53.387</lat>
                    <lon>10.2927</lon>
                    <date>2013-07-11T10:14:41+02:00</date>
                    <speedMph>196</speedMph>
                    <altitudeFt>5180</altitudeFt>
                </position>
                <position>
                    <lat>53.3818</lat>
                    <lon>10.2919</lon>
                    <date>2013-07-11T10:14:31+02:00</date>
                    <speedMph>188</speedMph>
                    <altitudeFt>5250</altitudeFt>
                </position>
                <position>
                    <lat>53.3709</lat>
                    <lon>10.2871</lon>
                    <date>2013-07-11T10:14:21+02:00</date>
                    <speedMph>188</speedMph>
                    <altitudeFt>5430</altitudeFt>
                </position>
                <position>
                    <lat>53.3629</lat>
                    <lon>10.2835</lon>
                    <date>2013-07-11T10:14:11+02:00</date>
                    <speedMph>184</speedMph>
                    <altitudeFt>5530</altitudeFt>
                </position>
                <position>
                    <lat>53.3559</lat>
                    <lon>10.2801</lon>
                    <date>2013-07-11T10:14:01+02:00</date>
                    <speedMph>184</speedMph>
                    <altitudeFt>5600</altitudeFt>
                </position>
                <position>
                    <lat>53.3477</lat>
                    <lon>10.2762</lon>
                    <date>2013-07-11T10:13:51+02:00</date>
                    <speedMph>184</speedMph>
                    <altitudeFt>5730</altitudeFt>
                </position>
                <position>
                    <lat>53.339</lat>
                    <lon>10.2719</lon>
                    <date>2013-07-11T10:13:41+02:00</date>
                    <speedMph>184</speedMph>
                    <altitudeFt>5830</altitudeFt>
                </position>
                <position>
                    <lat>53.3312</lat>
                    <lon>10.2681</lon>
                    <date>2013-07-11T10:13:31+02:00</date>
                    <speedMph>184</speedMph>
                    <altitudeFt>5950</altitudeFt>
                </position>
                <position>
                    <lat>53.327</lat>
                    <lon>10.2661</lon>
                    <date>2013-07-11T10:13:21+02:00</date>
                    <speedMph>184</speedMph>
                    <altitudeFt>6000</altitudeFt>
                </position>
                <position>
                    <lat>53.3143</lat>
                    <lon>10.2603</lon>
                    <date>2013-07-11T10:13:11+02:00</date>
                    <speedMph>188</speedMph>
                    <altitudeFt>6180</altitudeFt>
                </position>
                <position>
                    <lat>53.3042</lat>
                    <lon>10.2557</lon>
                    <date>2013-07-11T10:13:01+02:00</date>
                    <speedMph>200</speedMph>
                    <altitudeFt>6300</altitudeFt>
                </position>
                <position>
                    <lat>53.2936</lat>
                    <lon>10.2511</lon>
                    <date>2013-07-11T10:12:51+02:00</date>
                    <speedMph>200</speedMph>
                    <altitudeFt>6450</altitudeFt>
                </position>
                <position>
                    <lat>53.2902</lat>
                    <lon>10.2495</lon>
                    <date>2013-07-11T10:12:41+02:00</date>
                    <speedMph>200</speedMph>
                    <altitudeFt>6480</altitudeFt>
                </position>
                <position>
                    <lat>53.2795</lat>
                    <lon>10.2447</lon>
                    <date>2013-07-11T10:12:31+02:00</date>
                    <speedMph>200</speedMph>
                    <altitudeFt>6650</altitudeFt>
                </position>
                <position>
                    <lat>53.2496</lat>
                    <lon>10.2315</lon>
                    <date>2013-07-11T10:12:16+02:00</date>
                    <speedMph>204</speedMph>
                    <altitudeFt>7330</altitudeFt>
                </position>
                <position>
                    <lat>53.2461</lat>
                    <lon>10.23</lon>
                    <date>2013-07-11T10:12:06+02:00</date>
                    <speedMph>204</speedMph>
                    <altitudeFt>7430</altitudeFt>
                </position>
                <position>
                    <lat>53.2388</lat>
                    <lon>10.2269</lon>
                    <date>2013-07-11T10:11:56+02:00</date>
                    <speedMph>208</speedMph>
                    <altitudeFt>7550</altitudeFt>
                </position>
                <position>
                    <lat>53.2167</lat>
                    <lon>10.2176</lon>
                    <date>2013-07-11T10:11:46+02:00</date>
                    <speedMph>220</speedMph>
                    <altitudeFt>7800</altitudeFt>
                </position>
                <position>
                    <lat>53.1992</lat>
                    <lon>10.2096</lon>
                    <date>2013-07-11T10:11:05+02:00</date>
                    <speedMph>220</speedMph>
                    <altitudeFt>7980</altitudeFt>
                </position>
                <position>
                    <lat>53.1887</lat>
                    <lon>10.2045</lon>
                    <date>2013-07-11T10:10:55+02:00</date>
                    <speedMph>224</speedMph>
                    <altitudeFt>8150</altitudeFt>
                </position>
                <position>
                    <lat>53.1791</lat>
                    <lon>10.1999</lon>
                    <date>2013-07-11T10:10:45+02:00</date>
                    <speedMph>236</speedMph>
                    <altitudeFt>8300</altitudeFt>
                </position>
                <position>
                    <lat>53.1682</lat>
                    <lon>10.1945</lon>
                    <date>2013-07-11T10:10:35+02:00</date>
                    <speedMph>232</speedMph>
                    <altitudeFt>8400</altitudeFt>
                </position>
                <position>
                    <lat>53.1562</lat>
                    <lon>10.1886</lon>
                    <date>2013-07-11T10:10:25+02:00</date>
                    <speedMph>240</speedMph>
                    <altitudeFt>8500</altitudeFt>
                </position>
                <position>
                    <lat>53.1465</lat>
                    <lon>10.1841</lon>
                    <date>2013-07-11T10:10:15+02:00</date>
                    <speedMph>252</speedMph>
                    <altitudeFt>8630</altitudeFt>
                </position>
                <position>
                    <lat>53.1335</lat>
                    <lon>10.1779</lon>
                    <date>2013-07-11T10:10:05+02:00</date>
                    <speedMph>252</speedMph>
                    <altitudeFt>8750</altitudeFt>
                </position>
                <position>
                    <lat>53.1241</lat>
                    <lon>10.1734</lon>
                    <date>2013-07-11T10:09:55+02:00</date>
                    <speedMph>252</speedMph>
                    <altitudeFt>8950</altitudeFt>
                </position>
                <position>
                    <lat>53.1112</lat>
                    <lon>10.1671</lon>
                    <date>2013-07-11T10:09:45+02:00</date>
                    <speedMph>256</speedMph>
                    <altitudeFt>9250</altitudeFt>
                </position>
                <position>
                    <lat>53.1003</lat>
                    <lon>10.1616</lon>
                    <date>2013-07-11T10:09:35+02:00</date>
                    <speedMph>256</speedMph>
                    <altitudeFt>9530</altitudeFt>
                </position>
                <position>
                    <lat>53.0947</lat>
                    <lon>10.1589</lon>
                    <date>2013-07-11T10:09:25+02:00</date>
                    <speedMph>256</speedMph>
                    <altitudeFt>9630</altitudeFt>
                </position>
                <position>
                    <lat>53.077</lat>
                    <lon>10.1502</lon>
                    <date>2013-07-11T10:09:15+02:00</date>
                    <speedMph>272</speedMph>
                    <altitudeFt>9950</altitudeFt>
                </position>
                <position>
                    <lat>53.0443</lat>
                    <lon>10.134</lon>
                    <date>2013-07-11T10:08:50+02:00</date>
                    <speedMph>288</speedMph>
                    <altitudeFt>10280</altitudeFt>
                </position>
                <position>
                    <lat>52.9891</lat>
                    <lon>10.1061</lon>
                    <date>2013-07-11T10:08:20+02:00</date>
                    <speedMph>308</speedMph>
                    <altitudeFt>11300</altitudeFt>
                </position>
                <position>
                    <lat>52.9652</lat>
                    <lon>10.0945</lon>
                    <date>2013-07-11T10:07:50+02:00</date>
                    <speedMph>316</speedMph>
                    <altitudeFt>11730</altitudeFt>
                </position>
                <position>
                    <lat>52.9272</lat>
                    <lon>10.076</lon>
                    <date>2013-07-11T10:07:20+02:00</date>
                    <speedMph>328</speedMph>
                    <altitudeFt>12480</altitudeFt>
                </position>
                <position>
                    <lat>52.8772</lat>
                    <lon>10.0517</lon>
                    <date>2013-07-11T10:06:50+02:00</date>
                    <speedMph>328</speedMph>
                    <altitudeFt>13850</altitudeFt>
                </position>
                <position>
                    <lat>52.8392</lat>
                    <lon>10.0335</lon>
                    <date>2013-07-11T10:06:20+02:00</date>
                    <speedMph>332</speedMph>
                    <altitudeFt>14950</altitudeFt>
                </position>
                <position>
                    <lat>52.7604</lat>
                    <lon>10.0063</lon>
                    <date>2013-07-11T10:05:30+02:00</date>
                    <speedMph>336</speedMph>
                    <altitudeFt>17030</altitudeFt>
                </position>
                <position>
                    <lat>52.6637</lat>
                    <lon>9.9866</lon>
                    <date>2013-07-11T10:04:30+02:00</date>
                    <speedMph>344</speedMph>
                    <altitudeFt>19580</altitudeFt>
                </position>
                <position>
                    <lat>52.5806</lat>
                    <lon>9.9697</lon>
                    <date>2013-07-11T10:03:30+02:00</date>
                    <speedMph>328</speedMph>
                    <altitudeFt>22630</altitudeFt>
                </position>
                <position>
                    <lat>52.4831</lat>
                    <lon>9.95</lon>
                    <date>2013-07-11T10:02:30+02:00</date>
                    <speedMph>340</speedMph>
                    <altitudeFt>24930</altitudeFt>
                </position>
                <position>
                    <lat>52.3894</lat>
                    <lon>9.9313</lon>
                    <date>2013-07-11T10:01:30+02:00</date>
                    <speedMph>344</speedMph>
                    <altitudeFt>25600</altitudeFt>
                </position>
                <position>
                    <lat>52.2778</lat>
                    <lon>9.9089</lon>
                    <date>2013-07-11T10:00:30+02:00</date>
                    <speedMph>356</speedMph>
                    <altitudeFt>27580</altitudeFt>
                </position>
                <position>
                    <lat>52.205</lat>
                    <lon>9.8944</lon>
                    <date>2013-07-11T09:59:30+02:00</date>
                    <speedMph>368</speedMph>
                    <altitudeFt>29380</altitudeFt>
                </position>
                <position>
                    <lat>52.0993</lat>
                    <lon>9.8735</lon>
                    <date>2013-07-11T09:58:30+02:00</date>
                    <speedMph>384</speedMph>
                    <altitudeFt>31780</altitudeFt>
                </position>
                <position>
                    <lat>51.9904</lat>
                    <lon>9.8521</lon>
                    <date>2013-07-11T09:57:30+02:00</date>
                    <speedMph>388</speedMph>
                    <altitudeFt>34780</altitudeFt>
                </position>
                <position>
                    <lat>51.8854</lat>
                    <lon>9.8315</lon>
                    <date>2013-07-11T09:56:30+02:00</date>
                    <speedMph>384</speedMph>
                    <altitudeFt>36030</altitudeFt>
                </position>
                <position>
                    <lat>51.7789</lat>
                    <lon>9.8105</lon>
                    <date>2013-07-11T09:55:30+02:00</date>
                    <speedMph>404</speedMph>
                    <altitudeFt>37630</altitudeFt>
                </position>
                <position>
                    <lat>51.6666</lat>
                    <lon>9.7885</lon>
                    <date>2013-07-11T09:54:30+02:00</date>
                    <speedMph>408</speedMph>
                    <altitudeFt>38000</altitudeFt>
                </position>
                <position>
                    <lat>51.5552</lat>
                    <lon>9.767</lon>
                    <date>2013-07-11T09:53:30+02:00</date>
                    <speedMph>408</speedMph>
                    <altitudeFt>37980</altitudeFt>
                </position>
                <position>
                    <lat>51.4448</lat>
                    <lon>9.7456</lon>
                    <date>2013-07-11T09:52:30+02:00</date>
                    <speedMph>408</speedMph>
                    <altitudeFt>37980</altitudeFt>
                </position>
                <position>
                    <lat>51.3284</lat>
                    <lon>9.7233</lon>
                    <date>2013-07-11T09:51:30+02:00</date>
                    <speedMph>408</speedMph>
                    <altitudeFt>38000</altitudeFt>
                </position>
                <position>
                    <lat>51.2135</lat>
                    <lon>9.7014</lon>
                    <date>2013-07-11T09:50:30+02:00</date>
                    <speedMph>408</speedMph>
                    <altitudeFt>38000</altitudeFt>
                </position>
                <position>
                    <lat>51.1093</lat>
                    <lon>9.6815</lon>
                    <date>2013-07-11T09:49:30+02:00</date>
                    <speedMph>408</speedMph>
                    <altitudeFt>38000</altitudeFt>
                </position>
                <position>
                    <lat>50.9948</lat>
                    <lon>9.66</lon>
                    <date>2013-07-11T09:48:30+02:00</date>
                    <speedMph>408</speedMph>
                    <altitudeFt>38000</altitudeFt>
                </position>
                <position>
                    <lat>50.8793</lat>
                    <lon>9.6381</lon>
                    <date>2013-07-11T09:47:30+02:00</date>
                    <speedMph>412</speedMph>
                    <altitudeFt>37980</altitudeFt>
                </position>
                <position>
                    <lat>50.7684</lat>
                    <lon>9.6175</lon>
                    <date>2013-07-11T09:46:30+02:00</date>
                    <speedMph>408</speedMph>
                    <altitudeFt>37980</altitudeFt>
                </position>
                <position>
                    <lat>50.5981</lat>
                    <lon>9.5859</lon>
                    <date>2013-07-11T09:45:30+02:00</date>
                    <speedMph>412</speedMph>
                    <altitudeFt>38050</altitudeFt>
                </position>
                <position>
                    <lat>50.5056</lat>
                    <lon>9.5688</lon>
                    <date>2013-07-11T09:44:12+02:00</date>
                    <speedMph>412</speedMph>
                    <altitudeFt>38030</altitudeFt>
                </position>
                <position>
                    <lat>50.3887</lat>
                    <lon>9.547</lon>
                    <date>2013-07-11T09:43:12+02:00</date>
                    <speedMph>412</speedMph>
                    <altitudeFt>37950</altitudeFt>
                </position>
                <position>
                    <lat>50.2773</lat>
                    <lon>9.5265</lon>
                    <date>2013-07-11T09:42:12+02:00</date>
                    <speedMph>408</speedMph>
                    <altitudeFt>38000</altitudeFt>
                </position>
                <position>
                    <lat>50.1692</lat>
                    <lon>9.5069</lon>
                    <date>2013-07-11T09:41:12+02:00</date>
                    <speedMph>408</speedMph>
                    <altitudeFt>38000</altitudeFt>
                </position>
                <position>
                    <lat>50.055</lat>
                    <lon>9.486</lon>
                    <date>2013-07-11T09:40:12+02:00</date>
                    <speedMph>412</speedMph>
                    <altitudeFt>38000</altitudeFt>
                </position>
                <position>
                    <lat>49.9398</lat>
                    <lon>9.4661</lon>
                    <date>2013-07-11T09:39:12+02:00</date>
                    <speedMph>412</speedMph>
                    <altitudeFt>38000</altitudeFt>
                </position>
                <position>
                    <lat>49.8269</lat>
                    <lon>9.448</lon>
                    <date>2013-07-11T09:38:12+02:00</date>
                    <speedMph>416</speedMph>
                    <altitudeFt>38030</altitudeFt>
                </position>
                <position>
                    <lat>49.7085</lat>
                    <lon>9.4292</lon>
                    <date>2013-07-11T09:37:12+02:00</date>
                    <speedMph>416</speedMph>
                    <altitudeFt>38000</altitudeFt>
                </position>
                <position>
                    <lat>49.5995</lat>
                    <lon>9.4131</lon>
                    <date>2013-07-11T09:36:12+02:00</date>
                    <speedMph>412</speedMph>
                    <altitudeFt>37980</altitudeFt>
                </position>
                <position>
                    <lat>49.4831</lat>
                    <lon>9.4032</lon>
                    <date>2013-07-11T09:35:12+02:00</date>
                    <speedMph>412</speedMph>
                    <altitudeFt>37980</altitudeFt>
                </position>
                <position>
                    <lat>49.3703</lat>
                    <lon>9.3935</lon>
                    <date>2013-07-11T09:34:12+02:00</date>
                    <speedMph>412</speedMph>
                    <altitudeFt>37950</altitudeFt>
                </position>
                <position>
                    <lat>49.2491</lat>
                    <lon>9.3832</lon>
                    <date>2013-07-11T09:33:12+02:00</date>
                    <speedMph>416</speedMph>
                    <altitudeFt>37980</altitudeFt>
                </position>
                <position>
                    <lat>49.14</lat>
                    <lon>9.3739</lon>
                    <date>2013-07-11T09:32:12+02:00</date>
                    <speedMph>420</speedMph>
                    <altitudeFt>38000</altitudeFt>
                </position>
                <position>
                    <lat>49.0205</lat>
                    <lon>9.3641</lon>
                    <date>2013-07-11T09:31:12+02:00</date>
                    <speedMph>420</speedMph>
                    <altitudeFt>38000</altitudeFt>
                </position>
                <position>
                    <lat>48.8962</lat>
                    <lon>9.3535</lon>
                    <date>2013-07-11T09:30:12+02:00</date>
                    <speedMph>420</speedMph>
                    <altitudeFt>37850</altitudeFt>
                </position>
                <position>
                    <lat>48.7837</lat>
                    <lon>9.3439</lon>
                    <date>2013-07-11T09:29:12+02:00</date>
                    <speedMph>416</speedMph>
                    <altitudeFt>37130</altitudeFt>
                </position>
                <position>
                    <lat>48.672</lat>
                    <lon>9.3348</lon>
                    <date>2013-07-11T09:28:12+02:00</date>
                    <speedMph>404</speedMph>
                    <altitudeFt>36630</altitudeFt>
                </position>
                <position>
                    <lat>48.5591</lat>
                    <lon>9.3254</lon>
                    <date>2013-07-11T09:27:12+02:00</date>
                    <speedMph>400</speedMph>
                    <altitudeFt>35650</altitudeFt>
                </position>
                <position>
                    <lat>48.4454</lat>
                    <lon>9.316</lon>
                    <date>2013-07-11T09:26:12+02:00</date>
                    <speedMph>416</speedMph>
                    <altitudeFt>34080</altitudeFt>
                </position>
                <position>
                    <lat>48.3315</lat>
                    <lon>9.3066</lon>
                    <date>2013-07-11T09:25:12+02:00</date>
                    <speedMph>420</speedMph>
                    <altitudeFt>32580</altitudeFt>
                </position>
                <position>
                    <lat>48.2128</lat>
                    <lon>9.2968</lon>
                    <date>2013-07-11T09:24:12+02:00</date>
                    <speedMph>420</speedMph>
                    <altitudeFt>30950</altitudeFt>
                </position>
                <position>
                    <lat>48.0964</lat>
                    <lon>9.2872</lon>
                    <date>2013-07-11T09:23:12+02:00</date>
                    <speedMph>416</speedMph>
                    <altitudeFt>29530</altitudeFt>
                </position>
                <position>
                    <lat>47.9809</lat>
                    <lon>9.2549</lon>
                    <date>2013-07-11T09:22:12+02:00</date>
                    <speedMph>412</speedMph>
                    <altitudeFt>27730</altitudeFt>
                </position>
                <position>
                    <lat>47.8867</lat>
                    <lon>9.1539</lon>
                    <date>2013-07-11T09:21:12+02:00</date>
                    <speedMph>416</speedMph>
                    <altitudeFt>25800</altitudeFt>
                </position>
                <position>
                    <lat>47.7925</lat>
                    <lon>9.0515</lon>
                    <date>2013-07-11T09:20:12+02:00</date>
                    <speedMph>416</speedMph>
                    <altitudeFt>23680</altitudeFt>
                </position>
                <position>
                    <lat>47.7017</lat>
                    <lon>8.9529</lon>
                    <date>2013-07-11T09:19:12+02:00</date>
                    <speedMph>388</speedMph>
                    <altitudeFt>22030</altitudeFt>
                </position>
                <position>
                    <lat>47.6137</lat>
                    <lon>8.8581</lon>
                    <date>2013-07-11T09:18:12+02:00</date>
                    <speedMph>380</speedMph>
                    <altitudeFt>19600</altitudeFt>
                </position>
                <position>
                    <lat>47.5297</lat>
                    <lon>8.7675</lon>
                    <date>2013-07-11T09:17:12+02:00</date>
                    <speedMph>360</speedMph>
                    <altitudeFt>17300</altitudeFt>
                </position>
                <position>
                    <lat>47.4519</lat>
                    <lon>8.648</lon>
                    <date>2013-07-11T09:16:12+02:00</date>
                    <speedMph>352</speedMph>
                    <altitudeFt>14080</altitudeFt>
                </position>
                <position>
                    <lat>47.4287</lat>
                    <lon>8.594</lon>
                    <date>2013-07-11T09:15:42+02:00</date>
                    <speedMph>316</speedMph>
                    <altitudeFt>11900</altitudeFt>
                </position>
                <position>
                    <lat>47.4008</lat>
                    <lon>8.5261</lon>
                    <date>2013-07-11T09:14:59+02:00</date>
                    <speedMph>304</speedMph>
                    <altitudeFt>11700</altitudeFt>
                </position>
                <position>
                    <lat>47.379</lat>
                    <lon>8.475</lon>
                    <date>2013-07-11T09:14:29+02:00</date>
                    <speedMph>264</speedMph>
                    <altitudeFt>11000</altitudeFt>
                </position>
                <position>
                    <lat>47.3709</lat>
                    <lon>8.4256</lon>
                    <date>2013-07-11T09:13:59+02:00</date>
                    <speedMph>244</speedMph>
                    <altitudeFt>9930</altitudeFt>
                </position>
                <position>
                    <lat>47.3742</lat>
                    <lon>8.4119</lon>
                    <date>2013-07-11T09:13:49+02:00</date>
                    <speedMph>248</speedMph>
                    <altitudeFt>9480</altitudeFt>
                </position>
                <position>
                    <lat>47.3818</lat>
                    <lon>8.3976</lon>
                    <date>2013-07-11T09:13:39+02:00</date>
                    <speedMph>240</speedMph>
                    <altitudeFt>8930</altitudeFt>
                </position>
                <position>
                    <lat>47.4022</lat>
                    <lon>8.3855</lon>
                    <date>2013-07-11T09:13:19+02:00</date>
                    <speedMph>244</speedMph>
                    <altitudeFt>7900</altitudeFt>
                </position>
                <position>
                    <lat>47.4137</lat>
                    <lon>8.3878</lon>
                    <date>2013-07-11T09:13:09+02:00</date>
                    <speedMph>232</speedMph>
                    <altitudeFt>7380</altitudeFt>
                </position>
                <position>
                    <lat>47.4235</lat>
                    <lon>8.3954</lon>
                    <date>2013-07-11T09:12:59+02:00</date>
                    <speedMph>228</speedMph>
                    <altitudeFt>6900</altitudeFt>
                </position>
                <position>
                    <lat>47.4312</lat>
                    <lon>8.4085</lon>
                    <date>2013-07-11T09:12:49+02:00</date>
                    <speedMph>232</speedMph>
                    <altitudeFt>6300</altitudeFt>
                </position>
                <position>
                    <lat>47.4352</lat>
                    <lon>8.4207</lon>
                    <date>2013-07-11T09:12:39+02:00</date>
                    <speedMph>232</speedMph>
                    <altitudeFt>5650</altitudeFt>
                </position>
                <position>
                    <lat>47.4415</lat>
                    <lon>8.4363</lon>
                    <date>2013-07-11T09:12:29+02:00</date>
                    <speedMph>240</speedMph>
                    <altitudeFt>4900</altitudeFt>
                </position>
                <position>
                    <lat>47.4446</lat>
                    <lon>8.4412</lon>
                    <date>2013-07-11T09:12:24+02:00</date>
                    <speedMph>236</speedMph>
                    <altitudeFt>4680</altitudeFt>
                </position>
                <position>
                    <lat>47.4482</lat>
                    <lon>8.446</lon>
                    <date>2013-07-11T09:12:14+02:00</date>
                    <speedMph>228</speedMph>
                    <altitudeFt>4400</altitudeFt>
                </position>
                <position>
                    <lat>47.4619</lat>
                    <lon>8.4983</lon>
                    <date>2013-07-11T09:11:54+02:00</date>
                    <speedMph>172</speedMph>
                    <altitudeFt>3400</altitudeFt>
                </position>
                <position>
                    <lat>47.4555</lat>
                    <lon>8.5584</lon>
                    <date>2013-07-11T09:04:55+02:00</date>
                    <speedMph>0</speedMph>
                    <altitudeFt>0</altitudeFt>
                </position>
                <position>
                    <lat>47.4554</lat>
                    <lon>8.5584</lon>
                    <date>2013-07-11T09:04:40+02:00</date>
                    <speedMph>0</speedMph>
                    <altitudeFt>0</altitudeFt>
                </position>
                <position>
                    <lat>47.4552</lat>
                    <lon>8.5583</lon>
                    <date>2013-07-11T09:04:35+02:00</date>
                    <speedMph>0</speedMph>
                    <altitudeFt>0</altitudeFt>
                </position>
                <position>
                    <lat>47.4551</lat>
                    <lon>8.5581</lon>
                    <date>2013-07-11T09:04:25+02:00</date>
                    <speedMph>0</speedMph>
                    <altitudeFt>0</altitudeFt>
                </position>
                <position>
                    <lat>47.455</lat>
                    <lon>8.5578</lon>
                    <date>2013-07-11T09:04:15+02:00</date>
                    <speedMph>0</speedMph>
                    <altitudeFt>0</altitudeFt>
                </position>
                <position>
                    <lat>47.4549</lat>
                    <lon>8.5576</lon>
                    <date>2013-07-11T09:04:00+02:00</date>
                    <speedMph>0</speedMph>
                    <altitudeFt>0</altitudeFt>
                </position>
            </positions>
        </flightTrack>
    </flightTracks>
</flightstatslog>
