<?xml version="1.0" encoding="UTF-8" standalone="yes"?>
<flightstatslog>
    <appendix>
        <airports>
            <airport>
                <fs>LHR</fs>
                <latitude>51.4775</latitude>
                <longitude>-0.461389</longitude>
                <city>London</city>
            </airport>
            <airport>
                <fs>SOF</fs>
                <latitude>42.695194</latitude>
                <longitude>23.406167</longitude>
                <city>Sofia</city>
            </airport>
        </airports>
    </appendix>
    <flightTracks>
        <flightTrack>
            <flightId>4217414</flightId>
            <departureAirportFsCode>LHR</departureAirportFsCode>
            <arrivalAirportFsCode>SOF</arrivalAirportFsCode>
            <positions>
                <position>
                    <lat>42.6903</lat>
                    <lon>23.415</lon>
                    <date>2013-07-11T12:31:08+02:00</date>
                    <speedMph>0</speedMph>
                    <altitudeFt>0</altitudeFt>
                </position>
                <position>
                    <lat>42.6903</lat>
                    <lon>23.415</lon>
                    <date>2013-07-11T12:31:03+02:00</date>
                    <speedMph>0</speedMph>
                    <altitudeFt>0</altitudeFt>
                </position>
                <position>
                    <lat>42.6907</lat>
                    <lon>23.5102</lon>
                    <date>2013-07-11T12:29:54+02:00</date>
                    <speedMph>140</speedMph>
                    <altitudeFt>1780</altitudeFt>
                </position>
                <position>
                    <lat>42.6912</lat>
                    <lon>23.5125</lon>
                    <date>2013-07-11T12:29:34+02:00</date>
                    <speedMph>140</speedMph>
                    <altitudeFt>1780</altitudeFt>
                </position>
                <position>
                    <lat>42.6918</lat>
                    <lon>23.5132</lon>
                    <date>2013-07-11T12:29:09+02:00</date>
                    <speedMph>140</speedMph>
                    <altitudeFt>1780</altitudeFt>
                </position>
                <position>
                    <lat>42.6923</lat>
                    <lon>23.5179</lon>
                    <date>2013-07-11T12:28:49+02:00</date>
                    <speedMph>140</speedMph>
                    <altitudeFt>1780</altitudeFt>
                </position>
                <position>
                    <lat>42.6933</lat>
                    <lon>23.519</lon>
                    <date>2013-07-11T12:28:29+02:00</date>
                    <speedMph>140</speedMph>
                    <altitudeFt>1780</altitudeFt>
                </position>
                <position>
                    <lat>42.6939</lat>
                    <lon>23.5168</lon>
                    <date>2013-07-11T12:28:19+02:00</date>
                    <speedMph>140</speedMph>
                    <altitudeFt>1780</altitudeFt>
                </position>
                <position>
                    <lat>42.694</lat>
                    <lon>23.5209</lon>
                    <date>2013-07-11T12:27:59+02:00</date>
                    <speedMph>140</speedMph>
                    <altitudeFt>1780</altitudeFt>
                </position>
                <position>
                    <lat>42.6942</lat>
                    <lon>23.5225</lon>
                    <date>2013-07-11T12:27:39+02:00</date>
                    <speedMph>140</speedMph>
                    <altitudeFt>1780</altitudeFt>
                </position>
                <position>
                    <lat>42.6947</lat>
                    <lon>23.5225</lon>
                    <date>2013-07-11T12:27:29+02:00</date>
                    <speedMph>140</speedMph>
                    <altitudeFt>1780</altitudeFt>
                </position>
                <position>
                    <lat>42.6956</lat>
                    <lon>23.5208</lon>
                    <date>2013-07-11T12:27:19+02:00</date>
                    <speedMph>140</speedMph>
                    <altitudeFt>1780</altitudeFt>
                </position>
                <position>
                    <lat>42.6959</lat>
                    <lon>23.5195</lon>
                    <date>2013-07-11T12:27:09+02:00</date>
                    <speedMph>140</speedMph>
                    <altitudeFt>1780</altitudeFt>
                </position>
                <position>
                    <lat>42.6961</lat>
                    <lon>23.518</lon>
                    <date>2013-07-11T12:26:59+02:00</date>
                    <speedMph>140</speedMph>
                    <altitudeFt>1780</altitudeFt>
                </position>
                <position>
                    <lat>42.6963</lat>
                    <lon>23.5149</lon>
                    <date>2013-07-11T12:26:54+02:00</date>
                    <speedMph>140</speedMph>
                    <altitudeFt>1780</altitudeFt>
                </position>
                <position>
                    <lat>42.6964</lat>
                    <lon>23.5121</lon>
                    <date>2013-07-11T12:26:49+02:00</date>
                    <speedMph>140</speedMph>
                    <altitudeFt>1780</altitudeFt>
                </position>
                <position>
                    <lat>42.6965</lat>
                    <lon>23.5074</lon>
                    <date>2013-07-11T12:26:44+02:00</date>
                    <speedMph>140</speedMph>
                    <altitudeFt>1780</altitudeFt>
                </position>
                <position>
                    <lat>42.6968</lat>
                    <lon>23.5034</lon>
                    <date>2013-07-11T12:26:39+02:00</date>
                    <speedMph>140</speedMph>
                    <altitudeFt>1730</altitudeFt>
                </position>
                <position>
                    <lat>42.6971</lat>
                    <lon>23.4066</lon>
                    <date>2013-07-11T12:26:34+02:00</date>
                    <speedMph>140</speedMph>
                    <altitudeFt>1730</altitudeFt>
                </position>
                <position>
                    <lat>42.6972</lat>
                    <lon>23.405</lon>
                    <date>2013-07-11T12:26:29+02:00</date>
                    <speedMph>140</speedMph>
                    <altitudeFt>1750</altitudeFt>
                </position>
                <position>
                    <lat>42.6974</lat>
                    <lon>23.4006</lon>
                    <date>2013-07-11T12:26:19+02:00</date>
                    <speedMph>140</speedMph>
                    <altitudeFt>1800</altitudeFt>
                </position>
                <position>
                    <lat>42.6981</lat>
                    <lon>23.3899</lon>
                    <date>2013-07-11T12:26:14+02:00</date>
                    <speedMph>140</speedMph>
                    <altitudeFt>1930</altitudeFt>
                </position>
                <position>
                    <lat>42.6982</lat>
                    <lon>23.3874</lon>
                    <date>2013-07-11T12:26:09+02:00</date>
                    <speedMph>144</speedMph>
                    <altitudeFt>1980</altitudeFt>
                </position>
                <position>
                    <lat>42.6985</lat>
                    <lon>23.3825</lon>
                    <date>2013-07-11T12:26:04+02:00</date>
                    <speedMph>144</speedMph>
                    <altitudeFt>2050</altitudeFt>
                </position>
                <position>
                    <lat>42.6992</lat>
                    <lon>23.3715</lon>
                    <date>2013-07-11T12:25:54+02:00</date>
                    <speedMph>144</speedMph>
                    <altitudeFt>2180</altitudeFt>
                </position>
                <position>
                    <lat>42.6993</lat>
                    <lon>23.3689</lon>
                    <date>2013-07-11T12:25:49+02:00</date>
                    <speedMph>140</speedMph>
                    <altitudeFt>2230</altitudeFt>
                </position>
                <position>
                    <lat>42.6996</lat>
                    <lon>23.3647</lon>
                    <date>2013-07-11T12:25:39+02:00</date>
                    <speedMph>136</speedMph>
                    <altitudeFt>2280</altitudeFt>
                </position>
                <position>
                    <lat>42.7001</lat>
                    <lon>23.3564</lon>
                    <date>2013-07-11T12:25:34+02:00</date>
                    <speedMph>136</speedMph>
                    <altitudeFt>2400</altitudeFt>
                </position>
                <position>
                    <lat>42.7006</lat>
                    <lon>23.3477</lon>
                    <date>2013-07-11T12:25:29+02:00</date>
                    <speedMph>140</speedMph>
                    <altitudeFt>2530</altitudeFt>
                </position>
                <position>
                    <lat>42.7007</lat>
                    <lon>23.3468</lon>
                    <date>2013-07-11T12:25:24+02:00</date>
                    <speedMph>140</speedMph>
                    <altitudeFt>2530</altitudeFt>
                </position>
                <position>
                    <lat>42.701</lat>
                    <lon>23.3424</lon>
                    <date>2013-07-11T12:25:19+02:00</date>
                    <speedMph>140</speedMph>
                    <altitudeFt>2600</altitudeFt>
                </position>
                <position>
                    <lat>42.7012</lat>
                    <lon>23.3387</lon>
                    <date>2013-07-11T12:25:14+02:00</date>
                    <speedMph>140</speedMph>
                    <altitudeFt>2650</altitudeFt>
                </position>
                <position>
                    <lat>42.7014</lat>
                    <lon>23.3337</lon>
                    <date>2013-07-11T12:25:09+02:00</date>
                    <speedMph>136</speedMph>
                    <altitudeFt>2700</altitudeFt>
                </position>
                <position>
                    <lat>42.7019</lat>
                    <lon>23.3254</lon>
                    <date>2013-07-11T12:24:59+02:00</date>
                    <speedMph>140</speedMph>
                    <altitudeFt>2800</altitudeFt>
                </position>
                <position>
                    <lat>42.7023</lat>
                    <lon>23.3185</lon>
                    <date>2013-07-11T12:24:54+02:00</date>
                    <speedMph>144</speedMph>
                    <altitudeFt>2880</altitudeFt>
                </position>
                <position>
                    <lat>42.7024</lat>
                    <lon>23.3171</lon>
                    <date>2013-07-11T12:24:49+02:00</date>
                    <speedMph>144</speedMph>
                    <altitudeFt>2900</altitudeFt>
                </position>
                <position>
                    <lat>42.7027</lat>
                    <lon>23.3114</lon>
                    <date>2013-07-11T12:24:39+02:00</date>
                    <speedMph>144</speedMph>
                    <altitudeFt>3000</altitudeFt>
                </position>
                <position>
                    <lat>42.7033</lat>
                    <lon>23.3032</lon>
                    <date>2013-07-11T12:24:34+02:00</date>
                    <speedMph>148</speedMph>
                    <altitudeFt>3100</altitudeFt>
                </position>
                <position>
                    <lat>42.7035</lat>
                    <lon>23.2989</lon>
                    <date>2013-07-11T12:24:29+02:00</date>
                    <speedMph>152</speedMph>
                    <altitudeFt>3180</altitudeFt>
                </position>
                <position>
                    <lat>42.7041</lat>
                    <lon>23.2881</lon>
                    <date>2013-07-11T12:24:19+02:00</date>
                    <speedMph>164</speedMph>
                    <altitudeFt>3330</altitudeFt>
                </position>
                <position>
                    <lat>42.7044</lat>
                    <lon>23.2842</lon>
                    <date>2013-07-11T12:24:14+02:00</date>
                    <speedMph>168</speedMph>
                    <altitudeFt>3380</altitudeFt>
                </position>
                <position>
                    <lat>42.7049</lat>
                    <lon>23.275</lon>
                    <date>2013-07-11T12:24:09+02:00</date>
                    <speedMph>180</speedMph>
                    <altitudeFt>3530</altitudeFt>
                </position>
                <position>
                    <lat>42.7051</lat>
                    <lon>23.2717</lon>
                    <date>2013-07-11T12:24:04+02:00</date>
                    <speedMph>180</speedMph>
                    <altitudeFt>3550</altitudeFt>
                </position>
                <position>
                    <lat>42.7053</lat>
                    <lon>23.2682</lon>
                    <date>2013-07-11T12:23:59+02:00</date>
                    <speedMph>180</speedMph>
                    <altitudeFt>3600</altitudeFt>
                </position>
                <position>
                    <lat>42.7056</lat>
                    <lon>23.2622</lon>
                    <date>2013-07-11T12:23:54+02:00</date>
                    <speedMph>184</speedMph>
                    <altitudeFt>3680</altitudeFt>
                </position>
                <position>
                    <lat>42.706</lat>
                    <lon>23.2557</lon>
                    <date>2013-07-11T12:23:49+02:00</date>
                    <speedMph>192</speedMph>
                    <altitudeFt>3730</altitudeFt>
                </position>
                <position>
                    <lat>42.7064</lat>
                    <lon>23.25</lon>
                    <date>2013-07-11T12:23:44+02:00</date>
                    <speedMph>192</speedMph>
                    <altitudeFt>3780</altitudeFt>
                </position>
                <position>
                    <lat>42.7071</lat>
                    <lon>23.2383</lon>
                    <date>2013-07-11T12:23:34+02:00</date>
                    <speedMph>196</speedMph>
                    <altitudeFt>3950</altitudeFt>
                </position>
                <position>
                    <lat>42.7074</lat>
                    <lon>23.2325</lon>
                    <date>2013-07-11T12:23:29+02:00</date>
                    <speedMph>192</speedMph>
                    <altitudeFt>4050</altitudeFt>
                </position>
                <position>
                    <lat>42.7078</lat>
                    <lon>23.2255</lon>
                    <date>2013-07-11T12:23:24+02:00</date>
                    <speedMph>192</speedMph>
                    <altitudeFt>4180</altitudeFt>
                </position>
                <position>
                    <lat>42.7085</lat>
                    <lon>23.2144</lon>
                    <date>2013-07-11T12:23:14+02:00</date>
                    <speedMph>200</speedMph>
                    <altitudeFt>4300</altitudeFt>
                </position>
                <position>
                    <lat>42.7089</lat>
                    <lon>23.2059</lon>
                    <date>2013-07-11T12:23:09+02:00</date>
                    <speedMph>200</speedMph>
                    <altitudeFt>4400</altitudeFt>
                </position>
                <position>
                    <lat>42.7092</lat>
                    <lon>23.2004</lon>
                    <date>2013-07-11T12:23:04+02:00</date>
                    <speedMph>204</speedMph>
                    <altitudeFt>4480</altitudeFt>
                </position>
                <position>
                    <lat>42.7096</lat>
                    <lon>23.1946</lon>
                    <date>2013-07-11T12:22:59+02:00</date>
                    <speedMph>204</speedMph>
                    <altitudeFt>4580</altitudeFt>
                </position>
                <position>
                    <lat>42.7099</lat>
                    <lon>23.189</lon>
                    <date>2013-07-11T12:22:49+02:00</date>
                    <speedMph>204</speedMph>
                    <altitudeFt>4700</altitudeFt>
                </position>
                <position>
                    <lat>42.7109</lat>
                    <lon>23.1753</lon>
                    <date>2013-07-11T12:22:44+02:00</date>
                    <speedMph>204</speedMph>
                    <altitudeFt>4880</altitudeFt>
                </position>
                <position>
                    <lat>42.7113</lat>
                    <lon>23.1693</lon>
                    <date>2013-07-11T12:22:39+02:00</date>
                    <speedMph>204</speedMph>
                    <altitudeFt>4980</altitudeFt>
                </position>
                <position>
                    <lat>42.712</lat>
                    <lon>23.163</lon>
                    <date>2013-07-11T12:22:29+02:00</date>
                    <speedMph>204</speedMph>
                    <altitudeFt>5050</altitudeFt>
                </position>
                <position>
                    <lat>42.7145</lat>
                    <lon>23.1444</lon>
                    <date>2013-07-11T12:22:19+02:00</date>
                    <speedMph>204</speedMph>
                    <altitudeFt>5230</altitudeFt>
                </position>
                <position>
                    <lat>42.7157</lat>
                    <lon>23.1379</lon>
                    <date>2013-07-11T12:22:09+02:00</date>
                    <speedMph>208</speedMph>
                    <altitudeFt>5300</altitudeFt>
                </position>
                <position>
                    <lat>42.7214</lat>
                    <lon>23.1211</lon>
                    <date>2013-07-11T12:21:59+02:00</date>
                    <speedMph>212</speedMph>
                    <altitudeFt>5480</altitudeFt>
                </position>
                <position>
                    <lat>42.7249</lat>
                    <lon>23.1153</lon>
                    <date>2013-07-11T12:21:49+02:00</date>
                    <speedMph>216</speedMph>
                    <altitudeFt>5550</altitudeFt>
                </position>
                <position>
                    <lat>42.7353</lat>
                    <lon>23.1007</lon>
                    <date>2013-07-11T12:21:39+02:00</date>
                    <speedMph>224</speedMph>
                    <altitudeFt>5780</altitudeFt>
                </position>
                <position>
                    <lat>42.7428</lat>
                    <lon>23.0906</lon>
                    <date>2013-07-11T12:21:29+02:00</date>
                    <speedMph>232</speedMph>
                    <altitudeFt>5950</altitudeFt>
                </position>
                <position>
                    <lat>42.7506</lat>
                    <lon>23.08</lon>
                    <date>2013-07-11T12:21:19+02:00</date>
                    <speedMph>236</speedMph>
                    <altitudeFt>6130</altitudeFt>
                </position>
                <position>
                    <lat>42.7545</lat>
                    <lon>23.0748</lon>
                    <date>2013-07-11T12:21:09+02:00</date>
                    <speedMph>240</speedMph>
                    <altitudeFt>6200</altitudeFt>
                </position>
                <position>
                    <lat>42.7666</lat>
                    <lon>23.0584</lon>
                    <date>2013-07-11T12:20:59+02:00</date>
                    <speedMph>244</speedMph>
                    <altitudeFt>6500</altitudeFt>
                </position>
                <position>
                    <lat>42.7715</lat>
                    <lon>23.0517</lon>
                    <date>2013-07-11T12:20:49+02:00</date>
                    <speedMph>244</speedMph>
                    <altitudeFt>6600</altitudeFt>
                </position>
                <position>
                    <lat>42.7821</lat>
                    <lon>23.0372</lon>
                    <date>2013-07-11T12:20:39+02:00</date>
                    <speedMph>248</speedMph>
                    <altitudeFt>6830</altitudeFt>
                </position>
                <position>
                    <lat>42.786</lat>
                    <lon>23.032</lon>
                    <date>2013-07-11T12:20:29+02:00</date>
                    <speedMph>248</speedMph>
                    <altitudeFt>6930</altitudeFt>
                </position>
                <position>
                    <lat>42.7988</lat>
                    <lon>23.0145</lon>
                    <date>2013-07-11T12:20:19+02:00</date>
                    <speedMph>248</speedMph>
                    <altitudeFt>7230</altitudeFt>
                </position>
                <position>
                    <lat>42.8074</lat>
                    <lon>23.0027</lon>
                    <date>2013-07-11T12:20:09+02:00</date>
                    <speedMph>252</speedMph>
                    <altitudeFt>7500</altitudeFt>
                </position>
                <position>
                    <lat>42.8146</lat>
                    <lon>22.9928</lon>
                    <date>2013-07-11T12:19:59+02:00</date>
                    <speedMph>252</speedMph>
                    <altitudeFt>7730</altitudeFt>
                </position>
                <position>
                    <lat>42.8187</lat>
                    <lon>22.9871</lon>
                    <date>2013-07-11T12:19:49+02:00</date>
                    <speedMph>256</speedMph>
                    <altitudeFt>7850</altitudeFt>
                </position>
                <position>
                    <lat>42.8309</lat>
                    <lon>22.9701</lon>
                    <date>2013-07-11T12:19:39+02:00</date>
                    <speedMph>260</speedMph>
                    <altitudeFt>8200</altitudeFt>
                </position>
                <position>
                    <lat>42.8397</lat>
                    <lon>22.9576</lon>
                    <date>2013-07-11T12:19:29+02:00</date>
                    <speedMph>264</speedMph>
                    <altitudeFt>8450</altitudeFt>
                </position>
                <position>
                    <lat>42.8475</lat>
                    <lon>22.9466</lon>
                    <date>2013-07-11T12:19:19+02:00</date>
                    <speedMph>264</speedMph>
                    <altitudeFt>8680</altitudeFt>
                </position>
                <position>
                    <lat>42.8524</lat>
                    <lon>22.9397</lon>
                    <date>2013-07-11T12:19:09+02:00</date>
                    <speedMph>264</speedMph>
                    <altitudeFt>8830</altitudeFt>
                </position>
                <position>
                    <lat>42.8658</lat>
                    <lon>22.9209</lon>
                    <date>2013-07-11T12:18:59+02:00</date>
                    <speedMph>268</speedMph>
                    <altitudeFt>9150</altitudeFt>
                </position>
                <position>
                    <lat>42.8751</lat>
                    <lon>22.9078</lon>
                    <date>2013-07-11T12:18:49+02:00</date>
                    <speedMph>268</speedMph>
                    <altitudeFt>9380</altitudeFt>
                </position>
                <position>
                    <lat>42.891</lat>
                    <lon>22.8857</lon>
                    <date>2013-07-11T12:18:39+02:00</date>
                    <speedMph>272</speedMph>
                    <altitudeFt>9730</altitudeFt>
                </position>
                <position>
                    <lat>42.8996</lat>
                    <lon>22.8737</lon>
                    <date>2013-07-11T12:18:29+02:00</date>
                    <speedMph>272</speedMph>
                    <altitudeFt>9930</altitudeFt>
                </position>
                <position>
                    <lat>42.9359</lat>
                    <lon>22.8229</lon>
                    <date>2013-07-11T12:17:59+02:00</date>
                    <speedMph>284</speedMph>
                    <altitudeFt>10600</altitudeFt>
                </position>
                <position>
                    <lat>43.0866</lat>
                    <lon>22.5764</lon>
                    <date>2013-07-11T12:17:29+02:00</date>
                    <speedMph>400</speedMph>
                    <altitudeFt>11600</altitudeFt>
                </position>
                <position>
                    <lat>43.0886</lat>
                    <lon>22.5723</lon>
                    <date>2013-07-11T12:16:59+02:00</date>
                    <speedMph>400</speedMph>
                    <altitudeFt>11600</altitudeFt>
                </position>
                <position>
                    <lat>43.0994</lat>
                    <lon>22.5499</lon>
                    <date>2013-07-11T12:15:04+02:00</date>
                    <speedMph>400</speedMph>
                    <altitudeFt>11680</altitudeFt>
                </position>
                <position>
                    <lat>43.1245</lat>
                    <lon>22.498</lon>
                    <date>2013-07-11T12:14:34+02:00</date>
                    <speedMph>400</speedMph>
                    <altitudeFt>12000</altitudeFt>
                </position>
                <position>
                    <lat>43.1562</lat>
                    <lon>22.4331</lon>
                    <date>2013-07-11T12:14:04+02:00</date>
                    <speedMph>408</speedMph>
                    <altitudeFt>12750</altitudeFt>
                </position>
                <position>
                    <lat>43.1874</lat>
                    <lon>22.3702</lon>
                    <date>2013-07-11T12:13:34+02:00</date>
                    <speedMph>412</speedMph>
                    <altitudeFt>13450</altitudeFt>
                </position>
                <position>
                    <lat>43.2191</lat>
                    <lon>22.3058</lon>
                    <date>2013-07-11T12:13:04+02:00</date>
                    <speedMph>412</speedMph>
                    <altitudeFt>14180</altitudeFt>
                </position>
                <position>
                    <lat>43.2528</lat>
                    <lon>22.2362</lon>
                    <date>2013-07-11T12:12:34+02:00</date>
                    <speedMph>416</speedMph>
                    <altitudeFt>14900</altitudeFt>
                </position>
                <position>
                    <lat>43.3522</lat>
                    <lon>22.0389</lon>
                    <date>2013-07-11T12:11:39+02:00</date>
                    <speedMph>436</speedMph>
                    <altitudeFt>17350</altitudeFt>
                </position>
                <position>
                    <lat>43.4028</lat>
                    <lon>21.9631</lon>
                    <date>2013-07-11T12:10:28+02:00</date>
                    <speedMph>448</speedMph>
                    <altitudeFt>18550</altitudeFt>
                </position>
                <position>
                    <lat>43.4816</lat>
                    <lon>21.8452</lon>
                    <date>2013-07-11T12:09:28+02:00</date>
                    <speedMph>464</speedMph>
                    <altitudeFt>20400</altitudeFt>
                </position>
                <position>
                    <lat>43.5698</lat>
                    <lon>21.7126</lon>
                    <date>2013-07-11T12:08:28+02:00</date>
                    <speedMph>468</speedMph>
                    <altitudeFt>23750</altitudeFt>
                </position>
                <position>
                    <lat>43.6578</lat>
                    <lon>21.5798</lon>
                    <date>2013-07-11T12:07:28+02:00</date>
                    <speedMph>468</speedMph>
                    <altitudeFt>27380</altitudeFt>
                </position>
                <position>
                    <lat>43.746</lat>
                    <lon>21.4461</lon>
                    <date>2013-07-11T12:06:28+02:00</date>
                    <speedMph>460</speedMph>
                    <altitudeFt>30750</altitudeFt>
                </position>
                <position>
                    <lat>43.8335</lat>
                    <lon>21.3125</lon>
                    <date>2013-07-11T12:05:28+02:00</date>
                    <speedMph>464</speedMph>
                    <altitudeFt>32980</altitudeFt>
                </position>
                <position>
                    <lat>43.9167</lat>
                    <lon>21.185</lon>
                    <date>2013-07-11T12:04:28+02:00</date>
                    <speedMph>464</speedMph>
                    <altitudeFt>33000</altitudeFt>
                </position>
                <position>
                    <lat>44.004</lat>
                    <lon>21.0508</lon>
                    <date>2013-07-11T12:03:28+02:00</date>
                    <speedMph>464</speedMph>
                    <altitudeFt>33000</altitudeFt>
                </position>
                <position>
                    <lat>44.1216</lat>
                    <lon>20.8755</lon>
                    <date>2013-07-11T12:02:28+02:00</date>
                    <speedMph>464</speedMph>
                    <altitudeFt>33000</altitudeFt>
                </position>
                <position>
                    <lat>44.2891</lat>
                    <lon>20.5852</lon>
                    <date>2013-07-11T12:00:56+02:00</date>
                    <speedMph>464</speedMph>
                    <altitudeFt>33000</altitudeFt>
                </position>
                <position>
                    <lat>44.3052</lat>
                    <lon>20.5571</lon>
                    <date>2013-07-11T11:59:52+02:00</date>
                    <speedMph>464</speedMph>
                    <altitudeFt>33000</altitudeFt>
                </position>
                <position>
                    <lat>44.3867</lat>
                    <lon>20.4142</lon>
                    <date>2013-07-11T11:58:52+02:00</date>
                    <speedMph>468</speedMph>
                    <altitudeFt>33030</altitudeFt>
                </position>
                <position>
                    <lat>44.4655</lat>
                    <lon>20.2742</lon>
                    <date>2013-07-11T11:57:52+02:00</date>
                    <speedMph>464</speedMph>
                    <altitudeFt>33880</altitudeFt>
                </position>
                <position>
                    <lat>44.5246</lat>
                    <lon>20.1105</lon>
                    <date>2013-07-11T11:56:52+02:00</date>
                    <speedMph>468</speedMph>
                    <altitudeFt>34730</altitudeFt>
                </position>
                <position>
                    <lat>44.5723</lat>
                    <lon>19.9424</lon>
                    <date>2013-07-11T11:55:52+02:00</date>
                    <speedMph>472</speedMph>
                    <altitudeFt>35030</altitudeFt>
                </position>
                <position>
                    <lat>44.6212</lat>
                    <lon>19.7721</lon>
                    <date>2013-07-11T11:54:52+02:00</date>
                    <speedMph>476</speedMph>
                    <altitudeFt>35030</altitudeFt>
                </position>
                <position>
                    <lat>44.6698</lat>
                    <lon>19.6026</lon>
                    <date>2013-07-11T11:53:52+02:00</date>
                    <speedMph>476</speedMph>
                    <altitudeFt>35030</altitudeFt>
                </position>
                <position>
                    <lat>44.7177</lat>
                    <lon>19.4319</lon>
                    <date>2013-07-11T11:52:52+02:00</date>
                    <speedMph>476</speedMph>
                    <altitudeFt>35000</altitudeFt>
                </position>
                <position>
                    <lat>44.7663</lat>
                    <lon>19.2578</lon>
                    <date>2013-07-11T11:51:52+02:00</date>
                    <speedMph>472</speedMph>
                    <altitudeFt>35000</altitudeFt>
                </position>
                <position>
                    <lat>44.815</lat>
                    <lon>19.0802</lon>
                    <date>2013-07-11T11:50:52+02:00</date>
                    <speedMph>472</speedMph>
                    <altitudeFt>35000</altitudeFt>
                </position>
                <position>
                    <lat>44.8516</lat>
                    <lon>18.9089</lon>
                    <date>2013-07-11T11:49:52+02:00</date>
                    <speedMph>472</speedMph>
                    <altitudeFt>35000</altitudeFt>
                </position>
                <position>
                    <lat>44.8892</lat>
                    <lon>18.7293</lon>
                    <date>2013-07-11T11:48:52+02:00</date>
                    <speedMph>476</speedMph>
                    <altitudeFt>35000</altitudeFt>
                </position>
                <position>
                    <lat>44.9258</lat>
                    <lon>18.5537</lon>
                    <date>2013-07-11T11:47:52+02:00</date>
                    <speedMph>476</speedMph>
                    <altitudeFt>34980</altitudeFt>
                </position>
                <position>
                    <lat>44.9647</lat>
                    <lon>18.3665</lon>
                    <date>2013-07-11T11:46:52+02:00</date>
                    <speedMph>476</speedMph>
                    <altitudeFt>35000</altitudeFt>
                </position>
                <position>
                    <lat>45.0352</lat>
                    <lon>18.0211</lon>
                    <date>2013-07-11T11:45:52+02:00</date>
                    <speedMph>0</speedMph>
                    <altitudeFt>35030</altitudeFt>
                </position>
                <position>
                    <lat>45.058</lat>
                    <lon>17.9071</lon>
                    <date>2013-07-11T11:44:31+02:00</date>
                    <speedMph>480</speedMph>
                    <altitudeFt>35030</altitudeFt>
                </position>
                <position>
                    <lat>45.0986</lat>
                    <lon>17.7449</lon>
                    <date>2013-07-11T11:43:31+02:00</date>
                    <speedMph>472</speedMph>
                    <altitudeFt>35000</altitudeFt>
                </position>
                <position>
                    <lat>45.1723</lat>
                    <lon>17.5949</lon>
                    <date>2013-07-11T11:42:31+02:00</date>
                    <speedMph>464</speedMph>
                    <altitudeFt>35000</altitudeFt>
                </position>
                <position>
                    <lat>45.2347</lat>
                    <lon>17.4695</lon>
                    <date>2013-07-11T11:41:31+02:00</date>
                    <speedMph>464</speedMph>
                    <altitudeFt>34980</altitudeFt>
                </position>
                <position>
                    <lat>45.3147</lat>
                    <lon>17.3082</lon>
                    <date>2013-07-11T11:40:31+02:00</date>
                    <speedMph>464</speedMph>
                    <altitudeFt>34980</altitudeFt>
                </position>
                <position>
                    <lat>45.3907</lat>
                    <lon>17.1541</lon>
                    <date>2013-07-11T11:39:31+02:00</date>
                    <speedMph>468</speedMph>
                    <altitudeFt>35000</altitudeFt>
                </position>
                <position>
                    <lat>45.4601</lat>
                    <lon>17.0125</lon>
                    <date>2013-07-11T11:38:31+02:00</date>
                    <speedMph>468</speedMph>
                    <altitudeFt>35000</altitudeFt>
                </position>
                <position>
                    <lat>45.5367</lat>
                    <lon>16.8558</lon>
                    <date>2013-07-11T11:37:31+02:00</date>
                    <speedMph>476</speedMph>
                    <altitudeFt>35000</altitudeFt>
                </position>
                <position>
                    <lat>45.6097</lat>
                    <lon>16.7053</lon>
                    <date>2013-07-11T11:36:31+02:00</date>
                    <speedMph>476</speedMph>
                    <altitudeFt>35030</altitudeFt>
                </position>
                <position>
                    <lat>45.6885</lat>
                    <lon>16.5423</lon>
                    <date>2013-07-11T11:35:31+02:00</date>
                    <speedMph>472</speedMph>
                    <altitudeFt>35030</altitudeFt>
                </position>
                <position>
                    <lat>45.7677</lat>
                    <lon>16.3775</lon>
                    <date>2013-07-11T11:34:31+02:00</date>
                    <speedMph>472</speedMph>
                    <altitudeFt>35000</altitudeFt>
                </position>
                <position>
                    <lat>45.8489</lat>
                    <lon>16.2345</lon>
                    <date>2013-07-11T11:33:31+02:00</date>
                    <speedMph>472</speedMph>
                    <altitudeFt>35000</altitudeFt>
                </position>
                <position>
                    <lat>45.9259</lat>
                    <lon>16.1068</lon>
                    <date>2013-07-11T11:32:31+02:00</date>
                    <speedMph>468</speedMph>
                    <altitudeFt>35000</altitudeFt>
                </position>
                <position>
                    <lat>46.0105</lat>
                    <lon>15.9558</lon>
                    <date>2013-07-11T11:31:31+02:00</date>
                    <speedMph>472</speedMph>
                    <altitudeFt>35000</altitudeFt>
                </position>
                <position>
                    <lat>46.0837</lat>
                    <lon>15.8066</lon>
                    <date>2013-07-11T11:30:31+02:00</date>
                    <speedMph>484</speedMph>
                    <altitudeFt>35050</altitudeFt>
                </position>
                <position>
                    <lat>46.1619</lat>
                    <lon>15.6461</lon>
                    <date>2013-07-11T11:29:31+02:00</date>
                    <speedMph>484</speedMph>
                    <altitudeFt>35030</altitudeFt>
                </position>
                <position>
                    <lat>46.2343</lat>
                    <lon>15.4972</lon>
                    <date>2013-07-11T11:28:31+02:00</date>
                    <speedMph>468</speedMph>
                    <altitudeFt>35000</altitudeFt>
                </position>
                <position>
                    <lat>46.3319</lat>
                    <lon>15.2942</lon>
                    <date>2013-07-11T11:27:31+02:00</date>
                    <speedMph>480</speedMph>
                    <altitudeFt>35000</altitudeFt>
                </position>
                <position>
                    <lat>46.384</lat>
                    <lon>15.1848</lon>
                    <date>2013-07-11T11:26:31+02:00</date>
                    <speedMph>488</speedMph>
                    <altitudeFt>35000</altitudeFt>
                </position>
                <position>
                    <lat>46.4618</lat>
                    <lon>15.0211</lon>
                    <date>2013-07-11T11:25:31+02:00</date>
                    <speedMph>480</speedMph>
                    <altitudeFt>35000</altitudeFt>
                </position>
                <position>
                    <lat>46.5419</lat>
                    <lon>14.8517</lon>
                    <date>2013-07-11T11:24:31+02:00</date>
                    <speedMph>480</speedMph>
                    <altitudeFt>35030</altitudeFt>
                </position>
                <position>
                    <lat>46.6139</lat>
                    <lon>14.6987</lon>
                    <date>2013-07-11T11:23:31+02:00</date>
                    <speedMph>496</speedMph>
                    <altitudeFt>34980</altitudeFt>
                </position>
                <position>
                    <lat>46.6844</lat>
                    <lon>14.5479</lon>
                    <date>2013-07-11T11:22:31+02:00</date>
                    <speedMph>496</speedMph>
                    <altitudeFt>35000</altitudeFt>
                </position>
                <position>
                    <lat>46.7711</lat>
                    <lon>14.3731</lon>
                    <date>2013-07-11T11:21:31+02:00</date>
                    <speedMph>492</speedMph>
                    <altitudeFt>34980</altitudeFt>
                </position>
                <position>
                    <lat>46.8591</lat>
                    <lon>14.2333</lon>
                    <date>2013-07-11T11:20:31+02:00</date>
                    <speedMph>492</speedMph>
                    <altitudeFt>35000</altitudeFt>
                </position>
                <position>
                    <lat>46.9512</lat>
                    <lon>14.0866</lon>
                    <date>2013-07-11T11:19:31+02:00</date>
                    <speedMph>496</speedMph>
                    <altitudeFt>35030</altitudeFt>
                </position>
                <position>
                    <lat>47.0443</lat>
                    <lon>13.9377</lon>
                    <date>2013-07-11T11:18:31+02:00</date>
                    <speedMph>500</speedMph>
                    <altitudeFt>35030</altitudeFt>
                </position>
                <position>
                    <lat>47.2392</lat>
                    <lon>13.6232</lon>
                    <date>2013-07-11T11:17:31+02:00</date>
                    <speedMph>492</speedMph>
                    <altitudeFt>35000</altitudeFt>
                </position>
                <position>
                    <lat>47.3669</lat>
                    <lon>13.4149</lon>
                    <date>2013-07-11T11:15:57+02:00</date>
                    <speedMph>496</speedMph>
                    <altitudeFt>35000</altitudeFt>
                </position>
                <position>
                    <lat>47.3789</lat>
                    <lon>13.3953</lon>
                    <date>2013-07-11T11:14:53+02:00</date>
                    <speedMph>496</speedMph>
                    <altitudeFt>35000</altitudeFt>
                </position>
                <position>
                    <lat>47.4718</lat>
                    <lon>13.2427</lon>
                    <date>2013-07-11T11:13:53+02:00</date>
                    <speedMph>496</speedMph>
                    <altitudeFt>35000</altitudeFt>
                </position>
                <position>
                    <lat>47.5627</lat>
                    <lon>13.0928</lon>
                    <date>2013-07-11T11:12:53+02:00</date>
                    <speedMph>496</speedMph>
                    <altitudeFt>35000</altitudeFt>
                </position>
                <position>
                    <lat>47.6536</lat>
                    <lon>12.9419</lon>
                    <date>2013-07-11T11:11:53+02:00</date>
                    <speedMph>496</speedMph>
                    <altitudeFt>35000</altitudeFt>
                </position>
                <position>
                    <lat>47.754</lat>
                    <lon>12.7741</lon>
                    <date>2013-07-11T11:10:53+02:00</date>
                    <speedMph>492</speedMph>
                    <altitudeFt>35000</altitudeFt>
                </position>
                <position>
                    <lat>47.8443</lat>
                    <lon>12.6223</lon>
                    <date>2013-07-11T11:09:53+02:00</date>
                    <speedMph>492</speedMph>
                    <altitudeFt>35000</altitudeFt>
                </position>
                <position>
                    <lat>47.9286</lat>
                    <lon>12.4799</lon>
                    <date>2013-07-11T11:08:53+02:00</date>
                    <speedMph>492</speedMph>
                    <altitudeFt>35030</altitudeFt>
                </position>
                <position>
                    <lat>48.0286</lat>
                    <lon>12.3131</lon>
                    <date>2013-07-11T11:07:53+02:00</date>
                    <speedMph>500</speedMph>
                    <altitudeFt>35000</altitudeFt>
                </position>
                <position>
                    <lat>48.119</lat>
                    <lon>12.1851</lon>
                    <date>2013-07-11T11:06:53+02:00</date>
                    <speedMph>496</speedMph>
                    <altitudeFt>35000</altitudeFt>
                </position>
                <position>
                    <lat>48.2153</lat>
                    <lon>12.0339</lon>
                    <date>2013-07-11T11:05:53+02:00</date>
                    <speedMph>492</speedMph>
                    <altitudeFt>35030</altitudeFt>
                </position>
                <position>
                    <lat>48.3094</lat>
                    <lon>11.8746</lon>
                    <date>2013-07-11T11:04:53+02:00</date>
                    <speedMph>492</speedMph>
                    <altitudeFt>35000</altitudeFt>
                </position>
                <position>
                    <lat>48.4213</lat>
                    <lon>11.6837</lon>
                    <date>2013-07-11T11:03:53+02:00</date>
                    <speedMph>492</speedMph>
                    <altitudeFt>35000</altitudeFt>
                </position>
                <position>
                    <lat>48.6003</lat>
                    <lon>11.3326</lon>
                    <date>2013-07-11T11:02:53+02:00</date>
                    <speedMph>492</speedMph>
                    <altitudeFt>35000</altitudeFt>
                </position>
                <position>
                    <lat>48.7469</lat>
                    <lon>11.1026</lon>
                    <date>2013-07-11T11:01:52+02:00</date>
                    <speedMph>496</speedMph>
                    <altitudeFt>35000</altitudeFt>
                </position>
                <position>
                    <lat>48.7628</lat>
                    <lon>11.0796</lon>
                    <date>2013-07-11T11:00:50+02:00</date>
                    <speedMph>496</speedMph>
                    <altitudeFt>35000</altitudeFt>
                </position>
                <position>
                    <lat>48.7677</lat>
                    <lon>11.0725</lon>
                    <date>2013-07-11T10:59:49+02:00</date>
                    <speedMph>496</speedMph>
                    <altitudeFt>35000</altitudeFt>
                </position>
                <position>
                    <lat>48.8723</lat>
                    <lon>10.9198</lon>
                    <date>2013-07-11T10:58:49+02:00</date>
                    <speedMph>496</speedMph>
                    <altitudeFt>35030</altitudeFt>
                </position>
                <position>
                    <lat>48.9721</lat>
                    <lon>10.7738</lon>
                    <date>2013-07-11T10:57:49+02:00</date>
                    <speedMph>496</speedMph>
                    <altitudeFt>35000</altitudeFt>
                </position>
                <position>
                    <lat>49.0709</lat>
                    <lon>10.6284</lon>
                    <date>2013-07-11T10:56:49+02:00</date>
                    <speedMph>492</speedMph>
                    <altitudeFt>35000</altitudeFt>
                </position>
                <position>
                    <lat>49.1578</lat>
                    <lon>10.4991</lon>
                    <date>2013-07-11T10:55:49+02:00</date>
                    <speedMph>492</speedMph>
                    <altitudeFt>35000</altitudeFt>
                </position>
                <position>
                    <lat>49.2487</lat>
                    <lon>10.365</lon>
                    <date>2013-07-11T10:54:49+02:00</date>
                    <speedMph>492</speedMph>
                    <altitudeFt>35000</altitudeFt>
                </position>
                <position>
                    <lat>49.3459</lat>
                    <lon>10.228</lon>
                    <date>2013-07-11T10:53:49+02:00</date>
                    <speedMph>492</speedMph>
                    <altitudeFt>35030</altitudeFt>
                </position>
                <position>
                    <lat>49.45</lat>
                    <lon>10.0801</lon>
                    <date>2013-07-11T10:52:49+02:00</date>
                    <speedMph>492</speedMph>
                    <altitudeFt>35000</altitudeFt>
                </position>
                <position>
                    <lat>49.5518</lat>
                    <lon>9.9347</lon>
                    <date>2013-07-11T10:51:49+02:00</date>
                    <speedMph>488</speedMph>
                    <altitudeFt>35000</altitudeFt>
                </position>
                <position>
                    <lat>49.6501</lat>
                    <lon>9.7934</lon>
                    <date>2013-07-11T10:50:49+02:00</date>
                    <speedMph>488</speedMph>
                    <altitudeFt>35000</altitudeFt>
                </position>
                <position>
                    <lat>49.7446</lat>
                    <lon>9.657</lon>
                    <date>2013-07-11T10:49:49+02:00</date>
                    <speedMph>488</speedMph>
                    <altitudeFt>35030</altitudeFt>
                </position>
                <position>
                    <lat>49.8439</lat>
                    <lon>9.5124</lon>
                    <date>2013-07-11T10:48:49+02:00</date>
                    <speedMph>488</speedMph>
                    <altitudeFt>35000</altitudeFt>
                </position>
                <position>
                    <lat>49.9407</lat>
                    <lon>9.3705</lon>
                    <date>2013-07-11T10:47:49+02:00</date>
                    <speedMph>484</speedMph>
                    <altitudeFt>35000</altitudeFt>
                </position>
                <position>
                    <lat>50.0384</lat>
                    <lon>9.2266</lon>
                    <date>2013-07-11T10:46:49+02:00</date>
                    <speedMph>484</speedMph>
                    <altitudeFt>35000</altitudeFt>
                </position>
                <position>
                    <lat>50.2129</lat>
                    <lon>8.9676</lon>
                    <date>2013-07-11T10:45:49+02:00</date>
                    <speedMph>484</speedMph>
                    <altitudeFt>35000</altitudeFt>
                </position>
                <position>
                    <lat>50.2953</lat>
                    <lon>8.8443</lon>
                    <date>2013-07-11T10:44:09+02:00</date>
                    <speedMph>484</speedMph>
                    <altitudeFt>35000</altitudeFt>
                </position>
                <position>
                    <lat>50.3923</lat>
                    <lon>8.6984</lon>
                    <date>2013-07-11T10:43:09+02:00</date>
                    <speedMph>484</speedMph>
                    <altitudeFt>35000</altitudeFt>
                </position>
                <position>
                    <lat>50.4868</lat>
                    <lon>8.5486</lon>
                    <date>2013-07-11T10:42:09+02:00</date>
                    <speedMph>480</speedMph>
                    <altitudeFt>35000</altitudeFt>
                </position>
                <position>
                    <lat>50.5726</lat>
                    <lon>8.4033</lon>
                    <date>2013-07-11T10:41:09+02:00</date>
                    <speedMph>476</speedMph>
                    <altitudeFt>35000</altitudeFt>
                </position>
                <position>
                    <lat>50.6656</lat>
                    <lon>8.2449</lon>
                    <date>2013-07-11T10:40:09+02:00</date>
                    <speedMph>476</speedMph>
                    <altitudeFt>35000</altitudeFt>
                </position>
                <position>
                    <lat>50.7592</lat>
                    <lon>8.0848</lon>
                    <date>2013-07-11T10:39:09+02:00</date>
                    <speedMph>476</speedMph>
                    <altitudeFt>35000</altitudeFt>
                </position>
                <position>
                    <lat>50.8478</lat>
                    <lon>7.9319</lon>
                    <date>2013-07-11T10:38:09+02:00</date>
                    <speedMph>476</speedMph>
                    <altitudeFt>35000</altitudeFt>
                </position>
                <position>
                    <lat>50.9302</lat>
                    <lon>7.7889</lon>
                    <date>2013-07-11T10:37:09+02:00</date>
                    <speedMph>476</speedMph>
                    <altitudeFt>35000</altitudeFt>
                </position>
                <position>
                    <lat>51.0345</lat>
                    <lon>7.6069</lon>
                    <date>2013-07-11T10:36:09+02:00</date>
                    <speedMph>472</speedMph>
                    <altitudeFt>35000</altitudeFt>
                </position>
                <position>
                    <lat>51.1109</lat>
                    <lon>7.4729</lon>
                    <date>2013-07-11T10:35:09+02:00</date>
                    <speedMph>472</speedMph>
                    <altitudeFt>35000</altitudeFt>
                </position>
                <position>
                    <lat>51.2012</lat>
                    <lon>7.3132</lon>
                    <date>2013-07-11T10:34:09+02:00</date>
                    <speedMph>472</speedMph>
                    <altitudeFt>35000</altitudeFt>
                </position>
                <position>
                    <lat>51.285</lat>
                    <lon>7.1643</lon>
                    <date>2013-07-11T10:33:09+02:00</date>
                    <speedMph>472</speedMph>
                    <altitudeFt>35030</altitudeFt>
                </position>
                <position>
                    <lat>51.3695</lat>
                    <lon>7.0134</lon>
                    <date>2013-07-11T10:32:09+02:00</date>
                    <speedMph>472</speedMph>
                    <altitudeFt>35000</altitudeFt>
                </position>
                <position>
                    <lat>51.4638</lat>
                    <lon>6.8438</lon>
                    <date>2013-07-11T10:31:09+02:00</date>
                    <speedMph>472</speedMph>
                    <altitudeFt>35000</altitudeFt>
                </position>
                <position>
                    <lat>51.5444</lat>
                    <lon>6.698</lon>
                    <date>2013-07-11T10:30:09+02:00</date>
                    <speedMph>468</speedMph>
                    <altitudeFt>35000</altitudeFt>
                </position>
                <position>
                    <lat>51.6344</lat>
                    <lon>6.534</lon>
                    <date>2013-07-11T10:29:09+02:00</date>
                    <speedMph>468</speedMph>
                    <altitudeFt>35000</altitudeFt>
                </position>
                <position>
                    <lat>51.719</lat>
                    <lon>6.379</lon>
                    <date>2013-07-11T10:28:09+02:00</date>
                    <speedMph>468</speedMph>
                    <altitudeFt>34950</altitudeFt>
                </position>
                <position>
                    <lat>51.8048</lat>
                    <lon>6.2206</lon>
                    <date>2013-07-11T10:27:09+02:00</date>
                    <speedMph>468</speedMph>
                    <altitudeFt>34980</altitudeFt>
                </position>
                <position>
                    <lat>51.8872</lat>
                    <lon>6.0673</lon>
                    <date>2013-07-11T10:26:09+02:00</date>
                    <speedMph>468</speedMph>
                    <altitudeFt>35030</altitudeFt>
                </position>
                <position>
                    <lat>51.969</lat>
                    <lon>5.9024</lon>
                    <date>2013-07-11T10:25:09+02:00</date>
                    <speedMph>464</speedMph>
                    <altitudeFt>35000</altitudeFt>
                </position>
                <position>
                    <lat>51.9944</lat>
                    <lon>5.7067</lon>
                    <date>2013-07-11T10:24:09+02:00</date>
                    <speedMph>448</speedMph>
                    <altitudeFt>35000</altitudeFt>
                </position>
                <position>
                    <lat>52.0039</lat>
                    <lon>5.5129</lon>
                    <date>2013-07-11T10:23:09+02:00</date>
                    <speedMph>448</speedMph>
                    <altitudeFt>35000</altitudeFt>
                </position>
                <position>
                    <lat>52.0142</lat>
                    <lon>5.2942</lon>
                    <date>2013-07-11T10:22:09+02:00</date>
                    <speedMph>448</speedMph>
                    <altitudeFt>35000</altitudeFt>
                </position>
                <position>
                    <lat>52.0231</lat>
                    <lon>5.0999</lon>
                    <date>2013-07-11T10:21:09+02:00</date>
                    <speedMph>448</speedMph>
                    <altitudeFt>35000</altitudeFt>
                </position>
                <position>
                    <lat>52.0317</lat>
                    <lon>4.905</lon>
                    <date>2013-07-11T10:20:09+02:00</date>
                    <speedMph>448</speedMph>
                    <altitudeFt>35000</altitudeFt>
                </position>
                <position>
                    <lat>52.0407</lat>
                    <lon>4.6906</lon>
                    <date>2013-07-11T10:19:09+02:00</date>
                    <speedMph>448</speedMph>
                    <altitudeFt>35000</altitudeFt>
                </position>
                <position>
                    <lat>52.0518</lat>
                    <lon>4.4152</lon>
                    <date>2013-07-11T10:18:09+02:00</date>
                    <speedMph>448</speedMph>
                    <altitudeFt>35000</altitudeFt>
                </position>
                <position>
                    <lat>52.0701</lat>
                    <lon>3.9164</lon>
                    <date>2013-07-11T10:17:06+02:00</date>
                    <speedMph>448</speedMph>
                    <altitudeFt>35430</altitudeFt>
                </position>
                <position>
                    <lat>52.0739</lat>
                    <lon>3.8075</lon>
                    <date>2013-07-11T10:14:46+02:00</date>
                    <speedMph>448</speedMph>
                    <altitudeFt>35030</altitudeFt>
                </position>
                <position>
                    <lat>52.08</lat>
                    <lon>3.6229</lon>
                    <date>2013-07-11T10:13:46+02:00</date>
                    <speedMph>448</speedMph>
                    <altitudeFt>35000</altitudeFt>
                </position>
                <position>
                    <lat>52.0869</lat>
                    <lon>3.4019</lon>
                    <date>2013-07-11T10:12:46+02:00</date>
                    <speedMph>448</speedMph>
                    <altitudeFt>35000</altitudeFt>
                </position>
                <position>
                    <lat>52.0941</lat>
                    <lon>3.1568</lon>
                    <date>2013-07-11T10:11:46+02:00</date>
                    <speedMph>440</speedMph>
                    <altitudeFt>35030</altitudeFt>
                </position>
                <position>
                    <lat>52.0981</lat>
                    <lon>3.0087</lon>
                    <date>2013-07-11T10:10:45+02:00</date>
                    <speedMph>448</speedMph>
                    <altitudeFt>34780</altitudeFt>
                </position>
                <position>
                    <lat>52.1033</lat>
                    <lon>2.8073</lon>
                    <date>2013-07-11T10:09:45+02:00</date>
                    <speedMph>452</speedMph>
                    <altitudeFt>33680</altitudeFt>
                </position>
                <position>
                    <lat>52.1084</lat>
                    <lon>2.5901</lon>
                    <date>2013-07-11T10:08:45+02:00</date>
                    <speedMph>456</speedMph>
                    <altitudeFt>32380</altitudeFt>
                </position>
                <position>
                    <lat>52.0863</lat>
                    <lon>2.372</lon>
                    <date>2013-07-11T10:07:45+02:00</date>
                    <speedMph>456</speedMph>
                    <altitudeFt>31030</altitudeFt>
                </position>
                <position>
                    <lat>52.0591</lat>
                    <lon>2.2001</lon>
                    <date>2013-07-11T10:06:45+02:00</date>
                    <speedMph>460</speedMph>
                    <altitudeFt>29880</altitudeFt>
                </position>
                <position>
                    <lat>52.0229</lat>
                    <lon>1.9742</lon>
                    <date>2013-07-11T10:05:45+02:00</date>
                    <speedMph>468</speedMph>
                    <altitudeFt>28250</altitudeFt>
                </position>
                <position>
                    <lat>51.9942</lat>
                    <lon>1.7935</lon>
                    <date>2013-07-11T10:04:45+02:00</date>
                    <speedMph>460</speedMph>
                    <altitudeFt>27330</altitudeFt>
                </position>
                <position>
                    <lat>51.9651</lat>
                    <lon>1.6057</lon>
                    <date>2013-07-11T10:03:45+02:00</date>
                    <speedMph>452</speedMph>
                    <altitudeFt>26250</altitudeFt>
                </position>
                <position>
                    <lat>51.9348</lat>
                    <lon>1.4084</lon>
                    <date>2013-07-11T10:02:45+02:00</date>
                    <speedMph>444</speedMph>
                    <altitudeFt>24930</altitudeFt>
                </position>
                <position>
                    <lat>51.9053</lat>
                    <lon>1.2156</lon>
                    <date>2013-07-11T10:01:45+02:00</date>
                    <speedMph>436</speedMph>
                    <altitudeFt>23530</altitudeFt>
                </position>
                <position>
                    <lat>51.8718</lat>
                    <lon>0.975</lon>
                    <date>2013-07-11T10:00:45+02:00</date>
                    <speedMph>428</speedMph>
                    <altitudeFt>21530</altitudeFt>
                </position>
                <position>
                    <lat>51.8657</lat>
                    <lon>0.8388</lon>
                    <date>2013-07-11T09:59:45+02:00</date>
                    <speedMph>420</speedMph>
                    <altitudeFt>20330</altitudeFt>
                </position>
                <position>
                    <lat>51.8567</lat>
                    <lon>0.6556</lon>
                    <date>2013-07-11T09:58:45+02:00</date>
                    <speedMph>408</speedMph>
                    <altitudeFt>18500</altitudeFt>
                </position>
                <position>
                    <lat>51.8445</lat>
                    <lon>0.4739</lon>
                    <date>2013-07-11T09:57:45+02:00</date>
                    <speedMph>396</speedMph>
                    <altitudeFt>16400</altitudeFt>
                </position>
                <position>
                    <lat>51.8158</lat>
                    <lon>0.3103</lon>
                    <date>2013-07-11T09:56:45+02:00</date>
                    <speedMph>368</speedMph>
                    <altitudeFt>14780</altitudeFt>
                </position>
                <position>
                    <lat>51.8026</lat>
                    <lon>0.237</lon>
                    <date>2013-07-11T09:56:15+02:00</date>
                    <speedMph>360</speedMph>
                    <altitudeFt>13630</altitudeFt>
                </position>
                <position>
                    <lat>51.7878</lat>
                    <lon>0.1549</lon>
                    <date>2013-07-11T09:55:45+02:00</date>
                    <speedMph>352</speedMph>
                    <altitudeFt>12350</altitudeFt>
                </position>
                <position>
                    <lat>51.7751</lat>
                    <lon>0.0851</lon>
                    <date>2013-07-11T09:55:15+02:00</date>
                    <speedMph>340</speedMph>
                    <altitudeFt>11300</altitudeFt>
                </position>
                <position>
                    <lat>51.7614</lat>
                    <lon>0.0096</lon>
                    <date>2013-07-11T09:54:45+02:00</date>
                    <speedMph>300</speedMph>
                    <altitudeFt>10700</altitudeFt>
                </position>
                <position>
                    <lat>51.7516</lat>
                    <lon>-0.0475</lon>
                    <date>2013-07-11T09:54:15+02:00</date>
                    <speedMph>280</speedMph>
                    <altitudeFt>9680</altitudeFt>
                </position>
                <position>
                    <lat>51.7463</lat>
                    <lon>-0.0761</lon>
                    <date>2013-07-11T09:54:05+02:00</date>
                    <speedMph>276</speedMph>
                    <altitudeFt>8950</altitudeFt>
                </position>
                <position>
                    <lat>51.7434</lat>
                    <lon>-0.0905</lon>
                    <date>2013-07-11T09:53:55+02:00</date>
                    <speedMph>272</speedMph>
                    <altitudeFt>8580</altitudeFt>
                </position>
                <position>
                    <lat>51.7361</lat>
                    <lon>-0.1111</lon>
                    <date>2013-07-11T09:53:45+02:00</date>
                    <speedMph>268</speedMph>
                    <altitudeFt>8000</altitudeFt>
                </position>
                <position>
                    <lat>51.7283</lat>
                    <lon>-0.1227</lon>
                    <date>2013-07-11T09:53:35+02:00</date>
                    <speedMph>268</speedMph>
                    <altitudeFt>7550</altitudeFt>
                </position>
                <position>
                    <lat>51.7153</lat>
                    <lon>-0.1342</lon>
                    <date>2013-07-11T09:53:25+02:00</date>
                    <speedMph>268</speedMph>
                    <altitudeFt>6880</altitudeFt>
                </position>
                <position>
                    <lat>51.7068</lat>
                    <lon>-0.1412</lon>
                    <date>2013-07-11T09:53:15+02:00</date>
                    <speedMph>268</speedMph>
                    <altitudeFt>6400</altitudeFt>
                </position>
                <position>
                    <lat>51.6938</lat>
                    <lon>-0.1519</lon>
                    <date>2013-07-11T09:53:05+02:00</date>
                    <speedMph>260</speedMph>
                    <altitudeFt>5880</altitudeFt>
                </position>
                <position>
                    <lat>51.685</lat>
                    <lon>-0.1591</lon>
                    <date>2013-07-11T09:52:55+02:00</date>
                    <speedMph>260</speedMph>
                    <altitudeFt>5680</altitudeFt>
                </position>
                <position>
                    <lat>51.6752</lat>
                    <lon>-0.1672</lon>
                    <date>2013-07-11T09:52:45+02:00</date>
                    <speedMph>260</speedMph>
                    <altitudeFt>5650</altitudeFt>
                </position>
                <position>
                    <lat>51.6624</lat>
                    <lon>-0.1778</lon>
                    <date>2013-07-11T09:52:35+02:00</date>
                    <speedMph>260</speedMph>
                    <altitudeFt>5650</altitudeFt>
                </position>
                <position>
                    <lat>51.6549</lat>
                    <lon>-0.1839</lon>
                    <date>2013-07-11T09:52:25+02:00</date>
                    <speedMph>260</speedMph>
                    <altitudeFt>5650</altitudeFt>
                </position>
                <position>
                    <lat>51.642</lat>
                    <lon>-0.1946</lon>
                    <date>2013-07-11T09:52:15+02:00</date>
                    <speedMph>260</speedMph>
                    <altitudeFt>5650</altitudeFt>
                </position>
                <position>
                    <lat>51.6309</lat>
                    <lon>-0.2038</lon>
                    <date>2013-07-11T09:52:05+02:00</date>
                    <speedMph>260</speedMph>
                    <altitudeFt>5650</altitudeFt>
                </position>
                <position>
                    <lat>51.6206</lat>
                    <lon>-0.2122</lon>
                    <date>2013-07-11T09:51:55+02:00</date>
                    <speedMph>260</speedMph>
                    <altitudeFt>5650</altitudeFt>
                </position>
                <position>
                    <lat>51.6073</lat>
                    <lon>-0.2232</lon>
                    <date>2013-07-11T09:51:45+02:00</date>
                    <speedMph>260</speedMph>
                    <altitudeFt>5650</altitudeFt>
                </position>
                <position>
                    <lat>51.5992</lat>
                    <lon>-0.2299</lon>
                    <date>2013-07-11T09:51:35+02:00</date>
                    <speedMph>260</speedMph>
                    <altitudeFt>5650</altitudeFt>
                </position>
                <position>
                    <lat>51.5864</lat>
                    <lon>-0.2403</lon>
                    <date>2013-07-11T09:51:25+02:00</date>
                    <speedMph>260</speedMph>
                    <altitudeFt>5650</altitudeFt>
                </position>
                <position>
                    <lat>51.5783</lat>
                    <lon>-0.247</lon>
                    <date>2013-07-11T09:51:15+02:00</date>
                    <speedMph>260</speedMph>
                    <altitudeFt>5630</altitudeFt>
                </position>
                <position>
                    <lat>51.5649</lat>
                    <lon>-0.258</lon>
                    <date>2013-07-11T09:51:05+02:00</date>
                    <speedMph>256</speedMph>
                    <altitudeFt>5480</altitudeFt>
                </position>
                <position>
                    <lat>51.5565</lat>
                    <lon>-0.2649</lon>
                    <date>2013-07-11T09:50:55+02:00</date>
                    <speedMph>256</speedMph>
                    <altitudeFt>5280</altitudeFt>
                </position>
                <position>
                    <lat>51.5431</lat>
                    <lon>-0.2759</lon>
                    <date>2013-07-11T09:50:45+02:00</date>
                    <speedMph>256</speedMph>
                    <altitudeFt>4880</altitudeFt>
                </position>
                <position>
                    <lat>51.5398</lat>
                    <lon>-0.2787</lon>
                    <date>2013-07-11T09:50:40+02:00</date>
                    <speedMph>256</speedMph>
                    <altitudeFt>4780</altitudeFt>
                </position>
                <position>
                    <lat>51.5346</lat>
                    <lon>-0.2831</lon>
                    <date>2013-07-11T09:50:35+02:00</date>
                    <speedMph>252</speedMph>
                    <altitudeFt>4600</altitudeFt>
                </position>
                <position>
                    <lat>51.5313</lat>
                    <lon>-0.2859</lon>
                    <date>2013-07-11T09:50:30+02:00</date>
                    <speedMph>252</speedMph>
                    <altitudeFt>4500</altitudeFt>
                </position>
                <position>
                    <lat>51.5236</lat>
                    <lon>-0.2943</lon>
                    <date>2013-07-11T09:50:25+02:00</date>
                    <speedMph>252</speedMph>
                    <altitudeFt>4230</altitudeFt>
                </position>
                <position>
                    <lat>51.5208</lat>
                    <lon>-0.2985</lon>
                    <date>2013-07-11T09:50:20+02:00</date>
                    <speedMph>248</speedMph>
                    <altitudeFt>4130</altitudeFt>
                </position>
                <position>
                    <lat>51.5174</lat>
                    <lon>-0.3046</lon>
                    <date>2013-07-11T09:50:15+02:00</date>
                    <speedMph>248</speedMph>
                    <altitudeFt>3980</altitudeFt>
                </position>
                <position>
                    <lat>51.5148</lat>
                    <lon>-0.3097</lon>
                    <date>2013-07-11T09:50:10+02:00</date>
                    <speedMph>248</speedMph>
                    <altitudeFt>3850</altitudeFt>
                </position>
                <position>
                    <lat>51.5116</lat>
                    <lon>-0.316</lon>
                    <date>2013-07-11T09:50:05+02:00</date>
                    <speedMph>248</speedMph>
                    <altitudeFt>3700</altitudeFt>
                </position>
                <position>
                    <lat>51.5059</lat>
                    <lon>-0.3273</lon>
                    <date>2013-07-11T09:50:00+02:00</date>
                    <speedMph>252</speedMph>
                    <altitudeFt>3430</altitudeFt>
                </position>
                <position>
                    <lat>51.5026</lat>
                    <lon>-0.3339</lon>
                    <date>2013-07-11T09:49:55+02:00</date>
                    <speedMph>252</speedMph>
                    <altitudeFt>3200</altitudeFt>
                </position>
                <position>
                    <lat>51.5</lat>
                    <lon>-0.3392</lon>
                    <date>2013-07-11T09:49:50+02:00</date>
                    <speedMph>248</speedMph>
                    <altitudeFt>3000</altitudeFt>
                </position>
                <position>
                    <lat>51.4972</lat>
                    <lon>-0.3447</lon>
                    <date>2013-07-11T09:49:45+02:00</date>
                    <speedMph>248</speedMph>
                    <altitudeFt>2830</altitudeFt>
                </position>
                <position>
                    <lat>51.4916</lat>
                    <lon>-0.3559</lon>
                    <date>2013-07-11T09:49:40+02:00</date>
                    <speedMph>240</speedMph>
                    <altitudeFt>2530</altitudeFt>
                </position>
                <position>
                    <lat>51.4888</lat>
                    <lon>-0.3614</lon>
                    <date>2013-07-11T09:49:35+02:00</date>
                    <speedMph>232</speedMph>
                    <altitudeFt>2430</altitudeFt>
                </position>
                <position>
                    <lat>51.4848</lat>
                    <lon>-0.3696</lon>
                    <date>2013-07-11T09:49:30+02:00</date>
                    <speedMph>224</speedMph>
                    <altitudeFt>2230</altitudeFt>
                </position>
                <position>
                    <lat>51.481</lat>
                    <lon>-0.3773</lon>
                    <date>2013-07-11T09:49:25+02:00</date>
                    <speedMph>216</speedMph>
                    <altitudeFt>2080</altitudeFt>
                </position>
                <position>
                    <lat>51.4785</lat>
                    <lon>-0.3822</lon>
                    <date>2013-07-11T09:49:20+02:00</date>
                    <speedMph>208</speedMph>
                    <altitudeFt>2000</altitudeFt>
                </position>
                <position>
                    <lat>51.4773</lat>
                    <lon>-0.3846</lon>
                    <date>2013-07-11T09:49:15+02:00</date>
                    <speedMph>204</speedMph>
                    <altitudeFt>1980</altitudeFt>
                </position>
                <position>
                    <lat>51.475</lat>
                    <lon>-0.3893</lon>
                    <date>2013-07-11T09:49:10+02:00</date>
                    <speedMph>196</speedMph>
                    <altitudeFt>1930</altitudeFt>
                </position>
                <position>
                    <lat>51.4708</lat>
                    <lon>-0.398</lon>
                    <date>2013-07-11T09:49:05+02:00</date>
                    <speedMph>184</speedMph>
                    <altitudeFt>1750</altitudeFt>
                </position>
                <position>
                    <lat>51.4647</lat>
                    <lon>-0.4246</lon>
                    <date>2013-07-11T09:48:45+02:00</date>
                    <speedMph>160</speedMph>
                    <altitudeFt>1450</altitudeFt>
                </position>
                <position>
                    <lat>51.4647</lat>
                    <lon>-0.4262</lon>
                    <date>2013-07-11T09:48:40+02:00</date>
                    <speedMph>156</speedMph>
                    <altitudeFt>1400</altitudeFt>
                </position>
                <position>
                    <lat>51.4647</lat>
                    <lon>-0.4303</lon>
                    <date>2013-07-11T09:48:35+02:00</date>
                    <speedMph>152</speedMph>
                    <altitudeFt>1300</altitudeFt>
                </position>
                <position>
                    <lat>51.4647</lat>
                    <lon>-0.435</lon>
                    <date>2013-07-11T09:48:30+02:00</date>
                    <speedMph>148</speedMph>
                    <altitudeFt>1150</altitudeFt>
                </position>
                <position>
                    <lat>51.4647</lat>
                    <lon>-0.4459</lon>
                    <date>2013-07-11T09:48:25+02:00</date>
                    <speedMph>148</speedMph>
                    <altitudeFt>600</altitudeFt>
                </position>
                <position>
                    <lat>51.4647</lat>
                    <lon>-0.4493</lon>
                    <date>2013-07-11T09:48:20+02:00</date>
                    <speedMph>148</speedMph>
                    <altitudeFt>430</altitudeFt>
                </position>
                <position>
                    <lat>51.4647</lat>
                    <lon>-0.453</lon>
                    <date>2013-07-11T09:48:15+02:00</date>
                    <speedMph>148</speedMph>
                    <altitudeFt>280</altitudeFt>
                </position>
                <position>
                    <lat>51.4648</lat>
                    <lon>-0.4579</lon>
                    <date>2013-07-11T09:48:10+02:00</date>
                    <speedMph>148</speedMph>
                    <altitudeFt>50</altitudeFt>
                </position>
                <position>
                    <lat>51.4648</lat>
                    <lon>-0.4783</lon>
                    <date>2013-07-11T09:47:50+02:00</date>
                    <speedMph>60</speedMph>
                    <altitudeFt>0</altitudeFt>
                </position>
                <position>
                    <lat>51.4664</lat>
                    <lon>-0.4821</lon>
                    <date>2013-07-11T09:46:10+02:00</date>
                    <speedMph>20</speedMph>
                    <altitudeFt>0</altitudeFt>
                </position>
                <position>
                    <lat>51.4674</lat>
                    <lon>-0.4789</lon>
                    <date>2013-07-11T09:43:27+02:00</date>
                    <speedMph>12</speedMph>
                    <altitudeFt>0</altitudeFt>
                </position>
                <position>
                    <lat>51.4674</lat>
                    <lon>-0.4788</lon>
                    <date>2013-07-11T09:43:22+02:00</date>
                    <speedMph>12</speedMph>
                    <altitudeFt>0</altitudeFt>
                </position>
                <position>
                    <lat>51.4677</lat>
                    <lon>-0.4736</lon>
                    <date>2013-07-11T09:40:37+02:00</date>
                    <speedMph>28</speedMph>
                    <altitudeFt>0</altitudeFt>
                </position>
                <position>
                    <lat>51.4677</lat>
                    <lon>-0.4736</lon>
                    <date>2013-07-11T09:40:32+02:00</date>
                    <speedMph>28</speedMph>
                    <altitudeFt>0</altitudeFt>
                </position>
            </positions>
        </flightTrack>
    </flightTracks>
</flightstatslog>
