<?xml version="1.0" encoding="UTF-8" standalone="yes"?>
<flightstatslog>
    <appendix>
        <airports>
            <airport>
                <fs>AGP</fs>
                <latitude>36.6749</latitude>
                <longitude>-4.499106</longitude>
                <city>Malaga</city>
            </airport>
            <airport>
                <fs>MUC</fs>
                <latitude>48.353783</latitude>
                <longitude>11.786086</longitude>
                <city>Munich</city>
            </airport>
        </airports>
    </appendix>
    <flightTracks>
        <flightTrack>
            <flightId>3425233</flightId>
            <departureAirportFsCode>AGP</departureAirportFsCode>
            <arrivalAirportFsCode>MUC</arrivalAirportFsCode>
            <positions>
                <position>
                    <lat>48.3513</lat>
                    <lon>11.7836</lon>
                    <date>2013-07-11T11:05:58+02:00</date>
                    <speedMph>4</speedMph>
                    <altitudeFt>0</altitudeFt>
                </position>
                <position>
                    <lat>48.3513</lat>
                    <lon>11.7835</lon>
                    <date>2013-07-11T11:05:53+02:00</date>
                    <speedMph>4</speedMph>
                    <altitudeFt>0</altitudeFt>
                </position>
                <position>
                    <lat>48.3513</lat>
                    <lon>11.7834</lon>
                    <date>2013-07-11T11:05:48+02:00</date>
                    <speedMph>4</speedMph>
                    <altitudeFt>0</altitudeFt>
                </position>
                <position>
                    <lat>48.3513</lat>
                    <lon>11.7833</lon>
                    <date>2013-07-11T11:05:43+02:00</date>
                    <speedMph>4</speedMph>
                    <altitudeFt>0</altitudeFt>
                </position>
                <position>
                    <lat>48.3513</lat>
                    <lon>11.7832</lon>
                    <date>2013-07-11T11:05:38+02:00</date>
                    <speedMph>4</speedMph>
                    <altitudeFt>0</altitudeFt>
                </position>
                <position>
                    <lat>48.3511</lat>
                    <lon>11.782</lon>
                    <date>2013-07-11T11:05:13+02:00</date>
                    <speedMph>12</speedMph>
                    <altitudeFt>0</altitudeFt>
                </position>
                <position>
                    <lat>48.3505</lat>
                    <lon>11.7821</lon>
                    <date>2013-07-11T11:05:08+02:00</date>
                    <speedMph>16</speedMph>
                    <altitudeFt>0</altitudeFt>
                </position>
                <position>
                    <lat>48.3502</lat>
                    <lon>11.7822</lon>
                    <date>2013-07-11T11:05:03+02:00</date>
                    <speedMph>16</speedMph>
                    <altitudeFt>0</altitudeFt>
                </position>
                <position>
                    <lat>48.3489</lat>
                    <lon>11.7819</lon>
                    <date>2013-07-11T11:04:48+02:00</date>
                    <speedMph>16</speedMph>
                    <altitudeFt>0</altitudeFt>
                </position>
                <position>
                    <lat>48.3488</lat>
                    <lon>11.7817</lon>
                    <date>2013-07-11T11:04:38+02:00</date>
                    <speedMph>16</speedMph>
                    <altitudeFt>0</altitudeFt>
                </position>
                <position>
                    <lat>48.3488</lat>
                    <lon>11.7813</lon>
                    <date>2013-07-11T11:04:33+02:00</date>
                    <speedMph>16</speedMph>
                    <altitudeFt>0</altitudeFt>
                </position>
                <position>
                    <lat>48.3487</lat>
                    <lon>11.7802</lon>
                    <date>2013-07-11T11:04:28+02:00</date>
                    <speedMph>16</speedMph>
                    <altitudeFt>0</altitudeFt>
                </position>
                <position>
                    <lat>48.3487</lat>
                    <lon>11.7797</lon>
                    <date>2013-07-11T11:04:18+02:00</date>
                    <speedMph>16</speedMph>
                    <altitudeFt>0</altitudeFt>
                </position>
                <position>
                    <lat>48.3486</lat>
                    <lon>11.7792</lon>
                    <date>2013-07-11T11:04:13+02:00</date>
                    <speedMph>16</speedMph>
                    <altitudeFt>0</altitudeFt>
                </position>
                <position>
                    <lat>48.347</lat>
                    <lon>11.779</lon>
                    <date>2013-07-11T11:03:53+02:00</date>
                    <speedMph>8</speedMph>
                    <altitudeFt>0</altitudeFt>
                </position>
                <position>
                    <lat>48.3433</lat>
                    <lon>11.7845</lon>
                    <date>2013-07-11T11:01:52+02:00</date>
                    <speedMph>96</speedMph>
                    <altitudeFt>0</altitudeFt>
                </position>
                <position>
                    <lat>48.3481</lat>
                    <lon>11.8491</lon>
                    <date>2013-07-11T11:01:07+02:00</date>
                    <speedMph>140</speedMph>
                    <altitudeFt>1950</altitudeFt>
                </position>
                <position>
                    <lat>48.3485</lat>
                    <lon>11.8543</lon>
                    <date>2013-07-11T10:59:59+02:00</date>
                    <speedMph>140</speedMph>
                    <altitudeFt>2030</altitudeFt>
                </position>
                <position>
                    <lat>48.3489</lat>
                    <lon>11.8593</lon>
                    <date>2013-07-11T10:59:54+02:00</date>
                    <speedMph>140</speedMph>
                    <altitudeFt>2080</altitudeFt>
                </position>
                <position>
                    <lat>48.3493</lat>
                    <lon>11.8648</lon>
                    <date>2013-07-11T10:59:49+02:00</date>
                    <speedMph>140</speedMph>
                    <altitudeFt>2130</altitudeFt>
                </position>
                <position>
                    <lat>48.3496</lat>
                    <lon>11.8685</lon>
                    <date>2013-07-11T10:59:44+02:00</date>
                    <speedMph>140</speedMph>
                    <altitudeFt>2200</altitudeFt>
                </position>
                <position>
                    <lat>48.35</lat>
                    <lon>11.8743</lon>
                    <date>2013-07-11T10:59:39+02:00</date>
                    <speedMph>144</speedMph>
                    <altitudeFt>2250</altitudeFt>
                </position>
                <position>
                    <lat>48.3504</lat>
                    <lon>11.8793</lon>
                    <date>2013-07-11T10:59:34+02:00</date>
                    <speedMph>140</speedMph>
                    <altitudeFt>2330</altitudeFt>
                </position>
                <position>
                    <lat>48.351</lat>
                    <lon>11.8857</lon>
                    <date>2013-07-11T10:59:29+02:00</date>
                    <speedMph>140</speedMph>
                    <altitudeFt>2400</altitudeFt>
                </position>
                <position>
                    <lat>48.3512</lat>
                    <lon>11.8889</lon>
                    <date>2013-07-11T10:59:24+02:00</date>
                    <speedMph>140</speedMph>
                    <altitudeFt>2450</altitudeFt>
                </position>
                <position>
                    <lat>48.3516</lat>
                    <lon>11.8934</lon>
                    <date>2013-07-11T10:59:19+02:00</date>
                    <speedMph>144</speedMph>
                    <altitudeFt>2500</altitudeFt>
                </position>
                <position>
                    <lat>48.352</lat>
                    <lon>11.8991</lon>
                    <date>2013-07-11T10:59:14+02:00</date>
                    <speedMph>144</speedMph>
                    <altitudeFt>2580</altitudeFt>
                </position>
                <position>
                    <lat>48.3524</lat>
                    <lon>11.9046</lon>
                    <date>2013-07-11T10:59:09+02:00</date>
                    <speedMph>148</speedMph>
                    <altitudeFt>2650</altitudeFt>
                </position>
                <position>
                    <lat>48.3528</lat>
                    <lon>11.9101</lon>
                    <date>2013-07-11T10:59:04+02:00</date>
                    <speedMph>152</speedMph>
                    <altitudeFt>2730</altitudeFt>
                </position>
                <position>
                    <lat>48.3531</lat>
                    <lon>11.9144</lon>
                    <date>2013-07-11T10:58:59+02:00</date>
                    <speedMph>156</speedMph>
                    <altitudeFt>2780</altitudeFt>
                </position>
                <position>
                    <lat>48.3535</lat>
                    <lon>11.9199</lon>
                    <date>2013-07-11T10:58:54+02:00</date>
                    <speedMph>156</speedMph>
                    <altitudeFt>2850</altitudeFt>
                </position>
                <position>
                    <lat>48.354</lat>
                    <lon>11.9264</lon>
                    <date>2013-07-11T10:58:49+02:00</date>
                    <speedMph>160</speedMph>
                    <altitudeFt>2930</altitudeFt>
                </position>
                <position>
                    <lat>48.3544</lat>
                    <lon>11.9308</lon>
                    <date>2013-07-11T10:58:44+02:00</date>
                    <speedMph>160</speedMph>
                    <altitudeFt>3000</altitudeFt>
                </position>
                <position>
                    <lat>48.3549</lat>
                    <lon>11.9377</lon>
                    <date>2013-07-11T10:58:39+02:00</date>
                    <speedMph>164</speedMph>
                    <altitudeFt>3080</altitudeFt>
                </position>
                <position>
                    <lat>48.3553</lat>
                    <lon>11.9416</lon>
                    <date>2013-07-11T10:58:34+02:00</date>
                    <speedMph>168</speedMph>
                    <altitudeFt>3130</altitudeFt>
                </position>
                <position>
                    <lat>48.3562</lat>
                    <lon>11.954</lon>
                    <date>2013-07-11T10:58:24+02:00</date>
                    <speedMph>176</speedMph>
                    <altitudeFt>3280</altitudeFt>
                </position>
                <position>
                    <lat>48.3567</lat>
                    <lon>11.961</lon>
                    <date>2013-07-11T10:58:19+02:00</date>
                    <speedMph>176</speedMph>
                    <altitudeFt>3350</altitudeFt>
                </position>
                <position>
                    <lat>48.3572</lat>
                    <lon>11.9669</lon>
                    <date>2013-07-11T10:58:14+02:00</date>
                    <speedMph>176</speedMph>
                    <altitudeFt>3450</altitudeFt>
                </position>
                <position>
                    <lat>48.3575</lat>
                    <lon>11.9719</lon>
                    <date>2013-07-11T10:58:09+02:00</date>
                    <speedMph>176</speedMph>
                    <altitudeFt>3530</altitudeFt>
                </position>
                <position>
                    <lat>48.3586</lat>
                    <lon>11.986</lon>
                    <date>2013-07-11T10:57:59+02:00</date>
                    <speedMph>176</speedMph>
                    <altitudeFt>3700</altitudeFt>
                </position>
                <position>
                    <lat>48.359</lat>
                    <lon>11.9921</lon>
                    <date>2013-07-11T10:57:54+02:00</date>
                    <speedMph>176</speedMph>
                    <altitudeFt>3780</altitudeFt>
                </position>
                <position>
                    <lat>48.3593</lat>
                    <lon>11.9967</lon>
                    <date>2013-07-11T10:57:49+02:00</date>
                    <speedMph>176</speedMph>
                    <altitudeFt>3850</altitudeFt>
                </position>
                <position>
                    <lat>48.3597</lat>
                    <lon>12.0015</lon>
                    <date>2013-07-11T10:57:39+02:00</date>
                    <speedMph>172</speedMph>
                    <altitudeFt>3900</altitudeFt>
                </position>
                <position>
                    <lat>48.3606</lat>
                    <lon>12.0154</lon>
                    <date>2013-07-11T10:57:34+02:00</date>
                    <speedMph>180</speedMph>
                    <altitudeFt>3930</altitudeFt>
                </position>
                <position>
                    <lat>48.3609</lat>
                    <lon>12.0216</lon>
                    <date>2013-07-11T10:57:29+02:00</date>
                    <speedMph>180</speedMph>
                    <altitudeFt>3930</altitudeFt>
                </position>
                <position>
                    <lat>48.3612</lat>
                    <lon>12.0271</lon>
                    <date>2013-07-11T10:57:19+02:00</date>
                    <speedMph>184</speedMph>
                    <altitudeFt>3980</altitudeFt>
                </position>
                <position>
                    <lat>48.3616</lat>
                    <lon>12.0404</lon>
                    <date>2013-07-11T10:57:14+02:00</date>
                    <speedMph>184</speedMph>
                    <altitudeFt>4100</altitudeFt>
                </position>
                <position>
                    <lat>48.3616</lat>
                    <lon>12.0469</lon>
                    <date>2013-07-11T10:57:09+02:00</date>
                    <speedMph>184</speedMph>
                    <altitudeFt>4150</altitudeFt>
                </position>
                <position>
                    <lat>48.3612</lat>
                    <lon>12.0535</lon>
                    <date>2013-07-11T10:57:04+02:00</date>
                    <speedMph>188</speedMph>
                    <altitudeFt>4200</altitudeFt>
                </position>
                <position>
                    <lat>48.3604</lat>
                    <lon>12.0588</lon>
                    <date>2013-07-11T10:56:59+02:00</date>
                    <speedMph>184</speedMph>
                    <altitudeFt>4250</altitudeFt>
                </position>
                <position>
                    <lat>48.3587</lat>
                    <lon>12.0657</lon>
                    <date>2013-07-11T10:56:54+02:00</date>
                    <speedMph>192</speedMph>
                    <altitudeFt>4280</altitudeFt>
                </position>
                <position>
                    <lat>48.3572</lat>
                    <lon>12.0719</lon>
                    <date>2013-07-11T10:56:49+02:00</date>
                    <speedMph>192</speedMph>
                    <altitudeFt>4330</altitudeFt>
                </position>
                <position>
                    <lat>48.3556</lat>
                    <lon>12.0785</lon>
                    <date>2013-07-11T10:56:39+02:00</date>
                    <speedMph>196</speedMph>
                    <altitudeFt>4380</altitudeFt>
                </position>
                <position>
                    <lat>48.3529</lat>
                    <lon>12.0895</lon>
                    <date>2013-07-11T10:56:34+02:00</date>
                    <speedMph>196</speedMph>
                    <altitudeFt>4450</altitudeFt>
                </position>
                <position>
                    <lat>48.351</lat>
                    <lon>12.0961</lon>
                    <date>2013-07-11T10:56:29+02:00</date>
                    <speedMph>200</speedMph>
                    <altitudeFt>4500</altitudeFt>
                </position>
                <position>
                    <lat>48.3488</lat>
                    <lon>12.1029</lon>
                    <date>2013-07-11T10:56:19+02:00</date>
                    <speedMph>200</speedMph>
                    <altitudeFt>4530</altitudeFt>
                </position>
                <position>
                    <lat>48.3424</lat>
                    <lon>12.1141</lon>
                    <date>2013-07-11T10:56:14+02:00</date>
                    <speedMph>200</speedMph>
                    <altitudeFt>4630</altitudeFt>
                </position>
                <position>
                    <lat>48.3382</lat>
                    <lon>12.118</lon>
                    <date>2013-07-11T10:56:09+02:00</date>
                    <speedMph>204</speedMph>
                    <altitudeFt>4700</altitudeFt>
                </position>
                <position>
                    <lat>48.3342</lat>
                    <lon>12.1204</lon>
                    <date>2013-07-11T10:56:04+02:00</date>
                    <speedMph>204</speedMph>
                    <altitudeFt>4780</altitudeFt>
                </position>
                <position>
                    <lat>48.3237</lat>
                    <lon>12.1251</lon>
                    <date>2013-07-11T10:55:49+02:00</date>
                    <speedMph>216</speedMph>
                    <altitudeFt>4800</altitudeFt>
                </position>
                <position>
                    <lat>48.3145</lat>
                    <lon>12.1291</lon>
                    <date>2013-07-11T10:55:44+02:00</date>
                    <speedMph>216</speedMph>
                    <altitudeFt>4900</altitudeFt>
                </position>
                <position>
                    <lat>48.3079</lat>
                    <lon>12.1316</lon>
                    <date>2013-07-11T10:55:39+02:00</date>
                    <speedMph>220</speedMph>
                    <altitudeFt>4950</altitudeFt>
                </position>
                <position>
                    <lat>48.3035</lat>
                    <lon>12.1329</lon>
                    <date>2013-07-11T10:55:29+02:00</date>
                    <speedMph>228</speedMph>
                    <altitudeFt>5000</altitudeFt>
                </position>
                <position>
                    <lat>48.2874</lat>
                    <lon>12.1329</lon>
                    <date>2013-07-11T10:55:19+02:00</date>
                    <speedMph>232</speedMph>
                    <altitudeFt>5200</altitudeFt>
                </position>
                <position>
                    <lat>48.2812</lat>
                    <lon>12.1321</lon>
                    <date>2013-07-11T10:55:09+02:00</date>
                    <speedMph>240</speedMph>
                    <altitudeFt>5250</altitudeFt>
                </position>
                <position>
                    <lat>48.2653</lat>
                    <lon>12.1304</lon>
                    <date>2013-07-11T10:54:59+02:00</date>
                    <speedMph>244</speedMph>
                    <altitudeFt>5380</altitudeFt>
                </position>
                <position>
                    <lat>48.2585</lat>
                    <lon>12.1298</lon>
                    <date>2013-07-11T10:54:49+02:00</date>
                    <speedMph>256</speedMph>
                    <altitudeFt>5500</altitudeFt>
                </position>
                <position>
                    <lat>48.2396</lat>
                    <lon>12.1278</lon>
                    <date>2013-07-11T10:54:39+02:00</date>
                    <speedMph>256</speedMph>
                    <altitudeFt>5880</altitudeFt>
                </position>
                <position>
                    <lat>48.2284</lat>
                    <lon>12.1262</lon>
                    <date>2013-07-11T10:54:29+02:00</date>
                    <speedMph>260</speedMph>
                    <altitudeFt>6150</altitudeFt>
                </position>
                <position>
                    <lat>48.215</lat>
                    <lon>12.1217</lon>
                    <date>2013-07-11T10:54:19+02:00</date>
                    <speedMph>268</speedMph>
                    <altitudeFt>6550</altitudeFt>
                </position>
                <position>
                    <lat>48.2054</lat>
                    <lon>12.1139</lon>
                    <date>2013-07-11T10:54:09+02:00</date>
                    <speedMph>272</speedMph>
                    <altitudeFt>6930</altitudeFt>
                </position>
                <position>
                    <lat>48.1952</lat>
                    <lon>12.0998</lon>
                    <date>2013-07-11T10:53:59+02:00</date>
                    <speedMph>276</speedMph>
                    <altitudeFt>7400</altitudeFt>
                </position>
                <position>
                    <lat>48.1911</lat>
                    <lon>12.0935</lon>
                    <date>2013-07-11T10:53:49+02:00</date>
                    <speedMph>268</speedMph>
                    <altitudeFt>7630</altitudeFt>
                </position>
                <position>
                    <lat>48.1788</lat>
                    <lon>12.073</lon>
                    <date>2013-07-11T10:53:39+02:00</date>
                    <speedMph>272</speedMph>
                    <altitudeFt>8280</altitudeFt>
                </position>
                <position>
                    <lat>48.1716</lat>
                    <lon>12.0552</lon>
                    <date>2013-07-11T10:53:29+02:00</date>
                    <speedMph>284</speedMph>
                    <altitudeFt>8630</altitudeFt>
                </position>
                <position>
                    <lat>48.1692</lat>
                    <lon>12.0457</lon>
                    <date>2013-07-11T10:53:19+02:00</date>
                    <speedMph>284</speedMph>
                    <altitudeFt>8850</altitudeFt>
                </position>
                <position>
                    <lat>48.1626</lat>
                    <lon>12.0182</lon>
                    <date>2013-07-11T10:53:09+02:00</date>
                    <speedMph>272</speedMph>
                    <altitudeFt>9480</altitudeFt>
                </position>
                <position>
                    <lat>48.1589</lat>
                    <lon>12.0021</lon>
                    <date>2013-07-11T10:52:59+02:00</date>
                    <speedMph>268</speedMph>
                    <altitudeFt>9800</altitudeFt>
                </position>
                <position>
                    <lat>48.1551</lat>
                    <lon>11.9857</lon>
                    <date>2013-07-11T10:52:49+02:00</date>
                    <speedMph>264</speedMph>
                    <altitudeFt>10150</altitudeFt>
                </position>
                <position>
                    <lat>48.1453</lat>
                    <lon>11.9427</lon>
                    <date>2013-07-11T10:52:19+02:00</date>
                    <speedMph>252</speedMph>
                    <altitudeFt>10980</altitudeFt>
                </position>
                <position>
                    <lat>48.1319</lat>
                    <lon>11.8834</lon>
                    <date>2013-07-11T10:51:49+02:00</date>
                    <speedMph>264</speedMph>
                    <altitudeFt>11000</altitudeFt>
                </position>
                <position>
                    <lat>48.1223</lat>
                    <lon>11.8413</lon>
                    <date>2013-07-11T10:51:19+02:00</date>
                    <speedMph>280</speedMph>
                    <altitudeFt>11000</altitudeFt>
                </position>
                <position>
                    <lat>48.1063</lat>
                    <lon>11.7716</lon>
                    <date>2013-07-11T10:50:49+02:00</date>
                    <speedMph>308</speedMph>
                    <altitudeFt>11200</altitudeFt>
                </position>
                <position>
                    <lat>48.0926</lat>
                    <lon>11.7129</lon>
                    <date>2013-07-11T10:50:19+02:00</date>
                    <speedMph>312</speedMph>
                    <altitudeFt>11980</altitudeFt>
                </position>
                <position>
                    <lat>48.0803</lat>
                    <lon>11.6602</lon>
                    <date>2013-07-11T10:49:49+02:00</date>
                    <speedMph>312</speedMph>
                    <altitudeFt>12600</altitudeFt>
                </position>
                <position>
                    <lat>48.0644</lat>
                    <lon>11.5913</lon>
                    <date>2013-07-11T10:49:19+02:00</date>
                    <speedMph>300</speedMph>
                    <altitudeFt>13950</altitudeFt>
                </position>
                <position>
                    <lat>48.0536</lat>
                    <lon>11.5435</lon>
                    <date>2013-07-11T10:48:49+02:00</date>
                    <speedMph>288</speedMph>
                    <altitudeFt>14880</altitudeFt>
                </position>
                <position>
                    <lat>48.037</lat>
                    <lon>11.4749</lon>
                    <date>2013-07-11T10:48:19+02:00</date>
                    <speedMph>312</speedMph>
                    <altitudeFt>14980</altitudeFt>
                </position>
                <position>
                    <lat>48.011</lat>
                    <lon>11.4392</lon>
                    <date>2013-07-11T10:47:49+02:00</date>
                    <speedMph>312</speedMph>
                    <altitudeFt>15150</altitudeFt>
                </position>
                <position>
                    <lat>47.9277</lat>
                    <lon>11.3968</lon>
                    <date>2013-07-11T10:46:49+02:00</date>
                    <speedMph>328</speedMph>
                    <altitudeFt>17050</altitudeFt>
                </position>
                <position>
                    <lat>47.7569</lat>
                    <lon>11.3108</lon>
                    <date>2013-07-11T10:45:49+02:00</date>
                    <speedMph>340</speedMph>
                    <altitudeFt>18900</altitudeFt>
                </position>
                <position>
                    <lat>47.6806</lat>
                    <lon>11.2723</lon>
                    <date>2013-07-11T10:44:09+02:00</date>
                    <speedMph>348</speedMph>
                    <altitudeFt>19700</altitudeFt>
                </position>
                <position>
                    <lat>47.5889</lat>
                    <lon>11.2241</lon>
                    <date>2013-07-11T10:43:09+02:00</date>
                    <speedMph>356</speedMph>
                    <altitudeFt>20700</altitudeFt>
                </position>
                <position>
                    <lat>47.493</lat>
                    <lon>11.1865</lon>
                    <date>2013-07-11T10:42:09+02:00</date>
                    <speedMph>352</speedMph>
                    <altitudeFt>22380</altitudeFt>
                </position>
                <position>
                    <lat>47.394</lat>
                    <lon>11.1497</lon>
                    <date>2013-07-11T10:41:09+02:00</date>
                    <speedMph>368</speedMph>
                    <altitudeFt>23430</altitudeFt>
                </position>
                <position>
                    <lat>47.2942</lat>
                    <lon>11.1128</lon>
                    <date>2013-07-11T10:40:09+02:00</date>
                    <speedMph>364</speedMph>
                    <altitudeFt>24400</altitudeFt>
                </position>
                <position>
                    <lat>47.1921</lat>
                    <lon>11.0752</lon>
                    <date>2013-07-11T10:39:09+02:00</date>
                    <speedMph>384</speedMph>
                    <altitudeFt>25330</altitudeFt>
                </position>
                <position>
                    <lat>47.0895</lat>
                    <lon>11.0375</lon>
                    <date>2013-07-11T10:38:09+02:00</date>
                    <speedMph>380</speedMph>
                    <altitudeFt>26330</altitudeFt>
                </position>
                <position>
                    <lat>46.9842</lat>
                    <lon>10.999</lon>
                    <date>2013-07-11T10:37:09+02:00</date>
                    <speedMph>384</speedMph>
                    <altitudeFt>27300</altitudeFt>
                </position>
                <position>
                    <lat>46.8676</lat>
                    <lon>10.9565</lon>
                    <date>2013-07-11T10:36:09+02:00</date>
                    <speedMph>396</speedMph>
                    <altitudeFt>28250</altitudeFt>
                </position>
                <position>
                    <lat>46.7713</lat>
                    <lon>10.9215</lon>
                    <date>2013-07-11T10:35:09+02:00</date>
                    <speedMph>396</speedMph>
                    <altitudeFt>28830</altitudeFt>
                </position>
                <position>
                    <lat>46.663</lat>
                    <lon>10.8824</lon>
                    <date>2013-07-11T10:34:09+02:00</date>
                    <speedMph>400</speedMph>
                    <altitudeFt>29500</altitudeFt>
                </position>
                <position>
                    <lat>46.5537</lat>
                    <lon>10.8375</lon>
                    <date>2013-07-11T10:33:09+02:00</date>
                    <speedMph>404</speedMph>
                    <altitudeFt>30180</altitudeFt>
                </position>
                <position>
                    <lat>46.4465</lat>
                    <lon>10.7757</lon>
                    <date>2013-07-11T10:32:09+02:00</date>
                    <speedMph>412</speedMph>
                    <altitudeFt>30830</altitudeFt>
                </position>
                <position>
                    <lat>46.3048</lat>
                    <lon>10.6942</lon>
                    <date>2013-07-11T10:31:09+02:00</date>
                    <speedMph>428</speedMph>
                    <altitudeFt>31700</altitudeFt>
                </position>
                <position>
                    <lat>46.2274</lat>
                    <lon>10.6501</lon>
                    <date>2013-07-11T10:30:09+02:00</date>
                    <speedMph>432</speedMph>
                    <altitudeFt>32000</altitudeFt>
                </position>
                <position>
                    <lat>46.1007</lat>
                    <lon>10.5781</lon>
                    <date>2013-07-11T10:29:09+02:00</date>
                    <speedMph>436</speedMph>
                    <altitudeFt>32000</altitudeFt>
                </position>
                <position>
                    <lat>45.9867</lat>
                    <lon>10.5132</lon>
                    <date>2013-07-11T10:28:09+02:00</date>
                    <speedMph>432</speedMph>
                    <altitudeFt>32130</altitudeFt>
                </position>
                <position>
                    <lat>45.8925</lat>
                    <lon>10.4593</lon>
                    <date>2013-07-11T10:27:09+02:00</date>
                    <speedMph>444</speedMph>
                    <altitudeFt>33080</altitudeFt>
                </position>
                <position>
                    <lat>45.7805</lat>
                    <lon>10.3879</lon>
                    <date>2013-07-11T10:26:09+02:00</date>
                    <speedMph>464</speedMph>
                    <altitudeFt>34200</altitudeFt>
                </position>
                <position>
                    <lat>45.6901</lat>
                    <lon>10.2669</lon>
                    <date>2013-07-11T10:25:09+02:00</date>
                    <speedMph>460</speedMph>
                    <altitudeFt>35330</altitudeFt>
                </position>
                <position>
                    <lat>45.5961</lat>
                    <lon>10.135</lon>
                    <date>2013-07-11T10:24:09+02:00</date>
                    <speedMph>460</speedMph>
                    <altitudeFt>36250</altitudeFt>
                </position>
                <position>
                    <lat>45.5026</lat>
                    <lon>10.0047</lon>
                    <date>2013-07-11T10:23:09+02:00</date>
                    <speedMph>460</speedMph>
                    <altitudeFt>36950</altitudeFt>
                </position>
                <position>
                    <lat>45.413</lat>
                    <lon>9.8814</lon>
                    <date>2013-07-11T10:22:09+02:00</date>
                    <speedMph>452</speedMph>
                    <altitudeFt>37630</altitudeFt>
                </position>
                <position>
                    <lat>45.318</lat>
                    <lon>9.7506</lon>
                    <date>2013-07-11T10:21:09+02:00</date>
                    <speedMph>456</speedMph>
                    <altitudeFt>38030</altitudeFt>
                </position>
                <position>
                    <lat>45.2373</lat>
                    <lon>9.6394</lon>
                    <date>2013-07-11T10:20:09+02:00</date>
                    <speedMph>456</speedMph>
                    <altitudeFt>38000</altitudeFt>
                </position>
                <position>
                    <lat>45.1429</lat>
                    <lon>9.5103</lon>
                    <date>2013-07-11T10:19:09+02:00</date>
                    <speedMph>456</speedMph>
                    <altitudeFt>38030</altitudeFt>
                </position>
                <position>
                    <lat>45.0043</lat>
                    <lon>9.3228</lon>
                    <date>2013-07-11T10:18:09+02:00</date>
                    <speedMph>460</speedMph>
                    <altitudeFt>38030</altitudeFt>
                </position>
                <position>
                    <lat>44.7919</lat>
                    <lon>9.0361</lon>
                    <date>2013-07-11T10:17:06+02:00</date>
                    <speedMph>444</speedMph>
                    <altitudeFt>37980</altitudeFt>
                </position>
                <position>
                    <lat>44.7638</lat>
                    <lon>8.9987</lon>
                    <date>2013-07-11T10:15:37+02:00</date>
                    <speedMph>448</speedMph>
                    <altitudeFt>37980</altitudeFt>
                </position>
                <position>
                    <lat>44.6843</lat>
                    <lon>8.893</lon>
                    <date>2013-07-11T10:14:06+02:00</date>
                    <speedMph>448</speedMph>
                    <altitudeFt>38000</altitudeFt>
                </position>
                <position>
                    <lat>44.5966</lat>
                    <lon>8.7763</lon>
                    <date>2013-07-11T10:13:06+02:00</date>
                    <speedMph>448</speedMph>
                    <altitudeFt>38000</altitudeFt>
                </position>
                <position>
                    <lat>44.502</lat>
                    <lon>8.6517</lon>
                    <date>2013-07-11T10:12:06+02:00</date>
                    <speedMph>448</speedMph>
                    <altitudeFt>38030</altitudeFt>
                </position>
                <position>
                    <lat>44.4028</lat>
                    <lon>8.5211</lon>
                    <date>2013-07-11T10:11:05+02:00</date>
                    <speedMph>448</speedMph>
                    <altitudeFt>38030</altitudeFt>
                </position>
                <position>
                    <lat>44.312</lat>
                    <lon>8.4021</lon>
                    <date>2013-07-11T10:10:05+02:00</date>
                    <speedMph>448</speedMph>
                    <altitudeFt>38030</altitudeFt>
                </position>
                <position>
                    <lat>44.2206</lat>
                    <lon>8.2826</lon>
                    <date>2013-07-11T10:09:05+02:00</date>
                    <speedMph>448</speedMph>
                    <altitudeFt>37980</altitudeFt>
                </position>
                <position>
                    <lat>44.1303</lat>
                    <lon>8.1657</lon>
                    <date>2013-07-11T10:08:05+02:00</date>
                    <speedMph>448</speedMph>
                    <altitudeFt>38030</altitudeFt>
                </position>
                <position>
                    <lat>44.0347</lat>
                    <lon>8.042</lon>
                    <date>2013-07-11T10:07:05+02:00</date>
                    <speedMph>452</speedMph>
                    <altitudeFt>38000</altitudeFt>
                </position>
                <position>
                    <lat>43.9532</lat>
                    <lon>7.937</lon>
                    <date>2013-07-11T10:06:05+02:00</date>
                    <speedMph>452</speedMph>
                    <altitudeFt>38000</altitudeFt>
                </position>
                <position>
                    <lat>43.8617</lat>
                    <lon>7.8195</lon>
                    <date>2013-07-11T10:05:05+02:00</date>
                    <speedMph>452</speedMph>
                    <altitudeFt>38000</altitudeFt>
                </position>
                <position>
                    <lat>43.7705</lat>
                    <lon>7.6929</lon>
                    <date>2013-07-11T10:04:05+02:00</date>
                    <speedMph>456</speedMph>
                    <altitudeFt>38000</altitudeFt>
                </position>
                <position>
                    <lat>43.6972</lat>
                    <lon>7.5587</lon>
                    <date>2013-07-11T10:03:05+02:00</date>
                    <speedMph>456</speedMph>
                    <altitudeFt>37980</altitudeFt>
                </position>
                <position>
                    <lat>43.6208</lat>
                    <lon>7.4199</lon>
                    <date>2013-07-11T10:02:05+02:00</date>
                    <speedMph>456</speedMph>
                    <altitudeFt>38000</altitudeFt>
                </position>
                <position>
                    <lat>43.5489</lat>
                    <lon>7.2897</lon>
                    <date>2013-07-11T10:01:05+02:00</date>
                    <speedMph>460</speedMph>
                    <altitudeFt>38000</altitudeFt>
                </position>
                <position>
                    <lat>43.4614</lat>
                    <lon>7.132</lon>
                    <date>2013-07-11T10:00:05+02:00</date>
                    <speedMph>464</speedMph>
                    <altitudeFt>38000</altitudeFt>
                </position>
                <position>
                    <lat>43.3887</lat>
                    <lon>7.0014</lon>
                    <date>2013-07-11T09:59:05+02:00</date>
                    <speedMph>468</speedMph>
                    <altitudeFt>38000</altitudeFt>
                </position>
                <position>
                    <lat>43.3077</lat>
                    <lon>6.8566</lon>
                    <date>2013-07-11T09:58:05+02:00</date>
                    <speedMph>464</speedMph>
                    <altitudeFt>38030</altitudeFt>
                </position>
                <position>
                    <lat>43.2263</lat>
                    <lon>6.7124</lon>
                    <date>2013-07-11T09:57:05+02:00</date>
                    <speedMph>472</speedMph>
                    <altitudeFt>38030</altitudeFt>
                </position>
                <position>
                    <lat>43.1477</lat>
                    <lon>6.5737</lon>
                    <date>2013-07-11T09:56:05+02:00</date>
                    <speedMph>472</speedMph>
                    <altitudeFt>37980</altitudeFt>
                </position>
                <position>
                    <lat>43.0664</lat>
                    <lon>6.4307</lon>
                    <date>2013-07-11T09:55:05+02:00</date>
                    <speedMph>468</speedMph>
                    <altitudeFt>37980</altitudeFt>
                </position>
                <position>
                    <lat>42.9862</lat>
                    <lon>6.2902</lon>
                    <date>2013-07-11T09:54:05+02:00</date>
                    <speedMph>468</speedMph>
                    <altitudeFt>38000</altitudeFt>
                </position>
                <position>
                    <lat>42.9057</lat>
                    <lon>6.1505</lon>
                    <date>2013-07-11T09:53:05+02:00</date>
                    <speedMph>472</speedMph>
                    <altitudeFt>38030</altitudeFt>
                </position>
                <position>
                    <lat>42.8258</lat>
                    <lon>6.0097</lon>
                    <date>2013-07-11T09:52:05+02:00</date>
                    <speedMph>468</speedMph>
                    <altitudeFt>38030</altitudeFt>
                </position>
                <position>
                    <lat>42.7354</lat>
                    <lon>5.8576</lon>
                    <date>2013-07-11T09:51:05+02:00</date>
                    <speedMph>472</speedMph>
                    <altitudeFt>38030</altitudeFt>
                </position>
                <position>
                    <lat>42.6599</lat>
                    <lon>5.7433</lon>
                    <date>2013-07-11T09:50:05+02:00</date>
                    <speedMph>472</speedMph>
                    <altitudeFt>38000</altitudeFt>
                </position>
                <position>
                    <lat>42.5616</lat>
                    <lon>5.5952</lon>
                    <date>2013-07-11T09:49:05+02:00</date>
                    <speedMph>460</speedMph>
                    <altitudeFt>37980</altitudeFt>
                </position>
                <position>
                    <lat>42.4906</lat>
                    <lon>5.4888</lon>
                    <date>2013-07-11T09:48:05+02:00</date>
                    <speedMph>464</speedMph>
                    <altitudeFt>38000</altitudeFt>
                </position>
                <position>
                    <lat>42.3989</lat>
                    <lon>5.3515</lon>
                    <date>2013-07-11T09:47:05+02:00</date>
                    <speedMph>468</speedMph>
                    <altitudeFt>38050</altitudeFt>
                </position>
                <position>
                    <lat>42.2954</lat>
                    <lon>5.1974</lon>
                    <date>2013-07-11T09:46:05+02:00</date>
                    <speedMph>472</speedMph>
                    <altitudeFt>38030</altitudeFt>
                </position>
                <position>
                    <lat>42.2018</lat>
                    <lon>5.0591</lon>
                    <date>2013-07-11T09:45:02+02:00</date>
                    <speedMph>468</speedMph>
                    <altitudeFt>37950</altitudeFt>
                </position>
                <position>
                    <lat>42.1104</lat>
                    <lon>4.9244</lon>
                    <date>2013-07-11T09:43:42+02:00</date>
                    <speedMph>464</speedMph>
                    <altitudeFt>37950</altitudeFt>
                </position>
                <position>
                    <lat>42.0095</lat>
                    <lon>4.7765</lon>
                    <date>2013-07-11T09:42:42+02:00</date>
                    <speedMph>464</speedMph>
                    <altitudeFt>37980</altitudeFt>
                </position>
                <position>
                    <lat>41.9351</lat>
                    <lon>4.6683</lon>
                    <date>2013-07-11T09:41:42+02:00</date>
                    <speedMph>468</speedMph>
                    <altitudeFt>37980</altitudeFt>
                </position>
                <position>
                    <lat>41.8466</lat>
                    <lon>4.5389</lon>
                    <date>2013-07-11T09:40:42+02:00</date>
                    <speedMph>472</speedMph>
                    <altitudeFt>38030</altitudeFt>
                </position>
                <position>
                    <lat>41.7567</lat>
                    <lon>4.4079</lon>
                    <date>2013-07-11T09:39:42+02:00</date>
                    <speedMph>476</speedMph>
                    <altitudeFt>38030</altitudeFt>
                </position>
                <position>
                    <lat>41.6759</lat>
                    <lon>4.2741</lon>
                    <date>2013-07-11T09:38:42+02:00</date>
                    <speedMph>480</speedMph>
                    <altitudeFt>38030</altitudeFt>
                </position>
                <position>
                    <lat>41.6446</lat>
                    <lon>4.1018</lon>
                    <date>2013-07-11T09:37:42+02:00</date>
                    <speedMph>480</speedMph>
                    <altitudeFt>38000</altitudeFt>
                </position>
                <position>
                    <lat>41.6168</lat>
                    <lon>3.9282</lon>
                    <date>2013-07-11T09:36:42+02:00</date>
                    <speedMph>476</speedMph>
                    <altitudeFt>37980</altitudeFt>
                </position>
                <position>
                    <lat>41.5889</lat>
                    <lon>3.7576</lon>
                    <date>2013-07-11T09:35:42+02:00</date>
                    <speedMph>472</speedMph>
                    <altitudeFt>38000</altitudeFt>
                </position>
                <position>
                    <lat>41.5608</lat>
                    <lon>3.5863</lon>
                    <date>2013-07-11T09:34:42+02:00</date>
                    <speedMph>472</speedMph>
                    <altitudeFt>38000</altitudeFt>
                </position>
                <position>
                    <lat>41.5323</lat>
                    <lon>3.4134</lon>
                    <date>2013-07-11T09:33:42+02:00</date>
                    <speedMph>472</speedMph>
                    <altitudeFt>38030</altitudeFt>
                </position>
                <position>
                    <lat>41.5041</lat>
                    <lon>3.2444</lon>
                    <date>2013-07-11T09:32:42+02:00</date>
                    <speedMph>472</speedMph>
                    <altitudeFt>38000</altitudeFt>
                </position>
                <position>
                    <lat>41.4749</lat>
                    <lon>3.0709</lon>
                    <date>2013-07-11T09:31:42+02:00</date>
                    <speedMph>472</speedMph>
                    <altitudeFt>38050</altitudeFt>
                </position>
                <position>
                    <lat>41.4468</lat>
                    <lon>2.9048</lon>
                    <date>2013-07-11T09:30:42+02:00</date>
                    <speedMph>472</speedMph>
                    <altitudeFt>38030</altitudeFt>
                </position>
                <position>
                    <lat>41.4164</lat>
                    <lon>2.7279</lon>
                    <date>2013-07-11T09:29:42+02:00</date>
                    <speedMph>468</speedMph>
                    <altitudeFt>38000</altitudeFt>
                </position>
                <position>
                    <lat>41.3863</lat>
                    <lon>2.5564</lon>
                    <date>2013-07-11T09:28:42+02:00</date>
                    <speedMph>464</speedMph>
                    <altitudeFt>37980</altitudeFt>
                </position>
                <position>
                    <lat>41.3578</lat>
                    <lon>2.3955</lon>
                    <date>2013-07-11T09:27:42+02:00</date>
                    <speedMph>456</speedMph>
                    <altitudeFt>37950</altitudeFt>
                </position>
                <position>
                    <lat>41.3301</lat>
                    <lon>2.2446</lon>
                    <date>2013-07-11T09:26:42+02:00</date>
                    <speedMph>456</speedMph>
                    <altitudeFt>37950</altitudeFt>
                </position>
                <position>
                    <lat>41.2764</lat>
                    <lon>2.0836</lon>
                    <date>2013-07-11T09:25:42+02:00</date>
                    <speedMph>456</speedMph>
                    <altitudeFt>38030</altitudeFt>
                </position>
                <position>
                    <lat>41.1985</lat>
                    <lon>1.9467</lon>
                    <date>2013-07-11T09:24:42+02:00</date>
                    <speedMph>460</speedMph>
                    <altitudeFt>38030</altitudeFt>
                </position>
                <position>
                    <lat>41.1205</lat>
                    <lon>1.8318</lon>
                    <date>2013-07-11T09:23:42+02:00</date>
                    <speedMph>460</speedMph>
                    <altitudeFt>38000</altitudeFt>
                </position>
                <position>
                    <lat>41.0339</lat>
                    <lon>1.7047</lon>
                    <date>2013-07-11T09:22:42+02:00</date>
                    <speedMph>460</speedMph>
                    <altitudeFt>38000</altitudeFt>
                </position>
                <position>
                    <lat>40.9493</lat>
                    <lon>1.5807</lon>
                    <date>2013-07-11T09:21:42+02:00</date>
                    <speedMph>460</speedMph>
                    <altitudeFt>38000</altitudeFt>
                </position>
                <position>
                    <lat>40.8631</lat>
                    <lon>1.4551</lon>
                    <date>2013-07-11T09:20:42+02:00</date>
                    <speedMph>460</speedMph>
                    <altitudeFt>38030</altitudeFt>
                </position>
                <position>
                    <lat>40.7768</lat>
                    <lon>1.3301</lon>
                    <date>2013-07-11T09:19:42+02:00</date>
                    <speedMph>464</speedMph>
                    <altitudeFt>38000</altitudeFt>
                </position>
                <position>
                    <lat>40.6907</lat>
                    <lon>1.2056</lon>
                    <date>2013-07-11T09:18:42+02:00</date>
                    <speedMph>460</speedMph>
                    <altitudeFt>38030</altitudeFt>
                </position>
                <position>
                    <lat>40.6017</lat>
                    <lon>1.0771</lon>
                    <date>2013-07-11T09:17:42+02:00</date>
                    <speedMph>460</speedMph>
                    <altitudeFt>37980</altitudeFt>
                </position>
                <position>
                    <lat>40.5121</lat>
                    <lon>0.9486</lon>
                    <date>2013-07-11T09:16:42+02:00</date>
                    <speedMph>456</speedMph>
                    <altitudeFt>38030</altitudeFt>
                </position>
                <position>
                    <lat>40.4184</lat>
                    <lon>0.815</lon>
                    <date>2013-07-11T09:15:42+02:00</date>
                    <speedMph>456</speedMph>
                    <altitudeFt>37980</altitudeFt>
                </position>
                <position>
                    <lat>40.3406</lat>
                    <lon>0.705</lon>
                    <date>2013-07-11T09:14:39+02:00</date>
                    <speedMph>456</speedMph>
                    <altitudeFt>37980</altitudeFt>
                </position>
                <position>
                    <lat>40.2569</lat>
                    <lon>0.5867</lon>
                    <date>2013-07-11T09:13:39+02:00</date>
                    <speedMph>456</speedMph>
                    <altitudeFt>38000</altitudeFt>
                </position>
                <position>
                    <lat>40.1686</lat>
                    <lon>0.4625</lon>
                    <date>2013-07-11T09:12:39+02:00</date>
                    <speedMph>456</speedMph>
                    <altitudeFt>38030</altitudeFt>
                </position>
                <position>
                    <lat>40.0522</lat>
                    <lon>0.2987</lon>
                    <date>2013-07-11T09:11:39+02:00</date>
                    <speedMph>460</speedMph>
                    <altitudeFt>37980</altitudeFt>
                </position>
                <position>
                    <lat>39.9872</lat>
                    <lon>0.2077</lon>
                    <date>2013-07-11T09:10:35+02:00</date>
                    <speedMph>460</speedMph>
                    <altitudeFt>38030</altitudeFt>
                </position>
                <position>
                    <lat>39.9043</lat>
                    <lon>0.0923</lon>
                    <date>2013-07-11T09:09:35+02:00</date>
                    <speedMph>460</speedMph>
                    <altitudeFt>38000</altitudeFt>
                </position>
                <position>
                    <lat>39.8124</lat>
                    <lon>-0.0343</lon>
                    <date>2013-07-11T09:08:35+02:00</date>
                    <speedMph>460</speedMph>
                    <altitudeFt>37950</altitudeFt>
                </position>
                <position>
                    <lat>39.7282</lat>
                    <lon>-0.1502</lon>
                    <date>2013-07-11T09:07:35+02:00</date>
                    <speedMph>460</speedMph>
                    <altitudeFt>38000</altitudeFt>
                </position>
                <position>
                    <lat>39.6396</lat>
                    <lon>-0.2722</lon>
                    <date>2013-07-11T09:06:35+02:00</date>
                    <speedMph>460</speedMph>
                    <altitudeFt>38000</altitudeFt>
                </position>
                <position>
                    <lat>39.5531</lat>
                    <lon>-0.3914</lon>
                    <date>2013-07-11T09:05:35+02:00</date>
                    <speedMph>464</speedMph>
                    <altitudeFt>38000</altitudeFt>
                </position>
                <position>
                    <lat>39.4516</lat>
                    <lon>-0.5029</lon>
                    <date>2013-07-11T09:04:35+02:00</date>
                    <speedMph>460</speedMph>
                    <altitudeFt>37980</altitudeFt>
                </position>
                <position>
                    <lat>39.3398</lat>
                    <lon>-0.5847</lon>
                    <date>2013-07-11T09:03:35+02:00</date>
                    <speedMph>456</speedMph>
                    <altitudeFt>38000</altitudeFt>
                </position>
                <position>
                    <lat>39.2302</lat>
                    <lon>-0.6609</lon>
                    <date>2013-07-11T09:02:35+02:00</date>
                    <speedMph>460</speedMph>
                    <altitudeFt>38030</altitudeFt>
                </position>
                <position>
                    <lat>39.1162</lat>
                    <lon>-0.7478</lon>
                    <date>2013-07-11T09:01:34+02:00</date>
                    <speedMph>464</speedMph>
                    <altitudeFt>37980</altitudeFt>
                </position>
                <position>
                    <lat>38.9897</lat>
                    <lon>-0.9053</lon>
                    <date>2013-07-11T09:00:34+02:00</date>
                    <speedMph>472</speedMph>
                    <altitudeFt>38030</altitudeFt>
                </position>
                <position>
                    <lat>38.9344</lat>
                    <lon>-0.9977</lon>
                    <date>2013-07-11T08:59:32+02:00</date>
                    <speedMph>476</speedMph>
                    <altitudeFt>38000</altitudeFt>
                </position>
                <position>
                    <lat>38.8565</lat>
                    <lon>-1.1277</lon>
                    <date>2013-07-11T08:58:32+02:00</date>
                    <speedMph>480</speedMph>
                    <altitudeFt>37950</altitudeFt>
                </position>
                <position>
                    <lat>38.7762</lat>
                    <lon>-1.2608</lon>
                    <date>2013-07-11T08:57:32+02:00</date>
                    <speedMph>480</speedMph>
                    <altitudeFt>38000</altitudeFt>
                </position>
                <position>
                    <lat>38.6872</lat>
                    <lon>-1.4074</lon>
                    <date>2013-07-11T08:56:32+02:00</date>
                    <speedMph>480</speedMph>
                    <altitudeFt>38030</altitudeFt>
                </position>
                <position>
                    <lat>38.6046</lat>
                    <lon>-1.5438</lon>
                    <date>2013-07-11T08:55:32+02:00</date>
                    <speedMph>484</speedMph>
                    <altitudeFt>38030</altitudeFt>
                </position>
                <position>
                    <lat>38.5074</lat>
                    <lon>-1.7031</lon>
                    <date>2013-07-11T08:54:32+02:00</date>
                    <speedMph>484</speedMph>
                    <altitudeFt>38000</altitudeFt>
                </position>
                <position>
                    <lat>38.435</lat>
                    <lon>-1.821</lon>
                    <date>2013-07-11T08:53:32+02:00</date>
                    <speedMph>484</speedMph>
                    <altitudeFt>38000</altitudeFt>
                </position>
                <position>
                    <lat>38.3542</lat>
                    <lon>-1.9528</lon>
                    <date>2013-07-11T08:52:32+02:00</date>
                    <speedMph>484</speedMph>
                    <altitudeFt>38000</altitudeFt>
                </position>
                <position>
                    <lat>38.2728</lat>
                    <lon>-2.0842</lon>
                    <date>2013-07-11T08:51:32+02:00</date>
                    <speedMph>484</speedMph>
                    <altitudeFt>38000</altitudeFt>
                </position>
                <position>
                    <lat>38.1858</lat>
                    <lon>-2.2185</lon>
                    <date>2013-07-11T08:50:32+02:00</date>
                    <speedMph>472</speedMph>
                    <altitudeFt>38000</altitudeFt>
                </position>
                <position>
                    <lat>38.0941</lat>
                    <lon>-2.3419</lon>
                    <date>2013-07-11T08:49:32+02:00</date>
                    <speedMph>480</speedMph>
                    <altitudeFt>37800</altitudeFt>
                </position>
                <position>
                    <lat>38.0197</lat>
                    <lon>-2.4416</lon>
                    <date>2013-07-11T08:48:32+02:00</date>
                    <speedMph>484</speedMph>
                    <altitudeFt>36800</altitudeFt>
                </position>
                <position>
                    <lat>37.9265</lat>
                    <lon>-2.5657</lon>
                    <date>2013-07-11T08:47:32+02:00</date>
                    <speedMph>484</speedMph>
                    <altitudeFt>35830</altitudeFt>
                </position>
                <position>
                    <lat>37.8375</lat>
                    <lon>-2.6839</lon>
                    <date>2013-07-11T08:46:32+02:00</date>
                    <speedMph>480</speedMph>
                    <altitudeFt>34800</altitudeFt>
                </position>
                <position>
                    <lat>37.6933</lat>
                    <lon>-2.8748</lon>
                    <date>2013-07-11T08:45:32+02:00</date>
                    <speedMph>488</speedMph>
                    <altitudeFt>32530</altitudeFt>
                </position>
                <position>
                    <lat>37.6171</lat>
                    <lon>-2.9752</lon>
                    <date>2013-07-11T08:44:12+02:00</date>
                    <speedMph>484</speedMph>
                    <altitudeFt>31650</altitudeFt>
                </position>
                <position>
                    <lat>37.5252</lat>
                    <lon>-3.0956</lon>
                    <date>2013-07-11T08:43:11+02:00</date>
                    <speedMph>480</speedMph>
                    <altitudeFt>30500</altitudeFt>
                </position>
                <position>
                    <lat>37.4338</lat>
                    <lon>-3.2151</lon>
                    <date>2013-07-11T08:42:11+02:00</date>
                    <speedMph>468</speedMph>
                    <altitudeFt>29280</altitudeFt>
                </position>
                <position>
                    <lat>37.3453</lat>
                    <lon>-3.3304</lon>
                    <date>2013-07-11T08:41:11+02:00</date>
                    <speedMph>460</speedMph>
                    <altitudeFt>27950</altitudeFt>
                </position>
                <position>
                    <lat>37.2566</lat>
                    <lon>-3.4451</lon>
                    <date>2013-07-11T08:40:11+02:00</date>
                    <speedMph>448</speedMph>
                    <altitudeFt>26600</altitudeFt>
                </position>
                <position>
                    <lat>37.1731</lat>
                    <lon>-3.5527</lon>
                    <date>2013-07-11T08:39:11+02:00</date>
                    <speedMph>436</speedMph>
                    <altitudeFt>25030</altitudeFt>
                </position>
                <position>
                    <lat>37.0911</lat>
                    <lon>-3.6636</lon>
                    <date>2013-07-11T08:38:11+02:00</date>
                    <speedMph>424</speedMph>
                    <altitudeFt>23300</altitudeFt>
                </position>
                <position>
                    <lat>37.0129</lat>
                    <lon>-3.7694</lon>
                    <date>2013-07-11T08:37:11+02:00</date>
                    <speedMph>412</speedMph>
                    <altitudeFt>21480</altitudeFt>
                </position>
                <position>
                    <lat>36.9358</lat>
                    <lon>-3.8732</lon>
                    <date>2013-07-11T08:36:11+02:00</date>
                    <speedMph>400</speedMph>
                    <altitudeFt>19350</altitudeFt>
                </position>
                <position>
                    <lat>36.8608</lat>
                    <lon>-3.9739</lon>
                    <date>2013-07-11T08:35:11+02:00</date>
                    <speedMph>392</speedMph>
                    <altitudeFt>16900</altitudeFt>
                </position>
                <position>
                    <lat>36.7878</lat>
                    <lon>-4.0715</lon>
                    <date>2013-07-11T08:34:11+02:00</date>
                    <speedMph>372</speedMph>
                    <altitudeFt>14650</altitudeFt>
                </position>
                <position>
                    <lat>36.7566</lat>
                    <lon>-4.1133</lon>
                    <date>2013-07-11T08:33:41+02:00</date>
                    <speedMph>372</speedMph>
                    <altitudeFt>13230</altitudeFt>
                </position>
                <position>
                    <lat>36.7186</lat>
                    <lon>-4.1642</lon>
                    <date>2013-07-11T08:33:11+02:00</date>
                    <speedMph>364</speedMph>
                    <altitudeFt>11700</altitudeFt>
                </position>
                <position>
                    <lat>36.687</lat>
                    <lon>-4.2063</lon>
                    <date>2013-07-11T08:32:41+02:00</date>
                    <speedMph>340</speedMph>
                    <altitudeFt>10880</altitudeFt>
                </position>
                <position>
                    <lat>36.6523</lat>
                    <lon>-4.2521</lon>
                    <date>2013-07-11T08:32:11+02:00</date>
                    <speedMph>308</speedMph>
                    <altitudeFt>9850</altitudeFt>
                </position>
                <position>
                    <lat>36.6469</lat>
                    <lon>-4.2591</lon>
                    <date>2013-07-11T08:32:01+02:00</date>
                    <speedMph>312</speedMph>
                    <altitudeFt>9530</altitudeFt>
                </position>
                <position>
                    <lat>36.6324</lat>
                    <lon>-4.2779</lon>
                    <date>2013-07-11T08:31:51+02:00</date>
                    <speedMph>308</speedMph>
                    <altitudeFt>8830</altitudeFt>
                </position>
                <position>
                    <lat>36.6149</lat>
                    <lon>-4.3002</lon>
                    <date>2013-07-11T08:31:41+02:00</date>
                    <speedMph>300</speedMph>
                    <altitudeFt>7980</altitudeFt>
                </position>
                <position>
                    <lat>36.596</lat>
                    <lon>-4.3243</lon>
                    <date>2013-07-11T08:31:31+02:00</date>
                    <speedMph>280</speedMph>
                    <altitudeFt>7250</altitudeFt>
                </position>
                <position>
                    <lat>36.5889</lat>
                    <lon>-4.3338</lon>
                    <date>2013-07-11T08:31:21+02:00</date>
                    <speedMph>268</speedMph>
                    <altitudeFt>7030</altitudeFt>
                </position>
                <position>
                    <lat>36.5939</lat>
                    <lon>-4.4032</lon>
                    <date>2013-07-11T08:30:56+02:00</date>
                    <speedMph>236</speedMph>
                    <altitudeFt>4650</altitudeFt>
                </position>
                <position>
                    <lat>36.5956</lat>
                    <lon>-4.4053</lon>
                    <date>2013-07-11T08:30:51+02:00</date>
                    <speedMph>236</speedMph>
                    <altitudeFt>4550</altitudeFt>
                </position>
                <position>
                    <lat>36.5999</lat>
                    <lon>-4.4107</lon>
                    <date>2013-07-11T08:30:01+02:00</date>
                    <speedMph>236</speedMph>
                    <altitudeFt>4300</altitudeFt>
                </position>
                <position>
                    <lat>36.6026</lat>
                    <lon>-4.414</lon>
                    <date>2013-07-11T08:29:56+02:00</date>
                    <speedMph>236</speedMph>
                    <altitudeFt>4150</altitudeFt>
                </position>
                <position>
                    <lat>36.6055</lat>
                    <lon>-4.4176</lon>
                    <date>2013-07-11T08:29:51+02:00</date>
                    <speedMph>232</speedMph>
                    <altitudeFt>3980</altitudeFt>
                </position>
                <position>
                    <lat>36.6089</lat>
                    <lon>-4.4217</lon>
                    <date>2013-07-11T08:29:46+02:00</date>
                    <speedMph>232</speedMph>
                    <altitudeFt>3800</altitudeFt>
                </position>
                <position>
                    <lat>36.6144</lat>
                    <lon>-4.4283</lon>
                    <date>2013-07-11T08:29:41+02:00</date>
                    <speedMph>228</speedMph>
                    <altitudeFt>3450</altitudeFt>
                </position>
                <position>
                    <lat>36.6176</lat>
                    <lon>-4.4321</lon>
                    <date>2013-07-11T08:29:36+02:00</date>
                    <speedMph>228</speedMph>
                    <altitudeFt>3230</altitudeFt>
                </position>
                <position>
                    <lat>36.6211</lat>
                    <lon>-4.4363</lon>
                    <date>2013-07-11T08:29:31+02:00</date>
                    <speedMph>228</speedMph>
                    <altitudeFt>2950</altitudeFt>
                </position>
                <position>
                    <lat>36.6234</lat>
                    <lon>-4.439</lon>
                    <date>2013-07-11T08:29:26+02:00</date>
                    <speedMph>228</speedMph>
                    <altitudeFt>2750</altitudeFt>
                </position>
                <position>
                    <lat>36.6302</lat>
                    <lon>-4.4468</lon>
                    <date>2013-07-11T08:29:21+02:00</date>
                    <speedMph>224</speedMph>
                    <altitudeFt>2350</altitudeFt>
                </position>
                <position>
                    <lat>36.6323</lat>
                    <lon>-4.4491</lon>
                    <date>2013-07-11T08:29:16+02:00</date>
                    <speedMph>220</speedMph>
                    <altitudeFt>2250</altitudeFt>
                </position>
                <position>
                    <lat>36.635</lat>
                    <lon>-4.4521</lon>
                    <date>2013-07-11T08:29:11+02:00</date>
                    <speedMph>212</speedMph>
                    <altitudeFt>2180</altitudeFt>
                </position>
                <position>
                    <lat>36.6428</lat>
                    <lon>-4.4604</lon>
                    <date>2013-07-11T08:29:06+02:00</date>
                    <speedMph>196</speedMph>
                    <altitudeFt>1980</altitudeFt>
                </position>
                <position>
                    <lat>36.6454</lat>
                    <lon>-4.4633</lon>
                    <date>2013-07-11T08:29:01+02:00</date>
                    <speedMph>192</speedMph>
                    <altitudeFt>1900</altitudeFt>
                </position>
                <position>
                    <lat>36.6478</lat>
                    <lon>-4.4658</lon>
                    <date>2013-07-11T08:28:56+02:00</date>
                    <speedMph>188</speedMph>
                    <altitudeFt>1800</altitudeFt>
                </position>
                <position>
                    <lat>36.6508</lat>
                    <lon>-4.469</lon>
                    <date>2013-07-11T08:28:51+02:00</date>
                    <speedMph>180</speedMph>
                    <altitudeFt>1680</altitudeFt>
                </position>
                <position>
                    <lat>36.6534</lat>
                    <lon>-4.4718</lon>
                    <date>2013-07-11T08:28:46+02:00</date>
                    <speedMph>172</speedMph>
                    <altitudeFt>1600</altitudeFt>
                </position>
                <position>
                    <lat>36.6584</lat>
                    <lon>-4.4772</lon>
                    <date>2013-07-11T08:28:41+02:00</date>
                    <speedMph>164</speedMph>
                    <altitudeFt>1430</altitudeFt>
                </position>
                <position>
                    <lat>36.6603</lat>
                    <lon>-4.4795</lon>
                    <date>2013-07-11T08:28:36+02:00</date>
                    <speedMph>160</speedMph>
                    <altitudeFt>1330</altitudeFt>
                </position>
                <position>
                    <lat>36.6624</lat>
                    <lon>-4.4821</lon>
                    <date>2013-07-11T08:28:31+02:00</date>
                    <speedMph>160</speedMph>
                    <altitudeFt>1150</altitudeFt>
                </position>
                <position>
                    <lat>36.6644</lat>
                    <lon>-4.4845</lon>
                    <date>2013-07-11T08:28:26+02:00</date>
                    <speedMph>160</speedMph>
                    <altitudeFt>950</altitudeFt>
                </position>
                <position>
                    <lat>36.6665</lat>
                    <lon>-4.4875</lon>
                    <date>2013-07-11T08:28:21+02:00</date>
                    <speedMph>160</speedMph>
                    <altitudeFt>750</altitudeFt>
                </position>
                <position>
                    <lat>36.6708</lat>
                    <lon>-4.4934</lon>
                    <date>2013-07-11T08:28:16+02:00</date>
                    <speedMph>164</speedMph>
                    <altitudeFt>380</altitudeFt>
                </position>
                <position>
                    <lat>36.6728</lat>
                    <lon>-4.4962</lon>
                    <date>2013-07-11T08:28:11+02:00</date>
                    <speedMph>164</speedMph>
                    <altitudeFt>200</altitudeFt>
                </position>
                <position>
                    <lat>36.6743</lat>
                    <lon>-4.4982</lon>
                    <date>2013-07-11T08:28:06+02:00</date>
                    <speedMph>156</speedMph>
                    <altitudeFt>0</altitudeFt>
                </position>
                <position>
                    <lat>36.678</lat>
                    <lon>-4.5035</lon>
                    <date>2013-07-11T08:28:01+02:00</date>
                    <speedMph>124</speedMph>
                    <altitudeFt>0</altitudeFt>
                </position>
                <position>
                    <lat>36.6795</lat>
                    <lon>-4.5055</lon>
                    <date>2013-07-11T08:27:56+02:00</date>
                    <speedMph>112</speedMph>
                    <altitudeFt>0</altitudeFt>
                </position>
                <position>
                    <lat>36.6809</lat>
                    <lon>-4.5074</lon>
                    <date>2013-07-11T08:27:51+02:00</date>
                    <speedMph>88</speedMph>
                    <altitudeFt>0</altitudeFt>
                </position>
                <position>
                    <lat>36.6819</lat>
                    <lon>-4.5089</lon>
                    <date>2013-07-11T08:27:46+02:00</date>
                    <speedMph>68</speedMph>
                    <altitudeFt>0</altitudeFt>
                </position>
                <position>
                    <lat>36.684</lat>
                    <lon>-4.5114</lon>
                    <date>2013-07-11T08:27:26+02:00</date>
                    <speedMph>16</speedMph>
                    <altitudeFt>0</altitudeFt>
                </position>
                <position>
                    <lat>36.6845</lat>
                    <lon>-4.5113</lon>
                    <date>2013-07-11T08:27:21+02:00</date>
                    <speedMph>36</speedMph>
                    <altitudeFt>0</altitudeFt>
                </position>
                <position>
                    <lat>36.6849</lat>
                    <lon>-4.5111</lon>
                    <date>2013-07-11T08:27:16+02:00</date>
                    <speedMph>16</speedMph>
                    <altitudeFt>0</altitudeFt>
                </position>
                <position>
                    <lat>36.685</lat>
                    <lon>-4.5109</lon>
                    <date>2013-07-11T08:27:11+02:00</date>
                    <speedMph>16</speedMph>
                    <altitudeFt>0</altitudeFt>
                </position>
                <position>
                    <lat>36.6849</lat>
                    <lon>-4.5101</lon>
                    <date>2013-07-11T08:27:06+02:00</date>
                    <speedMph>36</speedMph>
                    <altitudeFt>0</altitudeFt>
                </position>
                <position>
                    <lat>36.6847</lat>
                    <lon>-4.5099</lon>
                    <date>2013-07-11T08:27:01+02:00</date>
                    <speedMph>36</speedMph>
                    <altitudeFt>0</altitudeFt>
                </position>
                <position>
                    <lat>36.6846</lat>
                    <lon>-4.5097</lon>
                    <date>2013-07-11T08:26:56+02:00</date>
                    <speedMph>36</speedMph>
                    <altitudeFt>0</altitudeFt>
                </position>
                <position>
                    <lat>36.6844</lat>
                    <lon>-4.5094</lon>
                    <date>2013-07-11T08:26:51+02:00</date>
                    <speedMph>16</speedMph>
                    <altitudeFt>0</altitudeFt>
                </position>
                <position>
                    <lat>36.6842</lat>
                    <lon>-4.5092</lon>
                    <date>2013-07-11T08:26:46+02:00</date>
                    <speedMph>20</speedMph>
                    <altitudeFt>0</altitudeFt>
                </position>
                <position>
                    <lat>36.6839</lat>
                    <lon>-4.5088</lon>
                    <date>2013-07-11T08:26:41+02:00</date>
                    <speedMph>24</speedMph>
                    <altitudeFt>0</altitudeFt>
                </position>
                <position>
                    <lat>36.6834</lat>
                    <lon>-4.508</lon>
                    <date>2013-07-11T08:26:36+02:00</date>
                    <speedMph>24</speedMph>
                    <altitudeFt>0</altitudeFt>
                </position>
                <position>
                    <lat>36.6832</lat>
                    <lon>-4.5077</lon>
                    <date>2013-07-11T08:26:31+02:00</date>
                    <speedMph>20</speedMph>
                    <altitudeFt>0</altitudeFt>
                </position>
                <position>
                    <lat>36.6829</lat>
                    <lon>-4.5073</lon>
                    <date>2013-07-11T08:26:26+02:00</date>
                    <speedMph>24</speedMph>
                    <altitudeFt>0</altitudeFt>
                </position>
                <position>
                    <lat>36.6822</lat>
                    <lon>-4.5064</lon>
                    <date>2013-07-11T08:26:21+02:00</date>
                    <speedMph>24</speedMph>
                    <altitudeFt>0</altitudeFt>
                </position>
                <position>
                    <lat>36.6819</lat>
                    <lon>-4.506</lon>
                    <date>2013-07-11T08:26:16+02:00</date>
                    <speedMph>20</speedMph>
                    <altitudeFt>0</altitudeFt>
                </position>
                <position>
                    <lat>36.6817</lat>
                    <lon>-4.5056</lon>
                    <date>2013-07-11T08:26:11+02:00</date>
                    <speedMph>20</speedMph>
                    <altitudeFt>0</altitudeFt>
                </position>
                <position>
                    <lat>36.6815</lat>
                    <lon>-4.5054</lon>
                    <date>2013-07-11T08:26:06+02:00</date>
                    <speedMph>24</speedMph>
                    <altitudeFt>0</altitudeFt>
                </position>
                <position>
                    <lat>36.6809</lat>
                    <lon>-4.5045</lon>
                    <date>2013-07-11T08:26:01+02:00</date>
                    <speedMph>28</speedMph>
                    <altitudeFt>0</altitudeFt>
                </position>
                <position>
                    <lat>36.6806</lat>
                    <lon>-4.5041</lon>
                    <date>2013-07-11T08:25:56+02:00</date>
                    <speedMph>24</speedMph>
                    <altitudeFt>0</altitudeFt>
                </position>
                <position>
                    <lat>36.6802</lat>
                    <lon>-4.5035</lon>
                    <date>2013-07-11T08:25:51+02:00</date>
                    <speedMph>24</speedMph>
                    <altitudeFt>0</altitudeFt>
                </position>
                <position>
                    <lat>36.6799</lat>
                    <lon>-4.5031</lon>
                    <date>2013-07-11T08:25:46+02:00</date>
                    <speedMph>24</speedMph>
                    <altitudeFt>0</altitudeFt>
                </position>
                <position>
                    <lat>36.6797</lat>
                    <lon>-4.5028</lon>
                    <date>2013-07-11T08:25:41+02:00</date>
                    <speedMph>24</speedMph>
                    <altitudeFt>0</altitudeFt>
                </position>
                <position>
                    <lat>36.6792</lat>
                    <lon>-4.5021</lon>
                    <date>2013-07-11T08:25:36+02:00</date>
                    <speedMph>20</speedMph>
                    <altitudeFt>0</altitudeFt>
                </position>
                <position>
                    <lat>36.6789</lat>
                    <lon>-4.5017</lon>
                    <date>2013-07-11T08:25:31+02:00</date>
                    <speedMph>20</speedMph>
                    <altitudeFt>0</altitudeFt>
                </position>
                <position>
                    <lat>36.6785</lat>
                    <lon>-4.5012</lon>
                    <date>2013-07-11T08:25:26+02:00</date>
                    <speedMph>20</speedMph>
                    <altitudeFt>0</altitudeFt>
                </position>
                <position>
                    <lat>36.6781</lat>
                    <lon>-4.5007</lon>
                    <date>2013-07-11T08:25:21+02:00</date>
                    <speedMph>16</speedMph>
                    <altitudeFt>0</altitudeFt>
                </position>
                <position>
                    <lat>36.6779</lat>
                    <lon>-4.5003</lon>
                    <date>2013-07-11T08:25:16+02:00</date>
                    <speedMph>16</speedMph>
                    <altitudeFt>0</altitudeFt>
                </position>
                <position>
                    <lat>36.6771</lat>
                    <lon>-4.4989</lon>
                    <date>2013-07-11T08:24:51+02:00</date>
                    <speedMph>32</speedMph>
                    <altitudeFt>0</altitudeFt>
                </position>
                <position>
                    <lat>36.6772</lat>
                    <lon>-4.4986</lon>
                    <date>2013-07-11T08:24:46+02:00</date>
                    <speedMph>28</speedMph>
                    <altitudeFt>0</altitudeFt>
                </position>
                <position>
                    <lat>36.677</lat>
                    <lon>-4.4974</lon>
                    <date>2013-07-11T08:24:21+02:00</date>
                    <speedMph>20</speedMph>
                    <altitudeFt>0</altitudeFt>
                </position>
                <position>
                    <lat>36.6772</lat>
                    <lon>-4.4969</lon>
                    <date>2013-07-11T08:24:06+02:00</date>
                    <speedMph>4</speedMph>
                    <altitudeFt>0</altitudeFt>
                </position>
                <position>
                    <lat>36.6772</lat>
                    <lon>-4.4969</lon>
                    <date>2013-07-11T08:23:46+02:00</date>
                    <speedMph>0</speedMph>
                    <altitudeFt>0</altitudeFt>
                </position>
                <position>
                    <lat>36.6772</lat>
                    <lon>-4.4969</lon>
                    <date>2013-07-11T08:23:11+02:00</date>
                    <speedMph>0</speedMph>
                    <altitudeFt>0</altitudeFt>
                </position>
                <position>
                    <lat>36.6771</lat>
                    <lon>-4.4968</lon>
                    <date>2013-07-11T08:22:51+02:00</date>
                    <speedMph>12</speedMph>
                    <altitudeFt>0</altitudeFt>
                </position>
                <position>
                    <lat>36.677</lat>
                    <lon>-4.4966</lon>
                    <date>2013-07-11T08:22:31+02:00</date>
                    <speedMph>12</speedMph>
                    <altitudeFt>0</altitudeFt>
                </position>
                <position>
                    <lat>36.6768</lat>
                    <lon>-4.4963</lon>
                    <date>2013-07-11T08:22:11+02:00</date>
                    <speedMph>8</speedMph>
                    <altitudeFt>0</altitudeFt>
                </position>
                <position>
                    <lat>36.6767</lat>
                    <lon>-4.4961</lon>
                    <date>2013-07-11T08:21:51+02:00</date>
                    <speedMph>8</speedMph>
                    <altitudeFt>0</altitudeFt>
                </position>
                <position>
                    <lat>36.6768</lat>
                    <lon>-4.4959</lon>
                    <date>2013-07-11T08:21:31+02:00</date>
                    <speedMph>12</speedMph>
                    <altitudeFt>0</altitudeFt>
                </position>
                <position>
                    <lat>36.677</lat>
                    <lon>-4.4956</lon>
                    <date>2013-07-11T08:21:01+02:00</date>
                    <speedMph>8</speedMph>
                    <altitudeFt>0</altitudeFt>
                </position>
                <position>
                    <lat>36.6772</lat>
                    <lon>-4.4954</lon>
                    <date>2013-07-11T08:20:41+02:00</date>
                    <speedMph>8</speedMph>
                    <altitudeFt>0</altitudeFt>
                </position>
                <position>
                    <lat>36.6773</lat>
                    <lon>-4.4951</lon>
                    <date>2013-07-11T08:20:21+02:00</date>
                    <speedMph>0</speedMph>
                    <altitudeFt>0</altitudeFt>
                </position>
                <position>
                    <lat>36.6773</lat>
                    <lon>-4.4953</lon>
                    <date>2013-07-11T08:20:11+02:00</date>
                    <speedMph>0</speedMph>
                    <altitudeFt>0</altitudeFt>
                </position>
            </positions>
        </flightTrack>
    </flightTracks>
</flightstatslog>
