<?xml version="1.0" encoding="UTF-8" standalone="yes"?>
<flightstatslog>
    <appendix>
        <airports>
            <airport>
                <fs>BUD</fs>
                <latitude>47.436933</latitude>
                <longitude>19.255592</longitude>
                <city>Budapest</city>
            </airport>
            <airport>
                <fs>MUC</fs>
                <latitude>48.353783</latitude>
                <longitude>11.786086</longitude>
                <city>Munich</city>
            </airport>
        </airports>
    </appendix>
    <flightTracks>
        <flightTrack>
            <flightId>3953742</flightId>
            <departureAirportFsCode>BUD</departureAirportFsCode>
            <arrivalAirportFsCode>MUC</arrivalAirportFsCode>
            <positions>
                <position>
                    <lat>48.3579</lat>
                    <lon>11.8036</lon>
                    <date>2013-07-11T09:58:40+02:00</date>
                    <speedMph>0</speedMph>
                    <altitudeFt>0</altitudeFt>
                </position>
                <position>
                    <lat>48.3579</lat>
                    <lon>11.8036</lon>
                    <date>2013-07-11T09:58:35+02:00</date>
                    <speedMph>4</speedMph>
                    <altitudeFt>0</altitudeFt>
                </position>
                <position>
                    <lat>48.3581</lat>
                    <lon>11.8036</lon>
                    <date>2013-07-11T09:58:30+02:00</date>
                    <speedMph>4</speedMph>
                    <altitudeFt>0</altitudeFt>
                </position>
                <position>
                    <lat>48.3587</lat>
                    <lon>11.8027</lon>
                    <date>2013-07-11T09:58:10+02:00</date>
                    <speedMph>16</speedMph>
                    <altitudeFt>0</altitudeFt>
                </position>
                <position>
                    <lat>48.3587</lat>
                    <lon>11.8024</lon>
                    <date>2013-07-11T09:58:00+02:00</date>
                    <speedMph>16</speedMph>
                    <altitudeFt>0</altitudeFt>
                </position>
                <position>
                    <lat>48.3587</lat>
                    <lon>11.8016</lon>
                    <date>2013-07-11T09:57:55+02:00</date>
                    <speedMph>16</speedMph>
                    <altitudeFt>0</altitudeFt>
                </position>
                <position>
                    <lat>48.3586</lat>
                    <lon>11.8014</lon>
                    <date>2013-07-11T09:57:50+02:00</date>
                    <speedMph>16</speedMph>
                    <altitudeFt>0</altitudeFt>
                </position>
                <position>
                    <lat>48.3585</lat>
                    <lon>11.8002</lon>
                    <date>2013-07-11T09:57:40+02:00</date>
                    <speedMph>16</speedMph>
                    <altitudeFt>0</altitudeFt>
                </position>
                <position>
                    <lat>48.3585</lat>
                    <lon>11.7996</lon>
                    <date>2013-07-11T09:57:35+02:00</date>
                    <speedMph>16</speedMph>
                    <altitudeFt>0</altitudeFt>
                </position>
                <position>
                    <lat>48.3584</lat>
                    <lon>11.7987</lon>
                    <date>2013-07-11T09:57:30+02:00</date>
                    <speedMph>16</speedMph>
                    <altitudeFt>0</altitudeFt>
                </position>
                <position>
                    <lat>48.3584</lat>
                    <lon>11.7985</lon>
                    <date>2013-07-11T09:57:25+02:00</date>
                    <speedMph>16</speedMph>
                    <altitudeFt>0</altitudeFt>
                </position>
                <position>
                    <lat>48.3584</lat>
                    <lon>11.7979</lon>
                    <date>2013-07-11T09:57:20+02:00</date>
                    <speedMph>16</speedMph>
                    <altitudeFt>0</altitudeFt>
                </position>
                <position>
                    <lat>48.3583</lat>
                    <lon>11.7967</lon>
                    <date>2013-07-11T09:57:10+02:00</date>
                    <speedMph>16</speedMph>
                    <altitudeFt>0</altitudeFt>
                </position>
                <position>
                    <lat>48.3582</lat>
                    <lon>11.7949</lon>
                    <date>2013-07-11T09:56:50+02:00</date>
                    <speedMph>8</speedMph>
                    <altitudeFt>0</altitudeFt>
                </position>
                <position>
                    <lat>48.3582</lat>
                    <lon>11.7947</lon>
                    <date>2013-07-11T09:56:45+02:00</date>
                    <speedMph>8</speedMph>
                    <altitudeFt>0</altitudeFt>
                </position>
                <position>
                    <lat>48.3584</lat>
                    <lon>11.7945</lon>
                    <date>2013-07-11T09:55:45+02:00</date>
                    <speedMph>0</speedMph>
                    <altitudeFt>0</altitudeFt>
                </position>
                <position>
                    <lat>48.3585</lat>
                    <lon>11.7945</lon>
                    <date>2013-07-11T09:55:35+02:00</date>
                    <speedMph>4</speedMph>
                    <altitudeFt>0</altitudeFt>
                </position>
                <position>
                    <lat>48.3586</lat>
                    <lon>11.7945</lon>
                    <date>2013-07-11T09:55:30+02:00</date>
                    <speedMph>8</speedMph>
                    <altitudeFt>0</altitudeFt>
                </position>
                <position>
                    <lat>48.3587</lat>
                    <lon>11.7944</lon>
                    <date>2013-07-11T09:55:25+02:00</date>
                    <speedMph>4</speedMph>
                    <altitudeFt>0</altitudeFt>
                </position>
                <position>
                    <lat>48.3589</lat>
                    <lon>11.7943</lon>
                    <date>2013-07-11T09:55:20+02:00</date>
                    <speedMph>4</speedMph>
                    <altitudeFt>0</altitudeFt>
                </position>
                <position>
                    <lat>48.359</lat>
                    <lon>11.7941</lon>
                    <date>2013-07-11T09:55:10+02:00</date>
                    <speedMph>8</speedMph>
                    <altitudeFt>0</altitudeFt>
                </position>
                <position>
                    <lat>48.3591</lat>
                    <lon>11.7937</lon>
                    <date>2013-07-11T09:55:05+02:00</date>
                    <speedMph>8</speedMph>
                    <altitudeFt>0</altitudeFt>
                </position>
                <position>
                    <lat>48.3592</lat>
                    <lon>11.7936</lon>
                    <date>2013-07-11T09:55:00+02:00</date>
                    <speedMph>8</speedMph>
                    <altitudeFt>0</altitudeFt>
                </position>
                <position>
                    <lat>48.3596</lat>
                    <lon>11.7934</lon>
                    <date>2013-07-11T09:54:50+02:00</date>
                    <speedMph>8</speedMph>
                    <altitudeFt>0</altitudeFt>
                </position>
                <position>
                    <lat>48.3617</lat>
                    <lon>11.793</lon>
                    <date>2013-07-11T09:54:15+02:00</date>
                    <speedMph>20</speedMph>
                    <altitudeFt>0</altitudeFt>
                </position>
                <position>
                    <lat>48.3623</lat>
                    <lon>11.793</lon>
                    <date>2013-07-11T09:54:10+02:00</date>
                    <speedMph>20</speedMph>
                    <altitudeFt>0</altitudeFt>
                </position>
                <position>
                    <lat>48.3631</lat>
                    <lon>11.7942</lon>
                    <date>2013-07-11T09:54:00+02:00</date>
                    <speedMph>28</speedMph>
                    <altitudeFt>0</altitudeFt>
                </position>
                <position>
                    <lat>48.3637</lat>
                    <lon>11.7953</lon>
                    <date>2013-07-11T09:53:55+02:00</date>
                    <speedMph>36</speedMph>
                    <altitudeFt>0</altitudeFt>
                </position>
                <position>
                    <lat>48.3642</lat>
                    <lon>11.7963</lon>
                    <date>2013-07-11T09:53:45+02:00</date>
                    <speedMph>36</speedMph>
                    <altitudeFt>0</altitudeFt>
                </position>
                <position>
                    <lat>48.3651</lat>
                    <lon>11.799</lon>
                    <date>2013-07-11T09:53:35+02:00</date>
                    <speedMph>40</speedMph>
                    <altitudeFt>0</altitudeFt>
                </position>
                <position>
                    <lat>48.3652</lat>
                    <lon>11.8</lon>
                    <date>2013-07-11T09:53:30+02:00</date>
                    <speedMph>40</speedMph>
                    <altitudeFt>0</altitudeFt>
                </position>
                <position>
                    <lat>48.3656</lat>
                    <lon>11.8041</lon>
                    <date>2013-07-11T09:53:20+02:00</date>
                    <speedMph>76</speedMph>
                    <altitudeFt>1330</altitudeFt>
                </position>
                <position>
                    <lat>48.3657</lat>
                    <lon>11.8061</lon>
                    <date>2013-07-11T09:53:15+02:00</date>
                    <speedMph>84</speedMph>
                    <altitudeFt>1330</altitudeFt>
                </position>
                <position>
                    <lat>48.366</lat>
                    <lon>11.8091</lon>
                    <date>2013-07-11T09:53:10+02:00</date>
                    <speedMph>108</speedMph>
                    <altitudeFt>1330</altitudeFt>
                </position>
                <position>
                    <lat>48.3662</lat>
                    <lon>11.8125</lon>
                    <date>2013-07-11T09:53:05+02:00</date>
                    <speedMph>124</speedMph>
                    <altitudeFt>1300</altitudeFt>
                </position>
                <position>
                    <lat>48.3669</lat>
                    <lon>11.8216</lon>
                    <date>2013-07-11T09:52:55+02:00</date>
                    <speedMph>128</speedMph>
                    <altitudeFt>1380</altitudeFt>
                </position>
                <position>
                    <lat>48.3673</lat>
                    <lon>11.8259</lon>
                    <date>2013-07-11T09:52:50+02:00</date>
                    <speedMph>128</speedMph>
                    <altitudeFt>1430</altitudeFt>
                </position>
                <position>
                    <lat>48.3676</lat>
                    <lon>11.8299</lon>
                    <date>2013-07-11T09:52:45+02:00</date>
                    <speedMph>128</speedMph>
                    <altitudeFt>1480</altitudeFt>
                </position>
                <position>
                    <lat>48.3679</lat>
                    <lon>11.8347</lon>
                    <date>2013-07-11T09:52:40+02:00</date>
                    <speedMph>128</speedMph>
                    <altitudeFt>1530</altitudeFt>
                </position>
                <position>
                    <lat>48.3681</lat>
                    <lon>11.8378</lon>
                    <date>2013-07-11T09:52:35+02:00</date>
                    <speedMph>124</speedMph>
                    <altitudeFt>1580</altitudeFt>
                </position>
                <position>
                    <lat>48.3685</lat>
                    <lon>11.8424</lon>
                    <date>2013-07-11T09:52:30+02:00</date>
                    <speedMph>124</speedMph>
                    <altitudeFt>1650</altitudeFt>
                </position>
                <position>
                    <lat>48.3688</lat>
                    <lon>11.8465</lon>
                    <date>2013-07-11T09:52:25+02:00</date>
                    <speedMph>124</speedMph>
                    <altitudeFt>1700</altitudeFt>
                </position>
                <position>
                    <lat>48.3692</lat>
                    <lon>11.8511</lon>
                    <date>2013-07-11T09:52:20+02:00</date>
                    <speedMph>124</speedMph>
                    <altitudeFt>1750</altitudeFt>
                </position>
                <position>
                    <lat>48.3695</lat>
                    <lon>11.8554</lon>
                    <date>2013-07-11T09:52:15+02:00</date>
                    <speedMph>124</speedMph>
                    <altitudeFt>1800</altitudeFt>
                </position>
                <position>
                    <lat>48.3698</lat>
                    <lon>11.8596</lon>
                    <date>2013-07-11T09:52:10+02:00</date>
                    <speedMph>128</speedMph>
                    <altitudeFt>1850</altitudeFt>
                </position>
                <position>
                    <lat>48.3702</lat>
                    <lon>11.8643</lon>
                    <date>2013-07-11T09:52:05+02:00</date>
                    <speedMph>128</speedMph>
                    <altitudeFt>1930</altitudeFt>
                </position>
                <position>
                    <lat>48.3706</lat>
                    <lon>11.8695</lon>
                    <date>2013-07-11T09:52:00+02:00</date>
                    <speedMph>128</speedMph>
                    <altitudeFt>2000</altitudeFt>
                </position>
                <position>
                    <lat>48.3709</lat>
                    <lon>11.8732</lon>
                    <date>2013-07-11T09:51:55+02:00</date>
                    <speedMph>128</speedMph>
                    <altitudeFt>2030</altitudeFt>
                </position>
                <position>
                    <lat>48.3712</lat>
                    <lon>11.8777</lon>
                    <date>2013-07-11T09:51:50+02:00</date>
                    <speedMph>128</speedMph>
                    <altitudeFt>2080</altitudeFt>
                </position>
                <position>
                    <lat>48.3716</lat>
                    <lon>11.8821</lon>
                    <date>2013-07-11T09:51:45+02:00</date>
                    <speedMph>128</speedMph>
                    <altitudeFt>2150</altitudeFt>
                </position>
                <position>
                    <lat>48.3719</lat>
                    <lon>11.8874</lon>
                    <date>2013-07-11T09:51:40+02:00</date>
                    <speedMph>128</speedMph>
                    <altitudeFt>2230</altitudeFt>
                </position>
                <position>
                    <lat>48.3722</lat>
                    <lon>11.8912</lon>
                    <date>2013-07-11T09:51:35+02:00</date>
                    <speedMph>128</speedMph>
                    <altitudeFt>2250</altitudeFt>
                </position>
                <position>
                    <lat>48.3726</lat>
                    <lon>11.896</lon>
                    <date>2013-07-11T09:51:30+02:00</date>
                    <speedMph>132</speedMph>
                    <altitudeFt>2330</altitudeFt>
                </position>
                <position>
                    <lat>48.3732</lat>
                    <lon>11.9043</lon>
                    <date>2013-07-11T09:51:20+02:00</date>
                    <speedMph>140</speedMph>
                    <altitudeFt>2430</altitudeFt>
                </position>
                <position>
                    <lat>48.3736</lat>
                    <lon>11.9095</lon>
                    <date>2013-07-11T09:51:15+02:00</date>
                    <speedMph>148</speedMph>
                    <altitudeFt>2500</altitudeFt>
                </position>
                <position>
                    <lat>48.374</lat>
                    <lon>11.9147</lon>
                    <date>2013-07-11T09:51:10+02:00</date>
                    <speedMph>152</speedMph>
                    <altitudeFt>2550</altitudeFt>
                </position>
                <position>
                    <lat>48.3749</lat>
                    <lon>11.9253</lon>
                    <date>2013-07-11T09:51:05+02:00</date>
                    <speedMph>160</speedMph>
                    <altitudeFt>2700</altitudeFt>
                </position>
                <position>
                    <lat>48.3753</lat>
                    <lon>11.9308</lon>
                    <date>2013-07-11T09:50:55+02:00</date>
                    <speedMph>160</speedMph>
                    <altitudeFt>2750</altitudeFt>
                </position>
                <position>
                    <lat>48.3757</lat>
                    <lon>11.9361</lon>
                    <date>2013-07-11T09:50:50+02:00</date>
                    <speedMph>164</speedMph>
                    <altitudeFt>2830</altitudeFt>
                </position>
                <position>
                    <lat>48.3761</lat>
                    <lon>11.9421</lon>
                    <date>2013-07-11T09:50:45+02:00</date>
                    <speedMph>164</speedMph>
                    <altitudeFt>2900</altitudeFt>
                </position>
                <position>
                    <lat>48.3766</lat>
                    <lon>11.948</lon>
                    <date>2013-07-11T09:50:40+02:00</date>
                    <speedMph>164</speedMph>
                    <altitudeFt>3000</altitudeFt>
                </position>
                <position>
                    <lat>48.377</lat>
                    <lon>11.9533</lon>
                    <date>2013-07-11T09:50:35+02:00</date>
                    <speedMph>164</speedMph>
                    <altitudeFt>3080</altitudeFt>
                </position>
                <position>
                    <lat>48.3774</lat>
                    <lon>11.9593</lon>
                    <date>2013-07-11T09:50:30+02:00</date>
                    <speedMph>164</speedMph>
                    <altitudeFt>3150</altitudeFt>
                </position>
                <position>
                    <lat>48.3778</lat>
                    <lon>11.965</lon>
                    <date>2013-07-11T09:50:25+02:00</date>
                    <speedMph>164</speedMph>
                    <altitudeFt>3230</altitudeFt>
                </position>
                <position>
                    <lat>48.3783</lat>
                    <lon>11.9709</lon>
                    <date>2013-07-11T09:50:20+02:00</date>
                    <speedMph>164</speedMph>
                    <altitudeFt>3300</altitudeFt>
                </position>
                <position>
                    <lat>48.3787</lat>
                    <lon>11.9769</lon>
                    <date>2013-07-11T09:50:15+02:00</date>
                    <speedMph>164</speedMph>
                    <altitudeFt>3380</altitudeFt>
                </position>
                <position>
                    <lat>48.379</lat>
                    <lon>11.9815</lon>
                    <date>2013-07-11T09:50:10+02:00</date>
                    <speedMph>164</speedMph>
                    <altitudeFt>3430</altitudeFt>
                </position>
                <position>
                    <lat>48.3795</lat>
                    <lon>11.9872</lon>
                    <date>2013-07-11T09:50:05+02:00</date>
                    <speedMph>164</speedMph>
                    <altitudeFt>3500</altitudeFt>
                </position>
                <position>
                    <lat>48.3799</lat>
                    <lon>11.9936</lon>
                    <date>2013-07-11T09:50:00+02:00</date>
                    <speedMph>164</speedMph>
                    <altitudeFt>3580</altitudeFt>
                </position>
                <position>
                    <lat>48.3805</lat>
                    <lon>12.0004</lon>
                    <date>2013-07-11T09:49:55+02:00</date>
                    <speedMph>164</speedMph>
                    <altitudeFt>3680</altitudeFt>
                </position>
                <position>
                    <lat>48.3809</lat>
                    <lon>12.0054</lon>
                    <date>2013-07-11T09:49:50+02:00</date>
                    <speedMph>164</speedMph>
                    <altitudeFt>3730</altitudeFt>
                </position>
                <position>
                    <lat>48.3812</lat>
                    <lon>12.0097</lon>
                    <date>2013-07-11T09:49:45+02:00</date>
                    <speedMph>164</speedMph>
                    <altitudeFt>3800</altitudeFt>
                </position>
                <position>
                    <lat>48.3816</lat>
                    <lon>12.0156</lon>
                    <date>2013-07-11T09:49:40+02:00</date>
                    <speedMph>164</speedMph>
                    <altitudeFt>3880</altitudeFt>
                </position>
                <position>
                    <lat>48.3821</lat>
                    <lon>12.0217</lon>
                    <date>2013-07-11T09:49:35+02:00</date>
                    <speedMph>164</speedMph>
                    <altitudeFt>3950</altitudeFt>
                </position>
                <position>
                    <lat>48.3825</lat>
                    <lon>12.0269</lon>
                    <date>2013-07-11T09:49:30+02:00</date>
                    <speedMph>168</speedMph>
                    <altitudeFt>4030</altitudeFt>
                </position>
                <position>
                    <lat>48.383</lat>
                    <lon>12.0333</lon>
                    <date>2013-07-11T09:49:25+02:00</date>
                    <speedMph>168</speedMph>
                    <altitudeFt>4100</altitudeFt>
                </position>
                <position>
                    <lat>48.3836</lat>
                    <lon>12.0414</lon>
                    <date>2013-07-11T09:49:20+02:00</date>
                    <speedMph>164</speedMph>
                    <altitudeFt>4200</altitudeFt>
                </position>
                <position>
                    <lat>48.3837</lat>
                    <lon>12.0443</lon>
                    <date>2013-07-11T09:49:15+02:00</date>
                    <speedMph>164</speedMph>
                    <altitudeFt>4230</altitudeFt>
                </position>
                <position>
                    <lat>48.3842</lat>
                    <lon>12.0503</lon>
                    <date>2013-07-11T09:49:10+02:00</date>
                    <speedMph>164</speedMph>
                    <altitudeFt>4300</altitudeFt>
                </position>
                <position>
                    <lat>48.385</lat>
                    <lon>12.0619</lon>
                    <date>2013-07-11T09:49:05+02:00</date>
                    <speedMph>164</speedMph>
                    <altitudeFt>4450</altitudeFt>
                </position>
                <position>
                    <lat>48.3855</lat>
                    <lon>12.0679</lon>
                    <date>2013-07-11T09:48:55+02:00</date>
                    <speedMph>164</speedMph>
                    <altitudeFt>4550</altitudeFt>
                </position>
                <position>
                    <lat>48.3858</lat>
                    <lon>12.0723</lon>
                    <date>2013-07-11T09:48:50+02:00</date>
                    <speedMph>164</speedMph>
                    <altitudeFt>4600</altitudeFt>
                </position>
                <position>
                    <lat>48.3861</lat>
                    <lon>12.0775</lon>
                    <date>2013-07-11T09:48:45+02:00</date>
                    <speedMph>164</speedMph>
                    <altitudeFt>4700</altitudeFt>
                </position>
                <position>
                    <lat>48.3866</lat>
                    <lon>12.0838</lon>
                    <date>2013-07-11T09:48:40+02:00</date>
                    <speedMph>168</speedMph>
                    <altitudeFt>4800</altitudeFt>
                </position>
                <position>
                    <lat>48.387</lat>
                    <lon>12.0894</lon>
                    <date>2013-07-11T09:48:35+02:00</date>
                    <speedMph>168</speedMph>
                    <altitudeFt>4880</altitudeFt>
                </position>
                <position>
                    <lat>48.3875</lat>
                    <lon>12.0958</lon>
                    <date>2013-07-11T09:48:30+02:00</date>
                    <speedMph>172</speedMph>
                    <altitudeFt>4950</altitudeFt>
                </position>
                <position>
                    <lat>48.3886</lat>
                    <lon>12.1138</lon>
                    <date>2013-07-11T09:48:20+02:00</date>
                    <speedMph>184</speedMph>
                    <altitudeFt>5130</altitudeFt>
                </position>
                <position>
                    <lat>48.389</lat>
                    <lon>12.1207</lon>
                    <date>2013-07-11T09:48:10+02:00</date>
                    <speedMph>188</speedMph>
                    <altitudeFt>5230</altitudeFt>
                </position>
                <position>
                    <lat>48.3904</lat>
                    <lon>12.1402</lon>
                    <date>2013-07-11T09:48:00+02:00</date>
                    <speedMph>196</speedMph>
                    <altitudeFt>5480</altitudeFt>
                </position>
                <position>
                    <lat>48.3911</lat>
                    <lon>12.1473</lon>
                    <date>2013-07-11T09:47:50+02:00</date>
                    <speedMph>200</speedMph>
                    <altitudeFt>5580</altitudeFt>
                </position>
                <position>
                    <lat>48.3925</lat>
                    <lon>12.1595</lon>
                    <date>2013-07-11T09:47:40+02:00</date>
                    <speedMph>204</speedMph>
                    <altitudeFt>5730</altitudeFt>
                </position>
                <position>
                    <lat>48.394</lat>
                    <lon>12.1738</lon>
                    <date>2013-07-11T09:47:30+02:00</date>
                    <speedMph>208</speedMph>
                    <altitudeFt>5900</altitudeFt>
                </position>
                <position>
                    <lat>48.3913</lat>
                    <lon>12.196</lon>
                    <date>2013-07-11T09:47:20+02:00</date>
                    <speedMph>216</speedMph>
                    <altitudeFt>6130</altitudeFt>
                </position>
                <position>
                    <lat>48.3893</lat>
                    <lon>12.2038</lon>
                    <date>2013-07-11T09:47:10+02:00</date>
                    <speedMph>228</speedMph>
                    <altitudeFt>6150</altitudeFt>
                </position>
                <position>
                    <lat>48.3837</lat>
                    <lon>12.2259</lon>
                    <date>2013-07-11T09:47:00+02:00</date>
                    <speedMph>244</speedMph>
                    <altitudeFt>6280</altitudeFt>
                </position>
                <position>
                    <lat>48.381</lat>
                    <lon>12.2362</lon>
                    <date>2013-07-11T09:46:50+02:00</date>
                    <speedMph>252</speedMph>
                    <altitudeFt>6380</altitudeFt>
                </position>
                <position>
                    <lat>48.3745</lat>
                    <lon>12.2612</lon>
                    <date>2013-07-11T09:46:40+02:00</date>
                    <speedMph>260</speedMph>
                    <altitudeFt>6630</altitudeFt>
                </position>
                <position>
                    <lat>48.3731</lat>
                    <lon>12.2661</lon>
                    <date>2013-07-11T09:46:30+02:00</date>
                    <speedMph>260</speedMph>
                    <altitudeFt>6680</altitudeFt>
                </position>
                <position>
                    <lat>48.3467</lat>
                    <lon>12.3043</lon>
                    <date>2013-07-11T09:46:20+02:00</date>
                    <speedMph>272</speedMph>
                    <altitudeFt>6900</altitudeFt>
                </position>
                <position>
                    <lat>48.3387</lat>
                    <lon>12.3103</lon>
                    <date>2013-07-11T09:46:10+02:00</date>
                    <speedMph>272</speedMph>
                    <altitudeFt>6980</altitudeFt>
                </position>
                <position>
                    <lat>48.331</lat>
                    <lon>12.3158</lon>
                    <date>2013-07-11T09:46:00+02:00</date>
                    <speedMph>272</speedMph>
                    <altitudeFt>7130</altitudeFt>
                </position>
                <position>
                    <lat>48.3107</lat>
                    <lon>12.3304</lon>
                    <date>2013-07-11T09:45:50+02:00</date>
                    <speedMph>272</speedMph>
                    <altitudeFt>7580</altitudeFt>
                </position>
                <position>
                    <lat>48.2847</lat>
                    <lon>12.3486</lon>
                    <date>2013-07-11T09:45:35+02:00</date>
                    <speedMph>268</speedMph>
                    <altitudeFt>7900</altitudeFt>
                </position>
                <position>
                    <lat>48.2768</lat>
                    <lon>12.3543</lon>
                    <date>2013-07-11T09:45:02+02:00</date>
                    <speedMph>268</speedMph>
                    <altitudeFt>7900</altitudeFt>
                </position>
                <position>
                    <lat>48.2673</lat>
                    <lon>12.361</lon>
                    <date>2013-07-11T09:44:52+02:00</date>
                    <speedMph>272</speedMph>
                    <altitudeFt>7900</altitudeFt>
                </position>
                <position>
                    <lat>48.2608</lat>
                    <lon>12.3657</lon>
                    <date>2013-07-11T09:44:42+02:00</date>
                    <speedMph>272</speedMph>
                    <altitudeFt>7900</altitudeFt>
                </position>
                <position>
                    <lat>48.2441</lat>
                    <lon>12.3776</lon>
                    <date>2013-07-11T09:44:32+02:00</date>
                    <speedMph>272</speedMph>
                    <altitudeFt>7900</altitudeFt>
                </position>
                <position>
                    <lat>48.2307</lat>
                    <lon>12.3869</lon>
                    <date>2013-07-11T09:44:22+02:00</date>
                    <speedMph>272</speedMph>
                    <altitudeFt>7900</altitudeFt>
                </position>
                <position>
                    <lat>48.2186</lat>
                    <lon>12.3951</lon>
                    <date>2013-07-11T09:44:12+02:00</date>
                    <speedMph>268</speedMph>
                    <altitudeFt>7900</altitudeFt>
                </position>
                <position>
                    <lat>48.2113</lat>
                    <lon>12.4</lon>
                    <date>2013-07-11T09:44:02+02:00</date>
                    <speedMph>268</speedMph>
                    <altitudeFt>7900</altitudeFt>
                </position>
                <position>
                    <lat>48.196</lat>
                    <lon>12.4104</lon>
                    <date>2013-07-11T09:43:52+02:00</date>
                    <speedMph>268</speedMph>
                    <altitudeFt>7900</altitudeFt>
                </position>
                <position>
                    <lat>48.1903</lat>
                    <lon>12.4143</lon>
                    <date>2013-07-11T09:43:42+02:00</date>
                    <speedMph>268</speedMph>
                    <altitudeFt>7900</altitudeFt>
                </position>
                <position>
                    <lat>48.1758</lat>
                    <lon>12.4242</lon>
                    <date>2013-07-11T09:43:32+02:00</date>
                    <speedMph>272</speedMph>
                    <altitudeFt>8050</altitudeFt>
                </position>
                <position>
                    <lat>48.1632</lat>
                    <lon>12.433</lon>
                    <date>2013-07-11T09:43:22+02:00</date>
                    <speedMph>272</speedMph>
                    <altitudeFt>8350</altitudeFt>
                </position>
                <position>
                    <lat>48.1537</lat>
                    <lon>12.4401</lon>
                    <date>2013-07-11T09:43:12+02:00</date>
                    <speedMph>272</speedMph>
                    <altitudeFt>8600</altitudeFt>
                </position>
                <position>
                    <lat>48.1483</lat>
                    <lon>12.4448</lon>
                    <date>2013-07-11T09:43:02+02:00</date>
                    <speedMph>272</speedMph>
                    <altitudeFt>8750</altitudeFt>
                </position>
                <position>
                    <lat>48.1357</lat>
                    <lon>12.4645</lon>
                    <date>2013-07-11T09:42:52+02:00</date>
                    <speedMph>268</speedMph>
                    <altitudeFt>9150</altitudeFt>
                </position>
                <position>
                    <lat>48.1335</lat>
                    <lon>12.4718</lon>
                    <date>2013-07-11T09:42:42+02:00</date>
                    <speedMph>272</speedMph>
                    <altitudeFt>9250</altitudeFt>
                </position>
                <position>
                    <lat>48.1288</lat>
                    <lon>12.5126</lon>
                    <date>2013-07-11T09:42:27+02:00</date>
                    <speedMph>276</speedMph>
                    <altitudeFt>9900</altitudeFt>
                </position>
                <position>
                    <lat>48.1278</lat>
                    <lon>12.5232</lon>
                    <date>2013-07-11T09:42:17+02:00</date>
                    <speedMph>276</speedMph>
                    <altitudeFt>10050</altitudeFt>
                </position>
                <position>
                    <lat>48.1227</lat>
                    <lon>12.579</lon>
                    <date>2013-07-11T09:41:47+02:00</date>
                    <speedMph>276</speedMph>
                    <altitudeFt>10880</altitudeFt>
                </position>
                <position>
                    <lat>48.1166</lat>
                    <lon>12.6455</lon>
                    <date>2013-07-11T09:41:17+02:00</date>
                    <speedMph>280</speedMph>
                    <altitudeFt>11500</altitudeFt>
                </position>
                <position>
                    <lat>48.1114</lat>
                    <lon>12.7014</lon>
                    <date>2013-07-11T09:40:47+02:00</date>
                    <speedMph>280</speedMph>
                    <altitudeFt>12000</altitudeFt>
                </position>
                <position>
                    <lat>48.1068</lat>
                    <lon>12.7518</lon>
                    <date>2013-07-11T09:40:17+02:00</date>
                    <speedMph>284</speedMph>
                    <altitudeFt>12430</altitudeFt>
                </position>
                <position>
                    <lat>48.1003</lat>
                    <lon>12.8225</lon>
                    <date>2013-07-11T09:39:47+02:00</date>
                    <speedMph>304</speedMph>
                    <altitudeFt>12980</altitudeFt>
                </position>
                <position>
                    <lat>48.0958</lat>
                    <lon>12.8717</lon>
                    <date>2013-07-11T09:39:17+02:00</date>
                    <speedMph>304</speedMph>
                    <altitudeFt>13000</altitudeFt>
                </position>
                <position>
                    <lat>48.0896</lat>
                    <lon>12.9465</lon>
                    <date>2013-07-11T09:38:47+02:00</date>
                    <speedMph>308</speedMph>
                    <altitudeFt>13000</altitudeFt>
                </position>
                <position>
                    <lat>48.0864</lat>
                    <lon>13.0096</lon>
                    <date>2013-07-11T09:38:17+02:00</date>
                    <speedMph>304</speedMph>
                    <altitudeFt>13000</altitudeFt>
                </position>
                <position>
                    <lat>48.0832</lat>
                    <lon>13.074</lon>
                    <date>2013-07-11T09:37:47+02:00</date>
                    <speedMph>308</speedMph>
                    <altitudeFt>13350</altitudeFt>
                </position>
                <position>
                    <lat>48.08</lat>
                    <lon>13.1366</lon>
                    <date>2013-07-11T09:37:17+02:00</date>
                    <speedMph>308</speedMph>
                    <altitudeFt>13930</altitudeFt>
                </position>
                <position>
                    <lat>48.0767</lat>
                    <lon>13.2003</lon>
                    <date>2013-07-11T09:36:47+02:00</date>
                    <speedMph>312</speedMph>
                    <altitudeFt>14500</altitudeFt>
                </position>
                <position>
                    <lat>48.074</lat>
                    <lon>13.2544</lon>
                    <date>2013-07-11T09:36:17+02:00</date>
                    <speedMph>316</speedMph>
                    <altitudeFt>14980</altitudeFt>
                </position>
                <position>
                    <lat>48.068</lat>
                    <lon>13.3682</lon>
                    <date>2013-07-11T09:35:32+02:00</date>
                    <speedMph>320</speedMph>
                    <altitudeFt>15830</altitudeFt>
                </position>
                <position>
                    <lat>48.0616</lat>
                    <lon>13.4963</lon>
                    <date>2013-07-11T09:34:32+02:00</date>
                    <speedMph>328</speedMph>
                    <altitudeFt>16850</altitudeFt>
                </position>
                <position>
                    <lat>48.0588</lat>
                    <lon>13.6327</lon>
                    <date>2013-07-11T09:33:32+02:00</date>
                    <speedMph>332</speedMph>
                    <altitudeFt>17000</altitudeFt>
                </position>
                <position>
                    <lat>48.0586</lat>
                    <lon>13.7725</lon>
                    <date>2013-07-11T09:32:32+02:00</date>
                    <speedMph>328</speedMph>
                    <altitudeFt>17000</altitudeFt>
                </position>
                <position>
                    <lat>48.0586</lat>
                    <lon>13.9056</lon>
                    <date>2013-07-11T09:31:32+02:00</date>
                    <speedMph>332</speedMph>
                    <altitudeFt>18030</altitudeFt>
                </position>
                <position>
                    <lat>48.0584</lat>
                    <lon>14.0465</lon>
                    <date>2013-07-11T09:30:32+02:00</date>
                    <speedMph>336</speedMph>
                    <altitudeFt>19830</altitudeFt>
                </position>
                <position>
                    <lat>48.058</lat>
                    <lon>14.1805</lon>
                    <date>2013-07-11T09:29:32+02:00</date>
                    <speedMph>348</speedMph>
                    <altitudeFt>21730</altitudeFt>
                </position>
                <position>
                    <lat>48.0576</lat>
                    <lon>14.3219</lon>
                    <date>2013-07-11T09:28:32+02:00</date>
                    <speedMph>356</speedMph>
                    <altitudeFt>23680</altitudeFt>
                </position>
                <position>
                    <lat>48.0569</lat>
                    <lon>14.4662</lon>
                    <date>2013-07-11T09:27:32+02:00</date>
                    <speedMph>364</speedMph>
                    <altitudeFt>25630</altitudeFt>
                </position>
                <position>
                    <lat>48.0562</lat>
                    <lon>14.6245</lon>
                    <date>2013-07-11T09:26:32+02:00</date>
                    <speedMph>380</speedMph>
                    <altitudeFt>27680</altitudeFt>
                </position>
                <position>
                    <lat>48.0546</lat>
                    <lon>14.7794</lon>
                    <date>2013-07-11T09:25:32+02:00</date>
                    <speedMph>388</speedMph>
                    <altitudeFt>29650</altitudeFt>
                </position>
                <position>
                    <lat>48.0215</lat>
                    <lon>14.9705</lon>
                    <date>2013-07-11T09:24:32+02:00</date>
                    <speedMph>404</speedMph>
                    <altitudeFt>31980</altitudeFt>
                </position>
                <position>
                    <lat>47.9892</lat>
                    <lon>15.1021</lon>
                    <date>2013-07-11T09:23:32+02:00</date>
                    <speedMph>404</speedMph>
                    <altitudeFt>32000</altitudeFt>
                </position>
                <position>
                    <lat>47.9516</lat>
                    <lon>15.2538</lon>
                    <date>2013-07-11T09:22:32+02:00</date>
                    <speedMph>396</speedMph>
                    <altitudeFt>32000</altitudeFt>
                </position>
                <position>
                    <lat>47.9155</lat>
                    <lon>15.398</lon>
                    <date>2013-07-11T09:21:32+02:00</date>
                    <speedMph>392</speedMph>
                    <altitudeFt>32000</altitudeFt>
                </position>
                <position>
                    <lat>47.8772</lat>
                    <lon>15.552</lon>
                    <date>2013-07-11T09:20:32+02:00</date>
                    <speedMph>392</speedMph>
                    <altitudeFt>32000</altitudeFt>
                </position>
                <position>
                    <lat>47.8382</lat>
                    <lon>15.7064</lon>
                    <date>2013-07-11T09:19:32+02:00</date>
                    <speedMph>388</speedMph>
                    <altitudeFt>32000</altitudeFt>
                </position>
                <position>
                    <lat>47.7972</lat>
                    <lon>15.8695</lon>
                    <date>2013-07-11T09:18:32+02:00</date>
                    <speedMph>392</speedMph>
                    <altitudeFt>32000</altitudeFt>
                </position>
                <position>
                    <lat>47.7635</lat>
                    <lon>16.001</lon>
                    <date>2013-07-11T09:17:32+02:00</date>
                    <speedMph>392</speedMph>
                    <altitudeFt>32000</altitudeFt>
                </position>
                <position>
                    <lat>47.7217</lat>
                    <lon>16.1627</lon>
                    <date>2013-07-11T09:16:32+02:00</date>
                    <speedMph>392</speedMph>
                    <altitudeFt>32000</altitudeFt>
                </position>
                <position>
                    <lat>47.6594</lat>
                    <lon>16.4033</lon>
                    <date>2013-07-11T09:15:32+02:00</date>
                    <speedMph>400</speedMph>
                    <altitudeFt>32000</altitudeFt>
                </position>
                <position>
                    <lat>47.63</lat>
                    <lon>16.5149</lon>
                    <date>2013-07-11T09:14:09+02:00</date>
                    <speedMph>396</speedMph>
                    <altitudeFt>32000</altitudeFt>
                </position>
                <position>
                    <lat>47.5846</lat>
                    <lon>16.69</lon>
                    <date>2013-07-11T09:13:09+02:00</date>
                    <speedMph>396</speedMph>
                    <altitudeFt>32000</altitudeFt>
                </position>
                <position>
                    <lat>47.5616</lat>
                    <lon>16.8377</lon>
                    <date>2013-07-11T09:12:09+02:00</date>
                    <speedMph>392</speedMph>
                    <altitudeFt>32000</altitudeFt>
                </position>
                <position>
                    <lat>47.5501</lat>
                    <lon>16.9976</lon>
                    <date>2013-07-11T09:11:05+02:00</date>
                    <speedMph>392</speedMph>
                    <altitudeFt>32000</altitudeFt>
                </position>
                <position>
                    <lat>47.5386</lat>
                    <lon>17.1554</lon>
                    <date>2013-07-11T09:10:05+02:00</date>
                    <speedMph>392</speedMph>
                    <altitudeFt>32000</altitudeFt>
                </position>
                <position>
                    <lat>47.5266</lat>
                    <lon>17.3158</lon>
                    <date>2013-07-11T09:09:05+02:00</date>
                    <speedMph>392</speedMph>
                    <altitudeFt>32000</altitudeFt>
                </position>
                <position>
                    <lat>47.5145</lat>
                    <lon>17.4752</lon>
                    <date>2013-07-11T09:08:05+02:00</date>
                    <speedMph>392</speedMph>
                    <altitudeFt>31680</altitudeFt>
                </position>
                <position>
                    <lat>47.5023</lat>
                    <lon>17.6348</lon>
                    <date>2013-07-11T09:07:05+02:00</date>
                    <speedMph>392</speedMph>
                    <altitudeFt>30580</altitudeFt>
                </position>
                <position>
                    <lat>47.4897</lat>
                    <lon>17.7941</lon>
                    <date>2013-07-11T09:06:05+02:00</date>
                    <speedMph>384</speedMph>
                    <altitudeFt>29230</altitudeFt>
                </position>
                <position>
                    <lat>47.4776</lat>
                    <lon>17.9499</lon>
                    <date>2013-07-11T09:05:05+02:00</date>
                    <speedMph>376</speedMph>
                    <altitudeFt>27750</altitudeFt>
                </position>
                <position>
                    <lat>47.4653</lat>
                    <lon>18.1012</lon>
                    <date>2013-07-11T09:04:05+02:00</date>
                    <speedMph>368</speedMph>
                    <altitudeFt>26000</altitudeFt>
                </position>
                <position>
                    <lat>47.453</lat>
                    <lon>18.2505</lon>
                    <date>2013-07-11T09:03:05+02:00</date>
                    <speedMph>360</speedMph>
                    <altitudeFt>24030</altitudeFt>
                </position>
                <position>
                    <lat>47.4408</lat>
                    <lon>18.3955</lon>
                    <date>2013-07-11T09:02:04+02:00</date>
                    <speedMph>348</speedMph>
                    <altitudeFt>21830</altitudeFt>
                </position>
                <position>
                    <lat>47.4289</lat>
                    <lon>18.5322</lon>
                    <date>2013-07-11T09:01:04+02:00</date>
                    <speedMph>340</speedMph>
                    <altitudeFt>19530</altitudeFt>
                </position>
                <position>
                    <lat>47.4158</lat>
                    <lon>18.6837</lon>
                    <date>2013-07-11T09:00:02+02:00</date>
                    <speedMph>332</speedMph>
                    <altitudeFt>16480</altitudeFt>
                </position>
                <position>
                    <lat>47.4049</lat>
                    <lon>18.8044</lon>
                    <date>2013-07-11T08:59:02+02:00</date>
                    <speedMph>308</speedMph>
                    <altitudeFt>14280</altitudeFt>
                </position>
                <position>
                    <lat>47.3997</lat>
                    <lon>18.8633</lon>
                    <date>2013-07-11T08:58:32+02:00</date>
                    <speedMph>268</speedMph>
                    <altitudeFt>13550</altitudeFt>
                </position>
                <position>
                    <lat>47.393</lat>
                    <lon>18.952</lon>
                    <date>2013-07-11T08:57:42+02:00</date>
                    <speedMph>264</speedMph>
                    <altitudeFt>10950</altitudeFt>
                </position>
                <position>
                    <lat>47.3946</lat>
                    <lon>19.0206</lon>
                    <date>2013-07-11T08:57:07+02:00</date>
                    <speedMph>272</speedMph>
                    <altitudeFt>8850</altitudeFt>
                </position>
                <position>
                    <lat>47.3979</lat>
                    <lon>19.0347</lon>
                    <date>2013-07-11T08:56:57+02:00</date>
                    <speedMph>272</speedMph>
                    <altitudeFt>8530</altitudeFt>
                </position>
                <position>
                    <lat>47.4077</lat>
                    <lon>19.0546</lon>
                    <date>2013-07-11T08:56:47+02:00</date>
                    <speedMph>268</speedMph>
                    <altitudeFt>8000</altitudeFt>
                </position>
                <position>
                    <lat>47.411</lat>
                    <lon>19.0585</lon>
                    <date>2013-07-11T08:56:37+02:00</date>
                    <speedMph>268</speedMph>
                    <altitudeFt>7850</altitudeFt>
                </position>
                <position>
                    <lat>47.4369</lat>
                    <lon>19.0716</lon>
                    <date>2013-07-11T08:56:27+02:00</date>
                    <speedMph>280</speedMph>
                    <altitudeFt>6580</altitudeFt>
                </position>
                <position>
                    <lat>47.4468</lat>
                    <lon>19.0746</lon>
                    <date>2013-07-11T08:56:17+02:00</date>
                    <speedMph>276</speedMph>
                    <altitudeFt>6130</altitudeFt>
                </position>
                <position>
                    <lat>47.4543</lat>
                    <lon>19.077</lon>
                    <date>2013-07-11T08:56:07+02:00</date>
                    <speedMph>276</speedMph>
                    <altitudeFt>5830</altitudeFt>
                </position>
                <position>
                    <lat>47.4707</lat>
                    <lon>19.0893</lon>
                    <date>2013-07-11T08:55:57+02:00</date>
                    <speedMph>260</speedMph>
                    <altitudeFt>5300</altitudeFt>
                </position>
                <position>
                    <lat>47.4765</lat>
                    <lon>19.1001</lon>
                    <date>2013-07-11T08:55:47+02:00</date>
                    <speedMph>248</speedMph>
                    <altitudeFt>5080</altitudeFt>
                </position>
                <position>
                    <lat>47.4804</lat>
                    <lon>19.11</lon>
                    <date>2013-07-11T08:55:37+02:00</date>
                    <speedMph>240</speedMph>
                    <altitudeFt>4900</altitudeFt>
                </position>
                <position>
                    <lat>47.4835</lat>
                    <lon>19.1182</lon>
                    <date>2013-07-11T08:55:32+02:00</date>
                    <speedMph>236</speedMph>
                    <altitudeFt>4750</altitudeFt>
                </position>
                <position>
                    <lat>47.4859</lat>
                    <lon>19.1243</lon>
                    <date>2013-07-11T08:55:27+02:00</date>
                    <speedMph>232</speedMph>
                    <altitudeFt>4600</altitudeFt>
                </position>
                <position>
                    <lat>47.4886</lat>
                    <lon>19.1311</lon>
                    <date>2013-07-11T08:55:22+02:00</date>
                    <speedMph>228</speedMph>
                    <altitudeFt>4400</altitudeFt>
                </position>
                <position>
                    <lat>47.4964</lat>
                    <lon>19.1606</lon>
                    <date>2013-07-11T08:54:57+02:00</date>
                    <speedMph>188</speedMph>
                    <altitudeFt>4050</altitudeFt>
                </position>
                <position>
                    <lat>47.494</lat>
                    <lon>19.1719</lon>
                    <date>2013-07-11T08:54:47+02:00</date>
                    <speedMph>172</speedMph>
                    <altitudeFt>3950</altitudeFt>
                </position>
                <position>
                    <lat>47.4915</lat>
                    <lon>19.1764</lon>
                    <date>2013-07-11T08:54:42+02:00</date>
                    <speedMph>160</speedMph>
                    <altitudeFt>3900</altitudeFt>
                </position>
                <position>
                    <lat>47.4883</lat>
                    <lon>19.1802</lon>
                    <date>2013-07-11T08:54:37+02:00</date>
                    <speedMph>160</speedMph>
                    <altitudeFt>3830</altitudeFt>
                </position>
                <position>
                    <lat>47.4856</lat>
                    <lon>19.1827</lon>
                    <date>2013-07-11T08:54:32+02:00</date>
                    <speedMph>156</speedMph>
                    <altitudeFt>3700</altitudeFt>
                </position>
                <position>
                    <lat>47.4826</lat>
                    <lon>19.1854</lon>
                    <date>2013-07-11T08:54:27+02:00</date>
                    <speedMph>156</speedMph>
                    <altitudeFt>3550</altitudeFt>
                </position>
                <position>
                    <lat>47.4794</lat>
                    <lon>19.1884</lon>
                    <date>2013-07-11T08:54:22+02:00</date>
                    <speedMph>156</speedMph>
                    <altitudeFt>3380</altitudeFt>
                </position>
                <position>
                    <lat>47.4762</lat>
                    <lon>19.1914</lon>
                    <date>2013-07-11T08:54:17+02:00</date>
                    <speedMph>152</speedMph>
                    <altitudeFt>3180</altitudeFt>
                </position>
                <position>
                    <lat>47.4732</lat>
                    <lon>19.1943</lon>
                    <date>2013-07-11T08:54:12+02:00</date>
                    <speedMph>144</speedMph>
                    <altitudeFt>3000</altitudeFt>
                </position>
                <position>
                    <lat>47.4674</lat>
                    <lon>19.2001</lon>
                    <date>2013-07-11T08:54:02+02:00</date>
                    <speedMph>140</speedMph>
                    <altitudeFt>2680</altitudeFt>
                </position>
                <position>
                    <lat>47.4649</lat>
                    <lon>19.2025</lon>
                    <date>2013-07-11T08:53:57+02:00</date>
                    <speedMph>136</speedMph>
                    <altitudeFt>2530</altitudeFt>
                </position>
                <position>
                    <lat>47.4593</lat>
                    <lon>19.2077</lon>
                    <date>2013-07-11T08:53:47+02:00</date>
                    <speedMph>136</speedMph>
                    <altitudeFt>2150</altitudeFt>
                </position>
                <position>
                    <lat>47.4563</lat>
                    <lon>19.2104</lon>
                    <date>2013-07-11T08:53:42+02:00</date>
                    <speedMph>140</speedMph>
                    <altitudeFt>1950</altitudeFt>
                </position>
                <position>
                    <lat>47.4537</lat>
                    <lon>19.2134</lon>
                    <date>2013-07-11T08:53:37+02:00</date>
                    <speedMph>140</speedMph>
                    <altitudeFt>1730</altitudeFt>
                </position>
                <position>
                    <lat>47.4494</lat>
                    <lon>19.2199</lon>
                    <date>2013-07-11T08:53:32+02:00</date>
                    <speedMph>144</speedMph>
                    <altitudeFt>1280</altitudeFt>
                </position>
                <position>
                    <lat>47.4468</lat>
                    <lon>19.224</lon>
                    <date>2013-07-11T08:53:22+02:00</date>
                    <speedMph>148</speedMph>
                    <altitudeFt>980</altitudeFt>
                </position>
                <position>
                    <lat>47.4441</lat>
                    <lon>19.2282</lon>
                    <date>2013-07-11T08:53:17+02:00</date>
                    <speedMph>148</speedMph>
                    <altitudeFt>700</altitudeFt>
                </position>
                <position>
                    <lat>47.4397</lat>
                    <lon>19.2354</lon>
                    <date>2013-07-11T08:53:12+02:00</date>
                    <speedMph>144</speedMph>
                    <altitudeFt>480</altitudeFt>
                </position>
                <position>
                    <lat>47.4377</lat>
                    <lon>19.2386</lon>
                    <date>2013-07-11T08:53:02+02:00</date>
                    <speedMph>128</speedMph>
                    <altitudeFt>500</altitudeFt>
                </position>
                <position>
                    <lat>47.4358</lat>
                    <lon>19.2417</lon>
                    <date>2013-07-11T08:52:57+02:00</date>
                    <speedMph>108</speedMph>
                    <altitudeFt>500</altitudeFt>
                </position>
                <position>
                    <lat>47.4341</lat>
                    <lon>19.2445</lon>
                    <date>2013-07-11T08:52:52+02:00</date>
                    <speedMph>96</speedMph>
                    <altitudeFt>500</altitudeFt>
                </position>
                <position>
                    <lat>47.4317</lat>
                    <lon>19.2484</lon>
                    <date>2013-07-11T08:52:42+02:00</date>
                    <speedMph>52</speedMph>
                    <altitudeFt>530</altitudeFt>
                </position>
                <position>
                    <lat>47.4307</lat>
                    <lon>19.2499</lon>
                    <date>2013-07-11T08:52:32+02:00</date>
                    <speedMph>0</speedMph>
                    <altitudeFt>0</altitudeFt>
                </position>
                <position>
                    <lat>47.4307</lat>
                    <lon>19.2499</lon>
                    <date>2013-07-11T08:52:02+02:00</date>
                    <speedMph>0</speedMph>
                    <altitudeFt>0</altitudeFt>
                </position>
                <position>
                    <lat>47.4307</lat>
                    <lon>19.2499</lon>
                    <date>2013-07-11T08:51:57+02:00</date>
                    <speedMph>0</speedMph>
                    <altitudeFt>0</altitudeFt>
                </position>
                <position>
                    <lat>47.4307</lat>
                    <lon>19.2499</lon>
                    <date>2013-07-11T08:51:32+02:00</date>
                    <speedMph>0</speedMph>
                    <altitudeFt>0</altitudeFt>
                </position>
                <position>
                    <lat>47.4307</lat>
                    <lon>19.2499</lon>
                    <date>2013-07-11T08:51:12+02:00</date>
                    <speedMph>0</speedMph>
                    <altitudeFt>0</altitudeFt>
                </position>
                <position>
                    <lat>47.4307</lat>
                    <lon>19.25</lon>
                    <date>2013-07-11T08:50:52+02:00</date>
                    <speedMph>4</speedMph>
                    <altitudeFt>0</altitudeFt>
                </position>
                <position>
                    <lat>47.4308</lat>
                    <lon>19.2503</lon>
                    <date>2013-07-11T08:50:42+02:00</date>
                    <speedMph>8</speedMph>
                    <altitudeFt>0</altitudeFt>
                </position>
                <position>
                    <lat>47.4309</lat>
                    <lon>19.2505</lon>
                    <date>2013-07-11T08:50:37+02:00</date>
                    <speedMph>8</speedMph>
                    <altitudeFt>0</altitudeFt>
                </position>
                <position>
                    <lat>47.4311</lat>
                    <lon>19.2508</lon>
                    <date>2013-07-11T08:50:32+02:00</date>
                    <speedMph>8</speedMph>
                    <altitudeFt>0</altitudeFt>
                </position>
                <position>
                    <lat>47.4313</lat>
                    <lon>19.2509</lon>
                    <date>2013-07-11T08:50:27+02:00</date>
                    <speedMph>8</speedMph>
                    <altitudeFt>0</altitudeFt>
                </position>
                <position>
                    <lat>47.4314</lat>
                    <lon>19.2511</lon>
                    <date>2013-07-11T08:50:22+02:00</date>
                    <speedMph>4</speedMph>
                    <altitudeFt>0</altitudeFt>
                </position>
                <position>
                    <lat>47.4315</lat>
                    <lon>19.2512</lon>
                    <date>2013-07-11T08:50:17+02:00</date>
                    <speedMph>4</speedMph>
                    <altitudeFt>0</altitudeFt>
                </position>
                <position>
                    <lat>47.4315</lat>
                    <lon>19.2513</lon>
                    <date>2013-07-11T08:50:12+02:00</date>
                    <speedMph>0</speedMph>
                    <altitudeFt>0</altitudeFt>
                </position>
                <position>
                    <lat>47.4315</lat>
                    <lon>19.2513</lon>
                    <date>2013-07-11T08:50:07+02:00</date>
                    <speedMph>0</speedMph>
                    <altitudeFt>0</altitudeFt>
                </position>
                <position>
                    <lat>47.4315</lat>
                    <lon>19.2513</lon>
                    <date>2013-07-11T08:49:57+02:00</date>
                    <speedMph>0</speedMph>
                    <altitudeFt>0</altitudeFt>
                </position>
                <position>
                    <lat>47.4316</lat>
                    <lon>19.2514</lon>
                    <date>2013-07-11T08:49:52+02:00</date>
                    <speedMph>4</speedMph>
                    <altitudeFt>0</altitudeFt>
                </position>
                <position>
                    <lat>47.4317</lat>
                    <lon>19.2516</lon>
                    <date>2013-07-11T08:49:47+02:00</date>
                    <speedMph>8</speedMph>
                    <altitudeFt>0</altitudeFt>
                </position>
                <position>
                    <lat>47.4318</lat>
                    <lon>19.2517</lon>
                    <date>2013-07-11T08:49:37+02:00</date>
                    <speedMph>8</speedMph>
                    <altitudeFt>0</altitudeFt>
                </position>
                <position>
                    <lat>47.4319</lat>
                    <lon>19.2519</lon>
                    <date>2013-07-11T08:49:32+02:00</date>
                    <speedMph>8</speedMph>
                    <altitudeFt>0</altitudeFt>
                </position>
                <position>
                    <lat>47.4322</lat>
                    <lon>19.2523</lon>
                    <date>2013-07-11T08:49:27+02:00</date>
                    <speedMph>12</speedMph>
                    <altitudeFt>0</altitudeFt>
                </position>
                <position>
                    <lat>47.4324</lat>
                    <lon>19.2525</lon>
                    <date>2013-07-11T08:49:17+02:00</date>
                    <speedMph>12</speedMph>
                    <altitudeFt>0</altitudeFt>
                </position>
                <position>
                    <lat>47.4326</lat>
                    <lon>19.2528</lon>
                    <date>2013-07-11T08:49:12+02:00</date>
                    <speedMph>12</speedMph>
                    <altitudeFt>0</altitudeFt>
                </position>
                <position>
                    <lat>47.4328</lat>
                    <lon>19.2531</lon>
                    <date>2013-07-11T08:49:07+02:00</date>
                    <speedMph>16</speedMph>
                    <altitudeFt>0</altitudeFt>
                </position>
                <position>
                    <lat>47.4334</lat>
                    <lon>19.2539</lon>
                    <date>2013-07-11T08:49:02+02:00</date>
                    <speedMph>20</speedMph>
                    <altitudeFt>0</altitudeFt>
                </position>
                <position>
                    <lat>47.4338</lat>
                    <lon>19.2544</lon>
                    <date>2013-07-11T08:48:57+02:00</date>
                    <speedMph>20</speedMph>
                    <altitudeFt>0</altitudeFt>
                </position>
                <position>
                    <lat>47.4342</lat>
                    <lon>19.2549</lon>
                    <date>2013-07-11T08:48:52+02:00</date>
                    <speedMph>20</speedMph>
                    <altitudeFt>0</altitudeFt>
                </position>
                <position>
                    <lat>47.4344</lat>
                    <lon>19.2552</lon>
                    <date>2013-07-11T08:48:42+02:00</date>
                    <speedMph>16</speedMph>
                    <altitudeFt>0</altitudeFt>
                </position>
                <position>
                    <lat>47.435</lat>
                    <lon>19.256</lon>
                    <date>2013-07-11T08:48:32+02:00</date>
                    <speedMph>16</speedMph>
                    <altitudeFt>0</altitudeFt>
                </position>
                <position>
                    <lat>47.4355</lat>
                    <lon>19.2568</lon>
                    <date>2013-07-11T08:48:22+02:00</date>
                    <speedMph>12</speedMph>
                    <altitudeFt>0</altitudeFt>
                </position>
                <position>
                    <lat>47.4351</lat>
                    <lon>19.2585</lon>
                    <date>2013-07-11T08:47:57+02:00</date>
                    <speedMph>12</speedMph>
                    <altitudeFt>0</altitudeFt>
                </position>
                <position>
                    <lat>47.4355</lat>
                    <lon>19.2591</lon>
                    <date>2013-07-11T08:47:52+02:00</date>
                    <speedMph>12</speedMph>
                    <altitudeFt>0</altitudeFt>
                </position>
                <position>
                    <lat>47.4356</lat>
                    <lon>19.2593</lon>
                    <date>2013-07-11T08:47:42+02:00</date>
                    <speedMph>12</speedMph>
                    <altitudeFt>0</altitudeFt>
                </position>
                <position>
                    <lat>47.436</lat>
                    <lon>19.26</lon>
                    <date>2013-07-11T08:47:22+02:00</date>
                    <speedMph>4</speedMph>
                    <altitudeFt>0</altitudeFt>
                </position>
                <position>
                    <lat>47.4357</lat>
                    <lon>19.2605</lon>
                    <date>2013-07-11T08:46:27+02:00</date>
                    <speedMph>0</speedMph>
                    <altitudeFt>0</altitudeFt>
                </position>
                <position>
                    <lat>47.4357</lat>
                    <lon>19.2605</lon>
                    <date>2013-07-11T08:46:12+02:00</date>
                    <speedMph>0</speedMph>
                    <altitudeFt>0</altitudeFt>
                </position>
                <position>
                    <lat>47.4357</lat>
                    <lon>19.2605</lon>
                    <date>2013-07-11T08:45:52+02:00</date>
                    <speedMph>0</speedMph>
                    <altitudeFt>0</altitudeFt>
                </position>
            </positions>
        </flightTrack>
    </flightTracks>
</flightstatslog>
