<?xml version="1.0" encoding="UTF-8" standalone="yes"?>
<flightstatslog>
    <appendix>
        <airports>
            <airport>
                <fs>CPH</fs>
                <latitude>55.617917</latitude>
                <longitude>12.655972</longitude>
                <city>Copenhagen</city>
            </airport>
            <airport>
                <fs>VIE</fs>
                <latitude>48.110278</latitude>
                <longitude>16.569722</longitude>
                <city>Vienna</city>
            </airport>
        </airports>
    </appendix>
    <flightTracks>
        <flightTrack>
            <flightId>4458085</flightId>
            <departureAirportFsCode>CPH</departureAirportFsCode>
            <arrivalAirportFsCode>VIE</arrivalAirportFsCode>
            <positions>
                <position>
                    <lat>48.1179</lat>
                    <lon>16.573</lon>
                    <date>2013-07-11T08:40:36+02:00</date>
                    <speedMph>12</speedMph>
                    <altitudeFt>0</altitudeFt>
                </position>
                <position>
                    <lat>48.1181</lat>
                    <lon>16.5741</lon>
                    <date>2013-07-11T08:40:26+02:00</date>
                    <speedMph>12</speedMph>
                    <altitudeFt>0</altitudeFt>
                </position>
                <position>
                    <lat>48.1183</lat>
                    <lon>16.5757</lon>
                    <date>2013-07-11T08:40:01+02:00</date>
                    <speedMph>12</speedMph>
                    <altitudeFt>0</altitudeFt>
                </position>
                <position>
                    <lat>48.1182</lat>
                    <lon>16.576</lon>
                    <date>2013-07-11T08:39:56+02:00</date>
                    <speedMph>12</speedMph>
                    <altitudeFt>0</altitudeFt>
                </position>
                <position>
                    <lat>48.1178</lat>
                    <lon>16.5762</lon>
                    <date>2013-07-11T08:39:46+02:00</date>
                    <speedMph>16</speedMph>
                    <altitudeFt>0</altitudeFt>
                </position>
                <position>
                    <lat>48.1172</lat>
                    <lon>16.5764</lon>
                    <date>2013-07-11T08:39:41+02:00</date>
                    <speedMph>24</speedMph>
                    <altitudeFt>0</altitudeFt>
                </position>
                <position>
                    <lat>48.1163</lat>
                    <lon>16.5768</lon>
                    <date>2013-07-11T08:39:36+02:00</date>
                    <speedMph>28</speedMph>
                    <altitudeFt>0</altitudeFt>
                </position>
                <position>
                    <lat>48.1155</lat>
                    <lon>16.5772</lon>
                    <date>2013-07-11T08:39:26+02:00</date>
                    <speedMph>28</speedMph>
                    <altitudeFt>0</altitudeFt>
                </position>
                <position>
                    <lat>48.0845</lat>
                    <lon>16.5931</lon>
                    <date>2013-07-11T08:36:51+02:00</date>
                    <speedMph>124</speedMph>
                    <altitudeFt>680</altitudeFt>
                </position>
                <position>
                    <lat>48.0806</lat>
                    <lon>16.5947</lon>
                    <date>2013-07-11T08:36:46+02:00</date>
                    <speedMph>124</speedMph>
                    <altitudeFt>750</altitudeFt>
                </position>
                <position>
                    <lat>48.0768</lat>
                    <lon>16.5963</lon>
                    <date>2013-07-11T08:36:41+02:00</date>
                    <speedMph>124</speedMph>
                    <altitudeFt>830</altitudeFt>
                </position>
                <position>
                    <lat>48.0728</lat>
                    <lon>16.598</lon>
                    <date>2013-07-11T08:36:31+02:00</date>
                    <speedMph>132</speedMph>
                    <altitudeFt>900</altitudeFt>
                </position>
                <position>
                    <lat>48.0683</lat>
                    <lon>16.5999</lon>
                    <date>2013-07-11T08:36:26+02:00</date>
                    <speedMph>132</speedMph>
                    <altitudeFt>1000</altitudeFt>
                </position>
                <position>
                    <lat>48.0646</lat>
                    <lon>16.6014</lon>
                    <date>2013-07-11T08:36:21+02:00</date>
                    <speedMph>120</speedMph>
                    <altitudeFt>1080</altitudeFt>
                </position>
                <position>
                    <lat>48.059</lat>
                    <lon>16.6039</lon>
                    <date>2013-07-11T08:36:11+02:00</date>
                    <speedMph>120</speedMph>
                    <altitudeFt>1180</altitudeFt>
                </position>
                <position>
                    <lat>48.0566</lat>
                    <lon>16.6049</lon>
                    <date>2013-07-11T08:36:06+02:00</date>
                    <speedMph>120</speedMph>
                    <altitudeFt>1230</altitudeFt>
                </position>
                <position>
                    <lat>48.0531</lat>
                    <lon>16.6063</lon>
                    <date>2013-07-11T08:36:01+02:00</date>
                    <speedMph>120</speedMph>
                    <altitudeFt>1300</altitudeFt>
                </position>
                <position>
                    <lat>48.0408</lat>
                    <lon>16.6115</lon>
                    <date>2013-07-11T08:35:41+02:00</date>
                    <speedMph>136</speedMph>
                    <altitudeFt>1530</altitudeFt>
                </position>
                <position>
                    <lat>48.0347</lat>
                    <lon>16.6141</lon>
                    <date>2013-07-11T08:35:31+02:00</date>
                    <speedMph>132</speedMph>
                    <altitudeFt>1680</altitudeFt>
                </position>
                <position>
                    <lat>48.0313</lat>
                    <lon>16.6155</lon>
                    <date>2013-07-11T08:35:26+02:00</date>
                    <speedMph>136</speedMph>
                    <altitudeFt>1750</altitudeFt>
                </position>
                <position>
                    <lat>48.0279</lat>
                    <lon>16.617</lon>
                    <date>2013-07-11T08:35:16+02:00</date>
                    <speedMph>140</speedMph>
                    <altitudeFt>1800</altitudeFt>
                </position>
                <position>
                    <lat>48.024</lat>
                    <lon>16.6186</lon>
                    <date>2013-07-11T08:35:11+02:00</date>
                    <speedMph>152</speedMph>
                    <altitudeFt>1880</altitudeFt>
                </position>
                <position>
                    <lat>48.0189</lat>
                    <lon>16.6208</lon>
                    <date>2013-07-11T08:35:01+02:00</date>
                    <speedMph>140</speedMph>
                    <altitudeFt>1980</altitudeFt>
                </position>
                <position>
                    <lat>48.0138</lat>
                    <lon>16.6229</lon>
                    <date>2013-07-11T08:34:56+02:00</date>
                    <speedMph>148</speedMph>
                    <altitudeFt>2080</altitudeFt>
                </position>
                <position>
                    <lat>48.0094</lat>
                    <lon>16.6247</lon>
                    <date>2013-07-11T08:34:51+02:00</date>
                    <speedMph>152</speedMph>
                    <altitudeFt>2150</altitudeFt>
                </position>
                <position>
                    <lat>48.0053</lat>
                    <lon>16.6265</lon>
                    <date>2013-07-11T08:34:41+02:00</date>
                    <speedMph>148</speedMph>
                    <altitudeFt>2250</altitudeFt>
                </position>
                <position>
                    <lat>47.9988</lat>
                    <lon>16.6292</lon>
                    <date>2013-07-11T08:34:31+02:00</date>
                    <speedMph>152</speedMph>
                    <altitudeFt>2350</altitudeFt>
                </position>
                <position>
                    <lat>47.9949</lat>
                    <lon>16.6308</lon>
                    <date>2013-07-11T08:34:26+02:00</date>
                    <speedMph>152</speedMph>
                    <altitudeFt>2450</altitudeFt>
                </position>
                <position>
                    <lat>47.9884</lat>
                    <lon>16.6336</lon>
                    <date>2013-07-11T08:34:21+02:00</date>
                    <speedMph>152</speedMph>
                    <altitudeFt>2600</altitudeFt>
                </position>
                <position>
                    <lat>47.987</lat>
                    <lon>16.6342</lon>
                    <date>2013-07-11T08:34:16+02:00</date>
                    <speedMph>152</speedMph>
                    <altitudeFt>2630</altitudeFt>
                </position>
                <position>
                    <lat>47.9831</lat>
                    <lon>16.6359</lon>
                    <date>2013-07-11T08:34:06+02:00</date>
                    <speedMph>152</speedMph>
                    <altitudeFt>2700</altitudeFt>
                </position>
                <position>
                    <lat>47.9736</lat>
                    <lon>16.6398</lon>
                    <date>2013-07-11T08:33:56+02:00</date>
                    <speedMph>152</speedMph>
                    <altitudeFt>2880</altitudeFt>
                </position>
                <position>
                    <lat>47.9713</lat>
                    <lon>16.6408</lon>
                    <date>2013-07-11T08:33:51+02:00</date>
                    <speedMph>152</speedMph>
                    <altitudeFt>2930</altitudeFt>
                </position>
                <position>
                    <lat>47.9673</lat>
                    <lon>16.6427</lon>
                    <date>2013-07-11T08:33:41+02:00</date>
                    <speedMph>140</speedMph>
                    <altitudeFt>2980</altitudeFt>
                </position>
                <position>
                    <lat>47.96</lat>
                    <lon>16.6462</lon>
                    <date>2013-07-11T08:33:36+02:00</date>
                    <speedMph>140</speedMph>
                    <altitudeFt>2980</altitudeFt>
                </position>
                <position>
                    <lat>47.9565</lat>
                    <lon>16.6481</lon>
                    <date>2013-07-11T08:33:26+02:00</date>
                    <speedMph>136</speedMph>
                    <altitudeFt>3000</altitudeFt>
                </position>
                <position>
                    <lat>47.9496</lat>
                    <lon>16.6525</lon>
                    <date>2013-07-11T08:33:16+02:00</date>
                    <speedMph>148</speedMph>
                    <altitudeFt>3000</altitudeFt>
                </position>
                <position>
                    <lat>47.9463</lat>
                    <lon>16.6553</lon>
                    <date>2013-07-11T08:33:11+02:00</date>
                    <speedMph>152</speedMph>
                    <altitudeFt>3030</altitudeFt>
                </position>
                <position>
                    <lat>47.9431</lat>
                    <lon>16.6593</lon>
                    <date>2013-07-11T08:33:06+02:00</date>
                    <speedMph>148</speedMph>
                    <altitudeFt>3080</altitudeFt>
                </position>
                <position>
                    <lat>47.94</lat>
                    <lon>16.6642</lon>
                    <date>2013-07-11T08:32:56+02:00</date>
                    <speedMph>152</speedMph>
                    <altitudeFt>3130</altitudeFt>
                </position>
                <position>
                    <lat>47.9264</lat>
                    <lon>16.6851</lon>
                    <date>2013-07-11T08:32:36+02:00</date>
                    <speedMph>192</speedMph>
                    <altitudeFt>3280</altitudeFt>
                </position>
                <position>
                    <lat>47.9161</lat>
                    <lon>16.7007</lon>
                    <date>2013-07-11T08:32:16+02:00</date>
                    <speedMph>196</speedMph>
                    <altitudeFt>3250</altitudeFt>
                </position>
                <position>
                    <lat>47.9118</lat>
                    <lon>16.7075</lon>
                    <date>2013-07-11T08:32:11+02:00</date>
                    <speedMph>200</speedMph>
                    <altitudeFt>3300</altitudeFt>
                </position>
                <position>
                    <lat>47.9007</lat>
                    <lon>16.7417</lon>
                    <date>2013-07-11T08:31:51+02:00</date>
                    <speedMph>212</speedMph>
                    <altitudeFt>3530</altitudeFt>
                </position>
                <position>
                    <lat>47.9013</lat>
                    <lon>16.7501</lon>
                    <date>2013-07-11T08:31:46+02:00</date>
                    <speedMph>216</speedMph>
                    <altitudeFt>3550</altitudeFt>
                </position>
                <position>
                    <lat>47.9028</lat>
                    <lon>16.7568</lon>
                    <date>2013-07-11T08:31:41+02:00</date>
                    <speedMph>220</speedMph>
                    <altitudeFt>3580</altitudeFt>
                </position>
                <position>
                    <lat>47.932</lat>
                    <lon>16.7837</lon>
                    <date>2013-07-11T08:31:16+02:00</date>
                    <speedMph>244</speedMph>
                    <altitudeFt>3900</altitudeFt>
                </position>
                <position>
                    <lat>47.9467</lat>
                    <lon>16.7794</lon>
                    <date>2013-07-11T08:31:01+02:00</date>
                    <speedMph>240</speedMph>
                    <altitudeFt>4100</altitudeFt>
                </position>
                <position>
                    <lat>47.9537</lat>
                    <lon>16.7766</lon>
                    <date>2013-07-11T08:30:56+02:00</date>
                    <speedMph>248</speedMph>
                    <altitudeFt>4180</altitudeFt>
                </position>
                <position>
                    <lat>47.9914</lat>
                    <lon>16.7611</lon>
                    <date>2013-07-11T08:30:51+02:00</date>
                    <speedMph>256</speedMph>
                    <altitudeFt>4780</altitudeFt>
                </position>
                <position>
                    <lat>47.9977</lat>
                    <lon>16.7585</lon>
                    <date>2013-07-11T08:29:56+02:00</date>
                    <speedMph>256</speedMph>
                    <altitudeFt>4880</altitudeFt>
                </position>
                <position>
                    <lat>48.0023</lat>
                    <lon>16.7565</lon>
                    <date>2013-07-11T08:29:51+02:00</date>
                    <speedMph>256</speedMph>
                    <altitudeFt>4980</altitudeFt>
                </position>
                <position>
                    <lat>48.0261</lat>
                    <lon>16.7467</lon>
                    <date>2013-07-11T08:29:41+02:00</date>
                    <speedMph>252</speedMph>
                    <altitudeFt>5400</altitudeFt>
                </position>
                <position>
                    <lat>48.0362</lat>
                    <lon>16.7425</lon>
                    <date>2013-07-11T08:29:31+02:00</date>
                    <speedMph>252</speedMph>
                    <altitudeFt>5550</altitudeFt>
                </position>
                <position>
                    <lat>48.0455</lat>
                    <lon>16.7386</lon>
                    <date>2013-07-11T08:29:21+02:00</date>
                    <speedMph>264</speedMph>
                    <altitudeFt>5680</altitudeFt>
                </position>
                <position>
                    <lat>48.0552</lat>
                    <lon>16.7345</lon>
                    <date>2013-07-11T08:29:11+02:00</date>
                    <speedMph>268</speedMph>
                    <altitudeFt>5780</altitudeFt>
                </position>
                <position>
                    <lat>48.0668</lat>
                    <lon>16.7297</lon>
                    <date>2013-07-11T08:29:01+02:00</date>
                    <speedMph>272</speedMph>
                    <altitudeFt>5930</altitudeFt>
                </position>
                <position>
                    <lat>48.0831</lat>
                    <lon>16.7231</lon>
                    <date>2013-07-11T08:28:51+02:00</date>
                    <speedMph>284</speedMph>
                    <altitudeFt>6030</altitudeFt>
                </position>
                <position>
                    <lat>48.0981</lat>
                    <lon>16.7168</lon>
                    <date>2013-07-11T08:28:41+02:00</date>
                    <speedMph>284</speedMph>
                    <altitudeFt>6180</altitudeFt>
                </position>
                <position>
                    <lat>48.1039</lat>
                    <lon>16.7144</lon>
                    <date>2013-07-11T08:28:31+02:00</date>
                    <speedMph>284</speedMph>
                    <altitudeFt>6280</altitudeFt>
                </position>
                <position>
                    <lat>48.1119</lat>
                    <lon>16.7111</lon>
                    <date>2013-07-11T08:28:21+02:00</date>
                    <speedMph>284</speedMph>
                    <altitudeFt>6380</altitudeFt>
                </position>
                <position>
                    <lat>48.1335</lat>
                    <lon>16.702</lon>
                    <date>2013-07-11T08:28:11+02:00</date>
                    <speedMph>288</speedMph>
                    <altitudeFt>6700</altitudeFt>
                </position>
                <position>
                    <lat>48.1469</lat>
                    <lon>16.6965</lon>
                    <date>2013-07-11T08:28:01+02:00</date>
                    <speedMph>288</speedMph>
                    <altitudeFt>6900</altitudeFt>
                </position>
                <position>
                    <lat>48.1536</lat>
                    <lon>16.6937</lon>
                    <date>2013-07-11T08:27:51+02:00</date>
                    <speedMph>288</speedMph>
                    <altitudeFt>7030</altitudeFt>
                </position>
                <position>
                    <lat>48.1686</lat>
                    <lon>16.6874</lon>
                    <date>2013-07-11T08:27:41+02:00</date>
                    <speedMph>300</speedMph>
                    <altitudeFt>7250</altitudeFt>
                </position>
                <position>
                    <lat>48.1835</lat>
                    <lon>16.6811</lon>
                    <date>2013-07-11T08:27:31+02:00</date>
                    <speedMph>304</speedMph>
                    <altitudeFt>7480</altitudeFt>
                </position>
                <position>
                    <lat>48.2006</lat>
                    <lon>16.6739</lon>
                    <date>2013-07-11T08:27:21+02:00</date>
                    <speedMph>300</speedMph>
                    <altitudeFt>7780</altitudeFt>
                </position>
                <position>
                    <lat>48.2099</lat>
                    <lon>16.67</lon>
                    <date>2013-07-11T08:27:11+02:00</date>
                    <speedMph>300</speedMph>
                    <altitudeFt>7930</altitudeFt>
                </position>
                <position>
                    <lat>48.2255</lat>
                    <lon>16.6633</lon>
                    <date>2013-07-11T08:27:01+02:00</date>
                    <speedMph>304</speedMph>
                    <altitudeFt>8200</altitudeFt>
                </position>
                <position>
                    <lat>48.2421</lat>
                    <lon>16.6561</lon>
                    <date>2013-07-11T08:26:46+02:00</date>
                    <speedMph>304</speedMph>
                    <altitudeFt>8500</altitudeFt>
                </position>
                <position>
                    <lat>48.2564</lat>
                    <lon>16.65</lon>
                    <date>2013-07-11T08:26:36+02:00</date>
                    <speedMph>304</speedMph>
                    <altitudeFt>8800</altitudeFt>
                </position>
                <position>
                    <lat>48.2738</lat>
                    <lon>16.6445</lon>
                    <date>2013-07-11T08:26:26+02:00</date>
                    <speedMph>312</speedMph>
                    <altitudeFt>9150</altitudeFt>
                </position>
                <position>
                    <lat>48.2927</lat>
                    <lon>16.6427</lon>
                    <date>2013-07-11T08:26:16+02:00</date>
                    <speedMph>312</speedMph>
                    <altitudeFt>9500</altitudeFt>
                </position>
                <position>
                    <lat>48.2961</lat>
                    <lon>16.6425</lon>
                    <date>2013-07-11T08:26:06+02:00</date>
                    <speedMph>312</speedMph>
                    <altitudeFt>9580</altitudeFt>
                </position>
                <position>
                    <lat>48.3191</lat>
                    <lon>16.641</lon>
                    <date>2013-07-11T08:25:56+02:00</date>
                    <speedMph>304</speedMph>
                    <altitudeFt>10000</altitudeFt>
                </position>
                <position>
                    <lat>48.3566</lat>
                    <lon>16.6386</lon>
                    <date>2013-07-11T08:25:26+02:00</date>
                    <speedMph>308</speedMph>
                    <altitudeFt>10730</altitudeFt>
                </position>
                <position>
                    <lat>48.403</lat>
                    <lon>16.6353</lon>
                    <date>2013-07-11T08:24:56+02:00</date>
                    <speedMph>308</speedMph>
                    <altitudeFt>11600</altitudeFt>
                </position>
                <position>
                    <lat>48.4414</lat>
                    <lon>16.6326</lon>
                    <date>2013-07-11T08:24:26+02:00</date>
                    <speedMph>308</speedMph>
                    <altitudeFt>12300</altitudeFt>
                </position>
                <position>
                    <lat>48.488</lat>
                    <lon>16.6294</lon>
                    <date>2013-07-11T08:23:56+02:00</date>
                    <speedMph>0</speedMph>
                    <altitudeFt>12950</altitudeFt>
                </position>
                <position>
                    <lat>48.966</lat>
                    <lon>10.0027</lon>
                    <date>2013-07-11T08:23:26+02:00</date>
                    <speedMph>320</speedMph>
                    <altitudeFt>13100</altitudeFt>
                </position>
                <position>
                    <lat>48.6015</lat>
                    <lon>16.6215</lon>
                    <date>2013-07-11T08:22:56+02:00</date>
                    <speedMph>328</speedMph>
                    <altitudeFt>13650</altitudeFt>
                </position>
                <position>
                    <lat>48.6297</lat>
                    <lon>16.6196</lon>
                    <date>2013-07-11T08:22:26+02:00</date>
                    <speedMph>328</speedMph>
                    <altitudeFt>14180</altitudeFt>
                </position>
                <position>
                    <lat>48.6616</lat>
                    <lon>16.6173</lon>
                    <date>2013-07-11T08:21:56+02:00</date>
                    <speedMph>328</speedMph>
                    <altitudeFt>14750</altitudeFt>
                </position>
                <position>
                    <lat>48.7138</lat>
                    <lon>16.6136</lon>
                    <date>2013-07-11T08:21:21+02:00</date>
                    <speedMph>328</speedMph>
                    <altitudeFt>15730</altitudeFt>
                </position>
                <position>
                    <lat>48.8055</lat>
                    <lon>16.6069</lon>
                    <date>2013-07-11T08:20:21+02:00</date>
                    <speedMph>352</speedMph>
                    <altitudeFt>17050</altitudeFt>
                </position>
                <position>
                    <lat>48.9013</lat>
                    <lon>16.5654</lon>
                    <date>2013-07-11T08:19:21+02:00</date>
                    <speedMph>364</speedMph>
                    <altitudeFt>18430</altitudeFt>
                </position>
                <position>
                    <lat>49.021</lat>
                    <lon>16.4784</lon>
                    <date>2013-07-11T08:18:21+02:00</date>
                    <speedMph>380</speedMph>
                    <altitudeFt>19980</altitudeFt>
                </position>
                <position>
                    <lat>49.2314</lat>
                    <lon>16.3049</lon>
                    <date>2013-07-11T08:17:21+02:00</date>
                    <speedMph>396</speedMph>
                    <altitudeFt>22750</altitudeFt>
                </position>
                <position>
                    <lat>49.2661</lat>
                    <lon>16.2764</lon>
                    <date>2013-07-11T08:16:05+02:00</date>
                    <speedMph>392</speedMph>
                    <altitudeFt>23200</altitudeFt>
                </position>
                <position>
                    <lat>49.3227</lat>
                    <lon>16.2303</lon>
                    <date>2013-07-11T08:14:58+02:00</date>
                    <speedMph>392</speedMph>
                    <altitudeFt>23950</altitudeFt>
                </position>
                <position>
                    <lat>49.4193</lat>
                    <lon>16.146</lon>
                    <date>2013-07-11T08:13:58+02:00</date>
                    <speedMph>404</speedMph>
                    <altitudeFt>25230</altitudeFt>
                </position>
                <position>
                    <lat>49.5106</lat>
                    <lon>16.0641</lon>
                    <date>2013-07-11T08:12:58+02:00</date>
                    <speedMph>412</speedMph>
                    <altitudeFt>26480</altitudeFt>
                </position>
                <position>
                    <lat>49.6307</lat>
                    <lon>15.9558</lon>
                    <date>2013-07-11T08:11:58+02:00</date>
                    <speedMph>420</speedMph>
                    <altitudeFt>28080</altitudeFt>
                </position>
                <position>
                    <lat>49.7086</lat>
                    <lon>15.8755</lon>
                    <date>2013-07-11T08:10:58+02:00</date>
                    <speedMph>424</speedMph>
                    <altitudeFt>29250</altitudeFt>
                </position>
                <position>
                    <lat>49.7984</lat>
                    <lon>15.7456</lon>
                    <date>2013-07-11T08:09:58+02:00</date>
                    <speedMph>444</speedMph>
                    <altitudeFt>31230</altitudeFt>
                </position>
                <position>
                    <lat>49.8851</lat>
                    <lon>15.616</lon>
                    <date>2013-07-11T08:08:58+02:00</date>
                    <speedMph>464</speedMph>
                    <altitudeFt>33180</altitudeFt>
                </position>
                <position>
                    <lat>49.9761</lat>
                    <lon>15.4792</lon>
                    <date>2013-07-11T08:07:58+02:00</date>
                    <speedMph>468</speedMph>
                    <altitudeFt>34200</altitudeFt>
                </position>
                <position>
                    <lat>50.0723</lat>
                    <lon>15.3341</lon>
                    <date>2013-07-11T08:06:58+02:00</date>
                    <speedMph>472</speedMph>
                    <altitudeFt>34980</altitudeFt>
                </position>
                <position>
                    <lat>50.1635</lat>
                    <lon>15.1952</lon>
                    <date>2013-07-11T08:05:58+02:00</date>
                    <speedMph>468</speedMph>
                    <altitudeFt>34950</altitudeFt>
                </position>
                <position>
                    <lat>50.2687</lat>
                    <lon>15.0633</lon>
                    <date>2013-07-11T08:04:58+02:00</date>
                    <speedMph>464</speedMph>
                    <altitudeFt>34980</altitudeFt>
                </position>
                <position>
                    <lat>50.3725</lat>
                    <lon>14.9404</lon>
                    <date>2013-07-11T08:03:58+02:00</date>
                    <speedMph>468</speedMph>
                    <altitudeFt>35000</altitudeFt>
                </position>
                <position>
                    <lat>50.4749</lat>
                    <lon>14.8185</lon>
                    <date>2013-07-11T08:02:58+02:00</date>
                    <speedMph>472</speedMph>
                    <altitudeFt>35000</altitudeFt>
                </position>
                <position>
                    <lat>50.6036</lat>
                    <lon>14.6649</lon>
                    <date>2013-07-11T08:01:58+02:00</date>
                    <speedMph>480</speedMph>
                    <altitudeFt>35050</altitudeFt>
                </position>
                <position>
                    <lat>50.7895</lat>
                    <lon>14.4506</lon>
                    <date>2013-07-11T08:00:58+02:00</date>
                    <speedMph>468</speedMph>
                    <altitudeFt>34950</altitudeFt>
                </position>
                <position>
                    <lat>50.8074</lat>
                    <lon>14.4398</lon>
                    <date>2013-07-11T07:59:54+02:00</date>
                    <speedMph>468</speedMph>
                    <altitudeFt>34980</altitudeFt>
                </position>
                <position>
                    <lat>50.9219</lat>
                    <lon>14.3761</lon>
                    <date>2013-07-11T07:58:54+02:00</date>
                    <speedMph>464</speedMph>
                    <altitudeFt>34980</altitudeFt>
                </position>
                <position>
                    <lat>51.0471</lat>
                    <lon>14.3382</lon>
                    <date>2013-07-11T07:57:54+02:00</date>
                    <speedMph>468</speedMph>
                    <altitudeFt>34980</altitudeFt>
                </position>
                <position>
                    <lat>51.1874</lat>
                    <lon>14.3021</lon>
                    <date>2013-07-11T07:56:54+02:00</date>
                    <speedMph>472</speedMph>
                    <altitudeFt>35050</altitudeFt>
                </position>
                <position>
                    <lat>51.308</lat>
                    <lon>14.2714</lon>
                    <date>2013-07-11T07:55:54+02:00</date>
                    <speedMph>476</speedMph>
                    <altitudeFt>35000</altitudeFt>
                </position>
                <position>
                    <lat>51.4421</lat>
                    <lon>14.236</lon>
                    <date>2013-07-11T07:54:54+02:00</date>
                    <speedMph>476</speedMph>
                    <altitudeFt>34980</altitudeFt>
                </position>
                <position>
                    <lat>51.5678</lat>
                    <lon>14.2032</lon>
                    <date>2013-07-11T07:53:54+02:00</date>
                    <speedMph>476</speedMph>
                    <altitudeFt>35000</altitudeFt>
                </position>
                <position>
                    <lat>51.6978</lat>
                    <lon>14.1688</lon>
                    <date>2013-07-11T07:52:54+02:00</date>
                    <speedMph>472</speedMph>
                    <altitudeFt>35030</altitudeFt>
                </position>
                <position>
                    <lat>51.8283</lat>
                    <lon>14.1345</lon>
                    <date>2013-07-11T07:51:53+02:00</date>
                    <speedMph>476</speedMph>
                    <altitudeFt>35050</altitudeFt>
                </position>
                <position>
                    <lat>51.9603</lat>
                    <lon>14.0991</lon>
                    <date>2013-07-11T07:50:53+02:00</date>
                    <speedMph>484</speedMph>
                    <altitudeFt>35030</altitudeFt>
                </position>
                <position>
                    <lat>52.0949</lat>
                    <lon>14.0628</lon>
                    <date>2013-07-11T07:49:53+02:00</date>
                    <speedMph>476</speedMph>
                    <altitudeFt>35000</altitudeFt>
                </position>
                <position>
                    <lat>52.2265</lat>
                    <lon>14.0274</lon>
                    <date>2013-07-11T07:48:53+02:00</date>
                    <speedMph>472</speedMph>
                    <altitudeFt>34980</altitudeFt>
                </position>
                <position>
                    <lat>52.3566</lat>
                    <lon>13.9922</lon>
                    <date>2013-07-11T07:47:53+02:00</date>
                    <speedMph>472</speedMph>
                    <altitudeFt>34950</altitudeFt>
                </position>
                <position>
                    <lat>52.4867</lat>
                    <lon>13.9565</lon>
                    <date>2013-07-11T07:46:53+02:00</date>
                    <speedMph>472</speedMph>
                    <altitudeFt>35030</altitudeFt>
                </position>
                <position>
                    <lat>52.6282</lat>
                    <lon>13.9176</lon>
                    <date>2013-07-11T07:45:53+02:00</date>
                    <speedMph>476</speedMph>
                    <altitudeFt>35050</altitudeFt>
                </position>
                <position>
                    <lat>52.7617</lat>
                    <lon>13.8806</lon>
                    <date>2013-07-11T07:44:53+02:00</date>
                    <speedMph>488</speedMph>
                    <altitudeFt>34980</altitudeFt>
                </position>
                <position>
                    <lat>52.8955</lat>
                    <lon>13.8433</lon>
                    <date>2013-07-11T07:43:53+02:00</date>
                    <speedMph>488</speedMph>
                    <altitudeFt>34980</altitudeFt>
                </position>
                <position>
                    <lat>53.0283</lat>
                    <lon>13.8061</lon>
                    <date>2013-07-11T07:42:53+02:00</date>
                    <speedMph>488</speedMph>
                    <altitudeFt>35000</altitudeFt>
                </position>
                <position>
                    <lat>53.161</lat>
                    <lon>13.769</lon>
                    <date>2013-07-11T07:41:53+02:00</date>
                    <speedMph>492</speedMph>
                    <altitudeFt>35000</altitudeFt>
                </position>
                <position>
                    <lat>53.2962</lat>
                    <lon>13.7302</lon>
                    <date>2013-07-11T07:40:53+02:00</date>
                    <speedMph>492</speedMph>
                    <altitudeFt>35000</altitudeFt>
                </position>
                <position>
                    <lat>53.4305</lat>
                    <lon>13.6916</lon>
                    <date>2013-07-11T07:39:53+02:00</date>
                    <speedMph>488</speedMph>
                    <altitudeFt>35000</altitudeFt>
                </position>
                <position>
                    <lat>53.5595</lat>
                    <lon>13.6549</lon>
                    <date>2013-07-11T07:38:53+02:00</date>
                    <speedMph>492</speedMph>
                    <altitudeFt>34950</altitudeFt>
                </position>
                <position>
                    <lat>53.6946</lat>
                    <lon>13.6159</lon>
                    <date>2013-07-11T07:37:53+02:00</date>
                    <speedMph>492</speedMph>
                    <altitudeFt>33650</altitudeFt>
                </position>
                <position>
                    <lat>53.8335</lat>
                    <lon>13.5753</lon>
                    <date>2013-07-11T07:36:53+02:00</date>
                    <speedMph>508</speedMph>
                    <altitudeFt>31980</altitudeFt>
                </position>
                <position>
                    <lat>53.974</lat>
                    <lon>13.5342</lon>
                    <date>2013-07-11T07:35:53+02:00</date>
                    <speedMph>508</speedMph>
                    <altitudeFt>30650</altitudeFt>
                </position>
                <position>
                    <lat>54.1147</lat>
                    <lon>13.4926</lon>
                    <date>2013-07-11T07:34:53+02:00</date>
                    <speedMph>520</speedMph>
                    <altitudeFt>29150</altitudeFt>
                </position>
                <position>
                    <lat>54.2557</lat>
                    <lon>13.4507</lon>
                    <date>2013-07-11T07:33:53+02:00</date>
                    <speedMph>508</speedMph>
                    <altitudeFt>28080</altitudeFt>
                </position>
                <position>
                    <lat>54.3942</lat>
                    <lon>13.4093</lon>
                    <date>2013-07-11T07:32:53+02:00</date>
                    <speedMph>492</speedMph>
                    <altitudeFt>26730</altitudeFt>
                </position>
                <position>
                    <lat>54.5292</lat>
                    <lon>13.3686</lon>
                    <date>2013-07-11T07:31:53+02:00</date>
                    <speedMph>488</speedMph>
                    <altitudeFt>25550</altitudeFt>
                </position>
                <position>
                    <lat>54.6707</lat>
                    <lon>13.3256</lon>
                    <date>2013-07-11T07:30:53+02:00</date>
                    <speedMph>472</speedMph>
                    <altitudeFt>24130</altitudeFt>
                </position>
                <position>
                    <lat>54.787</lat>
                    <lon>13.2901</lon>
                    <date>2013-07-11T07:29:53+02:00</date>
                    <speedMph>460</speedMph>
                    <altitudeFt>22700</altitudeFt>
                </position>
                <position>
                    <lat>54.9091</lat>
                    <lon>13.2484</lon>
                    <date>2013-07-11T07:28:53+02:00</date>
                    <speedMph>436</speedMph>
                    <altitudeFt>21180</altitudeFt>
                </position>
                <position>
                    <lat>55.0237</lat>
                    <lon>13.1776</lon>
                    <date>2013-07-11T07:27:53+02:00</date>
                    <speedMph>424</speedMph>
                    <altitudeFt>19200</altitudeFt>
                </position>
                <position>
                    <lat>55.131</lat>
                    <lon>13.1105</lon>
                    <date>2013-07-11T07:26:53+02:00</date>
                    <speedMph>412</speedMph>
                    <altitudeFt>17200</altitudeFt>
                </position>
                <position>
                    <lat>55.2368</lat>
                    <lon>13.0438</lon>
                    <date>2013-07-11T07:25:53+02:00</date>
                    <speedMph>392</speedMph>
                    <altitudeFt>14830</altitudeFt>
                </position>
                <position>
                    <lat>55.2882</lat>
                    <lon>13.0114</lon>
                    <date>2013-07-11T07:25:23+02:00</date>
                    <speedMph>392</speedMph>
                    <altitudeFt>13680</altitudeFt>
                </position>
                <position>
                    <lat>55.338</lat>
                    <lon>12.9798</lon>
                    <date>2013-07-11T07:24:53+02:00</date>
                    <speedMph>376</speedMph>
                    <altitudeFt>12530</altitudeFt>
                </position>
                <position>
                    <lat>55.3871</lat>
                    <lon>12.9485</lon>
                    <date>2013-07-11T07:24:23+02:00</date>
                    <speedMph>360</speedMph>
                    <altitudeFt>11380</altitudeFt>
                </position>
                <position>
                    <lat>55.4335</lat>
                    <lon>12.919</lon>
                    <date>2013-07-11T07:23:53+02:00</date>
                    <speedMph>324</speedMph>
                    <altitudeFt>10800</altitudeFt>
                </position>
                <position>
                    <lat>55.4749</lat>
                    <lon>12.8931</lon>
                    <date>2013-07-11T07:23:23+02:00</date>
                    <speedMph>308</speedMph>
                    <altitudeFt>9930</altitudeFt>
                </position>
                <position>
                    <lat>55.4882</lat>
                    <lon>12.8846</lon>
                    <date>2013-07-11T07:23:13+02:00</date>
                    <speedMph>300</speedMph>
                    <altitudeFt>9380</altitudeFt>
                </position>
                <position>
                    <lat>55.5009</lat>
                    <lon>12.8745</lon>
                    <date>2013-07-11T07:23:03+02:00</date>
                    <speedMph>296</speedMph>
                    <altitudeFt>8930</altitudeFt>
                </position>
                <position>
                    <lat>55.5131</lat>
                    <lon>12.8635</lon>
                    <date>2013-07-11T07:22:53+02:00</date>
                    <speedMph>296</speedMph>
                    <altitudeFt>8400</altitudeFt>
                </position>
                <position>
                    <lat>55.5257</lat>
                    <lon>12.8521</lon>
                    <date>2013-07-11T07:22:43+02:00</date>
                    <speedMph>292</speedMph>
                    <altitudeFt>7880</altitudeFt>
                </position>
                <position>
                    <lat>55.5384</lat>
                    <lon>12.8408</lon>
                    <date>2013-07-11T07:22:33+02:00</date>
                    <speedMph>288</speedMph>
                    <altitudeFt>7400</altitudeFt>
                </position>
                <position>
                    <lat>55.5501</lat>
                    <lon>12.8306</lon>
                    <date>2013-07-11T07:22:23+02:00</date>
                    <speedMph>292</speedMph>
                    <altitudeFt>7030</altitudeFt>
                </position>
                <position>
                    <lat>55.5622</lat>
                    <lon>12.8208</lon>
                    <date>2013-07-11T07:22:13+02:00</date>
                    <speedMph>280</speedMph>
                    <altitudeFt>6550</altitudeFt>
                </position>
                <position>
                    <lat>55.5764</lat>
                    <lon>12.8128</lon>
                    <date>2013-07-11T07:22:03+02:00</date>
                    <speedMph>284</speedMph>
                    <altitudeFt>5900</altitudeFt>
                </position>
                <position>
                    <lat>55.5884</lat>
                    <lon>12.8076</lon>
                    <date>2013-07-11T07:21:53+02:00</date>
                    <speedMph>284</speedMph>
                    <altitudeFt>5380</altitudeFt>
                </position>
                <position>
                    <lat>55.6025</lat>
                    <lon>12.801</lon>
                    <date>2013-07-11T07:21:43+02:00</date>
                    <speedMph>288</speedMph>
                    <altitudeFt>4830</altitudeFt>
                </position>
                <position>
                    <lat>55.6074</lat>
                    <lon>12.7986</lon>
                    <date>2013-07-11T07:21:38+02:00</date>
                    <speedMph>284</speedMph>
                    <altitudeFt>4650</altitudeFt>
                </position>
                <position>
                    <lat>55.6137</lat>
                    <lon>12.7957</lon>
                    <date>2013-07-11T07:21:33+02:00</date>
                    <speedMph>284</speedMph>
                    <altitudeFt>4430</altitudeFt>
                </position>
                <position>
                    <lat>55.6208</lat>
                    <lon>12.792</lon>
                    <date>2013-07-11T07:21:28+02:00</date>
                    <speedMph>272</speedMph>
                    <altitudeFt>4150</altitudeFt>
                </position>
                <position>
                    <lat>55.6264</lat>
                    <lon>12.789</lon>
                    <date>2013-07-11T07:21:23+02:00</date>
                    <speedMph>272</speedMph>
                    <altitudeFt>3930</altitudeFt>
                </position>
                <position>
                    <lat>55.6323</lat>
                    <lon>12.7854</lon>
                    <date>2013-07-11T07:21:18+02:00</date>
                    <speedMph>268</speedMph>
                    <altitudeFt>3650</altitudeFt>
                </position>
                <position>
                    <lat>55.6382</lat>
                    <lon>12.7805</lon>
                    <date>2013-07-11T07:21:13+02:00</date>
                    <speedMph>272</speedMph>
                    <altitudeFt>3400</altitudeFt>
                </position>
                <position>
                    <lat>55.6444</lat>
                    <lon>12.7725</lon>
                    <date>2013-07-11T07:21:08+02:00</date>
                    <speedMph>268</speedMph>
                    <altitudeFt>3080</altitudeFt>
                </position>
                <position>
                    <lat>55.6477</lat>
                    <lon>12.7666</lon>
                    <date>2013-07-11T07:21:03+02:00</date>
                    <speedMph>256</speedMph>
                    <altitudeFt>2930</altitudeFt>
                </position>
                <position>
                    <lat>55.6556</lat>
                    <lon>12.7301</lon>
                    <date>2013-07-11T07:20:43+02:00</date>
                    <speedMph>220</speedMph>
                    <altitudeFt>2330</altitudeFt>
                </position>
                <position>
                    <lat>55.6549</lat>
                    <lon>12.7211</lon>
                    <date>2013-07-11T07:20:38+02:00</date>
                    <speedMph>208</speedMph>
                    <altitudeFt>2230</altitudeFt>
                </position>
                <position>
                    <lat>55.6506</lat>
                    <lon>12.7069</lon>
                    <date>2013-07-11T07:20:28+02:00</date>
                    <speedMph>192</speedMph>
                    <altitudeFt>2000</altitudeFt>
                </position>
                <position>
                    <lat>55.6474</lat>
                    <lon>12.7014</lon>
                    <date>2013-07-11T07:20:23+02:00</date>
                    <speedMph>176</speedMph>
                    <altitudeFt>1900</altitudeFt>
                </position>
                <position>
                    <lat>55.6443</lat>
                    <lon>12.6967</lon>
                    <date>2013-07-11T07:20:18+02:00</date>
                    <speedMph>172</speedMph>
                    <altitudeFt>1830</altitudeFt>
                </position>
                <position>
                    <lat>55.6414</lat>
                    <lon>12.6921</lon>
                    <date>2013-07-11T07:20:13+02:00</date>
                    <speedMph>168</speedMph>
                    <altitudeFt>1730</altitudeFt>
                </position>
                <position>
                    <lat>55.6385</lat>
                    <lon>12.6877</lon>
                    <date>2013-07-11T07:20:08+02:00</date>
                    <speedMph>156</speedMph>
                    <altitudeFt>1630</altitudeFt>
                </position>
                <position>
                    <lat>55.6356</lat>
                    <lon>12.6831</lon>
                    <date>2013-07-11T07:20:03+02:00</date>
                    <speedMph>152</speedMph>
                    <altitudeFt>1530</altitudeFt>
                </position>
                <position>
                    <lat>55.6323</lat>
                    <lon>12.6783</lon>
                    <date>2013-07-11T07:19:58+02:00</date>
                    <speedMph>144</speedMph>
                    <altitudeFt>1430</altitudeFt>
                </position>
                <position>
                    <lat>55.6305</lat>
                    <lon>12.6755</lon>
                    <date>2013-07-11T07:19:53+02:00</date>
                    <speedMph>136</speedMph>
                    <altitudeFt>1280</altitudeFt>
                </position>
                <position>
                    <lat>55.6279</lat>
                    <lon>12.6716</lon>
                    <date>2013-07-11T07:19:48+02:00</date>
                    <speedMph>136</speedMph>
                    <altitudeFt>1100</altitudeFt>
                </position>
                <position>
                    <lat>55.6252</lat>
                    <lon>12.6673</lon>
                    <date>2013-07-11T07:19:43+02:00</date>
                    <speedMph>136</speedMph>
                    <altitudeFt>830</altitudeFt>
                </position>
                <position>
                    <lat>55.6228</lat>
                    <lon>12.6637</lon>
                    <date>2013-07-11T07:19:38+02:00</date>
                    <speedMph>136</speedMph>
                    <altitudeFt>600</altitudeFt>
                </position>
                <position>
                    <lat>55.6206</lat>
                    <lon>12.6602</lon>
                    <date>2013-07-11T07:19:33+02:00</date>
                    <speedMph>140</speedMph>
                    <altitudeFt>400</altitudeFt>
                </position>
                <position>
                    <lat>55.618</lat>
                    <lon>12.6562</lon>
                    <date>2013-07-11T07:19:28+02:00</date>
                    <speedMph>140</speedMph>
                    <altitudeFt>200</altitudeFt>
                </position>
                <position>
                    <lat>55.6156</lat>
                    <lon>12.6524</lon>
                    <date>2013-07-11T07:19:23+02:00</date>
                    <speedMph>0</speedMph>
                    <altitudeFt>0</altitudeFt>
                </position>
                <position>
                    <lat>55.6078</lat>
                    <lon>12.6354</lon>
                    <date>2013-07-11T07:17:08+02:00</date>
                    <speedMph>28</speedMph>
                    <altitudeFt>0</altitudeFt>
                </position>
                <position>
                    <lat>55.6095</lat>
                    <lon>12.6373</lon>
                    <date>2013-07-11T07:16:48+02:00</date>
                    <speedMph>24</speedMph>
                    <altitudeFt>0</altitudeFt>
                </position>
                <position>
                    <lat>55.6114</lat>
                    <lon>12.6395</lon>
                    <date>2013-07-11T07:16:28+02:00</date>
                    <speedMph>24</speedMph>
                    <altitudeFt>0</altitudeFt>
                </position>
                <position>
                    <lat>55.6117</lat>
                    <lon>12.6399</lon>
                    <date>2013-07-11T07:16:23+02:00</date>
                    <speedMph>24</speedMph>
                    <altitudeFt>0</altitudeFt>
                </position>
                <position>
                    <lat>55.614</lat>
                    <lon>12.6425</lon>
                    <date>2013-07-11T07:16:03+02:00</date>
                    <speedMph>24</speedMph>
                    <altitudeFt>0</altitudeFt>
                </position>
                <position>
                    <lat>55.6146</lat>
                    <lon>12.6433</lon>
                    <date>2013-07-11T07:15:58+02:00</date>
                    <speedMph>24</speedMph>
                    <altitudeFt>0</altitudeFt>
                </position>
                <position>
                    <lat>55.6147</lat>
                    <lon>12.6433</lon>
                    <date>2013-07-11T07:15:48+02:00</date>
                    <speedMph>24</speedMph>
                    <altitudeFt>0</altitudeFt>
                </position>
                <position>
                    <lat>55.6171</lat>
                    <lon>12.6456</lon>
                    <date>2013-07-11T07:15:23+02:00</date>
                    <speedMph>20</speedMph>
                    <altitudeFt>0</altitudeFt>
                </position>
                <position>
                    <lat>55.6188</lat>
                    <lon>12.6452</lon>
                    <date>2013-07-11T07:14:58+02:00</date>
                    <speedMph>16</speedMph>
                    <altitudeFt>0</altitudeFt>
                </position>
                <position>
                    <lat>55.6198</lat>
                    <lon>12.6452</lon>
                    <date>2013-07-11T07:14:48+02:00</date>
                    <speedMph>16</speedMph>
                    <altitudeFt>0</altitudeFt>
                </position>
            </positions>
        </flightTrack>
    </flightTracks>
</flightstatslog>
