<?xml version="1.0" encoding="UTF-8" standalone="yes"?>
<flightstatslog>
    <appendix>
        <airports>
            <airport>
                <fs>CDG</fs>
                <latitude>49.012779</latitude>
                <longitude>2.55</longitude>
                <city>Paris</city>
            </airport>
            <airport>
                <fs>HAM</fs>
                <latitude>53.630389</latitude>
                <longitude>9.988228</longitude>
                <city>Hamburg</city>
            </airport>
        </airports>
    </appendix>
    <flightTracks>
        <flightTrack>
            <flightId>3958150</flightId>
            <departureAirportFsCode>CDG</departureAirportFsCode>
            <arrivalAirportFsCode>HAM</arrivalAirportFsCode>
            <positions>
                <position>
                    <lat>53.6291</lat>
                    <lon>10.0011</lon>
                    <date>2013-07-11T10:18:44+02:00</date>
                    <speedMph>16</speedMph>
                    <altitudeFt>0</altitudeFt>
                </position>
                <position>
                    <lat>53.6292</lat>
                    <lon>10.0007</lon>
                    <date>2013-07-11T10:18:39+02:00</date>
                    <speedMph>16</speedMph>
                    <altitudeFt>0</altitudeFt>
                </position>
                <position>
                    <lat>53.6322</lat>
                    <lon>9.997</lon>
                    <date>2013-07-11T10:17:59+02:00</date>
                    <speedMph>20</speedMph>
                    <altitudeFt>0</altitudeFt>
                </position>
                <position>
                    <lat>53.6425</lat>
                    <lon>10.0132</lon>
                    <date>2013-07-11T10:15:01+02:00</date>
                    <speedMph>120</speedMph>
                    <altitudeFt>50</altitudeFt>
                </position>
                <position>
                    <lat>53.6458</lat>
                    <lon>10.0198</lon>
                    <date>2013-07-11T10:14:51+02:00</date>
                    <speedMph>124</speedMph>
                    <altitudeFt>150</altitudeFt>
                </position>
                <position>
                    <lat>53.6476</lat>
                    <lon>10.0234</lon>
                    <date>2013-07-11T10:14:46+02:00</date>
                    <speedMph>124</speedMph>
                    <altitudeFt>200</altitudeFt>
                </position>
                <position>
                    <lat>53.6522</lat>
                    <lon>10.033</lon>
                    <date>2013-07-11T10:14:41+02:00</date>
                    <speedMph>124</speedMph>
                    <altitudeFt>350</altitudeFt>
                </position>
                <position>
                    <lat>53.6532</lat>
                    <lon>10.0343</lon>
                    <date>2013-07-11T10:14:36+02:00</date>
                    <speedMph>124</speedMph>
                    <altitudeFt>380</altitudeFt>
                </position>
                <position>
                    <lat>53.6551</lat>
                    <lon>10.0381</lon>
                    <date>2013-07-11T10:14:26+02:00</date>
                    <speedMph>124</speedMph>
                    <altitudeFt>430</altitudeFt>
                </position>
                <position>
                    <lat>53.659</lat>
                    <lon>10.0466</lon>
                    <date>2013-07-11T10:14:16+02:00</date>
                    <speedMph>120</speedMph>
                    <altitudeFt>550</altitudeFt>
                </position>
                <position>
                    <lat>53.6609</lat>
                    <lon>10.0502</lon>
                    <date>2013-07-11T10:14:11+02:00</date>
                    <speedMph>128</speedMph>
                    <altitudeFt>600</altitudeFt>
                </position>
                <position>
                    <lat>53.6625</lat>
                    <lon>10.054</lon>
                    <date>2013-07-11T10:14:06+02:00</date>
                    <speedMph>124</speedMph>
                    <altitudeFt>680</altitudeFt>
                </position>
                <position>
                    <lat>53.6646</lat>
                    <lon>10.058</lon>
                    <date>2013-07-11T10:14:01+02:00</date>
                    <speedMph>124</speedMph>
                    <altitudeFt>730</altitudeFt>
                </position>
                <position>
                    <lat>53.6665</lat>
                    <lon>10.0617</lon>
                    <date>2013-07-11T10:13:56+02:00</date>
                    <speedMph>128</speedMph>
                    <altitudeFt>800</altitudeFt>
                </position>
                <position>
                    <lat>53.6687</lat>
                    <lon>10.0661</lon>
                    <date>2013-07-11T10:13:51+02:00</date>
                    <speedMph>124</speedMph>
                    <altitudeFt>850</altitudeFt>
                </position>
                <position>
                    <lat>53.6717</lat>
                    <lon>10.0721</lon>
                    <date>2013-07-11T10:13:41+02:00</date>
                    <speedMph>128</speedMph>
                    <altitudeFt>950</altitudeFt>
                </position>
                <position>
                    <lat>53.6736</lat>
                    <lon>10.076</lon>
                    <date>2013-07-11T10:13:36+02:00</date>
                    <speedMph>128</speedMph>
                    <altitudeFt>1000</altitudeFt>
                </position>
                <position>
                    <lat>53.6751</lat>
                    <lon>10.0791</lon>
                    <date>2013-07-11T10:13:31+02:00</date>
                    <speedMph>132</speedMph>
                    <altitudeFt>1050</altitudeFt>
                </position>
                <position>
                    <lat>53.6774</lat>
                    <lon>10.084</lon>
                    <date>2013-07-11T10:13:21+02:00</date>
                    <speedMph>132</speedMph>
                    <altitudeFt>1130</altitudeFt>
                </position>
                <position>
                    <lat>53.6812</lat>
                    <lon>10.0917</lon>
                    <date>2013-07-11T10:13:16+02:00</date>
                    <speedMph>132</speedMph>
                    <altitudeFt>1250</altitudeFt>
                </position>
                <position>
                    <lat>53.6832</lat>
                    <lon>10.0956</lon>
                    <date>2013-07-11T10:13:11+02:00</date>
                    <speedMph>132</speedMph>
                    <altitudeFt>1300</altitudeFt>
                </position>
                <position>
                    <lat>53.6851</lat>
                    <lon>10.0998</lon>
                    <date>2013-07-11T10:13:06+02:00</date>
                    <speedMph>140</speedMph>
                    <altitudeFt>1350</altitudeFt>
                </position>
                <position>
                    <lat>53.6874</lat>
                    <lon>10.1041</lon>
                    <date>2013-07-11T10:12:56+02:00</date>
                    <speedMph>148</speedMph>
                    <altitudeFt>1400</altitudeFt>
                </position>
                <position>
                    <lat>53.6922</lat>
                    <lon>10.1141</lon>
                    <date>2013-07-11T10:12:51+02:00</date>
                    <speedMph>160</speedMph>
                    <altitudeFt>1580</altitudeFt>
                </position>
                <position>
                    <lat>53.6941</lat>
                    <lon>10.1182</lon>
                    <date>2013-07-11T10:12:46+02:00</date>
                    <speedMph>160</speedMph>
                    <altitudeFt>1650</altitudeFt>
                </position>
                <position>
                    <lat>53.6966</lat>
                    <lon>10.1229</lon>
                    <date>2013-07-11T10:12:41+02:00</date>
                    <speedMph>160</speedMph>
                    <altitudeFt>1730</altitudeFt>
                </position>
                <position>
                    <lat>53.6986</lat>
                    <lon>10.1269</lon>
                    <date>2013-07-11T10:12:36+02:00</date>
                    <speedMph>164</speedMph>
                    <altitudeFt>1800</altitudeFt>
                </position>
                <position>
                    <lat>53.7016</lat>
                    <lon>10.1329</lon>
                    <date>2013-07-11T10:12:31+02:00</date>
                    <speedMph>172</speedMph>
                    <altitudeFt>1880</altitudeFt>
                </position>
                <position>
                    <lat>53.7042</lat>
                    <lon>10.1381</lon>
                    <date>2013-07-11T10:12:26+02:00</date>
                    <speedMph>176</speedMph>
                    <altitudeFt>1950</altitudeFt>
                </position>
                <position>
                    <lat>53.7067</lat>
                    <lon>10.1433</lon>
                    <date>2013-07-11T10:12:21+02:00</date>
                    <speedMph>180</speedMph>
                    <altitudeFt>2030</altitudeFt>
                </position>
                <position>
                    <lat>53.7095</lat>
                    <lon>10.1489</lon>
                    <date>2013-07-11T10:12:16+02:00</date>
                    <speedMph>188</speedMph>
                    <altitudeFt>2100</altitudeFt>
                </position>
                <position>
                    <lat>53.7122</lat>
                    <lon>10.1544</lon>
                    <date>2013-07-11T10:12:11+02:00</date>
                    <speedMph>184</speedMph>
                    <altitudeFt>2180</altitudeFt>
                </position>
                <position>
                    <lat>53.715</lat>
                    <lon>10.1601</lon>
                    <date>2013-07-11T10:12:06+02:00</date>
                    <speedMph>184</speedMph>
                    <altitudeFt>2280</altitudeFt>
                </position>
                <position>
                    <lat>53.7178</lat>
                    <lon>10.1659</lon>
                    <date>2013-07-11T10:12:01+02:00</date>
                    <speedMph>184</speedMph>
                    <altitudeFt>2380</altitudeFt>
                </position>
                <position>
                    <lat>53.7211</lat>
                    <lon>10.1725</lon>
                    <date>2013-07-11T10:11:56+02:00</date>
                    <speedMph>184</speedMph>
                    <altitudeFt>2480</altitudeFt>
                </position>
                <position>
                    <lat>53.7238</lat>
                    <lon>10.1783</lon>
                    <date>2013-07-11T10:11:51+02:00</date>
                    <speedMph>188</speedMph>
                    <altitudeFt>2530</altitudeFt>
                </position>
                <position>
                    <lat>53.736</lat>
                    <lon>10.2001</lon>
                    <date>2013-07-11T10:11:46+02:00</date>
                    <speedMph>188</speedMph>
                    <altitudeFt>2830</altitudeFt>
                </position>
                <position>
                    <lat>53.7537</lat>
                    <lon>10.2207</lon>
                    <date>2013-07-11T10:11:41+02:00</date>
                    <speedMph>220</speedMph>
                    <altitudeFt>2800</altitudeFt>
                </position>
                <position>
                    <lat>53.7577</lat>
                    <lon>10.2226</lon>
                    <date>2013-07-11T10:11:05+02:00</date>
                    <speedMph>216</speedMph>
                    <altitudeFt>2780</altitudeFt>
                </position>
                <position>
                    <lat>53.7628</lat>
                    <lon>10.2238</lon>
                    <date>2013-07-11T10:10:55+02:00</date>
                    <speedMph>224</speedMph>
                    <altitudeFt>2780</altitudeFt>
                </position>
                <position>
                    <lat>53.7683</lat>
                    <lon>10.2228</lon>
                    <date>2013-07-11T10:10:50+02:00</date>
                    <speedMph>236</speedMph>
                    <altitudeFt>2780</altitudeFt>
                </position>
                <position>
                    <lat>53.7781</lat>
                    <lon>10.2152</lon>
                    <date>2013-07-11T10:10:45+02:00</date>
                    <speedMph>228</speedMph>
                    <altitudeFt>2800</altitudeFt>
                </position>
                <position>
                    <lat>53.782</lat>
                    <lon>10.2092</lon>
                    <date>2013-07-11T10:10:35+02:00</date>
                    <speedMph>232</speedMph>
                    <altitudeFt>2800</altitudeFt>
                </position>
                <position>
                    <lat>53.7858</lat>
                    <lon>10.2025</lon>
                    <date>2013-07-11T10:10:30+02:00</date>
                    <speedMph>232</speedMph>
                    <altitudeFt>2800</altitudeFt>
                </position>
                <position>
                    <lat>53.795</lat>
                    <lon>10.1871</lon>
                    <date>2013-07-11T10:10:25+02:00</date>
                    <speedMph>228</speedMph>
                    <altitudeFt>2800</altitudeFt>
                </position>
                <position>
                    <lat>53.7972</lat>
                    <lon>10.1831</lon>
                    <date>2013-07-11T10:10:20+02:00</date>
                    <speedMph>228</speedMph>
                    <altitudeFt>2800</altitudeFt>
                </position>
                <position>
                    <lat>53.8007</lat>
                    <lon>10.1762</lon>
                    <date>2013-07-11T10:10:15+02:00</date>
                    <speedMph>232</speedMph>
                    <altitudeFt>2800</altitudeFt>
                </position>
                <position>
                    <lat>53.8035</lat>
                    <lon>10.1686</lon>
                    <date>2013-07-11T10:10:10+02:00</date>
                    <speedMph>228</speedMph>
                    <altitudeFt>2800</altitudeFt>
                </position>
                <position>
                    <lat>53.8059</lat>
                    <lon>10.1607</lon>
                    <date>2013-07-11T10:10:05+02:00</date>
                    <speedMph>228</speedMph>
                    <altitudeFt>2800</altitudeFt>
                </position>
                <position>
                    <lat>53.8082</lat>
                    <lon>10.1526</lon>
                    <date>2013-07-11T10:09:55+02:00</date>
                    <speedMph>228</speedMph>
                    <altitudeFt>2800</altitudeFt>
                </position>
                <position>
                    <lat>53.8104</lat>
                    <lon>10.1444</lon>
                    <date>2013-07-11T10:09:50+02:00</date>
                    <speedMph>228</speedMph>
                    <altitudeFt>2800</altitudeFt>
                </position>
                <position>
                    <lat>53.8151</lat>
                    <lon>10.1281</lon>
                    <date>2013-07-11T10:09:45+02:00</date>
                    <speedMph>228</speedMph>
                    <altitudeFt>2800</altitudeFt>
                </position>
                <position>
                    <lat>53.8179</lat>
                    <lon>10.1185</lon>
                    <date>2013-07-11T10:09:35+02:00</date>
                    <speedMph>228</speedMph>
                    <altitudeFt>2800</altitudeFt>
                </position>
                <position>
                    <lat>53.8201</lat>
                    <lon>10.1106</lon>
                    <date>2013-07-11T10:09:30+02:00</date>
                    <speedMph>228</speedMph>
                    <altitudeFt>2830</altitudeFt>
                </position>
                <position>
                    <lat>53.8215</lat>
                    <lon>10.1056</lon>
                    <date>2013-07-11T10:09:25+02:00</date>
                    <speedMph>228</speedMph>
                    <altitudeFt>2830</altitudeFt>
                </position>
                <position>
                    <lat>53.8264</lat>
                    <lon>10.0881</lon>
                    <date>2013-07-11T10:09:15+02:00</date>
                    <speedMph>228</speedMph>
                    <altitudeFt>2830</altitudeFt>
                </position>
                <position>
                    <lat>53.8287</lat>
                    <lon>10.08</lon>
                    <date>2013-07-11T10:09:10+02:00</date>
                    <speedMph>228</speedMph>
                    <altitudeFt>2830</altitudeFt>
                </position>
                <position>
                    <lat>53.833</lat>
                    <lon>10.0639</lon>
                    <date>2013-07-11T10:09:05+02:00</date>
                    <speedMph>228</speedMph>
                    <altitudeFt>2930</altitudeFt>
                </position>
                <position>
                    <lat>53.8355</lat>
                    <lon>10.056</lon>
                    <date>2013-07-11T10:08:55+02:00</date>
                    <speedMph>228</speedMph>
                    <altitudeFt>2980</altitudeFt>
                </position>
                <position>
                    <lat>53.8377</lat>
                    <lon>10.0479</lon>
                    <date>2013-07-11T10:08:50+02:00</date>
                    <speedMph>228</speedMph>
                    <altitudeFt>3030</altitudeFt>
                </position>
                <position>
                    <lat>53.84</lat>
                    <lon>10.0398</lon>
                    <date>2013-07-11T10:08:45+02:00</date>
                    <speedMph>228</speedMph>
                    <altitudeFt>3080</altitudeFt>
                </position>
                <position>
                    <lat>53.846</lat>
                    <lon>10.0187</lon>
                    <date>2013-07-11T10:08:35+02:00</date>
                    <speedMph>232</speedMph>
                    <altitudeFt>3200</altitudeFt>
                </position>
                <position>
                    <lat>53.847</lat>
                    <lon>10.0136</lon>
                    <date>2013-07-11T10:08:30+02:00</date>
                    <speedMph>232</speedMph>
                    <altitudeFt>3230</altitudeFt>
                </position>
                <position>
                    <lat>53.8483</lat>
                    <lon>10.0051</lon>
                    <date>2013-07-11T10:08:25+02:00</date>
                    <speedMph>232</speedMph>
                    <altitudeFt>3250</altitudeFt>
                </position>
                <position>
                    <lat>53.8488</lat>
                    <lon>9.9906</lon>
                    <date>2013-07-11T10:08:15+02:00</date>
                    <speedMph>232</speedMph>
                    <altitudeFt>3430</altitudeFt>
                </position>
                <position>
                    <lat>53.8489</lat>
                    <lon>9.9688</lon>
                    <date>2013-07-11T10:08:10+02:00</date>
                    <speedMph>232</speedMph>
                    <altitudeFt>3630</altitudeFt>
                </position>
                <position>
                    <lat>53.8488</lat>
                    <lon>9.9617</lon>
                    <date>2013-07-11T10:08:05+02:00</date>
                    <speedMph>236</speedMph>
                    <altitudeFt>3700</altitudeFt>
                </position>
                <position>
                    <lat>53.8488</lat>
                    <lon>9.9525</lon>
                    <date>2013-07-11T10:07:55+02:00</date>
                    <speedMph>236</speedMph>
                    <altitudeFt>3780</altitudeFt>
                </position>
                <position>
                    <lat>53.8488</lat>
                    <lon>9.9225</lon>
                    <date>2013-07-11T10:07:40+02:00</date>
                    <speedMph>244</speedMph>
                    <altitudeFt>4030</altitudeFt>
                </position>
                <position>
                    <lat>53.8487</lat>
                    <lon>9.9056</lon>
                    <date>2013-07-11T10:07:35+02:00</date>
                    <speedMph>248</speedMph>
                    <altitudeFt>4200</altitudeFt>
                </position>
                <position>
                    <lat>53.8487</lat>
                    <lon>9.8956</lon>
                    <date>2013-07-11T10:07:25+02:00</date>
                    <speedMph>248</speedMph>
                    <altitudeFt>4280</altitudeFt>
                </position>
                <position>
                    <lat>53.8487</lat>
                    <lon>9.8858</lon>
                    <date>2013-07-11T10:07:20+02:00</date>
                    <speedMph>252</speedMph>
                    <altitudeFt>4350</altitudeFt>
                </position>
                <position>
                    <lat>53.8486</lat>
                    <lon>9.874</lon>
                    <date>2013-07-11T10:07:15+02:00</date>
                    <speedMph>256</speedMph>
                    <altitudeFt>4450</altitudeFt>
                </position>
                <position>
                    <lat>53.8483</lat>
                    <lon>9.8251</lon>
                    <date>2013-07-11T10:06:55+02:00</date>
                    <speedMph>268</speedMph>
                    <altitudeFt>4900</altitudeFt>
                </position>
                <position>
                    <lat>53.848</lat>
                    <lon>9.8149</lon>
                    <date>2013-07-11T10:06:45+02:00</date>
                    <speedMph>268</speedMph>
                    <altitudeFt>5050</altitudeFt>
                </position>
                <position>
                    <lat>53.8465</lat>
                    <lon>9.7942</lon>
                    <date>2013-07-11T10:06:35+02:00</date>
                    <speedMph>260</speedMph>
                    <altitudeFt>5430</altitudeFt>
                </position>
                <position>
                    <lat>53.8419</lat>
                    <lon>9.7646</lon>
                    <date>2013-07-11T10:06:25+02:00</date>
                    <speedMph>260</speedMph>
                    <altitudeFt>5950</altitudeFt>
                </position>
                <position>
                    <lat>53.8403</lat>
                    <lon>9.7545</lon>
                    <date>2013-07-11T10:06:15+02:00</date>
                    <speedMph>264</speedMph>
                    <altitudeFt>6100</altitudeFt>
                </position>
                <position>
                    <lat>53.8352</lat>
                    <lon>9.7228</lon>
                    <date>2013-07-11T10:06:05+02:00</date>
                    <speedMph>264</speedMph>
                    <altitudeFt>6530</altitudeFt>
                </position>
                <position>
                    <lat>53.8335</lat>
                    <lon>9.7128</lon>
                    <date>2013-07-11T10:05:55+02:00</date>
                    <speedMph>264</speedMph>
                    <altitudeFt>6680</altitudeFt>
                </position>
                <position>
                    <lat>53.8287</lat>
                    <lon>9.6846</lon>
                    <date>2013-07-11T10:05:45+02:00</date>
                    <speedMph>268</speedMph>
                    <altitudeFt>7050</altitudeFt>
                </position>
                <position>
                    <lat>53.8268</lat>
                    <lon>9.6746</lon>
                    <date>2013-07-11T10:05:35+02:00</date>
                    <speedMph>268</speedMph>
                    <altitudeFt>7200</altitudeFt>
                </position>
                <position>
                    <lat>53.8171</lat>
                    <lon>9.648</lon>
                    <date>2013-07-11T10:05:25+02:00</date>
                    <speedMph>268</speedMph>
                    <altitudeFt>7680</altitudeFt>
                </position>
                <position>
                    <lat>53.8134</lat>
                    <lon>9.6397</lon>
                    <date>2013-07-11T10:05:15+02:00</date>
                    <speedMph>268</speedMph>
                    <altitudeFt>7830</altitudeFt>
                </position>
                <position>
                    <lat>53.8017</lat>
                    <lon>9.6131</lon>
                    <date>2013-07-11T10:05:05+02:00</date>
                    <speedMph>268</speedMph>
                    <altitudeFt>8300</altitudeFt>
                </position>
                <position>
                    <lat>53.7986</lat>
                    <lon>9.6065</lon>
                    <date>2013-07-11T10:04:55+02:00</date>
                    <speedMph>268</speedMph>
                    <altitudeFt>8450</altitudeFt>
                </position>
                <position>
                    <lat>53.7875</lat>
                    <lon>9.5814</lon>
                    <date>2013-07-11T10:04:45+02:00</date>
                    <speedMph>272</speedMph>
                    <altitudeFt>8850</altitudeFt>
                </position>
                <position>
                    <lat>53.7837</lat>
                    <lon>9.573</lon>
                    <date>2013-07-11T10:04:35+02:00</date>
                    <speedMph>272</speedMph>
                    <altitudeFt>8980</altitudeFt>
                </position>
                <position>
                    <lat>53.7724</lat>
                    <lon>9.5474</lon>
                    <date>2013-07-11T10:04:25+02:00</date>
                    <speedMph>272</speedMph>
                    <altitudeFt>9430</altitudeFt>
                </position>
                <position>
                    <lat>53.7686</lat>
                    <lon>9.539</lon>
                    <date>2013-07-11T10:04:15+02:00</date>
                    <speedMph>272</speedMph>
                    <altitudeFt>9580</altitudeFt>
                </position>
                <position>
                    <lat>53.7569</lat>
                    <lon>9.5136</lon>
                    <date>2013-07-11T10:04:05+02:00</date>
                    <speedMph>272</speedMph>
                    <altitudeFt>10080</altitudeFt>
                </position>
                <position>
                    <lat>53.7338</lat>
                    <lon>9.4625</lon>
                    <date>2013-07-11T10:03:35+02:00</date>
                    <speedMph>276</speedMph>
                    <altitudeFt>10930</altitudeFt>
                </position>
                <position>
                    <lat>53.7111</lat>
                    <lon>9.4123</lon>
                    <date>2013-07-11T10:03:05+02:00</date>
                    <speedMph>296</speedMph>
                    <altitudeFt>11330</altitudeFt>
                </position>
                <position>
                    <lat>53.6839</lat>
                    <lon>9.3524</lon>
                    <date>2013-07-11T10:02:35+02:00</date>
                    <speedMph>300</speedMph>
                    <altitudeFt>12450</altitudeFt>
                </position>
                <position>
                    <lat>53.6584</lat>
                    <lon>9.2955</lon>
                    <date>2013-07-11T10:02:05+02:00</date>
                    <speedMph>300</speedMph>
                    <altitudeFt>13480</altitudeFt>
                </position>
                <position>
                    <lat>53.6373</lat>
                    <lon>9.2474</lon>
                    <date>2013-07-11T10:01:35+02:00</date>
                    <speedMph>304</speedMph>
                    <altitudeFt>14350</altitudeFt>
                </position>
                <position>
                    <lat>53.6113</lat>
                    <lon>9.1871</lon>
                    <date>2013-07-11T10:01:05+02:00</date>
                    <speedMph>312</speedMph>
                    <altitudeFt>15430</altitudeFt>
                </position>
                <position>
                    <lat>53.5575</lat>
                    <lon>9.0609</lon>
                    <date>2013-07-11T10:00:05+02:00</date>
                    <speedMph>316</speedMph>
                    <altitudeFt>17650</altitudeFt>
                </position>
                <position>
                    <lat>53.5083</lat>
                    <lon>8.9458</lon>
                    <date>2013-07-11T09:59:05+02:00</date>
                    <speedMph>332</speedMph>
                    <altitudeFt>19630</altitudeFt>
                </position>
                <position>
                    <lat>53.4485</lat>
                    <lon>8.8071</lon>
                    <date>2013-07-11T09:58:05+02:00</date>
                    <speedMph>340</speedMph>
                    <altitudeFt>21880</altitudeFt>
                </position>
                <position>
                    <lat>53.3939</lat>
                    <lon>8.681</lon>
                    <date>2013-07-11T09:57:05+02:00</date>
                    <speedMph>352</speedMph>
                    <altitudeFt>23750</altitudeFt>
                </position>
                <position>
                    <lat>53.3382</lat>
                    <lon>8.5504</lon>
                    <date>2013-07-11T09:56:05+02:00</date>
                    <speedMph>368</speedMph>
                    <altitudeFt>25380</altitudeFt>
                </position>
                <position>
                    <lat>53.3092</lat>
                    <lon>8.3593</lon>
                    <date>2013-07-11T09:55:05+02:00</date>
                    <speedMph>392</speedMph>
                    <altitudeFt>26680</altitudeFt>
                </position>
                <position>
                    <lat>53.2968</lat>
                    <lon>8.2004</lon>
                    <date>2013-07-11T09:54:05+02:00</date>
                    <speedMph>392</speedMph>
                    <altitudeFt>27550</altitudeFt>
                </position>
                <position>
                    <lat>53.282</lat>
                    <lon>8.0212</lon>
                    <date>2013-07-11T09:53:05+02:00</date>
                    <speedMph>392</speedMph>
                    <altitudeFt>28000</altitudeFt>
                </position>
                <position>
                    <lat>53.2672</lat>
                    <lon>7.8425</lon>
                    <date>2013-07-11T09:52:05+02:00</date>
                    <speedMph>396</speedMph>
                    <altitudeFt>28000</altitudeFt>
                </position>
                <position>
                    <lat>53.2507</lat>
                    <lon>7.6459</lon>
                    <date>2013-07-11T09:51:05+02:00</date>
                    <speedMph>392</speedMph>
                    <altitudeFt>28000</altitudeFt>
                </position>
                <position>
                    <lat>53.2367</lat>
                    <lon>7.4848</lon>
                    <date>2013-07-11T09:50:05+02:00</date>
                    <speedMph>396</speedMph>
                    <altitudeFt>28000</altitudeFt>
                </position>
                <position>
                    <lat>53.2181</lat>
                    <lon>7.2906</lon>
                    <date>2013-07-11T09:49:05+02:00</date>
                    <speedMph>388</speedMph>
                    <altitudeFt>28000</altitudeFt>
                </position>
                <position>
                    <lat>53.1686</lat>
                    <lon>7.1359</lon>
                    <date>2013-07-11T09:48:05+02:00</date>
                    <speedMph>384</speedMph>
                    <altitudeFt>28830</altitudeFt>
                </position>
                <position>
                    <lat>53.0941</lat>
                    <lon>7.0016</lon>
                    <date>2013-07-11T09:47:05+02:00</date>
                    <speedMph>404</speedMph>
                    <altitudeFt>31230</altitudeFt>
                </position>
                <position>
                    <lat>53.0057</lat>
                    <lon>6.8428</lon>
                    <date>2013-07-11T09:46:05+02:00</date>
                    <speedMph>400</speedMph>
                    <altitudeFt>33850</altitudeFt>
                </position>
                <position>
                    <lat>52.9434</lat>
                    <lon>6.7321</lon>
                    <date>2013-07-11T09:45:02+02:00</date>
                    <speedMph>400</speedMph>
                    <altitudeFt>34950</altitudeFt>
                </position>
                <position>
                    <lat>52.8636</lat>
                    <lon>6.5906</lon>
                    <date>2013-07-11T09:44:02+02:00</date>
                    <speedMph>400</speedMph>
                    <altitudeFt>35000</altitudeFt>
                </position>
                <position>
                    <lat>52.7939</lat>
                    <lon>6.4678</lon>
                    <date>2013-07-11T09:43:02+02:00</date>
                    <speedMph>404</speedMph>
                    <altitudeFt>34980</altitudeFt>
                </position>
                <position>
                    <lat>52.7161</lat>
                    <lon>6.3309</lon>
                    <date>2013-07-11T09:42:02+02:00</date>
                    <speedMph>404</speedMph>
                    <altitudeFt>34980</altitudeFt>
                </position>
                <position>
                    <lat>52.6411</lat>
                    <lon>6.2002</lon>
                    <date>2013-07-11T09:41:02+02:00</date>
                    <speedMph>404</speedMph>
                    <altitudeFt>35000</altitudeFt>
                </position>
                <position>
                    <lat>52.5608</lat>
                    <lon>6.0609</lon>
                    <date>2013-07-11T09:40:02+02:00</date>
                    <speedMph>404</speedMph>
                    <altitudeFt>34980</altitudeFt>
                </position>
                <position>
                    <lat>52.4878</lat>
                    <lon>5.9349</lon>
                    <date>2013-07-11T09:39:02+02:00</date>
                    <speedMph>404</speedMph>
                    <altitudeFt>35000</altitudeFt>
                </position>
                <position>
                    <lat>52.4088</lat>
                    <lon>5.7993</lon>
                    <date>2013-07-11T09:38:02+02:00</date>
                    <speedMph>408</speedMph>
                    <altitudeFt>35000</altitudeFt>
                </position>
                <position>
                    <lat>52.3332</lat>
                    <lon>5.6704</lon>
                    <date>2013-07-11T09:37:02+02:00</date>
                    <speedMph>408</speedMph>
                    <altitudeFt>34980</altitudeFt>
                </position>
                <position>
                    <lat>52.2533</lat>
                    <lon>5.5347</lon>
                    <date>2013-07-11T09:36:02+02:00</date>
                    <speedMph>408</speedMph>
                    <altitudeFt>34980</altitudeFt>
                </position>
                <position>
                    <lat>52.1754</lat>
                    <lon>5.4031</lon>
                    <date>2013-07-11T09:35:02+02:00</date>
                    <speedMph>408</speedMph>
                    <altitudeFt>35000</altitudeFt>
                </position>
                <position>
                    <lat>52.092</lat>
                    <lon>5.2628</lon>
                    <date>2013-07-11T09:34:02+02:00</date>
                    <speedMph>412</speedMph>
                    <altitudeFt>35000</altitudeFt>
                </position>
                <position>
                    <lat>52.0146</lat>
                    <lon>5.1337</lon>
                    <date>2013-07-11T09:33:02+02:00</date>
                    <speedMph>412</speedMph>
                    <altitudeFt>35000</altitudeFt>
                </position>
                <position>
                    <lat>51.9367</lat>
                    <lon>5.0045</lon>
                    <date>2013-07-11T09:32:02+02:00</date>
                    <speedMph>412</speedMph>
                    <altitudeFt>35000</altitudeFt>
                </position>
                <position>
                    <lat>51.853</lat>
                    <lon>4.866</lon>
                    <date>2013-07-11T09:31:02+02:00</date>
                    <speedMph>412</speedMph>
                    <altitudeFt>35000</altitudeFt>
                </position>
                <position>
                    <lat>51.777</lat>
                    <lon>4.741</lon>
                    <date>2013-07-11T09:30:02+02:00</date>
                    <speedMph>412</speedMph>
                    <altitudeFt>34980</altitudeFt>
                </position>
                <position>
                    <lat>51.699</lat>
                    <lon>4.6137</lon>
                    <date>2013-07-11T09:29:02+02:00</date>
                    <speedMph>412</speedMph>
                    <altitudeFt>35000</altitudeFt>
                </position>
                <position>
                    <lat>51.6152</lat>
                    <lon>4.4775</lon>
                    <date>2013-07-11T09:28:02+02:00</date>
                    <speedMph>412</speedMph>
                    <altitudeFt>35780</altitudeFt>
                </position>
                <position>
                    <lat>51.5347</lat>
                    <lon>4.3472</lon>
                    <date>2013-07-11T09:27:02+02:00</date>
                    <speedMph>416</speedMph>
                    <altitudeFt>36730</altitudeFt>
                </position>
                <position>
                    <lat>51.4594</lat>
                    <lon>4.226</lon>
                    <date>2013-07-11T09:26:02+02:00</date>
                    <speedMph>412</speedMph>
                    <altitudeFt>37000</altitudeFt>
                </position>
                <position>
                    <lat>51.372</lat>
                    <lon>4.0868</lon>
                    <date>2013-07-11T09:25:02+02:00</date>
                    <speedMph>412</speedMph>
                    <altitudeFt>37000</altitudeFt>
                </position>
                <position>
                    <lat>51.2914</lat>
                    <lon>3.9588</lon>
                    <date>2013-07-11T09:24:02+02:00</date>
                    <speedMph>416</speedMph>
                    <altitudeFt>36980</altitudeFt>
                </position>
                <position>
                    <lat>51.2019</lat>
                    <lon>3.8522</lon>
                    <date>2013-07-11T09:23:02+02:00</date>
                    <speedMph>412</speedMph>
                    <altitudeFt>36950</altitudeFt>
                </position>
                <position>
                    <lat>51.1013</lat>
                    <lon>3.7768</lon>
                    <date>2013-07-11T09:22:02+02:00</date>
                    <speedMph>412</speedMph>
                    <altitudeFt>36050</altitudeFt>
                </position>
                <position>
                    <lat>50.9982</lat>
                    <lon>3.7055</lon>
                    <date>2013-07-11T09:21:02+02:00</date>
                    <speedMph>416</speedMph>
                    <altitudeFt>36000</altitudeFt>
                </position>
                <position>
                    <lat>50.8901</lat>
                    <lon>3.6311</lon>
                    <date>2013-07-11T09:20:02+02:00</date>
                    <speedMph>416</speedMph>
                    <altitudeFt>35980</altitudeFt>
                </position>
                <position>
                    <lat>50.7871</lat>
                    <lon>3.5611</lon>
                    <date>2013-07-11T09:19:02+02:00</date>
                    <speedMph>412</speedMph>
                    <altitudeFt>35950</altitudeFt>
                </position>
                <position>
                    <lat>50.6822</lat>
                    <lon>3.4899</lon>
                    <date>2013-07-11T09:18:02+02:00</date>
                    <speedMph>412</speedMph>
                    <altitudeFt>35950</altitudeFt>
                </position>
                <position>
                    <lat>50.5639</lat>
                    <lon>3.4097</lon>
                    <date>2013-07-11T09:17:02+02:00</date>
                    <speedMph>416</speedMph>
                    <altitudeFt>36000</altitudeFt>
                </position>
                <position>
                    <lat>50.4265</lat>
                    <lon>3.3177</lon>
                    <date>2013-07-11T09:16:02+02:00</date>
                    <speedMph>416</speedMph>
                    <altitudeFt>36000</altitudeFt>
                </position>
                <position>
                    <lat>50.3557</lat>
                    <lon>3.2707</lon>
                    <date>2013-07-11T09:14:59+02:00</date>
                    <speedMph>416</speedMph>
                    <altitudeFt>35950</altitudeFt>
                </position>
                <position>
                    <lat>50.2512</lat>
                    <lon>3.2204</lon>
                    <date>2013-07-11T09:13:59+02:00</date>
                    <speedMph>420</speedMph>
                    <altitudeFt>35150</altitudeFt>
                </position>
                <position>
                    <lat>50.132</lat>
                    <lon>3.1779</lon>
                    <date>2013-07-11T09:12:59+02:00</date>
                    <speedMph>424</speedMph>
                    <altitudeFt>33980</altitudeFt>
                </position>
                <position>
                    <lat>50.0107</lat>
                    <lon>3.135</lon>
                    <date>2013-07-11T09:11:59+02:00</date>
                    <speedMph>424</speedMph>
                    <altitudeFt>33130</altitudeFt>
                </position>
                <position>
                    <lat>49.8981</lat>
                    <lon>3.0952</lon>
                    <date>2013-07-11T09:10:55+02:00</date>
                    <speedMph>428</speedMph>
                    <altitudeFt>31500</altitudeFt>
                </position>
                <position>
                    <lat>49.7829</lat>
                    <lon>3.0547</lon>
                    <date>2013-07-11T09:09:55+02:00</date>
                    <speedMph>420</speedMph>
                    <altitudeFt>29850</altitudeFt>
                </position>
                <position>
                    <lat>49.6723</lat>
                    <lon>3.0161</lon>
                    <date>2013-07-11T09:08:55+02:00</date>
                    <speedMph>416</speedMph>
                    <altitudeFt>28630</altitudeFt>
                </position>
                <position>
                    <lat>49.5596</lat>
                    <lon>2.9769</lon>
                    <date>2013-07-11T09:07:55+02:00</date>
                    <speedMph>400</speedMph>
                    <altitudeFt>26680</altitudeFt>
                </position>
                <position>
                    <lat>49.4473</lat>
                    <lon>2.9389</lon>
                    <date>2013-07-11T09:06:55+02:00</date>
                    <speedMph>388</speedMph>
                    <altitudeFt>24450</altitudeFt>
                </position>
                <position>
                    <lat>49.3439</lat>
                    <lon>2.9114</lon>
                    <date>2013-07-11T09:05:55+02:00</date>
                    <speedMph>376</speedMph>
                    <altitudeFt>21950</altitudeFt>
                </position>
                <position>
                    <lat>49.2288</lat>
                    <lon>2.8813</lon>
                    <date>2013-07-11T09:04:55+02:00</date>
                    <speedMph>0</speedMph>
                    <altitudeFt>18750</altitudeFt>
                </position>
                <position>
                    <lat>49.1531</lat>
                    <lon>2.8812</lon>
                    <date>2013-07-11T09:03:55+02:00</date>
                    <speedMph>308</speedMph>
                    <altitudeFt>17300</altitudeFt>
                </position>
                <position>
                    <lat>49.0663</lat>
                    <lon>2.895</lon>
                    <date>2013-07-11T09:02:55+02:00</date>
                    <speedMph>240</speedMph>
                    <altitudeFt>14700</altitudeFt>
                </position>
                <position>
                    <lat>49.0425</lat>
                    <lon>2.8767</lon>
                    <date>2013-07-11T09:02:24+02:00</date>
                    <speedMph>236</speedMph>
                    <altitudeFt>13230</altitudeFt>
                </position>
                <position>
                    <lat>49.035</lat>
                    <lon>2.8349</lon>
                    <date>2013-07-11T09:01:54+02:00</date>
                    <speedMph>240</speedMph>
                    <altitudeFt>11680</altitudeFt>
                </position>
                <position>
                    <lat>49.033</lat>
                    <lon>2.7855</lon>
                    <date>2013-07-11T09:01:24+02:00</date>
                    <speedMph>232</speedMph>
                    <altitudeFt>9930</altitudeFt>
                </position>
                <position>
                    <lat>49.0325</lat>
                    <lon>2.772</lon>
                    <date>2013-07-11T09:01:14+02:00</date>
                    <speedMph>232</speedMph>
                    <altitudeFt>9450</altitudeFt>
                </position>
                <position>
                    <lat>49.0316</lat>
                    <lon>2.748</lon>
                    <date>2013-07-11T09:01:04+02:00</date>
                    <speedMph>224</speedMph>
                    <altitudeFt>8580</altitudeFt>
                </position>
                <position>
                    <lat>49.0313</lat>
                    <lon>2.7394</lon>
                    <date>2013-07-11T09:00:54+02:00</date>
                    <speedMph>220</speedMph>
                    <altitudeFt>8250</altitudeFt>
                </position>
                <position>
                    <lat>49.0309</lat>
                    <lon>2.7276</lon>
                    <date>2013-07-11T09:00:44+02:00</date>
                    <speedMph>220</speedMph>
                    <altitudeFt>7730</altitudeFt>
                </position>
                <position>
                    <lat>49.0285</lat>
                    <lon>2.6736</lon>
                    <date>2013-07-11T09:00:34+02:00</date>
                    <speedMph>208</speedMph>
                    <altitudeFt>5450</altitudeFt>
                </position>
                <position>
                    <lat>49.0277</lat>
                    <lon>2.658</lon>
                    <date>2013-07-11T09:00:02+02:00</date>
                    <speedMph>196</speedMph>
                    <altitudeFt>4900</altitudeFt>
                </position>
                <position>
                    <lat>49.0275</lat>
                    <lon>2.652</lon>
                    <date>2013-07-11T08:59:57+02:00</date>
                    <speedMph>192</speedMph>
                    <altitudeFt>4780</altitudeFt>
                </position>
                <position>
                    <lat>49.0271</lat>
                    <lon>2.6457</lon>
                    <date>2013-07-11T08:59:52+02:00</date>
                    <speedMph>184</speedMph>
                    <altitudeFt>4600</altitudeFt>
                </position>
                <position>
                    <lat>49.0267</lat>
                    <lon>2.6333</lon>
                    <date>2013-07-11T08:59:47+02:00</date>
                    <speedMph>172</speedMph>
                    <altitudeFt>4250</altitudeFt>
                </position>
                <position>
                    <lat>49.0265</lat>
                    <lon>2.6272</lon>
                    <date>2013-07-11T08:59:37+02:00</date>
                    <speedMph>164</speedMph>
                    <altitudeFt>4080</altitudeFt>
                </position>
                <position>
                    <lat>49.0261</lat>
                    <lon>2.6215</lon>
                    <date>2013-07-11T08:59:32+02:00</date>
                    <speedMph>160</speedMph>
                    <altitudeFt>3880</altitudeFt>
                </position>
                <position>
                    <lat>49.026</lat>
                    <lon>2.6158</lon>
                    <date>2013-07-11T08:59:27+02:00</date>
                    <speedMph>156</speedMph>
                    <altitudeFt>3700</altitudeFt>
                </position>
                <position>
                    <lat>49.0255</lat>
                    <lon>2.6051</lon>
                    <date>2013-07-11T08:59:17+02:00</date>
                    <speedMph>144</speedMph>
                    <altitudeFt>3330</altitudeFt>
                </position>
                <position>
                    <lat>49.025</lat>
                    <lon>2.5998</lon>
                    <date>2013-07-11T08:59:12+02:00</date>
                    <speedMph>140</speedMph>
                    <altitudeFt>3080</altitudeFt>
                </position>
                <position>
                    <lat>49.0249</lat>
                    <lon>2.5951</lon>
                    <date>2013-07-11T08:59:07+02:00</date>
                    <speedMph>140</speedMph>
                    <altitudeFt>2850</altitudeFt>
                </position>
                <position>
                    <lat>49.0245</lat>
                    <lon>2.5906</lon>
                    <date>2013-07-11T08:59:02+02:00</date>
                    <speedMph>144</speedMph>
                    <altitudeFt>2600</altitudeFt>
                </position>
                <position>
                    <lat>49.0239</lat>
                    <lon>2.5802</lon>
                    <date>2013-07-11T08:58:52+02:00</date>
                    <speedMph>144</speedMph>
                    <altitudeFt>2000</altitudeFt>
                </position>
                <position>
                    <lat>49.0228</lat>
                    <lon>2.5589</lon>
                    <date>2013-07-11T08:58:32+02:00</date>
                    <speedMph>144</speedMph>
                    <altitudeFt>850</altitudeFt>
                </position>
                <position>
                    <lat>49.0228</lat>
                    <lon>2.5547</lon>
                    <date>2013-07-11T08:58:27+02:00</date>
                    <speedMph>144</speedMph>
                    <altitudeFt>650</altitudeFt>
                </position>
                <position>
                    <lat>49.0224</lat>
                    <lon>2.545</lon>
                    <date>2013-07-11T08:58:17+02:00</date>
                    <speedMph>152</speedMph>
                    <altitudeFt>0</altitudeFt>
                </position>
                <position>
                    <lat>49.0218</lat>
                    <lon>2.5393</lon>
                    <date>2013-07-11T08:58:12+02:00</date>
                    <speedMph>132</speedMph>
                    <altitudeFt>0</altitudeFt>
                </position>
                <position>
                    <lat>49.0217</lat>
                    <lon>2.5361</lon>
                    <date>2013-07-11T08:58:07+02:00</date>
                    <speedMph>116</speedMph>
                    <altitudeFt>0</altitudeFt>
                </position>
                <position>
                    <lat>49.0215</lat>
                    <lon>2.5326</lon>
                    <date>2013-07-11T08:58:02+02:00</date>
                    <speedMph>88</speedMph>
                    <altitudeFt>0</altitudeFt>
                </position>
                <position>
                    <lat>49.0215</lat>
                    <lon>2.5285</lon>
                    <date>2013-07-11T08:57:52+02:00</date>
                    <speedMph>36</speedMph>
                    <altitudeFt>0</altitudeFt>
                </position>
                <position>
                    <lat>49.0214</lat>
                    <lon>2.5278</lon>
                    <date>2013-07-11T08:57:47+02:00</date>
                    <speedMph>8</speedMph>
                    <altitudeFt>0</altitudeFt>
                </position>
                <position>
                    <lat>49.0214</lat>
                    <lon>2.5276</lon>
                    <date>2013-07-11T08:57:42+02:00</date>
                    <speedMph>4</speedMph>
                    <altitudeFt>0</altitudeFt>
                </position>
                <position>
                    <lat>49.0214</lat>
                    <lon>2.5273</lon>
                    <date>2013-07-11T08:57:37+02:00</date>
                    <speedMph>4</speedMph>
                    <altitudeFt>0</altitudeFt>
                </position>
                <position>
                    <lat>49.0214</lat>
                    <lon>2.5271</lon>
                    <date>2013-07-11T08:57:32+02:00</date>
                    <speedMph>4</speedMph>
                    <altitudeFt>0</altitudeFt>
                </position>
                <position>
                    <lat>49.0213</lat>
                    <lon>2.5271</lon>
                    <date>2013-07-11T08:57:27+02:00</date>
                    <speedMph>8</speedMph>
                    <altitudeFt>0</altitudeFt>
                </position>
                <position>
                    <lat>49.0204</lat>
                    <lon>2.5272</lon>
                    <date>2013-07-11T08:57:12+02:00</date>
                    <speedMph>20</speedMph>
                    <altitudeFt>0</altitudeFt>
                </position>
                <position>
                    <lat>49.0199</lat>
                    <lon>2.5273</lon>
                    <date>2013-07-11T08:57:07+02:00</date>
                    <speedMph>20</speedMph>
                    <altitudeFt>0</altitudeFt>
                </position>
                <position>
                    <lat>49.0191</lat>
                    <lon>2.5274</lon>
                    <date>2013-07-11T08:57:02+02:00</date>
                    <speedMph>20</speedMph>
                    <altitudeFt>0</altitudeFt>
                </position>
                <position>
                    <lat>49.0186</lat>
                    <lon>2.5275</lon>
                    <date>2013-07-11T08:56:52+02:00</date>
                    <speedMph>20</speedMph>
                    <altitudeFt>0</altitudeFt>
                </position>
                <position>
                    <lat>49.0182</lat>
                    <lon>2.5277</lon>
                    <date>2013-07-11T08:56:47+02:00</date>
                    <speedMph>20</speedMph>
                    <altitudeFt>0</altitudeFt>
                </position>
                <position>
                    <lat>49.0173</lat>
                    <lon>2.5278</lon>
                    <date>2013-07-11T08:56:37+02:00</date>
                    <speedMph>20</speedMph>
                    <altitudeFt>0</altitudeFt>
                </position>
                <position>
                    <lat>49.0166</lat>
                    <lon>2.5303</lon>
                    <date>2013-07-11T08:56:22+02:00</date>
                    <speedMph>20</speedMph>
                    <altitudeFt>0</altitudeFt>
                </position>
                <position>
                    <lat>49.0166</lat>
                    <lon>2.5319</lon>
                    <date>2013-07-11T08:56:02+02:00</date>
                    <speedMph>12</speedMph>
                    <altitudeFt>0</altitudeFt>
                </position>
                <position>
                    <lat>49.0167</lat>
                    <lon>2.5327</lon>
                    <date>2013-07-11T08:55:52+02:00</date>
                    <speedMph>12</speedMph>
                    <altitudeFt>0</altitudeFt>
                </position>
                <position>
                    <lat>49.0168</lat>
                    <lon>2.5343</lon>
                    <date>2013-07-11T08:55:32+02:00</date>
                    <speedMph>12</speedMph>
                    <altitudeFt>0</altitudeFt>
                </position>
                <position>
                    <lat>49.0167</lat>
                    <lon>2.5351</lon>
                    <date>2013-07-11T08:55:22+02:00</date>
                    <speedMph>12</speedMph>
                    <altitudeFt>0</altitudeFt>
                </position>
                <position>
                    <lat>49.0161</lat>
                    <lon>2.5364</lon>
                    <date>2013-07-11T08:55:02+02:00</date>
                    <speedMph>12</speedMph>
                    <altitudeFt>0</altitudeFt>
                </position>
                <position>
                    <lat>49.0162</lat>
                    <lon>2.5368</lon>
                    <date>2013-07-11T08:54:57+02:00</date>
                    <speedMph>12</speedMph>
                    <altitudeFt>0</altitudeFt>
                </position>
                <position>
                    <lat>49.0167</lat>
                    <lon>2.5373</lon>
                    <date>2013-07-11T08:54:47+02:00</date>
                    <speedMph>12</speedMph>
                    <altitudeFt>0</altitudeFt>
                </position>
                <position>
                    <lat>49.0168</lat>
                    <lon>2.5374</lon>
                    <date>2013-07-11T08:54:42+02:00</date>
                    <speedMph>12</speedMph>
                    <altitudeFt>0</altitudeFt>
                </position>
                <position>
                    <lat>49.0173</lat>
                    <lon>2.5381</lon>
                    <date>2013-07-11T08:54:27+02:00</date>
                    <speedMph>4</speedMph>
                    <altitudeFt>0</altitudeFt>
                </position>
                <position>
                    <lat>49.0174</lat>
                    <lon>2.5384</lon>
                    <date>2013-07-11T08:53:47+02:00</date>
                    <speedMph>0</speedMph>
                    <altitudeFt>0</altitudeFt>
                </position>
                <position>
                    <lat>49.0174</lat>
                    <lon>2.5384</lon>
                    <date>2013-07-11T08:53:42+02:00</date>
                    <speedMph>0</speedMph>
                    <altitudeFt>0</altitudeFt>
                </position>
                <position>
                    <lat>49.0174</lat>
                    <lon>2.5384</lon>
                    <date>2013-07-11T08:53:17+02:00</date>
                    <speedMph>0</speedMph>
                    <altitudeFt>0</altitudeFt>
                </position>
                <position>
                    <lat>49.0174</lat>
                    <lon>2.5383</lon>
                    <date>2013-07-11T08:52:52+02:00</date>
                    <speedMph>0</speedMph>
                    <altitudeFt>0</altitudeFt>
                </position>
                <position>
                    <lat>49.0174</lat>
                    <lon>2.538</lon>
                    <date>2013-07-11T08:52:32+02:00</date>
                    <speedMph>4</speedMph>
                    <altitudeFt>0</altitudeFt>
                </position>
                <position>
                    <lat>49.0169</lat>
                    <lon>2.5381</lon>
                    <date>2013-07-11T08:52:12+02:00</date>
                    <speedMph>4</speedMph>
                    <altitudeFt>0</altitudeFt>
                </position>
                <position>
                    <lat>49.0164</lat>
                    <lon>2.5383</lon>
                    <date>2013-07-11T08:51:47+02:00</date>
                    <speedMph>4</speedMph>
                    <altitudeFt>0</altitudeFt>
                </position>
            </positions>
        </flightTrack>
    </flightTracks>
</flightstatslog>
