<?xml version="1.0" encoding="UTF-8" standalone="yes"?>
<flightstatslog>
    <appendix>
        <airports>
            <airport>
                <fs>WAW</fs>
                <latitude>52.16575</latitude>
                <longitude>20.967122</longitude>
                <city>Warsaw</city>
            </airport>
            <airport>
                <fs>LPL</fs>
                <latitude>53.333611</latitude>
                <longitude>-2.849722</longitude>
                <city>Liverpool</city>
            </airport>
        </airports>
    </appendix>
    <flightTracks>
        <flightTrack>
            <flightId>5023957</flightId>
            <departureAirportFsCode>WAW</departureAirportFsCode>
            <arrivalAirportFsCode>LPL</arrivalAirportFsCode>
            <positions>
                <position>
                    <lat>53.3343</lat>
                    <lon>-2.8371</lon>
                    <date>2013-07-11T14:38:03+02:00</date>
                    <speedMph>24</speedMph>
                    <altitudeFt>0</altitudeFt>
                </position>
                <position>
                    <lat>53.3341</lat>
                    <lon>-2.8395</lon>
                    <date>2013-07-11T14:37:48+02:00</date>
                    <speedMph>44</speedMph>
                    <altitudeFt>0</altitudeFt>
                </position>
                <position>
                    <lat>53.334</lat>
                    <lon>-2.8425</lon>
                    <date>2013-07-11T14:37:43+02:00</date>
                    <speedMph>64</speedMph>
                    <altitudeFt>0</altitudeFt>
                </position>
                <position>
                    <lat>53.3332</lat>
                    <lon>-2.8583</lon>
                    <date>2013-07-11T14:37:23+02:00</date>
                    <speedMph>152</speedMph>
                    <altitudeFt>0</altitudeFt>
                </position>
                <position>
                    <lat>53.3332</lat>
                    <lon>-2.8601</lon>
                    <date>2013-07-11T14:37:18+02:00</date>
                    <speedMph>152</speedMph>
                    <altitudeFt>0</altitudeFt>
                </position>
                <position>
                    <lat>53.3325</lat>
                    <lon>-2.8742</lon>
                    <date>2013-07-11T14:37:03+02:00</date>
                    <speedMph>152</speedMph>
                    <altitudeFt>0</altitudeFt>
                </position>
                <position>
                    <lat>53.3321</lat>
                    <lon>-2.8835</lon>
                    <date>2013-07-11T14:36:58+02:00</date>
                    <speedMph>152</speedMph>
                    <altitudeFt>0</altitudeFt>
                </position>
                <position>
                    <lat>53.3318</lat>
                    <lon>-2.8887</lon>
                    <date>2013-07-11T14:36:53+02:00</date>
                    <speedMph>152</speedMph>
                    <altitudeFt>0</altitudeFt>
                </position>
                <position>
                    <lat>53.3315</lat>
                    <lon>-2.8952</lon>
                    <date>2013-07-11T14:36:48+02:00</date>
                    <speedMph>152</speedMph>
                    <altitudeFt>80</altitudeFt>
                </position>
                <position>
                    <lat>53.3313</lat>
                    <lon>-2.9008</lon>
                    <date>2013-07-11T14:36:43+02:00</date>
                    <speedMph>152</speedMph>
                    <altitudeFt>150</altitudeFt>
                </position>
                <position>
                    <lat>53.3308</lat>
                    <lon>-2.9085</lon>
                    <date>2013-07-11T14:36:38+02:00</date>
                    <speedMph>152</speedMph>
                    <altitudeFt>230</altitudeFt>
                </position>
                <position>
                    <lat>53.3307</lat>
                    <lon>-2.911</lon>
                    <date>2013-07-11T14:36:33+02:00</date>
                    <speedMph>152</speedMph>
                    <altitudeFt>250</altitudeFt>
                </position>
                <position>
                    <lat>53.3304</lat>
                    <lon>-2.9169</lon>
                    <date>2013-07-11T14:36:28+02:00</date>
                    <speedMph>152</speedMph>
                    <altitudeFt>300</altitudeFt>
                </position>
                <position>
                    <lat>53.3301</lat>
                    <lon>-2.9249</lon>
                    <date>2013-07-11T14:36:23+02:00</date>
                    <speedMph>148</speedMph>
                    <altitudeFt>400</altitudeFt>
                </position>
                <position>
                    <lat>53.3294</lat>
                    <lon>-2.9416</lon>
                    <date>2013-07-11T14:36:08+02:00</date>
                    <speedMph>156</speedMph>
                    <altitudeFt>600</altitudeFt>
                </position>
                <position>
                    <lat>53.3286</lat>
                    <lon>-2.9588</lon>
                    <date>2013-07-11T14:36:03+02:00</date>
                    <speedMph>156</speedMph>
                    <altitudeFt>780</altitudeFt>
                </position>
                <position>
                    <lat>53.3285</lat>
                    <lon>-2.9592</lon>
                    <date>2013-07-11T14:35:53+02:00</date>
                    <speedMph>156</speedMph>
                    <altitudeFt>780</altitudeFt>
                </position>
                <position>
                    <lat>53.3283</lat>
                    <lon>-2.965</lon>
                    <date>2013-07-11T14:35:48+02:00</date>
                    <speedMph>156</speedMph>
                    <altitudeFt>850</altitudeFt>
                </position>
                <position>
                    <lat>53.328</lat>
                    <lon>-2.9711</lon>
                    <date>2013-07-11T14:35:43+02:00</date>
                    <speedMph>156</speedMph>
                    <altitudeFt>900</altitudeFt>
                </position>
                <position>
                    <lat>53.3273</lat>
                    <lon>-2.9842</lon>
                    <date>2013-07-11T14:35:33+02:00</date>
                    <speedMph>160</speedMph>
                    <altitudeFt>1080</altitudeFt>
                </position>
                <position>
                    <lat>53.327</lat>
                    <lon>-2.9884</lon>
                    <date>2013-07-11T14:35:28+02:00</date>
                    <speedMph>164</speedMph>
                    <altitudeFt>1130</altitudeFt>
                </position>
                <position>
                    <lat>53.3265</lat>
                    <lon>-3.0004</lon>
                    <date>2013-07-11T14:35:23+02:00</date>
                    <speedMph>172</speedMph>
                    <altitudeFt>1250</altitudeFt>
                </position>
                <position>
                    <lat>53.3262</lat>
                    <lon>-3.007</lon>
                    <date>2013-07-11T14:35:13+02:00</date>
                    <speedMph>176</speedMph>
                    <altitudeFt>1330</altitudeFt>
                </position>
                <position>
                    <lat>53.3255</lat>
                    <lon>-3.022</lon>
                    <date>2013-07-11T14:35:03+02:00</date>
                    <speedMph>180</speedMph>
                    <altitudeFt>1500</altitudeFt>
                </position>
                <position>
                    <lat>53.3242</lat>
                    <lon>-3.0603</lon>
                    <date>2013-07-11T14:34:43+02:00</date>
                    <speedMph>192</speedMph>
                    <altitudeFt>1950</altitudeFt>
                </position>
                <position>
                    <lat>53.3244</lat>
                    <lon>-3.0665</lon>
                    <date>2013-07-11T14:34:38+02:00</date>
                    <speedMph>196</speedMph>
                    <altitudeFt>2030</altitudeFt>
                </position>
                <position>
                    <lat>53.325</lat>
                    <lon>-3.0746</lon>
                    <date>2013-07-11T14:34:28+02:00</date>
                    <speedMph>196</speedMph>
                    <altitudeFt>2130</altitudeFt>
                </position>
                <position>
                    <lat>53.3256</lat>
                    <lon>-3.0812</lon>
                    <date>2013-07-11T14:34:23+02:00</date>
                    <speedMph>196</speedMph>
                    <altitudeFt>2230</altitudeFt>
                </position>
                <position>
                    <lat>53.3269</lat>
                    <lon>-3.0912</lon>
                    <date>2013-07-11T14:34:18+02:00</date>
                    <speedMph>196</speedMph>
                    <altitudeFt>2400</altitudeFt>
                </position>
                <position>
                    <lat>53.3278</lat>
                    <lon>-3.0955</lon>
                    <date>2013-07-11T14:34:13+02:00</date>
                    <speedMph>196</speedMph>
                    <altitudeFt>2480</altitudeFt>
                </position>
                <position>
                    <lat>53.3337</lat>
                    <lon>-3.1082</lon>
                    <date>2013-07-11T14:34:03+02:00</date>
                    <speedMph>208</speedMph>
                    <altitudeFt>2680</altitudeFt>
                </position>
                <position>
                    <lat>53.338</lat>
                    <lon>-3.1128</lon>
                    <date>2013-07-11T14:33:58+02:00</date>
                    <speedMph>212</speedMph>
                    <altitudeFt>2780</altitudeFt>
                </position>
                <position>
                    <lat>53.3477</lat>
                    <lon>-3.1171</lon>
                    <date>2013-07-11T14:33:53+02:00</date>
                    <speedMph>224</speedMph>
                    <altitudeFt>2950</altitudeFt>
                </position>
                <position>
                    <lat>53.3694</lat>
                    <lon>-3.1181</lon>
                    <date>2013-07-11T14:33:33+02:00</date>
                    <speedMph>228</speedMph>
                    <altitudeFt>3300</altitudeFt>
                </position>
                <position>
                    <lat>53.3742</lat>
                    <lon>-3.1176</lon>
                    <date>2013-07-11T14:33:23+02:00</date>
                    <speedMph>232</speedMph>
                    <altitudeFt>3450</altitudeFt>
                </position>
                <position>
                    <lat>53.393</lat>
                    <lon>-3.103</lon>
                    <date>2013-07-11T14:33:08+02:00</date>
                    <speedMph>244</speedMph>
                    <altitudeFt>4150</altitudeFt>
                </position>
                <position>
                    <lat>53.3962</lat>
                    <lon>-3.0975</lon>
                    <date>2013-07-11T14:33:03+02:00</date>
                    <speedMph>240</speedMph>
                    <altitudeFt>4250</altitudeFt>
                </position>
                <position>
                    <lat>53.401</lat>
                    <lon>-3.0877</lon>
                    <date>2013-07-11T14:32:53+02:00</date>
                    <speedMph>244</speedMph>
                    <altitudeFt>4430</altitudeFt>
                </position>
                <position>
                    <lat>53.4081</lat>
                    <lon>-3.0725</lon>
                    <date>2013-07-11T14:32:48+02:00</date>
                    <speedMph>248</speedMph>
                    <altitudeFt>4630</altitudeFt>
                </position>
                <position>
                    <lat>53.4118</lat>
                    <lon>-3.0647</lon>
                    <date>2013-07-11T14:32:43+02:00</date>
                    <speedMph>252</speedMph>
                    <altitudeFt>4730</altitudeFt>
                </position>
                <position>
                    <lat>53.4164</lat>
                    <lon>-3.0548</lon>
                    <date>2013-07-11T14:32:33+02:00</date>
                    <speedMph>256</speedMph>
                    <altitudeFt>4880</altitudeFt>
                </position>
                <position>
                    <lat>53.4241</lat>
                    <lon>-3.0385</lon>
                    <date>2013-07-11T14:32:28+02:00</date>
                    <speedMph>260</speedMph>
                    <altitudeFt>5100</altitudeFt>
                </position>
                <position>
                    <lat>53.4281</lat>
                    <lon>-3.0301</lon>
                    <date>2013-07-11T14:32:18+02:00</date>
                    <speedMph>260</speedMph>
                    <altitudeFt>5230</altitudeFt>
                </position>
                <position>
                    <lat>53.4365</lat>
                    <lon>-3.012</lon>
                    <date>2013-07-11T14:32:08+02:00</date>
                    <speedMph>264</speedMph>
                    <altitudeFt>5480</altitudeFt>
                </position>
                <position>
                    <lat>53.4456</lat>
                    <lon>-2.9927</lon>
                    <date>2013-07-11T14:31:58+02:00</date>
                    <speedMph>264</speedMph>
                    <altitudeFt>5730</altitudeFt>
                </position>
                <position>
                    <lat>53.4471</lat>
                    <lon>-2.9895</lon>
                    <date>2013-07-11T14:31:48+02:00</date>
                    <speedMph>264</speedMph>
                    <altitudeFt>5750</altitudeFt>
                </position>
                <position>
                    <lat>53.4661</lat>
                    <lon>-2.9489</lon>
                    <date>2013-07-11T14:31:38+02:00</date>
                    <speedMph>268</speedMph>
                    <altitudeFt>6250</altitudeFt>
                </position>
                <position>
                    <lat>53.4675</lat>
                    <lon>-2.9459</lon>
                    <date>2013-07-11T14:31:23+02:00</date>
                    <speedMph>268</speedMph>
                    <altitudeFt>6280</altitudeFt>
                </position>
                <position>
                    <lat>53.485</lat>
                    <lon>-2.8957</lon>
                    <date>2013-07-11T14:31:13+02:00</date>
                    <speedMph>284</speedMph>
                    <altitudeFt>6780</altitudeFt>
                </position>
                <position>
                    <lat>53.489</lat>
                    <lon>-2.8685</lon>
                    <date>2013-07-11T14:30:58+02:00</date>
                    <speedMph>292</speedMph>
                    <altitudeFt>7050</altitudeFt>
                </position>
                <position>
                    <lat>53.5019</lat>
                    <lon>-2.7723</lon>
                    <date>2013-07-11T14:30:48+02:00</date>
                    <speedMph>296</speedMph>
                    <altitudeFt>8280</altitudeFt>
                </position>
                <position>
                    <lat>53.5021</lat>
                    <lon>-2.7705</lon>
                    <date>2013-07-11T14:30:05+02:00</date>
                    <speedMph>296</speedMph>
                    <altitudeFt>8300</altitudeFt>
                </position>
                <position>
                    <lat>53.5033</lat>
                    <lon>-2.7607</lon>
                    <date>2013-07-11T14:29:55+02:00</date>
                    <speedMph>296</speedMph>
                    <altitudeFt>8450</altitudeFt>
                </position>
                <position>
                    <lat>53.5069</lat>
                    <lon>-2.7332</lon>
                    <date>2013-07-11T14:29:45+02:00</date>
                    <speedMph>288</speedMph>
                    <altitudeFt>8900</altitudeFt>
                </position>
                <position>
                    <lat>53.5093</lat>
                    <lon>-2.7178</lon>
                    <date>2013-07-11T14:29:35+02:00</date>
                    <speedMph>280</speedMph>
                    <altitudeFt>9200</altitudeFt>
                </position>
                <position>
                    <lat>53.5117</lat>
                    <lon>-2.6888</lon>
                    <date>2013-07-11T14:29:25+02:00</date>
                    <speedMph>264</speedMph>
                    <altitudeFt>9800</altitudeFt>
                </position>
                <position>
                    <lat>53.5122</lat>
                    <lon>-2.6745</lon>
                    <date>2013-07-11T14:29:15+02:00</date>
                    <speedMph>264</speedMph>
                    <altitudeFt>9980</altitudeFt>
                </position>
                <position>
                    <lat>53.5139</lat>
                    <lon>-2.6163</lon>
                    <date>2013-07-11T14:28:50+02:00</date>
                    <speedMph>272</speedMph>
                    <altitudeFt>9980</altitudeFt>
                </position>
                <position>
                    <lat>53.5143</lat>
                    <lon>-2.6001</lon>
                    <date>2013-07-11T14:28:40+02:00</date>
                    <speedMph>280</speedMph>
                    <altitudeFt>9980</altitudeFt>
                </position>
                <position>
                    <lat>53.515</lat>
                    <lon>-2.5749</lon>
                    <date>2013-07-11T14:28:30+02:00</date>
                    <speedMph>288</speedMph>
                    <altitudeFt>9980</altitudeFt>
                </position>
                <position>
                    <lat>53.5155</lat>
                    <lon>-2.556</lon>
                    <date>2013-07-11T14:28:20+02:00</date>
                    <speedMph>292</speedMph>
                    <altitudeFt>9980</altitudeFt>
                </position>
                <position>
                    <lat>53.516</lat>
                    <lon>-2.5325</lon>
                    <date>2013-07-11T14:28:10+02:00</date>
                    <speedMph>308</speedMph>
                    <altitudeFt>9980</altitudeFt>
                </position>
                <position>
                    <lat>53.5166</lat>
                    <lon>-2.5101</lon>
                    <date>2013-07-11T14:28:00+02:00</date>
                    <speedMph>316</speedMph>
                    <altitudeFt>9980</altitudeFt>
                </position>
                <position>
                    <lat>53.5172</lat>
                    <lon>-2.4839</lon>
                    <date>2013-07-11T14:27:50+02:00</date>
                    <speedMph>328</speedMph>
                    <altitudeFt>9980</altitudeFt>
                </position>
                <position>
                    <lat>53.5187</lat>
                    <lon>-2.4114</lon>
                    <date>2013-07-11T14:27:25+02:00</date>
                    <speedMph>348</speedMph>
                    <altitudeFt>10330</altitudeFt>
                </position>
                <position>
                    <lat>53.52</lat>
                    <lon>-2.3402</lon>
                    <date>2013-07-11T14:26:55+02:00</date>
                    <speedMph>364</speedMph>
                    <altitudeFt>10830</altitudeFt>
                </position>
                <position>
                    <lat>53.5212</lat>
                    <lon>-2.2474</lon>
                    <date>2013-07-11T14:26:25+02:00</date>
                    <speedMph>376</speedMph>
                    <altitudeFt>11600</altitudeFt>
                </position>
                <position>
                    <lat>53.5225</lat>
                    <lon>-2.1531</lon>
                    <date>2013-07-11T14:25:55+02:00</date>
                    <speedMph>380</speedMph>
                    <altitudeFt>12680</altitudeFt>
                </position>
                <position>
                    <lat>53.5234</lat>
                    <lon>-2.0792</lon>
                    <date>2013-07-11T14:25:25+02:00</date>
                    <speedMph>384</speedMph>
                    <altitudeFt>13200</altitudeFt>
                </position>
                <position>
                    <lat>53.5245</lat>
                    <lon>-1.9841</lon>
                    <date>2013-07-11T14:24:55+02:00</date>
                    <speedMph>384</speedMph>
                    <altitudeFt>13700</altitudeFt>
                </position>
                <position>
                    <lat>53.5257</lat>
                    <lon>-1.8762</lon>
                    <date>2013-07-11T14:24:25+02:00</date>
                    <speedMph>384</speedMph>
                    <altitudeFt>14300</altitudeFt>
                </position>
                <position>
                    <lat>53.5262</lat>
                    <lon>-1.8052</lon>
                    <date>2013-07-11T14:23:55+02:00</date>
                    <speedMph>384</speedMph>
                    <altitudeFt>14780</altitudeFt>
                </position>
                <position>
                    <lat>53.5264</lat>
                    <lon>-1.6682</lon>
                    <date>2013-07-11T14:23:05+02:00</date>
                    <speedMph>388</speedMph>
                    <altitudeFt>15930</altitudeFt>
                </position>
                <position>
                    <lat>53.5259</lat>
                    <lon>-1.4667</lon>
                    <date>2013-07-11T14:22:05+02:00</date>
                    <speedMph>388</speedMph>
                    <altitudeFt>17180</altitudeFt>
                </position>
                <position>
                    <lat>53.5118</lat>
                    <lon>-1.3079</lon>
                    <date>2013-07-11T14:21:05+02:00</date>
                    <speedMph>388</speedMph>
                    <altitudeFt>18080</altitudeFt>
                </position>
                <position>
                    <lat>53.4911</lat>
                    <lon>-1.1188</lon>
                    <date>2013-07-11T14:20:05+02:00</date>
                    <speedMph>396</speedMph>
                    <altitudeFt>19630</altitudeFt>
                </position>
                <position>
                    <lat>53.4695</lat>
                    <lon>-0.9284</lon>
                    <date>2013-07-11T14:19:05+02:00</date>
                    <speedMph>404</speedMph>
                    <altitudeFt>21700</altitudeFt>
                </position>
                <position>
                    <lat>53.448</lat>
                    <lon>-0.7441</lon>
                    <date>2013-07-11T14:18:05+02:00</date>
                    <speedMph>412</speedMph>
                    <altitudeFt>23730</altitudeFt>
                </position>
                <position>
                    <lat>53.4273</lat>
                    <lon>-0.565</lon>
                    <date>2013-07-11T14:17:05+02:00</date>
                    <speedMph>428</speedMph>
                    <altitudeFt>25630</altitudeFt>
                </position>
                <position>
                    <lat>53.4008</lat>
                    <lon>-0.343</lon>
                    <date>2013-07-11T14:16:05+02:00</date>
                    <speedMph>436</speedMph>
                    <altitudeFt>27630</altitudeFt>
                </position>
                <position>
                    <lat>53.3778</lat>
                    <lon>-0.1558</lon>
                    <date>2013-07-11T14:15:04+02:00</date>
                    <speedMph>396</speedMph>
                    <altitudeFt>28130</altitudeFt>
                </position>
                <position>
                    <lat>53.3583</lat>
                    <lon>0.0021</lon>
                    <date>2013-07-11T14:14:04+02:00</date>
                    <speedMph>368</speedMph>
                    <altitudeFt>28900</altitudeFt>
                </position>
                <position>
                    <lat>53.3342</lat>
                    <lon>0.1908</lon>
                    <date>2013-07-11T14:13:04+02:00</date>
                    <speedMph>384</speedMph>
                    <altitudeFt>30830</altitudeFt>
                </position>
                <position>
                    <lat>53.3073</lat>
                    <lon>0.4017</lon>
                    <date>2013-07-11T14:12:03+02:00</date>
                    <speedMph>404</speedMph>
                    <altitudeFt>32980</altitudeFt>
                </position>
                <position>
                    <lat>53.2876</lat>
                    <lon>0.5423</lon>
                    <date>2013-07-11T14:10:59+02:00</date>
                    <speedMph>408</speedMph>
                    <altitudeFt>34350</altitudeFt>
                </position>
                <position>
                    <lat>53.2626</lat>
                    <lon>0.7229</lon>
                    <date>2013-07-11T14:09:58+02:00</date>
                    <speedMph>416</speedMph>
                    <altitudeFt>36400</altitudeFt>
                </position>
                <position>
                    <lat>53.2361</lat>
                    <lon>0.9214</lon>
                    <date>2013-07-11T14:08:58+02:00</date>
                    <speedMph>432</speedMph>
                    <altitudeFt>38000</altitudeFt>
                </position>
                <position>
                    <lat>53.2067</lat>
                    <lon>1.1248</lon>
                    <date>2013-07-11T14:07:58+02:00</date>
                    <speedMph>432</speedMph>
                    <altitudeFt>38000</altitudeFt>
                </position>
                <position>
                    <lat>53.1729</lat>
                    <lon>1.3069</lon>
                    <date>2013-07-11T14:06:58+02:00</date>
                    <speedMph>432</speedMph>
                    <altitudeFt>38000</altitudeFt>
                </position>
                <position>
                    <lat>53.1384</lat>
                    <lon>1.4935</lon>
                    <date>2013-07-11T14:05:58+02:00</date>
                    <speedMph>432</speedMph>
                    <altitudeFt>38000</altitudeFt>
                </position>
                <position>
                    <lat>53.1024</lat>
                    <lon>1.6918</lon>
                    <date>2013-07-11T14:04:58+02:00</date>
                    <speedMph>436</speedMph>
                    <altitudeFt>38000</altitudeFt>
                </position>
                <position>
                    <lat>53.0783</lat>
                    <lon>1.8829</lon>
                    <date>2013-07-11T14:03:58+02:00</date>
                    <speedMph>436</speedMph>
                    <altitudeFt>38000</altitudeFt>
                </position>
                <position>
                    <lat>53.0548</lat>
                    <lon>2.0751</lon>
                    <date>2013-07-11T14:02:58+02:00</date>
                    <speedMph>436</speedMph>
                    <altitudeFt>38000</altitudeFt>
                </position>
                <position>
                    <lat>53.0323</lat>
                    <lon>2.256</lon>
                    <date>2013-07-11T14:01:58+02:00</date>
                    <speedMph>436</speedMph>
                    <altitudeFt>38000</altitudeFt>
                </position>
                <position>
                    <lat>53.0055</lat>
                    <lon>2.4678</lon>
                    <date>2013-07-11T14:00:58+02:00</date>
                    <speedMph>436</speedMph>
                    <altitudeFt>38000</altitudeFt>
                </position>
                <position>
                    <lat>52.9825</lat>
                    <lon>2.6476</lon>
                    <date>2013-07-11T13:59:58+02:00</date>
                    <speedMph>432</speedMph>
                    <altitudeFt>38000</altitudeFt>
                </position>
                <position>
                    <lat>52.9557</lat>
                    <lon>2.8546</lon>
                    <date>2013-07-11T13:58:58+02:00</date>
                    <speedMph>432</speedMph>
                    <altitudeFt>38000</altitudeFt>
                </position>
                <position>
                    <lat>52.9313</lat>
                    <lon>3.0389</lon>
                    <date>2013-07-11T13:57:58+02:00</date>
                    <speedMph>432</speedMph>
                    <altitudeFt>38000</altitudeFt>
                </position>
                <position>
                    <lat>52.8962</lat>
                    <lon>3.2285</lon>
                    <date>2013-07-11T13:56:58+02:00</date>
                    <speedMph>428</speedMph>
                    <altitudeFt>38000</altitudeFt>
                </position>
                <position>
                    <lat>52.8489</lat>
                    <lon>3.4108</lon>
                    <date>2013-07-11T13:55:58+02:00</date>
                    <speedMph>428</speedMph>
                    <altitudeFt>38000</altitudeFt>
                </position>
                <position>
                    <lat>52.7965</lat>
                    <lon>3.6114</lon>
                    <date>2013-07-11T13:54:58+02:00</date>
                    <speedMph>432</speedMph>
                    <altitudeFt>38000</altitudeFt>
                </position>
                <position>
                    <lat>52.7506</lat>
                    <lon>3.7991</lon>
                    <date>2013-07-11T13:53:58+02:00</date>
                    <speedMph>436</speedMph>
                    <altitudeFt>38000</altitudeFt>
                </position>
                <position>
                    <lat>52.7155</lat>
                    <lon>3.9786</lon>
                    <date>2013-07-11T13:52:58+02:00</date>
                    <speedMph>436</speedMph>
                    <altitudeFt>38000</altitudeFt>
                </position>
                <position>
                    <lat>52.6768</lat>
                    <lon>4.1753</lon>
                    <date>2013-07-11T13:51:58+02:00</date>
                    <speedMph>436</speedMph>
                    <altitudeFt>38000</altitudeFt>
                </position>
                <position>
                    <lat>52.6413</lat>
                    <lon>4.3544</lon>
                    <date>2013-07-11T13:50:58+02:00</date>
                    <speedMph>436</speedMph>
                    <altitudeFt>38000</altitudeFt>
                </position>
                <position>
                    <lat>52.6037</lat>
                    <lon>4.5415</lon>
                    <date>2013-07-11T13:49:58+02:00</date>
                    <speedMph>432</speedMph>
                    <altitudeFt>38000</altitudeFt>
                </position>
                <position>
                    <lat>52.5703</lat>
                    <lon>4.7067</lon>
                    <date>2013-07-11T13:48:58+02:00</date>
                    <speedMph>432</speedMph>
                    <altitudeFt>38000</altitudeFt>
                </position>
                <position>
                    <lat>52.5407</lat>
                    <lon>4.902</lon>
                    <date>2013-07-11T13:47:58+02:00</date>
                    <speedMph>440</speedMph>
                    <altitudeFt>38000</altitudeFt>
                </position>
                <position>
                    <lat>52.5399</lat>
                    <lon>5.1012</lon>
                    <date>2013-07-11T13:46:58+02:00</date>
                    <speedMph>440</speedMph>
                    <altitudeFt>38000</altitudeFt>
                </position>
                <position>
                    <lat>52.539</lat>
                    <lon>5.3088</lon>
                    <date>2013-07-11T13:45:58+02:00</date>
                    <speedMph>440</speedMph>
                    <altitudeFt>38000</altitudeFt>
                </position>
                <position>
                    <lat>52.5379</lat>
                    <lon>5.5081</lon>
                    <date>2013-07-11T13:44:58+02:00</date>
                    <speedMph>440</speedMph>
                    <altitudeFt>38000</altitudeFt>
                </position>
                <position>
                    <lat>52.5365</lat>
                    <lon>5.7059</lon>
                    <date>2013-07-11T13:43:58+02:00</date>
                    <speedMph>440</speedMph>
                    <altitudeFt>38000</altitudeFt>
                </position>
                <position>
                    <lat>52.5349</lat>
                    <lon>5.9056</lon>
                    <date>2013-07-11T13:42:58+02:00</date>
                    <speedMph>440</speedMph>
                    <altitudeFt>38000</altitudeFt>
                </position>
                <position>
                    <lat>52.5327</lat>
                    <lon>6.1118</lon>
                    <date>2013-07-11T13:41:58+02:00</date>
                    <speedMph>440</speedMph>
                    <altitudeFt>38000</altitudeFt>
                </position>
                <position>
                    <lat>52.5303</lat>
                    <lon>6.3028</lon>
                    <date>2013-07-11T13:40:58+02:00</date>
                    <speedMph>440</speedMph>
                    <altitudeFt>38000</altitudeFt>
                </position>
                <position>
                    <lat>52.5276</lat>
                    <lon>6.4927</lon>
                    <date>2013-07-11T13:39:58+02:00</date>
                    <speedMph>440</speedMph>
                    <altitudeFt>38000</altitudeFt>
                </position>
                <position>
                    <lat>52.5245</lat>
                    <lon>6.6975</lon>
                    <date>2013-07-11T13:38:58+02:00</date>
                    <speedMph>440</speedMph>
                    <altitudeFt>38000</altitudeFt>
                </position>
                <position>
                    <lat>52.5207</lat>
                    <lon>6.923</lon>
                    <date>2013-07-11T13:37:58+02:00</date>
                    <speedMph>440</speedMph>
                    <altitudeFt>38000</altitudeFt>
                </position>
                <position>
                    <lat>52.5173</lat>
                    <lon>7.0958</lon>
                    <date>2013-07-11T13:36:58+02:00</date>
                    <speedMph>440</speedMph>
                    <altitudeFt>38000</altitudeFt>
                </position>
                <position>
                    <lat>52.5132</lat>
                    <lon>7.2947</lon>
                    <date>2013-07-11T13:35:58+02:00</date>
                    <speedMph>440</speedMph>
                    <altitudeFt>38000</altitudeFt>
                </position>
                <position>
                    <lat>52.5088</lat>
                    <lon>7.5016</lon>
                    <date>2013-07-11T13:34:58+02:00</date>
                    <speedMph>440</speedMph>
                    <altitudeFt>38000</altitudeFt>
                </position>
                <position>
                    <lat>52.5039</lat>
                    <lon>7.6997</lon>
                    <date>2013-07-11T13:33:58+02:00</date>
                    <speedMph>440</speedMph>
                    <altitudeFt>38000</altitudeFt>
                </position>
                <position>
                    <lat>52.4992</lat>
                    <lon>7.8885</lon>
                    <date>2013-07-11T13:32:58+02:00</date>
                    <speedMph>440</speedMph>
                    <altitudeFt>38000</altitudeFt>
                </position>
                <position>
                    <lat>52.4932</lat>
                    <lon>8.1116</lon>
                    <date>2013-07-11T13:31:58+02:00</date>
                    <speedMph>444</speedMph>
                    <altitudeFt>38000</altitudeFt>
                </position>
                <position>
                    <lat>52.4854</lat>
                    <lon>8.3703</lon>
                    <date>2013-07-11T13:30:58+02:00</date>
                    <speedMph>444</speedMph>
                    <altitudeFt>38000</altitudeFt>
                </position>
                <position>
                    <lat>52.4814</lat>
                    <lon>8.5054</lon>
                    <date>2013-07-11T13:29:57+02:00</date>
                    <speedMph>444</speedMph>
                    <altitudeFt>38000</altitudeFt>
                </position>
                <position>
                    <lat>52.4746</lat>
                    <lon>8.7096</lon>
                    <date>2013-07-11T13:28:57+02:00</date>
                    <speedMph>444</speedMph>
                    <altitudeFt>38000</altitudeFt>
                </position>
                <position>
                    <lat>52.4678</lat>
                    <lon>8.9012</lon>
                    <date>2013-07-11T13:27:57+02:00</date>
                    <speedMph>448</speedMph>
                    <altitudeFt>38000</altitudeFt>
                </position>
                <position>
                    <lat>52.4609</lat>
                    <lon>9.0993</lon>
                    <date>2013-07-11T13:26:57+02:00</date>
                    <speedMph>444</speedMph>
                    <altitudeFt>38000</altitudeFt>
                </position>
                <position>
                    <lat>52.453</lat>
                    <lon>9.3105</lon>
                    <date>2013-07-11T13:25:57+02:00</date>
                    <speedMph>444</speedMph>
                    <altitudeFt>38000</altitudeFt>
                </position>
                <position>
                    <lat>52.4455</lat>
                    <lon>9.504</lon>
                    <date>2013-07-11T13:24:57+02:00</date>
                    <speedMph>444</speedMph>
                    <altitudeFt>38000</altitudeFt>
                </position>
                <position>
                    <lat>52.4373</lat>
                    <lon>9.7019</lon>
                    <date>2013-07-11T13:23:57+02:00</date>
                    <speedMph>440</speedMph>
                    <altitudeFt>38000</altitudeFt>
                </position>
                <position>
                    <lat>52.429</lat>
                    <lon>9.8962</lon>
                    <date>2013-07-11T13:22:57+02:00</date>
                    <speedMph>440</speedMph>
                    <altitudeFt>38000</altitudeFt>
                </position>
                <position>
                    <lat>52.4193</lat>
                    <lon>10.1146</lon>
                    <date>2013-07-11T13:21:57+02:00</date>
                    <speedMph>440</speedMph>
                    <altitudeFt>38000</altitudeFt>
                </position>
                <position>
                    <lat>52.4098</lat>
                    <lon>10.3196</lon>
                    <date>2013-07-11T13:20:57+02:00</date>
                    <speedMph>440</speedMph>
                    <altitudeFt>38000</altitudeFt>
                </position>
                <position>
                    <lat>52.3997</lat>
                    <lon>10.5366</lon>
                    <date>2013-07-11T13:19:57+02:00</date>
                    <speedMph>440</speedMph>
                    <altitudeFt>38000</altitudeFt>
                </position>
                <position>
                    <lat>52.3904</lat>
                    <lon>10.7186</lon>
                    <date>2013-07-11T13:18:57+02:00</date>
                    <speedMph>444</speedMph>
                    <altitudeFt>38000</altitudeFt>
                </position>
                <position>
                    <lat>52.3811</lat>
                    <lon>10.8975</lon>
                    <date>2013-07-11T13:17:57+02:00</date>
                    <speedMph>444</speedMph>
                    <altitudeFt>38000</altitudeFt>
                </position>
                <position>
                    <lat>52.3704</lat>
                    <lon>11.1177</lon>
                    <date>2013-07-11T13:16:57+02:00</date>
                    <speedMph>448</speedMph>
                    <altitudeFt>38000</altitudeFt>
                </position>
                <position>
                    <lat>52.373</lat>
                    <lon>11.299</lon>
                    <date>2013-07-11T13:15:57+02:00</date>
                    <speedMph>448</speedMph>
                    <altitudeFt>38000</altitudeFt>
                </position>
                <position>
                    <lat>52.3766</lat>
                    <lon>11.5061</lon>
                    <date>2013-07-11T13:14:57+02:00</date>
                    <speedMph>448</speedMph>
                    <altitudeFt>38000</altitudeFt>
                </position>
                <position>
                    <lat>52.3798</lat>
                    <lon>11.7297</lon>
                    <date>2013-07-11T13:13:57+02:00</date>
                    <speedMph>448</speedMph>
                    <altitudeFt>38000</altitudeFt>
                </position>
                <position>
                    <lat>52.3819</lat>
                    <lon>11.9056</lon>
                    <date>2013-07-11T13:12:57+02:00</date>
                    <speedMph>452</speedMph>
                    <altitudeFt>38000</altitudeFt>
                </position>
                <position>
                    <lat>52.3861</lat>
                    <lon>12.3022</lon>
                    <date>2013-07-11T13:11:57+02:00</date>
                    <speedMph>460</speedMph>
                    <altitudeFt>38000</altitudeFt>
                </position>
                <position>
                    <lat>52.3868</lat>
                    <lon>12.3898</lon>
                    <date>2013-07-11T13:10:39+02:00</date>
                    <speedMph>456</speedMph>
                    <altitudeFt>38000</altitudeFt>
                </position>
                <position>
                    <lat>52.388</lat>
                    <lon>12.5881</lon>
                    <date>2013-07-11T13:09:39+02:00</date>
                    <speedMph>456</speedMph>
                    <altitudeFt>38000</altitudeFt>
                </position>
                <position>
                    <lat>52.3891</lat>
                    <lon>12.7961</lon>
                    <date>2013-07-11T13:08:39+02:00</date>
                    <speedMph>460</speedMph>
                    <altitudeFt>38000</altitudeFt>
                </position>
                <position>
                    <lat>52.39</lat>
                    <lon>13.0129</lon>
                    <date>2013-07-11T13:07:39+02:00</date>
                    <speedMph>460</speedMph>
                    <altitudeFt>38000</altitudeFt>
                </position>
                <position>
                    <lat>52.3903</lat>
                    <lon>13.2212</lon>
                    <date>2013-07-11T13:06:39+02:00</date>
                    <speedMph>460</speedMph>
                    <altitudeFt>38000</altitudeFt>
                </position>
                <position>
                    <lat>52.3902</lat>
                    <lon>13.4222</lon>
                    <date>2013-07-11T13:05:39+02:00</date>
                    <speedMph>456</speedMph>
                    <altitudeFt>38000</altitudeFt>
                </position>
                <position>
                    <lat>52.39</lat>
                    <lon>13.6307</lon>
                    <date>2013-07-11T13:04:39+02:00</date>
                    <speedMph>456</speedMph>
                    <altitudeFt>38000</altitudeFt>
                </position>
                <position>
                    <lat>52.3893</lat>
                    <lon>13.8358</lon>
                    <date>2013-07-11T13:03:39+02:00</date>
                    <speedMph>452</speedMph>
                    <altitudeFt>38000</altitudeFt>
                </position>
                <position>
                    <lat>52.3881</lat>
                    <lon>14.0401</lon>
                    <date>2013-07-11T13:02:39+02:00</date>
                    <speedMph>452</speedMph>
                    <altitudeFt>38000</altitudeFt>
                </position>
                <position>
                    <lat>52.3869</lat>
                    <lon>14.2453</lon>
                    <date>2013-07-11T13:01:39+02:00</date>
                    <speedMph>452</speedMph>
                    <altitudeFt>38000</altitudeFt>
                </position>
                <position>
                    <lat>52.3836</lat>
                    <lon>14.5792</lon>
                    <date>2013-07-11T13:00:39+02:00</date>
                    <speedMph>456</speedMph>
                    <altitudeFt>38000</altitudeFt>
                </position>
                <position>
                    <lat>52.3826</lat>
                    <lon>14.669</lon>
                    <date>2013-07-11T12:59:38+02:00</date>
                    <speedMph>456</speedMph>
                    <altitudeFt>38000</altitudeFt>
                </position>
                <position>
                    <lat>52.3875</lat>
                    <lon>14.8696</lon>
                    <date>2013-07-11T12:58:38+02:00</date>
                    <speedMph>456</speedMph>
                    <altitudeFt>38000</altitudeFt>
                </position>
                <position>
                    <lat>52.3923</lat>
                    <lon>15.0631</lon>
                    <date>2013-07-11T12:57:38+02:00</date>
                    <speedMph>456</speedMph>
                    <altitudeFt>38000</altitudeFt>
                </position>
                <position>
                    <lat>52.3972</lat>
                    <lon>15.2755</lon>
                    <date>2013-07-11T12:56:38+02:00</date>
                    <speedMph>456</speedMph>
                    <altitudeFt>38000</altitudeFt>
                </position>
                <position>
                    <lat>52.4015</lat>
                    <lon>15.4796</lon>
                    <date>2013-07-11T12:55:38+02:00</date>
                    <speedMph>452</speedMph>
                    <altitudeFt>37650</altitudeFt>
                </position>
                <position>
                    <lat>52.4056</lat>
                    <lon>15.6882</lon>
                    <date>2013-07-11T12:54:38+02:00</date>
                    <speedMph>456</speedMph>
                    <altitudeFt>37000</altitudeFt>
                </position>
                <position>
                    <lat>52.4096</lat>
                    <lon>15.9081</lon>
                    <date>2013-07-11T12:53:38+02:00</date>
                    <speedMph>452</speedMph>
                    <altitudeFt>37000</altitudeFt>
                </position>
                <position>
                    <lat>52.4127</lat>
                    <lon>16.0931</lon>
                    <date>2013-07-11T12:52:38+02:00</date>
                    <speedMph>452</speedMph>
                    <altitudeFt>37000</altitudeFt>
                </position>
                <position>
                    <lat>52.416</lat>
                    <lon>16.2988</lon>
                    <date>2013-07-11T12:51:38+02:00</date>
                    <speedMph>448</speedMph>
                    <altitudeFt>37000</altitudeFt>
                </position>
                <position>
                    <lat>52.4189</lat>
                    <lon>16.5019</lon>
                    <date>2013-07-11T12:50:38+02:00</date>
                    <speedMph>448</speedMph>
                    <altitudeFt>37000</altitudeFt>
                </position>
                <position>
                    <lat>52.421</lat>
                    <lon>16.6997</lon>
                    <date>2013-07-11T12:49:38+02:00</date>
                    <speedMph>444</speedMph>
                    <altitudeFt>37000</altitudeFt>
                </position>
                <position>
                    <lat>52.405</lat>
                    <lon>16.8981</lon>
                    <date>2013-07-11T12:48:38+02:00</date>
                    <speedMph>444</speedMph>
                    <altitudeFt>37000</altitudeFt>
                </position>
                <position>
                    <lat>52.3749</lat>
                    <lon>17.1018</lon>
                    <date>2013-07-11T12:47:38+02:00</date>
                    <speedMph>444</speedMph>
                    <altitudeFt>37030</altitudeFt>
                </position>
                <position>
                    <lat>52.3459</lat>
                    <lon>17.2911</lon>
                    <date>2013-07-11T12:46:38+02:00</date>
                    <speedMph>448</speedMph>
                    <altitudeFt>36480</altitudeFt>
                </position>
                <position>
                    <lat>52.3166</lat>
                    <lon>17.4853</lon>
                    <date>2013-07-11T12:45:38+02:00</date>
                    <speedMph>444</speedMph>
                    <altitudeFt>36000</altitudeFt>
                </position>
                <position>
                    <lat>52.2914</lat>
                    <lon>17.6961</lon>
                    <date>2013-07-11T12:44:38+02:00</date>
                    <speedMph>452</speedMph>
                    <altitudeFt>36000</altitudeFt>
                </position>
                <position>
                    <lat>52.2831</lat>
                    <lon>17.8905</lon>
                    <date>2013-07-11T12:43:38+02:00</date>
                    <speedMph>456</speedMph>
                    <altitudeFt>36000</altitudeFt>
                </position>
                <position>
                    <lat>52.2736</lat>
                    <lon>18.1038</lon>
                    <date>2013-07-11T12:42:38+02:00</date>
                    <speedMph>448</speedMph>
                    <altitudeFt>35280</altitudeFt>
                </position>
                <position>
                    <lat>52.2646</lat>
                    <lon>18.3017</lon>
                    <date>2013-07-11T12:41:38+02:00</date>
                    <speedMph>448</speedMph>
                    <altitudeFt>34230</altitudeFt>
                </position>
                <position>
                    <lat>52.2553</lat>
                    <lon>18.4975</lon>
                    <date>2013-07-11T12:40:38+02:00</date>
                    <speedMph>444</speedMph>
                    <altitudeFt>33230</altitudeFt>
                </position>
                <position>
                    <lat>52.2454</lat>
                    <lon>18.6986</lon>
                    <date>2013-07-11T12:39:38+02:00</date>
                    <speedMph>436</speedMph>
                    <altitudeFt>32050</altitudeFt>
                </position>
                <position>
                    <lat>52.2353</lat>
                    <lon>18.8935</lon>
                    <date>2013-07-11T12:38:38+02:00</date>
                    <speedMph>436</speedMph>
                    <altitudeFt>30550</altitudeFt>
                </position>
                <position>
                    <lat>52.2248</lat>
                    <lon>19.0915</lon>
                    <date>2013-07-11T12:37:38+02:00</date>
                    <speedMph>428</speedMph>
                    <altitudeFt>29200</altitudeFt>
                </position>
                <position>
                    <lat>52.2145</lat>
                    <lon>19.2819</lon>
                    <date>2013-07-11T12:36:38+02:00</date>
                    <speedMph>420</speedMph>
                    <altitudeFt>27780</altitudeFt>
                </position>
                <position>
                    <lat>52.2043</lat>
                    <lon>19.4663</lon>
                    <date>2013-07-11T12:35:38+02:00</date>
                    <speedMph>408</speedMph>
                    <altitudeFt>26250</altitudeFt>
                </position>
                <position>
                    <lat>52.1939</lat>
                    <lon>19.649</lon>
                    <date>2013-07-11T12:34:38+02:00</date>
                    <speedMph>400</speedMph>
                    <altitudeFt>24330</altitudeFt>
                </position>
                <position>
                    <lat>52.1828</lat>
                    <lon>19.8329</lon>
                    <date>2013-07-11T12:33:38+02:00</date>
                    <speedMph>392</speedMph>
                    <altitudeFt>22200</altitudeFt>
                </position>
                <position>
                    <lat>52.1792</lat>
                    <lon>20.0027</lon>
                    <date>2013-07-11T12:32:38+02:00</date>
                    <speedMph>376</speedMph>
                    <altitudeFt>19930</altitudeFt>
                </position>
                <position>
                    <lat>52.1809</lat>
                    <lon>20.1579</lon>
                    <date>2013-07-11T12:31:38+02:00</date>
                    <speedMph>364</speedMph>
                    <altitudeFt>17650</altitudeFt>
                </position>
                <position>
                    <lat>52.1834</lat>
                    <lon>20.4074</lon>
                    <date>2013-07-11T12:30:38+02:00</date>
                    <speedMph>344</speedMph>
                    <altitudeFt>13200</altitudeFt>
                </position>
                <position>
                    <lat>52.1835</lat>
                    <lon>20.4177</lon>
                    <date>2013-07-11T12:30:04+02:00</date>
                    <speedMph>340</speedMph>
                    <altitudeFt>12980</altitudeFt>
                </position>
                <position>
                    <lat>52.184</lat>
                    <lon>20.4893</lon>
                    <date>2013-07-11T12:29:34+02:00</date>
                    <speedMph>336</speedMph>
                    <altitudeFt>11480</altitudeFt>
                </position>
                <position>
                    <lat>52.1845</lat>
                    <lon>20.556</lon>
                    <date>2013-07-11T12:29:04+02:00</date>
                    <speedMph>300</speedMph>
                    <altitudeFt>10750</altitudeFt>
                </position>
                <position>
                    <lat>52.1851</lat>
                    <lon>20.6265</lon>
                    <date>2013-07-11T12:28:34+02:00</date>
                    <speedMph>276</speedMph>
                    <altitudeFt>9350</altitudeFt>
                </position>
                <position>
                    <lat>52.1852</lat>
                    <lon>20.6419</lon>
                    <date>2013-07-11T12:28:24+02:00</date>
                    <speedMph>272</speedMph>
                    <altitudeFt>9000</altitudeFt>
                </position>
                <position>
                    <lat>52.1855</lat>
                    <lon>20.6665</lon>
                    <date>2013-07-11T12:28:14+02:00</date>
                    <speedMph>264</speedMph>
                    <altitudeFt>8480</altitudeFt>
                </position>
                <position>
                    <lat>52.1857</lat>
                    <lon>20.6818</lon>
                    <date>2013-07-11T12:28:04+02:00</date>
                    <speedMph>256</speedMph>
                    <altitudeFt>8180</altitudeFt>
                </position>
                <position>
                    <lat>52.1859</lat>
                    <lon>20.7057</lon>
                    <date>2013-07-11T12:27:54+02:00</date>
                    <speedMph>260</speedMph>
                    <altitudeFt>7300</altitudeFt>
                </position>
                <position>
                    <lat>52.186</lat>
                    <lon>20.7201</lon>
                    <date>2013-07-11T12:27:44+02:00</date>
                    <speedMph>260</speedMph>
                    <altitudeFt>6780</altitudeFt>
                </position>
                <position>
                    <lat>52.1864</lat>
                    <lon>20.7652</lon>
                    <date>2013-07-11T12:27:29+02:00</date>
                    <speedMph>260</speedMph>
                    <altitudeFt>5280</altitudeFt>
                </position>
                <position>
                    <lat>52.1863</lat>
                    <lon>20.783</lon>
                    <date>2013-07-11T12:27:19+02:00</date>
                    <speedMph>252</speedMph>
                    <altitudeFt>4900</altitudeFt>
                </position>
                <position>
                    <lat>52.1863</lat>
                    <lon>20.7905</lon>
                    <date>2013-07-11T12:27:09+02:00</date>
                    <speedMph>244</speedMph>
                    <altitudeFt>4830</altitudeFt>
                </position>
                <position>
                    <lat>52.1852</lat>
                    <lon>20.8097</lon>
                    <date>2013-07-11T12:26:59+02:00</date>
                    <speedMph>220</speedMph>
                    <altitudeFt>4580</altitudeFt>
                </position>
                <position>
                    <lat>52.184</lat>
                    <lon>20.825</lon>
                    <date>2013-07-11T12:26:49+02:00</date>
                    <speedMph>212</speedMph>
                    <altitudeFt>4180</altitudeFt>
                </position>
                <position>
                    <lat>52.1833</lat>
                    <lon>20.8323</lon>
                    <date>2013-07-11T12:26:44+02:00</date>
                    <speedMph>212</speedMph>
                    <altitudeFt>3930</altitudeFt>
                </position>
                <position>
                    <lat>52.1818</lat>
                    <lon>20.8498</lon>
                    <date>2013-07-11T12:26:39+02:00</date>
                    <speedMph>216</speedMph>
                    <altitudeFt>3330</altitudeFt>
                </position>
                <position>
                    <lat>52.1811</lat>
                    <lon>20.8579</lon>
                    <date>2013-07-11T12:26:29+02:00</date>
                    <speedMph>212</speedMph>
                    <altitudeFt>3080</altitudeFt>
                </position>
                <position>
                    <lat>52.1796</lat>
                    <lon>20.8729</lon>
                    <date>2013-07-11T12:26:19+02:00</date>
                    <speedMph>204</speedMph>
                    <altitudeFt>2750</altitudeFt>
                </position>
                <position>
                    <lat>52.1785</lat>
                    <lon>20.8882</lon>
                    <date>2013-07-11T12:26:09+02:00</date>
                    <speedMph>188</speedMph>
                    <altitudeFt>2500</altitudeFt>
                </position>
                <position>
                    <lat>52.1784</lat>
                    <lon>20.8953</lon>
                    <date>2013-07-11T12:26:04+02:00</date>
                    <speedMph>188</speedMph>
                    <altitudeFt>2300</altitudeFt>
                </position>
                <position>
                    <lat>52.1781</lat>
                    <lon>20.9087</lon>
                    <date>2013-07-11T12:25:59+02:00</date>
                    <speedMph>176</speedMph>
                    <altitudeFt>2050</altitudeFt>
                </position>
                <position>
                    <lat>52.1777</lat>
                    <lon>20.9156</lon>
                    <date>2013-07-11T12:25:49+02:00</date>
                    <speedMph>164</speedMph>
                    <altitudeFt>1930</altitudeFt>
                </position>
                <position>
                    <lat>52.1773</lat>
                    <lon>20.9206</lon>
                    <date>2013-07-11T12:25:44+02:00</date>
                    <speedMph>164</speedMph>
                    <altitudeFt>1800</altitudeFt>
                </position>
                <position>
                    <lat>52.1764</lat>
                    <lon>20.9268</lon>
                    <date>2013-07-11T12:25:39+02:00</date>
                    <speedMph>156</speedMph>
                    <altitudeFt>1650</altitudeFt>
                </position>
                <position>
                    <lat>52.1739</lat>
                    <lon>20.9382</lon>
                    <date>2013-07-11T12:25:29+02:00</date>
                    <speedMph>164</speedMph>
                    <altitudeFt>1130</altitudeFt>
                </position>
                <position>
                    <lat>52.1724</lat>
                    <lon>20.9436</lon>
                    <date>2013-07-11T12:25:24+02:00</date>
                    <speedMph>164</speedMph>
                    <altitudeFt>930</altitudeFt>
                </position>
                <position>
                    <lat>52.1693</lat>
                    <lon>20.9547</lon>
                    <date>2013-07-11T12:25:19+02:00</date>
                    <speedMph>164</speedMph>
                    <altitudeFt>480</altitudeFt>
                </position>
                <position>
                    <lat>52.1675</lat>
                    <lon>20.9609</lon>
                    <date>2013-07-11T12:25:14+02:00</date>
                    <speedMph>156</speedMph>
                    <altitudeFt>380</altitudeFt>
                </position>
                <position>
                    <lat>52.1661</lat>
                    <lon>20.9661</lon>
                    <date>2013-07-11T12:25:04+02:00</date>
                    <speedMph>136</speedMph>
                    <altitudeFt>0</altitudeFt>
                </position>
                <position>
                    <lat>52.1637</lat>
                    <lon>20.9747</lon>
                    <date>2013-07-11T12:24:59+02:00</date>
                    <speedMph>100</speedMph>
                    <altitudeFt>0</altitudeFt>
                </position>
                <position>
                    <lat>52.1628</lat>
                    <lon>20.9778</lon>
                    <date>2013-07-11T12:24:49+02:00</date>
                    <speedMph>80</speedMph>
                    <altitudeFt>0</altitudeFt>
                </position>
                <position>
                    <lat>52.1621</lat>
                    <lon>20.9802</lon>
                    <date>2013-07-11T12:24:44+02:00</date>
                    <speedMph>60</speedMph>
                    <altitudeFt>0</altitudeFt>
                </position>
                <position>
                    <lat>52.1617</lat>
                    <lon>20.9817</lon>
                    <date>2013-07-11T12:24:39+02:00</date>
                    <speedMph>40</speedMph>
                    <altitudeFt>0</altitudeFt>
                </position>
                <position>
                    <lat>52.1612</lat>
                    <lon>20.9833</lon>
                    <date>2013-07-11T12:24:34+02:00</date>
                    <speedMph>8</speedMph>
                    <altitudeFt>0</altitudeFt>
                </position>
                <position>
                    <lat>52.1615</lat>
                    <lon>20.984</lon>
                    <date>2013-07-11T12:24:09+02:00</date>
                    <speedMph>12</speedMph>
                    <altitudeFt>0</altitudeFt>
                </position>
                <position>
                    <lat>52.1618</lat>
                    <lon>20.9839</lon>
                    <date>2013-07-11T12:24:04+02:00</date>
                    <speedMph>12</speedMph>
                    <altitudeFt>0</altitudeFt>
                </position>
                <position>
                    <lat>52.1622</lat>
                    <lon>20.9834</lon>
                    <date>2013-07-11T12:23:59+02:00</date>
                    <speedMph>8</speedMph>
                    <altitudeFt>0</altitudeFt>
                </position>
                <position>
                    <lat>52.1623</lat>
                    <lon>20.9832</lon>
                    <date>2013-07-11T12:23:49+02:00</date>
                    <speedMph>0</speedMph>
                    <altitudeFt>0</altitudeFt>
                </position>
                <position>
                    <lat>52.1623</lat>
                    <lon>20.9832</lon>
                    <date>2013-07-11T12:23:44+02:00</date>
                    <speedMph>0</speedMph>
                    <altitudeFt>0</altitudeFt>
                </position>
                <position>
                    <lat>52.1623</lat>
                    <lon>20.9832</lon>
                    <date>2013-07-11T12:23:39+02:00</date>
                    <speedMph>0</speedMph>
                    <altitudeFt>0</altitudeFt>
                </position>
                <position>
                    <lat>52.1623</lat>
                    <lon>20.9832</lon>
                    <date>2013-07-11T12:21:19+02:00</date>
                    <speedMph>0</speedMph>
                    <altitudeFt>0</altitudeFt>
                </position>
                <position>
                    <lat>52.1623</lat>
                    <lon>20.9832</lon>
                    <date>2013-07-11T12:21:14+02:00</date>
                    <speedMph>4</speedMph>
                    <altitudeFt>0</altitudeFt>
                </position>
                <position>
                    <lat>52.1626</lat>
                    <lon>20.9829</lon>
                    <date>2013-07-11T12:21:04+02:00</date>
                    <speedMph>8</speedMph>
                    <altitudeFt>0</altitudeFt>
                </position>
                <position>
                    <lat>52.1627</lat>
                    <lon>20.9827</lon>
                    <date>2013-07-11T12:20:59+02:00</date>
                    <speedMph>4</speedMph>
                    <altitudeFt>0</altitudeFt>
                </position>
                <position>
                    <lat>52.1628</lat>
                    <lon>20.9826</lon>
                    <date>2013-07-11T12:20:34+02:00</date>
                    <speedMph>0</speedMph>
                    <altitudeFt>0</altitudeFt>
                </position>
                <position>
                    <lat>52.1629</lat>
                    <lon>20.9826</lon>
                    <date>2013-07-11T12:20:14+02:00</date>
                    <speedMph>0</speedMph>
                    <altitudeFt>0</altitudeFt>
                </position>
                <position>
                    <lat>52.1629</lat>
                    <lon>20.9826</lon>
                    <date>2013-07-11T12:19:34+02:00</date>
                    <speedMph>0</speedMph>
                    <altitudeFt>0</altitudeFt>
                </position>
                <position>
                    <lat>52.1628</lat>
                    <lon>20.9826</lon>
                    <date>2013-07-11T12:19:29+02:00</date>
                    <speedMph>0</speedMph>
                    <altitudeFt>0</altitudeFt>
                </position>
                <position>
                    <lat>52.1629</lat>
                    <lon>20.9826</lon>
                    <date>2013-07-11T12:19:14+02:00</date>
                    <speedMph>0</speedMph>
                    <altitudeFt>0</altitudeFt>
                </position>
                <position>
                    <lat>52.1628</lat>
                    <lon>20.9826</lon>
                    <date>2013-07-11T12:18:44+02:00</date>
                    <speedMph>0</speedMph>
                    <altitudeFt>0</altitudeFt>
                </position>
                <position>
                    <lat>52.1628</lat>
                    <lon>20.9826</lon>
                    <date>2013-07-11T12:18:39+02:00</date>
                    <speedMph>0</speedMph>
                    <altitudeFt>0</altitudeFt>
                </position>
                <position>
                    <lat>52.1629</lat>
                    <lon>20.9825</lon>
                    <date>2013-07-11T12:18:34+02:00</date>
                    <speedMph>8</speedMph>
                    <altitudeFt>0</altitudeFt>
                </position>
                <position>
                    <lat>52.1632</lat>
                    <lon>20.9821</lon>
                    <date>2013-07-11T12:18:29+02:00</date>
                    <speedMph>8</speedMph>
                    <altitudeFt>0</altitudeFt>
                </position>
                <position>
                    <lat>52.1646</lat>
                    <lon>20.9779</lon>
                    <date>2013-07-11T12:17:44+02:00</date>
                    <speedMph>12</speedMph>
                    <altitudeFt>0</altitudeFt>
                </position>
                <position>
                    <lat>52.1648</lat>
                    <lon>20.977</lon>
                    <date>2013-07-11T12:17:29+02:00</date>
                    <speedMph>12</speedMph>
                    <altitudeFt>0</altitudeFt>
                </position>
                <position>
                    <lat>52.1649</lat>
                    <lon>20.9765</lon>
                    <date>2013-07-11T12:15:21+02:00</date>
                    <speedMph>12</speedMph>
                    <altitudeFt>0</altitudeFt>
                </position>
                <position>
                    <lat>52.165</lat>
                    <lon>20.9762</lon>
                    <date>2013-07-11T12:14:59+02:00</date>
                    <speedMph>12</speedMph>
                    <altitudeFt>0</altitudeFt>
                </position>
                <position>
                    <lat>52.1652</lat>
                    <lon>20.9755</lon>
                    <date>2013-07-11T12:14:54+02:00</date>
                    <speedMph>12</speedMph>
                    <altitudeFt>0</altitudeFt>
                </position>
                <position>
                    <lat>52.1654</lat>
                    <lon>20.9751</lon>
                    <date>2013-07-11T12:14:44+02:00</date>
                    <speedMph>12</speedMph>
                    <altitudeFt>0</altitudeFt>
                </position>
                <position>
                    <lat>52.1655</lat>
                    <lon>20.9747</lon>
                    <date>2013-07-11T12:14:39+02:00</date>
                    <speedMph>12</speedMph>
                    <altitudeFt>0</altitudeFt>
                </position>
                <position>
                    <lat>52.1657</lat>
                    <lon>20.9739</lon>
                    <date>2013-07-11T12:14:34+02:00</date>
                    <speedMph>12</speedMph>
                    <altitudeFt>0</altitudeFt>
                </position>
                <position>
                    <lat>52.1658</lat>
                    <lon>20.9734</lon>
                    <date>2013-07-11T12:14:24+02:00</date>
                    <speedMph>12</speedMph>
                    <altitudeFt>0</altitudeFt>
                </position>
                <position>
                    <lat>52.1659</lat>
                    <lon>20.973</lon>
                    <date>2013-07-11T12:14:19+02:00</date>
                    <speedMph>16</speedMph>
                    <altitudeFt>0</altitudeFt>
                </position>
                <position>
                    <lat>52.1661</lat>
                    <lon>20.9725</lon>
                    <date>2013-07-11T12:14:14+02:00</date>
                    <speedMph>16</speedMph>
                    <altitudeFt>0</altitudeFt>
                </position>
                <position>
                    <lat>52.1664</lat>
                    <lon>20.9715</lon>
                    <date>2013-07-11T12:14:04+02:00</date>
                    <speedMph>16</speedMph>
                    <altitudeFt>0</altitudeFt>
                </position>
                <position>
                    <lat>52.1665</lat>
                    <lon>20.971</lon>
                    <date>2013-07-11T12:13:59+02:00</date>
                    <speedMph>16</speedMph>
                    <altitudeFt>0</altitudeFt>
                </position>
                <position>
                    <lat>52.1666</lat>
                    <lon>20.9704</lon>
                    <date>2013-07-11T12:13:54+02:00</date>
                    <speedMph>16</speedMph>
                    <altitudeFt>0</altitudeFt>
                </position>
                <position>
                    <lat>52.1674</lat>
                    <lon>20.9696</lon>
                    <date>2013-07-11T12:13:44+02:00</date>
                    <speedMph>24</speedMph>
                    <altitudeFt>0</altitudeFt>
                </position>
                <position>
                    <lat>52.1679</lat>
                    <lon>20.9692</lon>
                    <date>2013-07-11T12:13:39+02:00</date>
                    <speedMph>24</speedMph>
                    <altitudeFt>0</altitudeFt>
                </position>
                <position>
                    <lat>52.1684</lat>
                    <lon>20.9688</lon>
                    <date>2013-07-11T12:13:34+02:00</date>
                    <speedMph>24</speedMph>
                    <altitudeFt>0</altitudeFt>
                </position>
                <position>
                    <lat>52.1696</lat>
                    <lon>20.9678</lon>
                    <date>2013-07-11T12:13:24+02:00</date>
                    <speedMph>24</speedMph>
                    <altitudeFt>0</altitudeFt>
                </position>
                <position>
                    <lat>52.1704</lat>
                    <lon>20.967</lon>
                    <date>2013-07-11T12:13:14+02:00</date>
                    <speedMph>24</speedMph>
                    <altitudeFt>0</altitudeFt>
                </position>
                <position>
                    <lat>52.1712</lat>
                    <lon>20.9663</lon>
                    <date>2013-07-11T12:13:04+02:00</date>
                    <speedMph>20</speedMph>
                    <altitudeFt>0</altitudeFt>
                </position>
                <position>
                    <lat>52.1716</lat>
                    <lon>20.966</lon>
                    <date>2013-07-11T12:12:59+02:00</date>
                    <speedMph>20</speedMph>
                    <altitudeFt>0</altitudeFt>
                </position>
                <position>
                    <lat>52.1725</lat>
                    <lon>20.9653</lon>
                    <date>2013-07-11T12:12:54+02:00</date>
                    <speedMph>16</speedMph>
                    <altitudeFt>0</altitudeFt>
                </position>
                <position>
                    <lat>52.1727</lat>
                    <lon>20.9653</lon>
                    <date>2013-07-11T12:12:44+02:00</date>
                    <speedMph>16</speedMph>
                    <altitudeFt>0</altitudeFt>
                </position>
                <position>
                    <lat>52.173</lat>
                    <lon>20.9651</lon>
                    <date>2013-07-11T12:12:39+02:00</date>
                    <speedMph>12</speedMph>
                    <altitudeFt>0</altitudeFt>
                </position>
                <position>
                    <lat>52.1733</lat>
                    <lon>20.9648</lon>
                    <date>2013-07-11T12:12:34+02:00</date>
                    <speedMph>12</speedMph>
                    <altitudeFt>0</altitudeFt>
                </position>
                <position>
                    <lat>52.1737</lat>
                    <lon>20.9645</lon>
                    <date>2013-07-11T12:12:24+02:00</date>
                    <speedMph>12</speedMph>
                    <altitudeFt>0</altitudeFt>
                </position>
                <position>
                    <lat>52.1745</lat>
                    <lon>20.9648</lon>
                    <date>2013-07-11T12:12:14+02:00</date>
                    <speedMph>12</speedMph>
                    <altitudeFt>0</altitudeFt>
                </position>
            </positions>
        </flightTrack>
    </flightTracks>
</flightstatslog>
