<?xml version="1.0" encoding="UTF-8" standalone="yes"?>
<flightstatslog>
    <appendix>
        <airports>
            <airport>
                <fs>SKG</fs>
                <latitude>40.519725</latitude>
                <longitude>22.97095</longitude>
                <city>Thessaloniki</city>
            </airport>
            <airport>
                <fs>FCO</fs>
                <latitude>41.804475</latitude>
                <longitude>12.250797</longitude>
                <city>Rome</city>
            </airport>
        </airports>
    </appendix>
    <flightTracks>
        <flightTrack>
            <flightId>5024374</flightId>
            <departureAirportFsCode>SKG</departureAirportFsCode>
            <arrivalAirportFsCode>FCO</arrivalAirportFsCode>
            <positions>
                <position>
                    <lat>41.7973</lat>
                    <lon>12.2601</lon>
                    <date>2013-07-11T13:52:18+02:00</date>
                    <speedMph>24</speedMph>
                    <altitudeFt>0</altitudeFt>
                </position>
                <position>
                    <lat>41.7974</lat>
                    <lon>12.2601</lon>
                    <date>2013-07-11T13:52:13+02:00</date>
                    <speedMph>28</speedMph>
                    <altitudeFt>0</altitudeFt>
                </position>
                <position>
                    <lat>41.7975</lat>
                    <lon>12.2603</lon>
                    <date>2013-07-11T13:52:08+02:00</date>
                    <speedMph>32</speedMph>
                    <altitudeFt>0</altitudeFt>
                </position>
                <position>
                    <lat>41.7976</lat>
                    <lon>12.2608</lon>
                    <date>2013-07-11T13:52:03+02:00</date>
                    <speedMph>32</speedMph>
                    <altitudeFt>0</altitudeFt>
                </position>
                <position>
                    <lat>41.7978</lat>
                    <lon>12.2613</lon>
                    <date>2013-07-11T13:51:58+02:00</date>
                    <speedMph>16</speedMph>
                    <altitudeFt>0</altitudeFt>
                </position>
                <position>
                    <lat>41.7981</lat>
                    <lon>12.2615</lon>
                    <date>2013-07-11T13:51:53+02:00</date>
                    <speedMph>20</speedMph>
                    <altitudeFt>0</altitudeFt>
                </position>
                <position>
                    <lat>41.7984</lat>
                    <lon>12.2617</lon>
                    <date>2013-07-11T13:51:48+02:00</date>
                    <speedMph>24</speedMph>
                    <altitudeFt>0</altitudeFt>
                </position>
                <position>
                    <lat>41.799</lat>
                    <lon>12.2621</lon>
                    <date>2013-07-11T13:51:43+02:00</date>
                    <speedMph>24</speedMph>
                    <altitudeFt>0</altitudeFt>
                </position>
                <position>
                    <lat>41.7996</lat>
                    <lon>12.2625</lon>
                    <date>2013-07-11T13:51:38+02:00</date>
                    <speedMph>24</speedMph>
                    <altitudeFt>0</altitudeFt>
                </position>
                <position>
                    <lat>41.8</lat>
                    <lon>12.2627</lon>
                    <date>2013-07-11T13:51:33+02:00</date>
                    <speedMph>24</speedMph>
                    <altitudeFt>0</altitudeFt>
                </position>
                <position>
                    <lat>41.8004</lat>
                    <lon>12.263</lon>
                    <date>2013-07-11T13:51:28+02:00</date>
                    <speedMph>24</speedMph>
                    <altitudeFt>0</altitudeFt>
                </position>
                <position>
                    <lat>41.8009</lat>
                    <lon>12.2633</lon>
                    <date>2013-07-11T13:51:23+02:00</date>
                    <speedMph>24</speedMph>
                    <altitudeFt>0</altitudeFt>
                </position>
                <position>
                    <lat>41.8017</lat>
                    <lon>12.2638</lon>
                    <date>2013-07-11T13:51:18+02:00</date>
                    <speedMph>24</speedMph>
                    <altitudeFt>0</altitudeFt>
                </position>
                <position>
                    <lat>41.8036</lat>
                    <lon>12.2637</lon>
                    <date>2013-07-11T13:50:53+02:00</date>
                    <speedMph>20</speedMph>
                    <altitudeFt>0</altitudeFt>
                </position>
                <position>
                    <lat>41.8044</lat>
                    <lon>12.2645</lon>
                    <date>2013-07-11T13:50:43+02:00</date>
                    <speedMph>20</speedMph>
                    <altitudeFt>0</altitudeFt>
                </position>
                <position>
                    <lat>41.8047</lat>
                    <lon>12.2655</lon>
                    <date>2013-07-11T13:50:38+02:00</date>
                    <speedMph>20</speedMph>
                    <altitudeFt>0</altitudeFt>
                </position>
                <position>
                    <lat>41.8048</lat>
                    <lon>12.266</lon>
                    <date>2013-07-11T13:50:33+02:00</date>
                    <speedMph>20</speedMph>
                    <altitudeFt>0</altitudeFt>
                </position>
                <position>
                    <lat>41.805</lat>
                    <lon>12.2664</lon>
                    <date>2013-07-11T13:50:28+02:00</date>
                    <speedMph>20</speedMph>
                    <altitudeFt>0</altitudeFt>
                </position>
                <position>
                    <lat>41.8052</lat>
                    <lon>12.2671</lon>
                    <date>2013-07-11T13:50:23+02:00</date>
                    <speedMph>20</speedMph>
                    <altitudeFt>0</altitudeFt>
                </position>
                <position>
                    <lat>41.8053</lat>
                    <lon>12.2676</lon>
                    <date>2013-07-11T13:50:18+02:00</date>
                    <speedMph>20</speedMph>
                    <altitudeFt>0</altitudeFt>
                </position>
                <position>
                    <lat>41.8056</lat>
                    <lon>12.2688</lon>
                    <date>2013-07-11T13:50:08+02:00</date>
                    <speedMph>16</speedMph>
                    <altitudeFt>0</altitudeFt>
                </position>
                <position>
                    <lat>41.8057</lat>
                    <lon>12.2692</lon>
                    <date>2013-07-11T13:50:03+02:00</date>
                    <speedMph>32</speedMph>
                    <altitudeFt>0</altitudeFt>
                </position>
                <position>
                    <lat>41.8058</lat>
                    <lon>12.2695</lon>
                    <date>2013-07-11T13:49:58+02:00</date>
                    <speedMph>32</speedMph>
                    <altitudeFt>0</altitudeFt>
                </position>
                <position>
                    <lat>41.8059</lat>
                    <lon>12.2697</lon>
                    <date>2013-07-11T13:49:53+02:00</date>
                    <speedMph>28</speedMph>
                    <altitudeFt>0</altitudeFt>
                </position>
                <position>
                    <lat>41.8059</lat>
                    <lon>12.27</lon>
                    <date>2013-07-11T13:49:48+02:00</date>
                    <speedMph>28</speedMph>
                    <altitudeFt>0</altitudeFt>
                </position>
                <position>
                    <lat>41.8061</lat>
                    <lon>12.2708</lon>
                    <date>2013-07-11T13:49:38+02:00</date>
                    <speedMph>28</speedMph>
                    <altitudeFt>0</altitudeFt>
                </position>
                <position>
                    <lat>41.8063</lat>
                    <lon>12.2714</lon>
                    <date>2013-07-11T13:49:33+02:00</date>
                    <speedMph>32</speedMph>
                    <altitudeFt>0</altitudeFt>
                </position>
                <position>
                    <lat>41.8064</lat>
                    <lon>12.2717</lon>
                    <date>2013-07-11T13:49:28+02:00</date>
                    <speedMph>16</speedMph>
                    <altitudeFt>0</altitudeFt>
                </position>
                <position>
                    <lat>41.8065</lat>
                    <lon>12.272</lon>
                    <date>2013-07-11T13:49:23+02:00</date>
                    <speedMph>16</speedMph>
                    <altitudeFt>0</altitudeFt>
                </position>
                <position>
                    <lat>41.8067</lat>
                    <lon>12.2725</lon>
                    <date>2013-07-11T13:49:18+02:00</date>
                    <speedMph>16</speedMph>
                    <altitudeFt>0</altitudeFt>
                </position>
                <position>
                    <lat>41.8071</lat>
                    <lon>12.273</lon>
                    <date>2013-07-11T13:49:13+02:00</date>
                    <speedMph>16</speedMph>
                    <altitudeFt>0</altitudeFt>
                </position>
                <position>
                    <lat>41.8075</lat>
                    <lon>12.2731</lon>
                    <date>2013-07-11T13:49:08+02:00</date>
                    <speedMph>16</speedMph>
                    <altitudeFt>0</altitudeFt>
                </position>
                <position>
                    <lat>41.8078</lat>
                    <lon>12.2732</lon>
                    <date>2013-07-11T13:49:03+02:00</date>
                    <speedMph>16</speedMph>
                    <altitudeFt>0</altitudeFt>
                </position>
                <position>
                    <lat>41.8081</lat>
                    <lon>12.2733</lon>
                    <date>2013-07-11T13:48:58+02:00</date>
                    <speedMph>16</speedMph>
                    <altitudeFt>0</altitudeFt>
                </position>
                <position>
                    <lat>41.8087</lat>
                    <lon>12.2734</lon>
                    <date>2013-07-11T13:48:53+02:00</date>
                    <speedMph>16</speedMph>
                    <altitudeFt>0</altitudeFt>
                </position>
                <position>
                    <lat>41.8089</lat>
                    <lon>12.2735</lon>
                    <date>2013-07-11T13:48:48+02:00</date>
                    <speedMph>16</speedMph>
                    <altitudeFt>0</altitudeFt>
                </position>
                <position>
                    <lat>41.8093</lat>
                    <lon>12.2735</lon>
                    <date>2013-07-11T13:48:43+02:00</date>
                    <speedMph>16</speedMph>
                    <altitudeFt>0</altitudeFt>
                </position>
                <position>
                    <lat>41.8096</lat>
                    <lon>12.2735</lon>
                    <date>2013-07-11T13:48:38+02:00</date>
                    <speedMph>36</speedMph>
                    <altitudeFt>0</altitudeFt>
                </position>
                <position>
                    <lat>41.81</lat>
                    <lon>12.2733</lon>
                    <date>2013-07-11T13:48:33+02:00</date>
                    <speedMph>32</speedMph>
                    <altitudeFt>0</altitudeFt>
                </position>
                <position>
                    <lat>41.8103</lat>
                    <lon>12.2732</lon>
                    <date>2013-07-11T13:48:28+02:00</date>
                    <speedMph>16</speedMph>
                    <altitudeFt>0</altitudeFt>
                </position>
                <position>
                    <lat>41.8106</lat>
                    <lon>12.2731</lon>
                    <date>2013-07-11T13:48:23+02:00</date>
                    <speedMph>16</speedMph>
                    <altitudeFt>0</altitudeFt>
                </position>
                <position>
                    <lat>41.8112</lat>
                    <lon>12.2728</lon>
                    <date>2013-07-11T13:48:18+02:00</date>
                    <speedMph>16</speedMph>
                    <altitudeFt>0</altitudeFt>
                </position>
                <position>
                    <lat>41.8116</lat>
                    <lon>12.2726</lon>
                    <date>2013-07-11T13:48:13+02:00</date>
                    <speedMph>20</speedMph>
                    <altitudeFt>0</altitudeFt>
                </position>
                <position>
                    <lat>41.8117</lat>
                    <lon>12.2726</lon>
                    <date>2013-07-11T13:48:08+02:00</date>
                    <speedMph>20</speedMph>
                    <altitudeFt>0</altitudeFt>
                </position>
                <position>
                    <lat>41.8123</lat>
                    <lon>12.2724</lon>
                    <date>2013-07-11T13:48:03+02:00</date>
                    <speedMph>20</speedMph>
                    <altitudeFt>0</altitudeFt>
                </position>
                <position>
                    <lat>41.8124</lat>
                    <lon>12.2723</lon>
                    <date>2013-07-11T13:47:58+02:00</date>
                    <speedMph>20</speedMph>
                    <altitudeFt>0</altitudeFt>
                </position>
                <position>
                    <lat>41.8138</lat>
                    <lon>12.2717</lon>
                    <date>2013-07-11T13:47:48+02:00</date>
                    <speedMph>24</speedMph>
                    <altitudeFt>0</altitudeFt>
                </position>
                <position>
                    <lat>41.814</lat>
                    <lon>12.2717</lon>
                    <date>2013-07-11T13:47:43+02:00</date>
                    <speedMph>24</speedMph>
                    <altitudeFt>0</altitudeFt>
                </position>
                <position>
                    <lat>41.8144</lat>
                    <lon>12.2715</lon>
                    <date>2013-07-11T13:47:38+02:00</date>
                    <speedMph>24</speedMph>
                    <altitudeFt>0</altitudeFt>
                </position>
                <position>
                    <lat>41.8149</lat>
                    <lon>12.2713</lon>
                    <date>2013-07-11T13:47:33+02:00</date>
                    <speedMph>24</speedMph>
                    <altitudeFt>0</altitudeFt>
                </position>
                <position>
                    <lat>41.8156</lat>
                    <lon>12.271</lon>
                    <date>2013-07-11T13:47:28+02:00</date>
                    <speedMph>24</speedMph>
                    <altitudeFt>0</altitudeFt>
                </position>
                <position>
                    <lat>41.816</lat>
                    <lon>12.2708</lon>
                    <date>2013-07-11T13:47:23+02:00</date>
                    <speedMph>24</speedMph>
                    <altitudeFt>0</altitudeFt>
                </position>
                <position>
                    <lat>41.8164</lat>
                    <lon>12.2707</lon>
                    <date>2013-07-11T13:47:18+02:00</date>
                    <speedMph>24</speedMph>
                    <altitudeFt>0</altitudeFt>
                </position>
                <position>
                    <lat>41.8176</lat>
                    <lon>12.2702</lon>
                    <date>2013-07-11T13:47:08+02:00</date>
                    <speedMph>24</speedMph>
                    <altitudeFt>0</altitudeFt>
                </position>
                <position>
                    <lat>41.8183</lat>
                    <lon>12.2698</lon>
                    <date>2013-07-11T13:47:03+02:00</date>
                    <speedMph>24</speedMph>
                    <altitudeFt>0</altitudeFt>
                </position>
                <position>
                    <lat>41.8187</lat>
                    <lon>12.2697</lon>
                    <date>2013-07-11T13:46:58+02:00</date>
                    <speedMph>20</speedMph>
                    <altitudeFt>0</altitudeFt>
                </position>
                <position>
                    <lat>41.819</lat>
                    <lon>12.2695</lon>
                    <date>2013-07-11T13:46:53+02:00</date>
                    <speedMph>20</speedMph>
                    <altitudeFt>0</altitudeFt>
                </position>
                <position>
                    <lat>41.8194</lat>
                    <lon>12.2694</lon>
                    <date>2013-07-11T13:46:48+02:00</date>
                    <speedMph>20</speedMph>
                    <altitudeFt>0</altitudeFt>
                </position>
                <position>
                    <lat>41.8201</lat>
                    <lon>12.2691</lon>
                    <date>2013-07-11T13:46:43+02:00</date>
                    <speedMph>20</speedMph>
                    <altitudeFt>0</altitudeFt>
                </position>
                <position>
                    <lat>41.8205</lat>
                    <lon>12.2689</lon>
                    <date>2013-07-11T13:46:38+02:00</date>
                    <speedMph>24</speedMph>
                    <altitudeFt>0</altitudeFt>
                </position>
                <position>
                    <lat>41.8209</lat>
                    <lon>12.2687</lon>
                    <date>2013-07-11T13:46:33+02:00</date>
                    <speedMph>24</speedMph>
                    <altitudeFt>0</altitudeFt>
                </position>
                <position>
                    <lat>41.8218</lat>
                    <lon>12.2684</lon>
                    <date>2013-07-11T13:46:28+02:00</date>
                    <speedMph>28</speedMph>
                    <altitudeFt>0</altitudeFt>
                </position>
                <position>
                    <lat>41.8223</lat>
                    <lon>12.2682</lon>
                    <date>2013-07-11T13:46:23+02:00</date>
                    <speedMph>28</speedMph>
                    <altitudeFt>0</altitudeFt>
                </position>
                <position>
                    <lat>41.8228</lat>
                    <lon>12.268</lon>
                    <date>2013-07-11T13:46:18+02:00</date>
                    <speedMph>28</speedMph>
                    <altitudeFt>0</altitudeFt>
                </position>
                <position>
                    <lat>41.8236</lat>
                    <lon>12.2677</lon>
                    <date>2013-07-11T13:46:13+02:00</date>
                    <speedMph>32</speedMph>
                    <altitudeFt>0</altitudeFt>
                </position>
                <position>
                    <lat>41.8244</lat>
                    <lon>12.2673</lon>
                    <date>2013-07-11T13:46:08+02:00</date>
                    <speedMph>32</speedMph>
                    <altitudeFt>0</altitudeFt>
                </position>
                <position>
                    <lat>41.825</lat>
                    <lon>12.2671</lon>
                    <date>2013-07-11T13:46:03+02:00</date>
                    <speedMph>32</speedMph>
                    <altitudeFt>0</altitudeFt>
                </position>
                <position>
                    <lat>41.8256</lat>
                    <lon>12.2668</lon>
                    <date>2013-07-11T13:45:58+02:00</date>
                    <speedMph>32</speedMph>
                    <altitudeFt>0</altitudeFt>
                </position>
                <position>
                    <lat>41.8265</lat>
                    <lon>12.2664</lon>
                    <date>2013-07-11T13:45:53+02:00</date>
                    <speedMph>28</speedMph>
                    <altitudeFt>0</altitudeFt>
                </position>
                <position>
                    <lat>41.8276</lat>
                    <lon>12.266</lon>
                    <date>2013-07-11T13:45:43+02:00</date>
                    <speedMph>28</speedMph>
                    <altitudeFt>0</altitudeFt>
                </position>
                <position>
                    <lat>41.8281</lat>
                    <lon>12.2658</lon>
                    <date>2013-07-11T13:45:38+02:00</date>
                    <speedMph>28</speedMph>
                    <altitudeFt>0</altitudeFt>
                </position>
                <position>
                    <lat>41.8303</lat>
                    <lon>12.2648</lon>
                    <date>2013-07-11T13:45:18+02:00</date>
                    <speedMph>20</speedMph>
                    <altitudeFt>0</altitudeFt>
                </position>
                <position>
                    <lat>41.8312</lat>
                    <lon>12.2645</lon>
                    <date>2013-07-11T13:45:08+02:00</date>
                    <speedMph>20</speedMph>
                    <altitudeFt>0</altitudeFt>
                </position>
                <position>
                    <lat>41.8325</lat>
                    <lon>12.2647</lon>
                    <date>2013-07-11T13:44:48+02:00</date>
                    <speedMph>36</speedMph>
                    <altitudeFt>0</altitudeFt>
                </position>
                <position>
                    <lat>41.8324</lat>
                    <lon>12.2651</lon>
                    <date>2013-07-11T13:44:43+02:00</date>
                    <speedMph>36</speedMph>
                    <altitudeFt>0</altitudeFt>
                </position>
                <position>
                    <lat>41.8312</lat>
                    <lon>12.2669</lon>
                    <date>2013-07-11T13:44:23+02:00</date>
                    <speedMph>20</speedMph>
                    <altitudeFt>0</altitudeFt>
                </position>
                <position>
                    <lat>41.8303</lat>
                    <lon>12.2678</lon>
                    <date>2013-07-11T13:44:18+02:00</date>
                    <speedMph>28</speedMph>
                    <altitudeFt>0</altitudeFt>
                </position>
                <position>
                    <lat>41.8301</lat>
                    <lon>12.268</lon>
                    <date>2013-07-11T13:44:13+02:00</date>
                    <speedMph>28</speedMph>
                    <altitudeFt>0</altitudeFt>
                </position>
                <position>
                    <lat>41.8297</lat>
                    <lon>12.2683</lon>
                    <date>2013-07-11T13:44:08+02:00</date>
                    <speedMph>36</speedMph>
                    <altitudeFt>0</altitudeFt>
                </position>
                <position>
                    <lat>41.829</lat>
                    <lon>12.2686</lon>
                    <date>2013-07-11T13:44:03+02:00</date>
                    <speedMph>48</speedMph>
                    <altitudeFt>0</altitudeFt>
                </position>
                <position>
                    <lat>41.8235</lat>
                    <lon>12.2709</lon>
                    <date>2013-07-11T13:43:48+02:00</date>
                    <speedMph>116</speedMph>
                    <altitudeFt>30</altitudeFt>
                </position>
                <position>
                    <lat>41.8215</lat>
                    <lon>12.2717</lon>
                    <date>2013-07-11T13:43:43+02:00</date>
                    <speedMph>120</speedMph>
                    <altitudeFt>50</altitudeFt>
                </position>
                <position>
                    <lat>41.8192</lat>
                    <lon>12.2728</lon>
                    <date>2013-07-11T13:43:38+02:00</date>
                    <speedMph>136</speedMph>
                    <altitudeFt>30</altitudeFt>
                </position>
                <position>
                    <lat>41.8169</lat>
                    <lon>12.2737</lon>
                    <date>2013-07-11T13:43:33+02:00</date>
                    <speedMph>136</speedMph>
                    <altitudeFt>50</altitudeFt>
                </position>
                <position>
                    <lat>41.8144</lat>
                    <lon>12.2747</lon>
                    <date>2013-07-11T13:43:28+02:00</date>
                    <speedMph>140</speedMph>
                    <altitudeFt>80</altitudeFt>
                </position>
                <position>
                    <lat>41.8094</lat>
                    <lon>12.2768</lon>
                    <date>2013-07-11T13:43:23+02:00</date>
                    <speedMph>136</speedMph>
                    <altitudeFt>180</altitudeFt>
                </position>
                <position>
                    <lat>41.8065</lat>
                    <lon>12.278</lon>
                    <date>2013-07-11T13:43:18+02:00</date>
                    <speedMph>136</speedMph>
                    <altitudeFt>230</altitudeFt>
                </position>
                <position>
                    <lat>41.8035</lat>
                    <lon>12.2792</lon>
                    <date>2013-07-11T13:43:13+02:00</date>
                    <speedMph>132</speedMph>
                    <altitudeFt>250</altitudeFt>
                </position>
                <position>
                    <lat>41.8024</lat>
                    <lon>12.2796</lon>
                    <date>2013-07-11T13:43:08+02:00</date>
                    <speedMph>132</speedMph>
                    <altitudeFt>300</altitudeFt>
                </position>
                <position>
                    <lat>41.798</lat>
                    <lon>12.2814</lon>
                    <date>2013-07-11T13:43:03+02:00</date>
                    <speedMph>136</speedMph>
                    <altitudeFt>380</altitudeFt>
                </position>
                <position>
                    <lat>41.7952</lat>
                    <lon>12.2825</lon>
                    <date>2013-07-11T13:42:58+02:00</date>
                    <speedMph>136</speedMph>
                    <altitudeFt>430</altitudeFt>
                </position>
                <position>
                    <lat>41.7927</lat>
                    <lon>12.2836</lon>
                    <date>2013-07-11T13:42:53+02:00</date>
                    <speedMph>136</speedMph>
                    <altitudeFt>500</altitudeFt>
                </position>
                <position>
                    <lat>41.7903</lat>
                    <lon>12.2847</lon>
                    <date>2013-07-11T13:42:48+02:00</date>
                    <speedMph>136</speedMph>
                    <altitudeFt>530</altitudeFt>
                </position>
                <position>
                    <lat>41.7858</lat>
                    <lon>12.2867</lon>
                    <date>2013-07-11T13:42:43+02:00</date>
                    <speedMph>132</speedMph>
                    <altitudeFt>630</altitudeFt>
                </position>
                <position>
                    <lat>41.7835</lat>
                    <lon>12.2876</lon>
                    <date>2013-07-11T13:42:38+02:00</date>
                    <speedMph>136</speedMph>
                    <altitudeFt>650</altitudeFt>
                </position>
                <position>
                    <lat>41.7811</lat>
                    <lon>12.2886</lon>
                    <date>2013-07-11T13:42:33+02:00</date>
                    <speedMph>136</speedMph>
                    <altitudeFt>700</altitudeFt>
                </position>
                <position>
                    <lat>41.7788</lat>
                    <lon>12.2895</lon>
                    <date>2013-07-11T13:42:28+02:00</date>
                    <speedMph>140</speedMph>
                    <altitudeFt>730</altitudeFt>
                </position>
                <position>
                    <lat>41.7738</lat>
                    <lon>12.2916</lon>
                    <date>2013-07-11T13:42:23+02:00</date>
                    <speedMph>140</speedMph>
                    <altitudeFt>830</altitudeFt>
                </position>
                <position>
                    <lat>41.7708</lat>
                    <lon>12.293</lon>
                    <date>2013-07-11T13:42:18+02:00</date>
                    <speedMph>144</speedMph>
                    <altitudeFt>900</altitudeFt>
                </position>
                <position>
                    <lat>41.7674</lat>
                    <lon>12.2944</lon>
                    <date>2013-07-11T13:42:13+02:00</date>
                    <speedMph>152</speedMph>
                    <altitudeFt>980</altitudeFt>
                </position>
                <position>
                    <lat>41.7633</lat>
                    <lon>12.2962</lon>
                    <date>2013-07-11T13:42:08+02:00</date>
                    <speedMph>156</speedMph>
                    <altitudeFt>1080</altitudeFt>
                </position>
                <position>
                    <lat>41.7607</lat>
                    <lon>12.2973</lon>
                    <date>2013-07-11T13:42:03+02:00</date>
                    <speedMph>160</speedMph>
                    <altitudeFt>1130</altitudeFt>
                </position>
                <position>
                    <lat>41.7576</lat>
                    <lon>12.2986</lon>
                    <date>2013-07-11T13:41:58+02:00</date>
                    <speedMph>160</speedMph>
                    <altitudeFt>1200</altitudeFt>
                </position>
                <position>
                    <lat>41.7552</lat>
                    <lon>12.2996</lon>
                    <date>2013-07-11T13:41:53+02:00</date>
                    <speedMph>160</speedMph>
                    <altitudeFt>1230</altitudeFt>
                </position>
                <position>
                    <lat>41.7524</lat>
                    <lon>12.3007</lon>
                    <date>2013-07-11T13:41:48+02:00</date>
                    <speedMph>160</speedMph>
                    <altitudeFt>1280</altitudeFt>
                </position>
                <position>
                    <lat>41.7467</lat>
                    <lon>12.3031</lon>
                    <date>2013-07-11T13:41:43+02:00</date>
                    <speedMph>156</speedMph>
                    <altitudeFt>1380</altitudeFt>
                </position>
                <position>
                    <lat>41.7441</lat>
                    <lon>12.3041</lon>
                    <date>2013-07-11T13:41:38+02:00</date>
                    <speedMph>156</speedMph>
                    <altitudeFt>1430</altitudeFt>
                </position>
                <position>
                    <lat>41.7412</lat>
                    <lon>12.3053</lon>
                    <date>2013-07-11T13:41:33+02:00</date>
                    <speedMph>156</speedMph>
                    <altitudeFt>1480</altitudeFt>
                </position>
                <position>
                    <lat>41.7352</lat>
                    <lon>12.3079</lon>
                    <date>2013-07-11T13:41:28+02:00</date>
                    <speedMph>156</speedMph>
                    <altitudeFt>1600</altitudeFt>
                </position>
                <position>
                    <lat>41.733</lat>
                    <lon>12.3087</lon>
                    <date>2013-07-11T13:41:23+02:00</date>
                    <speedMph>156</speedMph>
                    <altitudeFt>1650</altitudeFt>
                </position>
                <position>
                    <lat>41.7302</lat>
                    <lon>12.3099</lon>
                    <date>2013-07-11T13:41:18+02:00</date>
                    <speedMph>156</speedMph>
                    <altitudeFt>1700</altitudeFt>
                </position>
                <position>
                    <lat>41.726</lat>
                    <lon>12.3117</lon>
                    <date>2013-07-11T13:41:13+02:00</date>
                    <speedMph>156</speedMph>
                    <altitudeFt>1780</altitudeFt>
                </position>
                <position>
                    <lat>41.7247</lat>
                    <lon>12.3122</lon>
                    <date>2013-07-11T13:41:08+02:00</date>
                    <speedMph>156</speedMph>
                    <altitudeFt>1830</altitudeFt>
                </position>
                <position>
                    <lat>41.722</lat>
                    <lon>12.3134</lon>
                    <date>2013-07-11T13:41:03+02:00</date>
                    <speedMph>156</speedMph>
                    <altitudeFt>1880</altitudeFt>
                </position>
                <position>
                    <lat>41.7159</lat>
                    <lon>12.3159</lon>
                    <date>2013-07-11T13:40:58+02:00</date>
                    <speedMph>156</speedMph>
                    <altitudeFt>1980</altitudeFt>
                </position>
                <position>
                    <lat>41.713</lat>
                    <lon>12.3171</lon>
                    <date>2013-07-11T13:40:53+02:00</date>
                    <speedMph>156</speedMph>
                    <altitudeFt>2030</altitudeFt>
                </position>
                <position>
                    <lat>41.7089</lat>
                    <lon>12.3188</lon>
                    <date>2013-07-11T13:40:48+02:00</date>
                    <speedMph>156</speedMph>
                    <altitudeFt>2100</altitudeFt>
                </position>
                <position>
                    <lat>41.7033</lat>
                    <lon>12.3211</lon>
                    <date>2013-07-11T13:40:43+02:00</date>
                    <speedMph>156</speedMph>
                    <altitudeFt>2230</altitudeFt>
                </position>
                <position>
                    <lat>41.7005</lat>
                    <lon>12.3223</lon>
                    <date>2013-07-11T13:40:38+02:00</date>
                    <speedMph>156</speedMph>
                    <altitudeFt>2280</altitudeFt>
                </position>
                <position>
                    <lat>41.6978</lat>
                    <lon>12.3234</lon>
                    <date>2013-07-11T13:40:33+02:00</date>
                    <speedMph>156</speedMph>
                    <altitudeFt>2330</altitudeFt>
                </position>
                <position>
                    <lat>41.6949</lat>
                    <lon>12.3246</lon>
                    <date>2013-07-11T13:40:28+02:00</date>
                    <speedMph>160</speedMph>
                    <altitudeFt>2380</altitudeFt>
                </position>
                <position>
                    <lat>41.6922</lat>
                    <lon>12.3257</lon>
                    <date>2013-07-11T13:40:23+02:00</date>
                    <speedMph>160</speedMph>
                    <altitudeFt>2430</altitudeFt>
                </position>
                <position>
                    <lat>41.6838</lat>
                    <lon>12.3293</lon>
                    <date>2013-07-11T13:40:18+02:00</date>
                    <speedMph>168</speedMph>
                    <altitudeFt>2580</altitudeFt>
                </position>
                <position>
                    <lat>41.6823</lat>
                    <lon>12.3299</lon>
                    <date>2013-07-11T13:40:13+02:00</date>
                    <speedMph>168</speedMph>
                    <altitudeFt>2630</altitudeFt>
                </position>
                <position>
                    <lat>41.6807</lat>
                    <lon>12.3306</lon>
                    <date>2013-07-11T13:40:08+02:00</date>
                    <speedMph>172</speedMph>
                    <altitudeFt>2650</altitudeFt>
                </position>
                <position>
                    <lat>41.6776</lat>
                    <lon>12.3319</lon>
                    <date>2013-07-11T13:40:03+02:00</date>
                    <speedMph>172</speedMph>
                    <altitudeFt>2700</altitudeFt>
                </position>
                <position>
                    <lat>41.6746</lat>
                    <lon>12.3332</lon>
                    <date>2013-07-11T13:39:58+02:00</date>
                    <speedMph>176</speedMph>
                    <altitudeFt>2780</altitudeFt>
                </position>
                <position>
                    <lat>41.6682</lat>
                    <lon>12.3358</lon>
                    <date>2013-07-11T13:39:53+02:00</date>
                    <speedMph>180</speedMph>
                    <altitudeFt>2900</altitudeFt>
                </position>
                <position>
                    <lat>41.6651</lat>
                    <lon>12.3371</lon>
                    <date>2013-07-11T13:39:48+02:00</date>
                    <speedMph>184</speedMph>
                    <altitudeFt>2980</altitudeFt>
                </position>
                <position>
                    <lat>41.6619</lat>
                    <lon>12.3385</lon>
                    <date>2013-07-11T13:39:43+02:00</date>
                    <speedMph>184</speedMph>
                    <altitudeFt>3050</altitudeFt>
                </position>
                <position>
                    <lat>41.6552</lat>
                    <lon>12.3413</lon>
                    <date>2013-07-11T13:39:38+02:00</date>
                    <speedMph>192</speedMph>
                    <altitudeFt>3180</altitudeFt>
                </position>
                <position>
                    <lat>41.6521</lat>
                    <lon>12.3425</lon>
                    <date>2013-07-11T13:39:33+02:00</date>
                    <speedMph>192</speedMph>
                    <altitudeFt>3250</altitudeFt>
                </position>
                <position>
                    <lat>41.6488</lat>
                    <lon>12.3439</lon>
                    <date>2013-07-11T13:39:28+02:00</date>
                    <speedMph>192</speedMph>
                    <altitudeFt>3330</altitudeFt>
                </position>
                <position>
                    <lat>41.6447</lat>
                    <lon>12.3456</lon>
                    <date>2013-07-11T13:39:23+02:00</date>
                    <speedMph>192</speedMph>
                    <altitudeFt>3430</altitudeFt>
                </position>
                <position>
                    <lat>41.6418</lat>
                    <lon>12.3468</lon>
                    <date>2013-07-11T13:39:18+02:00</date>
                    <speedMph>192</speedMph>
                    <altitudeFt>3480</altitudeFt>
                </position>
                <position>
                    <lat>41.6353</lat>
                    <lon>12.3493</lon>
                    <date>2013-07-11T13:39:13+02:00</date>
                    <speedMph>192</speedMph>
                    <altitudeFt>3630</altitudeFt>
                </position>
                <position>
                    <lat>41.6317</lat>
                    <lon>12.3508</lon>
                    <date>2013-07-11T13:39:08+02:00</date>
                    <speedMph>192</speedMph>
                    <altitudeFt>3730</altitudeFt>
                </position>
                <position>
                    <lat>41.6283</lat>
                    <lon>12.3522</lon>
                    <date>2013-07-11T13:39:03+02:00</date>
                    <speedMph>196</speedMph>
                    <altitudeFt>3830</altitudeFt>
                </position>
                <position>
                    <lat>41.6249</lat>
                    <lon>12.3536</lon>
                    <date>2013-07-11T13:38:58+02:00</date>
                    <speedMph>200</speedMph>
                    <altitudeFt>3930</altitudeFt>
                </position>
                <position>
                    <lat>41.6176</lat>
                    <lon>12.3565</lon>
                    <date>2013-07-11T13:38:53+02:00</date>
                    <speedMph>204</speedMph>
                    <altitudeFt>4100</altitudeFt>
                </position>
                <position>
                    <lat>41.6138</lat>
                    <lon>12.358</lon>
                    <date>2013-07-11T13:38:48+02:00</date>
                    <speedMph>208</speedMph>
                    <altitudeFt>4200</altitudeFt>
                </position>
                <position>
                    <lat>41.6099</lat>
                    <lon>12.3596</lon>
                    <date>2013-07-11T13:38:43+02:00</date>
                    <speedMph>212</speedMph>
                    <altitudeFt>4330</altitudeFt>
                </position>
                <position>
                    <lat>41.6062</lat>
                    <lon>12.361</lon>
                    <date>2013-07-11T13:38:38+02:00</date>
                    <speedMph>212</speedMph>
                    <altitudeFt>4450</altitudeFt>
                </position>
                <position>
                    <lat>41.598</lat>
                    <lon>12.3642</lon>
                    <date>2013-07-11T13:38:33+02:00</date>
                    <speedMph>216</speedMph>
                    <altitudeFt>4730</altitudeFt>
                </position>
                <position>
                    <lat>41.5943</lat>
                    <lon>12.3656</lon>
                    <date>2013-07-11T13:38:28+02:00</date>
                    <speedMph>216</speedMph>
                    <altitudeFt>4850</altitudeFt>
                </position>
                <position>
                    <lat>41.5919</lat>
                    <lon>12.3665</lon>
                    <date>2013-07-11T13:38:23+02:00</date>
                    <speedMph>216</speedMph>
                    <altitudeFt>4950</altitudeFt>
                </position>
                <position>
                    <lat>41.5881</lat>
                    <lon>12.368</lon>
                    <date>2013-07-11T13:38:18+02:00</date>
                    <speedMph>220</speedMph>
                    <altitudeFt>5080</altitudeFt>
                </position>
                <position>
                    <lat>41.5713</lat>
                    <lon>12.3741</lon>
                    <date>2013-07-11T13:38:08+02:00</date>
                    <speedMph>228</speedMph>
                    <altitudeFt>5480</altitudeFt>
                </position>
                <position>
                    <lat>41.5585</lat>
                    <lon>12.3784</lon>
                    <date>2013-07-11T13:37:58+02:00</date>
                    <speedMph>244</speedMph>
                    <altitudeFt>5630</altitudeFt>
                </position>
                <position>
                    <lat>41.5539</lat>
                    <lon>12.3798</lon>
                    <date>2013-07-11T13:37:48+02:00</date>
                    <speedMph>248</speedMph>
                    <altitudeFt>5680</altitudeFt>
                </position>
                <position>
                    <lat>41.5447</lat>
                    <lon>12.3823</lon>
                    <date>2013-07-11T13:37:38+02:00</date>
                    <speedMph>252</speedMph>
                    <altitudeFt>5930</altitudeFt>
                </position>
                <position>
                    <lat>41.5314</lat>
                    <lon>12.385</lon>
                    <date>2013-07-11T13:37:28+02:00</date>
                    <speedMph>256</speedMph>
                    <altitudeFt>6430</altitudeFt>
                </position>
                <position>
                    <lat>41.5176</lat>
                    <lon>12.3906</lon>
                    <date>2013-07-11T13:37:18+02:00</date>
                    <speedMph>256</speedMph>
                    <altitudeFt>6980</altitudeFt>
                </position>
                <position>
                    <lat>41.5106</lat>
                    <lon>12.3971</lon>
                    <date>2013-07-11T13:37:08+02:00</date>
                    <speedMph>256</speedMph>
                    <altitudeFt>7300</altitudeFt>
                </position>
                <position>
                    <lat>41.5046</lat>
                    <lon>12.4069</lon>
                    <date>2013-07-11T13:36:58+02:00</date>
                    <speedMph>260</speedMph>
                    <altitudeFt>7680</altitudeFt>
                </position>
                <position>
                    <lat>41.4997</lat>
                    <lon>12.4242</lon>
                    <date>2013-07-11T13:36:48+02:00</date>
                    <speedMph>260</speedMph>
                    <altitudeFt>8230</altitudeFt>
                </position>
                <position>
                    <lat>41.4989</lat>
                    <lon>12.4375</lon>
                    <date>2013-07-11T13:36:38+02:00</date>
                    <speedMph>260</speedMph>
                    <altitudeFt>8600</altitudeFt>
                </position>
                <position>
                    <lat>41.4986</lat>
                    <lon>12.4576</lon>
                    <date>2013-07-11T13:36:28+02:00</date>
                    <speedMph>264</speedMph>
                    <altitudeFt>9050</altitudeFt>
                </position>
                <position>
                    <lat>41.4984</lat>
                    <lon>12.4704</lon>
                    <date>2013-07-11T13:36:18+02:00</date>
                    <speedMph>264</speedMph>
                    <altitudeFt>9300</altitudeFt>
                </position>
                <position>
                    <lat>41.4982</lat>
                    <lon>12.4901</lon>
                    <date>2013-07-11T13:36:08+02:00</date>
                    <speedMph>264</speedMph>
                    <altitudeFt>9650</altitudeFt>
                </position>
                <position>
                    <lat>41.4981</lat>
                    <lon>12.5031</lon>
                    <date>2013-07-11T13:35:58+02:00</date>
                    <speedMph>268</speedMph>
                    <altitudeFt>9830</altitudeFt>
                </position>
                <position>
                    <lat>41.4977</lat>
                    <lon>12.5521</lon>
                    <date>2013-07-11T13:35:28+02:00</date>
                    <speedMph>268</speedMph>
                    <altitudeFt>10530</altitudeFt>
                </position>
                <position>
                    <lat>41.4974</lat>
                    <lon>12.6051</lon>
                    <date>2013-07-11T13:34:58+02:00</date>
                    <speedMph>268</speedMph>
                    <altitudeFt>11180</altitudeFt>
                </position>
                <position>
                    <lat>41.4962</lat>
                    <lon>12.6575</lon>
                    <date>2013-07-11T13:34:28+02:00</date>
                    <speedMph>276</speedMph>
                    <altitudeFt>11800</altitudeFt>
                </position>
                <position>
                    <lat>41.4835</lat>
                    <lon>12.7024</lon>
                    <date>2013-07-11T13:33:58+02:00</date>
                    <speedMph>288</speedMph>
                    <altitudeFt>12400</altitudeFt>
                </position>
                <position>
                    <lat>41.464</lat>
                    <lon>12.7457</lon>
                    <date>2013-07-11T13:33:28+02:00</date>
                    <speedMph>300</speedMph>
                    <altitudeFt>13030</altitudeFt>
                </position>
                <position>
                    <lat>41.4422</lat>
                    <lon>12.7948</lon>
                    <date>2013-07-11T13:32:58+02:00</date>
                    <speedMph>304</speedMph>
                    <altitudeFt>13700</altitudeFt>
                </position>
                <position>
                    <lat>41.4267</lat>
                    <lon>12.8459</lon>
                    <date>2013-07-11T13:32:28+02:00</date>
                    <speedMph>304</speedMph>
                    <altitudeFt>14350</altitudeFt>
                </position>
                <position>
                    <lat>41.4087</lat>
                    <lon>12.9101</lon>
                    <date>2013-07-11T13:31:58+02:00</date>
                    <speedMph>312</speedMph>
                    <altitudeFt>15280</altitudeFt>
                </position>
                <position>
                    <lat>41.3802</lat>
                    <lon>13.0117</lon>
                    <date>2013-07-11T13:30:58+02:00</date>
                    <speedMph>316</speedMph>
                    <altitudeFt>17100</altitudeFt>
                </position>
                <position>
                    <lat>41.371</lat>
                    <lon>13.137</lon>
                    <date>2013-07-11T13:29:57+02:00</date>
                    <speedMph>328</speedMph>
                    <altitudeFt>19230</altitudeFt>
                </position>
                <position>
                    <lat>41.37</lat>
                    <lon>13.2539</lon>
                    <date>2013-07-11T13:28:57+02:00</date>
                    <speedMph>336</speedMph>
                    <altitudeFt>21180</altitudeFt>
                </position>
                <position>
                    <lat>41.3688</lat>
                    <lon>13.3835</lon>
                    <date>2013-07-11T13:27:57+02:00</date>
                    <speedMph>344</speedMph>
                    <altitudeFt>22400</altitudeFt>
                </position>
                <position>
                    <lat>41.3806</lat>
                    <lon>13.4975</lon>
                    <date>2013-07-11T13:26:57+02:00</date>
                    <speedMph>348</speedMph>
                    <altitudeFt>23530</altitudeFt>
                </position>
                <position>
                    <lat>41.3976</lat>
                    <lon>13.6692</lon>
                    <date>2013-07-11T13:25:57+02:00</date>
                    <speedMph>384</speedMph>
                    <altitudeFt>25250</altitudeFt>
                </position>
                <position>
                    <lat>41.3765</lat>
                    <lon>13.7982</lon>
                    <date>2013-07-11T13:24:57+02:00</date>
                    <speedMph>400</speedMph>
                    <altitudeFt>27180</altitudeFt>
                </position>
                <position>
                    <lat>41.3542</lat>
                    <lon>13.9144</lon>
                    <date>2013-07-11T13:23:57+02:00</date>
                    <speedMph>408</speedMph>
                    <altitudeFt>28880</altitudeFt>
                </position>
                <position>
                    <lat>41.3262</lat>
                    <lon>14.0591</lon>
                    <date>2013-07-11T13:22:57+02:00</date>
                    <speedMph>428</speedMph>
                    <altitudeFt>31050</altitudeFt>
                </position>
                <position>
                    <lat>41.2957</lat>
                    <lon>14.2147</lon>
                    <date>2013-07-11T13:21:57+02:00</date>
                    <speedMph>420</speedMph>
                    <altitudeFt>33380</altitudeFt>
                </position>
                <position>
                    <lat>41.2662</lat>
                    <lon>14.3651</lon>
                    <date>2013-07-11T13:20:57+02:00</date>
                    <speedMph>416</speedMph>
                    <altitudeFt>35600</altitudeFt>
                </position>
                <position>
                    <lat>41.236</lat>
                    <lon>14.5176</lon>
                    <date>2013-07-11T13:19:57+02:00</date>
                    <speedMph>412</speedMph>
                    <altitudeFt>36000</altitudeFt>
                </position>
                <position>
                    <lat>41.2068</lat>
                    <lon>14.6639</lon>
                    <date>2013-07-11T13:18:57+02:00</date>
                    <speedMph>416</speedMph>
                    <altitudeFt>36000</altitudeFt>
                </position>
                <position>
                    <lat>41.1789</lat>
                    <lon>14.804</lon>
                    <date>2013-07-11T13:17:57+02:00</date>
                    <speedMph>416</speedMph>
                    <altitudeFt>36000</altitudeFt>
                </position>
                <position>
                    <lat>41.148</lat>
                    <lon>14.9575</lon>
                    <date>2013-07-11T13:16:57+02:00</date>
                    <speedMph>420</speedMph>
                    <altitudeFt>36000</altitudeFt>
                </position>
                <position>
                    <lat>41.1194</lat>
                    <lon>15.0979</lon>
                    <date>2013-07-11T13:15:57+02:00</date>
                    <speedMph>420</speedMph>
                    <altitudeFt>36000</altitudeFt>
                </position>
                <position>
                    <lat>41.0887</lat>
                    <lon>15.2469</lon>
                    <date>2013-07-11T13:14:57+02:00</date>
                    <speedMph>420</speedMph>
                    <altitudeFt>36000</altitudeFt>
                </position>
                <position>
                    <lat>41.0581</lat>
                    <lon>15.3959</lon>
                    <date>2013-07-11T13:13:57+02:00</date>
                    <speedMph>416</speedMph>
                    <altitudeFt>36000</altitudeFt>
                </position>
                <position>
                    <lat>41.0278</lat>
                    <lon>15.5411</lon>
                    <date>2013-07-11T13:12:57+02:00</date>
                    <speedMph>412</speedMph>
                    <altitudeFt>36000</altitudeFt>
                </position>
                <position>
                    <lat>41.0197</lat>
                    <lon>15.8219</lon>
                    <date>2013-07-11T13:11:57+02:00</date>
                    <speedMph>412</speedMph>
                    <altitudeFt>36000</altitudeFt>
                </position>
                <position>
                    <lat>41.0318</lat>
                    <lon>15.879</lon>
                    <date>2013-07-11T13:10:39+02:00</date>
                    <speedMph>412</speedMph>
                    <altitudeFt>36000</altitudeFt>
                </position>
                <position>
                    <lat>41.0519</lat>
                    <lon>16.0291</lon>
                    <date>2013-07-11T13:09:39+02:00</date>
                    <speedMph>416</speedMph>
                    <altitudeFt>36000</altitudeFt>
                </position>
                <position>
                    <lat>41.0337</lat>
                    <lon>16.1756</lon>
                    <date>2013-07-11T13:08:39+02:00</date>
                    <speedMph>416</speedMph>
                    <altitudeFt>36000</altitudeFt>
                </position>
                <position>
                    <lat>41.0141</lat>
                    <lon>16.3244</lon>
                    <date>2013-07-11T13:07:39+02:00</date>
                    <speedMph>416</speedMph>
                    <altitudeFt>36000</altitudeFt>
                </position>
                <position>
                    <lat>40.994</lat>
                    <lon>16.4798</lon>
                    <date>2013-07-11T13:06:39+02:00</date>
                    <speedMph>412</speedMph>
                    <altitudeFt>36000</altitudeFt>
                </position>
                <position>
                    <lat>40.9756</lat>
                    <lon>16.6183</lon>
                    <date>2013-07-11T13:05:39+02:00</date>
                    <speedMph>412</speedMph>
                    <altitudeFt>36000</altitudeFt>
                </position>
                <position>
                    <lat>40.955</lat>
                    <lon>16.7703</lon>
                    <date>2013-07-11T13:04:39+02:00</date>
                    <speedMph>412</speedMph>
                    <altitudeFt>36000</altitudeFt>
                </position>
                <position>
                    <lat>40.9345</lat>
                    <lon>16.9216</lon>
                    <date>2013-07-11T13:03:39+02:00</date>
                    <speedMph>416</speedMph>
                    <altitudeFt>36000</altitudeFt>
                </position>
                <position>
                    <lat>40.9142</lat>
                    <lon>17.0683</lon>
                    <date>2013-07-11T13:02:39+02:00</date>
                    <speedMph>408</speedMph>
                    <altitudeFt>36000</altitudeFt>
                </position>
                <position>
                    <lat>40.8934</lat>
                    <lon>17.2194</lon>
                    <date>2013-07-11T13:01:39+02:00</date>
                    <speedMph>408</speedMph>
                    <altitudeFt>36000</altitudeFt>
                </position>
                <position>
                    <lat>40.8592</lat>
                    <lon>17.463</lon>
                    <date>2013-07-11T13:00:39+02:00</date>
                    <speedMph>412</speedMph>
                    <altitudeFt>36000</altitudeFt>
                </position>
                <position>
                    <lat>40.8494</lat>
                    <lon>17.5309</lon>
                    <date>2013-07-11T12:59:33+02:00</date>
                    <speedMph>412</speedMph>
                    <altitudeFt>36000</altitudeFt>
                </position>
                <position>
                    <lat>40.8283</lat>
                    <lon>17.6797</lon>
                    <date>2013-07-11T12:58:33+02:00</date>
                    <speedMph>408</speedMph>
                    <altitudeFt>36000</altitudeFt>
                </position>
                <position>
                    <lat>40.8071</lat>
                    <lon>17.8258</lon>
                    <date>2013-07-11T12:57:33+02:00</date>
                    <speedMph>404</speedMph>
                    <altitudeFt>36000</altitudeFt>
                </position>
                <position>
                    <lat>40.7873</lat>
                    <lon>17.9628</lon>
                    <date>2013-07-11T12:56:33+02:00</date>
                    <speedMph>400</speedMph>
                    <altitudeFt>36000</altitudeFt>
                </position>
                <position>
                    <lat>40.7671</lat>
                    <lon>18.102</lon>
                    <date>2013-07-11T12:55:33+02:00</date>
                    <speedMph>404</speedMph>
                    <altitudeFt>36000</altitudeFt>
                </position>
                <position>
                    <lat>40.7441</lat>
                    <lon>18.2584</lon>
                    <date>2013-07-11T12:54:33+02:00</date>
                    <speedMph>404</speedMph>
                    <altitudeFt>36000</altitudeFt>
                </position>
                <position>
                    <lat>40.7235</lat>
                    <lon>18.396</lon>
                    <date>2013-07-11T12:53:33+02:00</date>
                    <speedMph>404</speedMph>
                    <altitudeFt>36000</altitudeFt>
                </position>
                <position>
                    <lat>40.697</lat>
                    <lon>18.5731</lon>
                    <date>2013-07-11T12:52:33+02:00</date>
                    <speedMph>404</speedMph>
                    <altitudeFt>36000</altitudeFt>
                </position>
                <position>
                    <lat>40.6789</lat>
                    <lon>18.6901</lon>
                    <date>2013-07-11T12:51:33+02:00</date>
                    <speedMph>404</speedMph>
                    <altitudeFt>36000</altitudeFt>
                </position>
                <position>
                    <lat>40.6566</lat>
                    <lon>18.8361</lon>
                    <date>2013-07-11T12:50:33+02:00</date>
                    <speedMph>404</speedMph>
                    <altitudeFt>36000</altitudeFt>
                </position>
                <position>
                    <lat>40.6356</lat>
                    <lon>18.9715</lon>
                    <date>2013-07-11T12:49:33+02:00</date>
                    <speedMph>404</speedMph>
                    <altitudeFt>36000</altitudeFt>
                </position>
                <position>
                    <lat>40.6099</lat>
                    <lon>19.1339</lon>
                    <date>2013-07-11T12:48:33+02:00</date>
                    <speedMph>400</speedMph>
                    <altitudeFt>36000</altitudeFt>
                </position>
                <position>
                    <lat>40.59</lat>
                    <lon>19.2582</lon>
                    <date>2013-07-11T12:47:33+02:00</date>
                    <speedMph>400</speedMph>
                    <altitudeFt>36000</altitudeFt>
                </position>
                <position>
                    <lat>40.577</lat>
                    <lon>19.4009</lon>
                    <date>2013-07-11T12:46:33+02:00</date>
                    <speedMph>396</speedMph>
                    <altitudeFt>36000</altitudeFt>
                </position>
                <position>
                    <lat>40.5687</lat>
                    <lon>19.5524</lon>
                    <date>2013-07-11T12:45:33+02:00</date>
                    <speedMph>392</speedMph>
                    <altitudeFt>36000</altitudeFt>
                </position>
                <position>
                    <lat>40.5587</lat>
                    <lon>19.7264</lon>
                    <date>2013-07-11T12:44:33+02:00</date>
                    <speedMph>392</speedMph>
                    <altitudeFt>36000</altitudeFt>
                </position>
                <position>
                    <lat>40.552</lat>
                    <lon>19.8401</lon>
                    <date>2013-07-11T12:43:33+02:00</date>
                    <speedMph>388</speedMph>
                    <altitudeFt>36000</altitudeFt>
                </position>
                <position>
                    <lat>40.5439</lat>
                    <lon>19.9738</lon>
                    <date>2013-07-11T12:42:33+02:00</date>
                    <speedMph>388</speedMph>
                    <altitudeFt>36000</altitudeFt>
                </position>
                <position>
                    <lat>40.5346</lat>
                    <lon>20.1298</lon>
                    <date>2013-07-11T12:41:33+02:00</date>
                    <speedMph>384</speedMph>
                    <altitudeFt>36000</altitudeFt>
                </position>
                <position>
                    <lat>40.5259</lat>
                    <lon>20.272</lon>
                    <date>2013-07-11T12:40:33+02:00</date>
                    <speedMph>384</speedMph>
                    <altitudeFt>36000</altitudeFt>
                </position>
                <position>
                    <lat>40.5183</lat>
                    <lon>20.3893</lon>
                    <date>2013-07-11T12:39:33+02:00</date>
                    <speedMph>384</speedMph>
                    <altitudeFt>36000</altitudeFt>
                </position>
                <position>
                    <lat>40.509</lat>
                    <lon>20.5386</lon>
                    <date>2013-07-11T12:38:33+02:00</date>
                    <speedMph>380</speedMph>
                    <altitudeFt>36000</altitudeFt>
                </position>
                <position>
                    <lat>40.5003</lat>
                    <lon>20.6677</lon>
                    <date>2013-07-11T12:37:33+02:00</date>
                    <speedMph>380</speedMph>
                    <altitudeFt>36000</altitudeFt>
                </position>
                <position>
                    <lat>40.4911</lat>
                    <lon>20.8096</lon>
                    <date>2013-07-11T12:36:33+02:00</date>
                    <speedMph>380</speedMph>
                    <altitudeFt>36000</altitudeFt>
                </position>
                <position>
                    <lat>40.4822</lat>
                    <lon>20.9409</lon>
                    <date>2013-07-11T12:35:33+02:00</date>
                    <speedMph>368</speedMph>
                    <altitudeFt>36000</altitudeFt>
                </position>
                <position>
                    <lat>40.4704</lat>
                    <lon>21.0711</lon>
                    <date>2013-07-11T12:34:33+02:00</date>
                    <speedMph>368</speedMph>
                    <altitudeFt>35050</altitudeFt>
                </position>
                <position>
                    <lat>40.4566</lat>
                    <lon>21.221</lon>
                    <date>2013-07-11T12:33:33+02:00</date>
                    <speedMph>404</speedMph>
                    <altitudeFt>32750</altitudeFt>
                </position>
                <position>
                    <lat>40.4519</lat>
                    <lon>21.3644</lon>
                    <date>2013-07-11T12:32:33+02:00</date>
                    <speedMph>404</speedMph>
                    <altitudeFt>31480</altitudeFt>
                </position>
                <position>
                    <lat>40.4533</lat>
                    <lon>21.5141</lon>
                    <date>2013-07-11T12:31:33+02:00</date>
                    <speedMph>408</speedMph>
                    <altitudeFt>30030</altitudeFt>
                </position>
                <position>
                    <lat>40.4551</lat>
                    <lon>21.727</lon>
                    <date>2013-07-11T12:30:33+02:00</date>
                    <speedMph>392</speedMph>
                    <altitudeFt>28230</altitudeFt>
                </position>
                <position>
                    <lat>40.4561</lat>
                    <lon>21.8549</lon>
                    <date>2013-07-11T12:29:09+02:00</date>
                    <speedMph>384</speedMph>
                    <altitudeFt>26850</altitudeFt>
                </position>
                <position>
                    <lat>40.4568</lat>
                    <lon>21.9981</lon>
                    <date>2013-07-11T12:28:09+02:00</date>
                    <speedMph>376</speedMph>
                    <altitudeFt>25030</altitudeFt>
                </position>
                <position>
                    <lat>40.4571</lat>
                    <lon>22.1254</lon>
                    <date>2013-07-11T12:27:09+02:00</date>
                    <speedMph>372</speedMph>
                    <altitudeFt>23080</altitudeFt>
                </position>
                <position>
                    <lat>40.4574</lat>
                    <lon>22.2571</lon>
                    <date>2013-07-11T12:26:09+02:00</date>
                    <speedMph>356</speedMph>
                    <altitudeFt>21080</altitudeFt>
                </position>
                <position>
                    <lat>40.4576</lat>
                    <lon>22.3856</lon>
                    <date>2013-07-11T12:25:09+02:00</date>
                    <speedMph>316</speedMph>
                    <altitudeFt>19330</altitudeFt>
                </position>
                <position>
                    <lat>40.4677</lat>
                    <lon>22.485</lon>
                    <date>2013-07-11T12:24:09+02:00</date>
                    <speedMph>284</speedMph>
                    <altitudeFt>17400</altitudeFt>
                </position>
                <position>
                    <lat>40.4865</lat>
                    <lon>22.5903</lon>
                    <date>2013-07-11T12:23:09+02:00</date>
                    <speedMph>280</speedMph>
                    <altitudeFt>14230</altitudeFt>
                </position>
                <position>
                    <lat>40.4937</lat>
                    <lon>22.6326</lon>
                    <date>2013-07-11T12:22:39+02:00</date>
                    <speedMph>272</speedMph>
                    <altitudeFt>12980</altitudeFt>
                </position>
                <position>
                    <lat>40.5025</lat>
                    <lon>22.6827</lon>
                    <date>2013-07-11T12:22:09+02:00</date>
                    <speedMph>260</speedMph>
                    <altitudeFt>11500</altitudeFt>
                </position>
                <position>
                    <lat>40.5102</lat>
                    <lon>22.7265</lon>
                    <date>2013-07-11T12:21:39+02:00</date>
                    <speedMph>256</speedMph>
                    <altitudeFt>9950</altitudeFt>
                </position>
                <position>
                    <lat>40.5132</lat>
                    <lon>22.7441</lon>
                    <date>2013-07-11T12:21:29+02:00</date>
                    <speedMph>252</speedMph>
                    <altitudeFt>9280</altitudeFt>
                </position>
                <position>
                    <lat>40.5153</lat>
                    <lon>22.7562</lon>
                    <date>2013-07-11T12:21:19+02:00</date>
                    <speedMph>252</speedMph>
                    <altitudeFt>8750</altitudeFt>
                </position>
                <position>
                    <lat>40.5184</lat>
                    <lon>22.7739</lon>
                    <date>2013-07-11T12:21:09+02:00</date>
                    <speedMph>252</speedMph>
                    <altitudeFt>8000</altitudeFt>
                </position>
                <position>
                    <lat>40.5206</lat>
                    <lon>22.7859</lon>
                    <date>2013-07-11T12:20:59+02:00</date>
                    <speedMph>252</speedMph>
                    <altitudeFt>7450</altitudeFt>
                </position>
                <position>
                    <lat>40.5236</lat>
                    <lon>22.8026</lon>
                    <date>2013-07-11T12:20:49+02:00</date>
                    <speedMph>252</speedMph>
                    <altitudeFt>6730</altitudeFt>
                </position>
                <position>
                    <lat>40.526</lat>
                    <lon>22.8158</lon>
                    <date>2013-07-11T12:20:39+02:00</date>
                    <speedMph>252</speedMph>
                    <altitudeFt>6150</altitudeFt>
                </position>
                <position>
                    <lat>40.529</lat>
                    <lon>22.8337</lon>
                    <date>2013-07-11T12:20:29+02:00</date>
                    <speedMph>252</speedMph>
                    <altitudeFt>5380</altitudeFt>
                </position>
                <position>
                    <lat>40.5309</lat>
                    <lon>22.8455</lon>
                    <date>2013-07-11T12:20:19+02:00</date>
                    <speedMph>248</speedMph>
                    <altitudeFt>4880</altitudeFt>
                </position>
                <position>
                    <lat>40.5318</lat>
                    <lon>22.8506</lon>
                    <date>2013-07-11T12:20:14+02:00</date>
                    <speedMph>248</speedMph>
                    <altitudeFt>4680</altitudeFt>
                </position>
                <position>
                    <lat>40.5338</lat>
                    <lon>22.8621</lon>
                    <date>2013-07-11T12:20:09+02:00</date>
                    <speedMph>244</speedMph>
                    <altitudeFt>4300</altitudeFt>
                </position>
                <position>
                    <lat>40.5348</lat>
                    <lon>22.8679</lon>
                    <date>2013-07-11T12:20:04+02:00</date>
                    <speedMph>236</speedMph>
                    <altitudeFt>4180</altitudeFt>
                </position>
                <position>
                    <lat>40.5357</lat>
                    <lon>22.8731</lon>
                    <date>2013-07-11T12:19:59+02:00</date>
                    <speedMph>228</speedMph>
                    <altitudeFt>4100</altitudeFt>
                </position>
                <position>
                    <lat>40.5368</lat>
                    <lon>22.8794</lon>
                    <date>2013-07-11T12:19:54+02:00</date>
                    <speedMph>216</speedMph>
                    <altitudeFt>4030</altitudeFt>
                </position>
                <position>
                    <lat>40.5386</lat>
                    <lon>22.8894</lon>
                    <date>2013-07-11T12:19:49+02:00</date>
                    <speedMph>200</speedMph>
                    <altitudeFt>3900</altitudeFt>
                </position>
                <position>
                    <lat>40.5398</lat>
                    <lon>22.8961</lon>
                    <date>2013-07-11T12:19:44+02:00</date>
                    <speedMph>184</speedMph>
                    <altitudeFt>3830</altitudeFt>
                </position>
                <position>
                    <lat>40.5402</lat>
                    <lon>22.8985</lon>
                    <date>2013-07-11T12:19:39+02:00</date>
                    <speedMph>180</speedMph>
                    <altitudeFt>3780</altitudeFt>
                </position>
                <position>
                    <lat>40.5408</lat>
                    <lon>22.9023</lon>
                    <date>2013-07-11T12:19:34+02:00</date>
                    <speedMph>176</speedMph>
                    <altitudeFt>3700</altitudeFt>
                </position>
                <position>
                    <lat>40.5419</lat>
                    <lon>22.9095</lon>
                    <date>2013-07-11T12:19:29+02:00</date>
                    <speedMph>168</speedMph>
                    <altitudeFt>3430</altitudeFt>
                </position>
                <position>
                    <lat>40.5428</lat>
                    <lon>22.9153</lon>
                    <date>2013-07-11T12:19:24+02:00</date>
                    <speedMph>164</speedMph>
                    <altitudeFt>3180</altitudeFt>
                </position>
                <position>
                    <lat>40.5434</lat>
                    <lon>22.9193</lon>
                    <date>2013-07-11T12:19:19+02:00</date>
                    <speedMph>164</speedMph>
                    <altitudeFt>3000</altitudeFt>
                </position>
                <position>
                    <lat>40.5442</lat>
                    <lon>22.9232</lon>
                    <date>2013-07-11T12:19:14+02:00</date>
                    <speedMph>160</speedMph>
                    <altitudeFt>2830</altitudeFt>
                </position>
                <position>
                    <lat>40.5462</lat>
                    <lon>22.933</lon>
                    <date>2013-07-11T12:19:09+02:00</date>
                    <speedMph>156</speedMph>
                    <altitudeFt>2480</altitudeFt>
                </position>
                <position>
                    <lat>40.5468</lat>
                    <lon>22.9363</lon>
                    <date>2013-07-11T12:19:04+02:00</date>
                    <speedMph>156</speedMph>
                    <altitudeFt>2350</altitudeFt>
                </position>
                <position>
                    <lat>40.5471</lat>
                    <lon>22.9381</lon>
                    <date>2013-07-11T12:18:59+02:00</date>
                    <speedMph>152</speedMph>
                    <altitudeFt>2300</altitudeFt>
                </position>
                <position>
                    <lat>40.5476</lat>
                    <lon>22.9416</lon>
                    <date>2013-07-11T12:18:54+02:00</date>
                    <speedMph>152</speedMph>
                    <altitudeFt>2150</altitudeFt>
                </position>
                <position>
                    <lat>40.5479</lat>
                    <lon>22.9456</lon>
                    <date>2013-07-11T12:18:49+02:00</date>
                    <speedMph>152</speedMph>
                    <altitudeFt>2030</altitudeFt>
                </position>
                <position>
                    <lat>40.5098</lat>
                    <lon>22.9755</lon>
                    <date>2013-07-11T12:14:14+02:00</date>
                    <speedMph>12</speedMph>
                    <altitudeFt>0</altitudeFt>
                </position>
                <position>
                    <lat>40.5099</lat>
                    <lon>22.9757</lon>
                    <date>2013-07-11T12:14:09+02:00</date>
                    <speedMph>16</speedMph>
                    <altitudeFt>0</altitudeFt>
                </position>
                <position>
                    <lat>40.5142</lat>
                    <lon>22.9745</lon>
                    <date>2013-07-11T12:12:24+02:00</date>
                    <speedMph>32</speedMph>
                    <altitudeFt>0</altitudeFt>
                </position>
            </positions>
        </flightTrack>
    </flightTracks>
</flightstatslog>
