<?xml version="1.0" encoding="UTF-8" standalone="yes"?>
<flightstatslog>
    <appendix>
        <airports>
            <airport>
                <fs>CDG</fs>
                <latitude>49.012779</latitude>
                <longitude>2.55</longitude>
                <city>Paris</city>
            </airport>
            <airport>
                <fs>SOF</fs>
                <latitude>42.695194</latitude>
                <longitude>23.406167</longitude>
                <city>Sofia</city>
            </airport>
        </airports>
    </appendix>
    <flightTracks>
        <flightTrack>
            <flightId>4529541</flightId>
            <departureAirportFsCode>CDG</departureAirportFsCode>
            <arrivalAirportFsCode>SOF</arrivalAirportFsCode>
            <positions>
                <position>
                    <lat>42.6913</lat>
                    <lon>23.4109</lon>
                    <date>2013-07-11T13:08:39+02:00</date>
                    <speedMph>12</speedMph>
                    <altitudeFt>0</altitudeFt>
                </position>
                <position>
                    <lat>42.6923</lat>
                    <lon>23.505</lon>
                    <date>2013-07-11T13:08:19+02:00</date>
                    <speedMph>56</speedMph>
                    <altitudeFt>1780</altitudeFt>
                </position>
                <position>
                    <lat>42.6938</lat>
                    <lon>23.5054</lon>
                    <date>2013-07-11T13:07:54+02:00</date>
                    <speedMph>56</speedMph>
                    <altitudeFt>1780</altitudeFt>
                </position>
                <position>
                    <lat>42.6948</lat>
                    <lon>23.4129</lon>
                    <date>2013-07-11T13:07:34+02:00</date>
                    <speedMph>16</speedMph>
                    <altitudeFt>0</altitudeFt>
                </position>
                <position>
                    <lat>42.6948</lat>
                    <lon>23.4133</lon>
                    <date>2013-07-11T13:07:29+02:00</date>
                    <speedMph>20</speedMph>
                    <altitudeFt>0</altitudeFt>
                </position>
                <position>
                    <lat>42.6948</lat>
                    <lon>23.414</lon>
                    <date>2013-07-11T13:07:24+02:00</date>
                    <speedMph>20</speedMph>
                    <altitudeFt>0</altitudeFt>
                </position>
                <position>
                    <lat>42.6947</lat>
                    <lon>23.4146</lon>
                    <date>2013-07-11T13:07:19+02:00</date>
                    <speedMph>20</speedMph>
                    <altitudeFt>0</altitudeFt>
                </position>
                <position>
                    <lat>42.6947</lat>
                    <lon>23.4156</lon>
                    <date>2013-07-11T13:07:14+02:00</date>
                    <speedMph>20</speedMph>
                    <altitudeFt>0</altitudeFt>
                </position>
                <position>
                    <lat>42.6946</lat>
                    <lon>23.4167</lon>
                    <date>2013-07-11T13:07:04+02:00</date>
                    <speedMph>20</speedMph>
                    <altitudeFt>0</altitudeFt>
                </position>
                <position>
                    <lat>42.6945</lat>
                    <lon>23.4174</lon>
                    <date>2013-07-11T13:06:59+02:00</date>
                    <speedMph>20</speedMph>
                    <altitudeFt>0</altitudeFt>
                </position>
                <position>
                    <lat>42.6945</lat>
                    <lon>23.4179</lon>
                    <date>2013-07-11T13:06:54+02:00</date>
                    <speedMph>20</speedMph>
                    <altitudeFt>0</altitudeFt>
                </position>
                <position>
                    <lat>42.6944</lat>
                    <lon>23.4192</lon>
                    <date>2013-07-11T13:06:44+02:00</date>
                    <speedMph>20</speedMph>
                    <altitudeFt>0</altitudeFt>
                </position>
                <position>
                    <lat>42.6944</lat>
                    <lon>23.4199</lon>
                    <date>2013-07-11T13:06:39+02:00</date>
                    <speedMph>20</speedMph>
                    <altitudeFt>0</altitudeFt>
                </position>
                <position>
                    <lat>42.6944</lat>
                    <lon>23.4204</lon>
                    <date>2013-07-11T13:06:34+02:00</date>
                    <speedMph>20</speedMph>
                    <altitudeFt>0</altitudeFt>
                </position>
                <position>
                    <lat>42.6943</lat>
                    <lon>23.421</lon>
                    <date>2013-07-11T13:06:29+02:00</date>
                    <speedMph>20</speedMph>
                    <altitudeFt>0</altitudeFt>
                </position>
                <position>
                    <lat>42.6943</lat>
                    <lon>23.4215</lon>
                    <date>2013-07-11T13:06:24+02:00</date>
                    <speedMph>20</speedMph>
                    <altitudeFt>0</altitudeFt>
                </position>
                <position>
                    <lat>42.6943</lat>
                    <lon>23.4221</lon>
                    <date>2013-07-11T13:06:19+02:00</date>
                    <speedMph>16</speedMph>
                    <altitudeFt>0</altitudeFt>
                </position>
                <position>
                    <lat>42.6942</lat>
                    <lon>23.4227</lon>
                    <date>2013-07-11T13:06:14+02:00</date>
                    <speedMph>16</speedMph>
                    <altitudeFt>0</altitudeFt>
                </position>
                <position>
                    <lat>42.6942</lat>
                    <lon>23.4232</lon>
                    <date>2013-07-11T13:06:09+02:00</date>
                    <speedMph>16</speedMph>
                    <altitudeFt>0</altitudeFt>
                </position>
                <position>
                    <lat>42.6942</lat>
                    <lon>23.4237</lon>
                    <date>2013-07-11T13:06:04+02:00</date>
                    <speedMph>16</speedMph>
                    <altitudeFt>0</altitudeFt>
                </position>
                <position>
                    <lat>42.6941</lat>
                    <lon>23.4245</lon>
                    <date>2013-07-11T13:05:59+02:00</date>
                    <speedMph>16</speedMph>
                    <altitudeFt>0</altitudeFt>
                </position>
                <position>
                    <lat>42.6941</lat>
                    <lon>23.4247</lon>
                    <date>2013-07-11T13:05:54+02:00</date>
                    <speedMph>16</speedMph>
                    <altitudeFt>0</altitudeFt>
                </position>
                <position>
                    <lat>42.6941</lat>
                    <lon>23.4252</lon>
                    <date>2013-07-11T13:05:49+02:00</date>
                    <speedMph>16</speedMph>
                    <altitudeFt>0</altitudeFt>
                </position>
                <position>
                    <lat>42.6941</lat>
                    <lon>23.4255</lon>
                    <date>2013-07-11T13:05:44+02:00</date>
                    <speedMph>12</speedMph>
                    <altitudeFt>0</altitudeFt>
                </position>
                <position>
                    <lat>42.694</lat>
                    <lon>23.426</lon>
                    <date>2013-07-11T13:05:39+02:00</date>
                    <speedMph>12</speedMph>
                    <altitudeFt>0</altitudeFt>
                </position>
                <position>
                    <lat>42.694</lat>
                    <lon>23.4264</lon>
                    <date>2013-07-11T13:05:34+02:00</date>
                    <speedMph>12</speedMph>
                    <altitudeFt>0</altitudeFt>
                </position>
                <position>
                    <lat>42.694</lat>
                    <lon>23.4268</lon>
                    <date>2013-07-11T13:05:29+02:00</date>
                    <speedMph>12</speedMph>
                    <altitudeFt>0</altitudeFt>
                </position>
                <position>
                    <lat>42.694</lat>
                    <lon>23.4271</lon>
                    <date>2013-07-11T13:05:24+02:00</date>
                    <speedMph>12</speedMph>
                    <altitudeFt>0</altitudeFt>
                </position>
                <position>
                    <lat>42.6944</lat>
                    <lon>23.4275</lon>
                    <date>2013-07-11T13:05:14+02:00</date>
                    <speedMph>12</speedMph>
                    <altitudeFt>0</altitudeFt>
                </position>
                <position>
                    <lat>42.6946</lat>
                    <lon>23.4275</lon>
                    <date>2013-07-11T13:05:09+02:00</date>
                    <speedMph>12</speedMph>
                    <altitudeFt>0</altitudeFt>
                </position>
                <position>
                    <lat>42.695</lat>
                    <lon>23.4271</lon>
                    <date>2013-07-11T13:05:04+02:00</date>
                    <speedMph>20</speedMph>
                    <altitudeFt>0</altitudeFt>
                </position>
                <position>
                    <lat>42.6952</lat>
                    <lon>23.4267</lon>
                    <date>2013-07-11T13:04:59+02:00</date>
                    <speedMph>24</speedMph>
                    <altitudeFt>0</altitudeFt>
                </position>
                <position>
                    <lat>42.6959</lat>
                    <lon>23.4246</lon>
                    <date>2013-07-11T13:04:49+02:00</date>
                    <speedMph>44</speedMph>
                    <altitudeFt>0</altitudeFt>
                </position>
                <position>
                    <lat>42.6961</lat>
                    <lon>23.4226</lon>
                    <date>2013-07-11T13:04:44+02:00</date>
                    <speedMph>60</speedMph>
                    <altitudeFt>1750</altitudeFt>
                </position>
                <position>
                    <lat>42.6963</lat>
                    <lon>23.4192</lon>
                    <date>2013-07-11T13:04:34+02:00</date>
                    <speedMph>96</speedMph>
                    <altitudeFt>1750</altitudeFt>
                </position>
                <position>
                    <lat>42.6965</lat>
                    <lon>23.4164</lon>
                    <date>2013-07-11T13:04:29+02:00</date>
                    <speedMph>96</speedMph>
                    <altitudeFt>1750</altitudeFt>
                </position>
                <position>
                    <lat>42.6968</lat>
                    <lon>23.4119</lon>
                    <date>2013-07-11T13:04:24+02:00</date>
                    <speedMph>112</speedMph>
                    <altitudeFt>1750</altitudeFt>
                </position>
                <position>
                    <lat>42.6971</lat>
                    <lon>23.4068</lon>
                    <date>2013-07-11T13:04:14+02:00</date>
                    <speedMph>128</speedMph>
                    <altitudeFt>1750</altitudeFt>
                </position>
                <position>
                    <lat>42.6974</lat>
                    <lon>23.4022</lon>
                    <date>2013-07-11T13:04:09+02:00</date>
                    <speedMph>136</speedMph>
                    <altitudeFt>1780</altitudeFt>
                </position>
                <position>
                    <lat>42.6977</lat>
                    <lon>23.3976</lon>
                    <date>2013-07-11T13:04:04+02:00</date>
                    <speedMph>136</speedMph>
                    <altitudeFt>1850</altitudeFt>
                </position>
                <position>
                    <lat>42.6978</lat>
                    <lon>23.3942</lon>
                    <date>2013-07-11T13:03:59+02:00</date>
                    <speedMph>132</speedMph>
                    <altitudeFt>1900</altitudeFt>
                </position>
                <position>
                    <lat>42.6981</lat>
                    <lon>23.3902</lon>
                    <date>2013-07-11T13:03:54+02:00</date>
                    <speedMph>132</speedMph>
                    <altitudeFt>1950</altitudeFt>
                </position>
                <position>
                    <lat>42.6984</lat>
                    <lon>23.3861</lon>
                    <date>2013-07-11T13:03:49+02:00</date>
                    <speedMph>132</speedMph>
                    <altitudeFt>2000</altitudeFt>
                </position>
                <position>
                    <lat>42.6986</lat>
                    <lon>23.3814</lon>
                    <date>2013-07-11T13:03:44+02:00</date>
                    <speedMph>128</speedMph>
                    <altitudeFt>2050</altitudeFt>
                </position>
                <position>
                    <lat>42.6988</lat>
                    <lon>23.3774</lon>
                    <date>2013-07-11T13:03:39+02:00</date>
                    <speedMph>132</speedMph>
                    <altitudeFt>2130</altitudeFt>
                </position>
                <position>
                    <lat>42.6991</lat>
                    <lon>23.3732</lon>
                    <date>2013-07-11T13:03:34+02:00</date>
                    <speedMph>132</speedMph>
                    <altitudeFt>2150</altitudeFt>
                </position>
                <position>
                    <lat>42.6993</lat>
                    <lon>23.3699</lon>
                    <date>2013-07-11T13:03:29+02:00</date>
                    <speedMph>128</speedMph>
                    <altitudeFt>2200</altitudeFt>
                </position>
                <position>
                    <lat>42.6996</lat>
                    <lon>23.3656</lon>
                    <date>2013-07-11T13:03:24+02:00</date>
                    <speedMph>128</speedMph>
                    <altitudeFt>2280</altitudeFt>
                </position>
                <position>
                    <lat>42.6998</lat>
                    <lon>23.3615</lon>
                    <date>2013-07-11T13:03:19+02:00</date>
                    <speedMph>128</speedMph>
                    <altitudeFt>2330</altitudeFt>
                </position>
                <position>
                    <lat>42.7001</lat>
                    <lon>23.3573</lon>
                    <date>2013-07-11T13:03:14+02:00</date>
                    <speedMph>132</speedMph>
                    <altitudeFt>2400</altitudeFt>
                </position>
                <position>
                    <lat>42.7003</lat>
                    <lon>23.3534</lon>
                    <date>2013-07-11T13:03:09+02:00</date>
                    <speedMph>128</speedMph>
                    <altitudeFt>2450</altitudeFt>
                </position>
                <position>
                    <lat>42.7006</lat>
                    <lon>23.3486</lon>
                    <date>2013-07-11T13:03:04+02:00</date>
                    <speedMph>128</speedMph>
                    <altitudeFt>2480</altitudeFt>
                </position>
                <position>
                    <lat>42.701</lat>
                    <lon>23.3412</lon>
                    <date>2013-07-11T13:02:59+02:00</date>
                    <speedMph>128</speedMph>
                    <altitudeFt>2600</altitudeFt>
                </position>
                <position>
                    <lat>42.7012</lat>
                    <lon>23.3375</lon>
                    <date>2013-07-11T13:02:49+02:00</date>
                    <speedMph>132</speedMph>
                    <altitudeFt>2650</altitudeFt>
                </position>
                <position>
                    <lat>42.7015</lat>
                    <lon>23.3327</lon>
                    <date>2013-07-11T13:02:44+02:00</date>
                    <speedMph>128</speedMph>
                    <altitudeFt>2730</altitudeFt>
                </position>
                <position>
                    <lat>42.7017</lat>
                    <lon>23.3294</lon>
                    <date>2013-07-11T13:02:39+02:00</date>
                    <speedMph>128</speedMph>
                    <altitudeFt>2780</altitudeFt>
                </position>
                <position>
                    <lat>42.702</lat>
                    <lon>23.3253</lon>
                    <date>2013-07-11T13:02:34+02:00</date>
                    <speedMph>124</speedMph>
                    <altitudeFt>2780</altitudeFt>
                </position>
                <position>
                    <lat>42.7022</lat>
                    <lon>23.3214</lon>
                    <date>2013-07-11T13:02:29+02:00</date>
                    <speedMph>128</speedMph>
                    <altitudeFt>2850</altitudeFt>
                </position>
                <position>
                    <lat>42.7024</lat>
                    <lon>23.3174</lon>
                    <date>2013-07-11T13:02:24+02:00</date>
                    <speedMph>136</speedMph>
                    <altitudeFt>2930</altitudeFt>
                </position>
                <position>
                    <lat>42.7027</lat>
                    <lon>23.312</lon>
                    <date>2013-07-11T13:02:19+02:00</date>
                    <speedMph>140</speedMph>
                    <altitudeFt>3000</altitudeFt>
                </position>
                <position>
                    <lat>42.7029</lat>
                    <lon>23.3084</lon>
                    <date>2013-07-11T13:02:14+02:00</date>
                    <speedMph>144</speedMph>
                    <altitudeFt>3050</altitudeFt>
                </position>
                <position>
                    <lat>42.7033</lat>
                    <lon>23.3028</lon>
                    <date>2013-07-11T13:02:09+02:00</date>
                    <speedMph>148</speedMph>
                    <altitudeFt>3100</altitudeFt>
                </position>
                <position>
                    <lat>42.7036</lat>
                    <lon>23.298</lon>
                    <date>2013-07-11T13:02:04+02:00</date>
                    <speedMph>152</speedMph>
                    <altitudeFt>3180</altitudeFt>
                </position>
                <position>
                    <lat>42.7038</lat>
                    <lon>23.2939</lon>
                    <date>2013-07-11T13:01:59+02:00</date>
                    <speedMph>156</speedMph>
                    <altitudeFt>3250</altitudeFt>
                </position>
                <position>
                    <lat>42.7041</lat>
                    <lon>23.2894</lon>
                    <date>2013-07-11T13:01:54+02:00</date>
                    <speedMph>160</speedMph>
                    <altitudeFt>3330</altitudeFt>
                </position>
                <position>
                    <lat>42.7044</lat>
                    <lon>23.2848</lon>
                    <date>2013-07-11T13:01:49+02:00</date>
                    <speedMph>160</speedMph>
                    <altitudeFt>3400</altitudeFt>
                </position>
                <position>
                    <lat>42.7047</lat>
                    <lon>23.2794</lon>
                    <date>2013-07-11T13:01:44+02:00</date>
                    <speedMph>164</speedMph>
                    <altitudeFt>3530</altitudeFt>
                </position>
                <position>
                    <lat>42.705</lat>
                    <lon>23.2738</lon>
                    <date>2013-07-11T13:01:39+02:00</date>
                    <speedMph>164</speedMph>
                    <altitudeFt>3650</altitudeFt>
                </position>
                <position>
                    <lat>42.7053</lat>
                    <lon>23.2689</lon>
                    <date>2013-07-11T13:01:34+02:00</date>
                    <speedMph>168</speedMph>
                    <altitudeFt>3750</altitudeFt>
                </position>
                <position>
                    <lat>42.7056</lat>
                    <lon>23.2639</lon>
                    <date>2013-07-11T13:01:29+02:00</date>
                    <speedMph>172</speedMph>
                    <altitudeFt>3850</altitudeFt>
                </position>
                <position>
                    <lat>42.706</lat>
                    <lon>23.2572</lon>
                    <date>2013-07-11T13:01:24+02:00</date>
                    <speedMph>180</speedMph>
                    <altitudeFt>3950</altitudeFt>
                </position>
                <position>
                    <lat>42.7063</lat>
                    <lon>23.2516</lon>
                    <date>2013-07-11T13:01:19+02:00</date>
                    <speedMph>180</speedMph>
                    <altitudeFt>4130</altitudeFt>
                </position>
                <position>
                    <lat>42.7066</lat>
                    <lon>23.2471</lon>
                    <date>2013-07-11T13:01:14+02:00</date>
                    <speedMph>180</speedMph>
                    <altitudeFt>4300</altitudeFt>
                </position>
                <position>
                    <lat>42.7076</lat>
                    <lon>23.2301</lon>
                    <date>2013-07-11T13:01:09+02:00</date>
                    <speedMph>180</speedMph>
                    <altitudeFt>4750</altitudeFt>
                </position>
                <position>
                    <lat>42.7089</lat>
                    <lon>23.2068</lon>
                    <date>2013-07-11T13:00:54+02:00</date>
                    <speedMph>188</speedMph>
                    <altitudeFt>5430</altitudeFt>
                </position>
                <position>
                    <lat>42.7115</lat>
                    <lon>23.1626</lon>
                    <date>2013-07-11T13:00:44+02:00</date>
                    <speedMph>200</speedMph>
                    <altitudeFt>6700</altitudeFt>
                </position>
                <position>
                    <lat>42.7119</lat>
                    <lon>23.1569</lon>
                    <date>2013-07-11T12:59:58+02:00</date>
                    <speedMph>200</speedMph>
                    <altitudeFt>6900</altitudeFt>
                </position>
                <position>
                    <lat>42.7127</lat>
                    <lon>23.1426</lon>
                    <date>2013-07-11T12:59:48+02:00</date>
                    <speedMph>200</speedMph>
                    <altitudeFt>7280</altitudeFt>
                </position>
                <position>
                    <lat>42.7134</lat>
                    <lon>23.1316</lon>
                    <date>2013-07-11T12:59:38+02:00</date>
                    <speedMph>204</speedMph>
                    <altitudeFt>7480</altitudeFt>
                </position>
                <position>
                    <lat>42.7141</lat>
                    <lon>23.1184</lon>
                    <date>2013-07-11T12:59:28+02:00</date>
                    <speedMph>204</speedMph>
                    <altitudeFt>7700</altitudeFt>
                </position>
                <position>
                    <lat>42.7149</lat>
                    <lon>23.1065</lon>
                    <date>2013-07-11T12:59:18+02:00</date>
                    <speedMph>208</speedMph>
                    <altitudeFt>7850</altitudeFt>
                </position>
                <position>
                    <lat>42.7157</lat>
                    <lon>23.0929</lon>
                    <date>2013-07-11T12:59:08+02:00</date>
                    <speedMph>220</speedMph>
                    <altitudeFt>7930</altitudeFt>
                </position>
                <position>
                    <lat>42.7165</lat>
                    <lon>23.0789</lon>
                    <date>2013-07-11T12:58:58+02:00</date>
                    <speedMph>232</speedMph>
                    <altitudeFt>8000</altitudeFt>
                </position>
                <position>
                    <lat>42.7173</lat>
                    <lon>23.0644</lon>
                    <date>2013-07-11T12:58:48+02:00</date>
                    <speedMph>244</speedMph>
                    <altitudeFt>8030</altitudeFt>
                </position>
                <position>
                    <lat>42.718</lat>
                    <lon>23.0487</lon>
                    <date>2013-07-11T12:58:38+02:00</date>
                    <speedMph>252</speedMph>
                    <altitudeFt>8180</altitudeFt>
                </position>
                <position>
                    <lat>42.7185</lat>
                    <lon>23.0329</lon>
                    <date>2013-07-11T12:58:28+02:00</date>
                    <speedMph>256</speedMph>
                    <altitudeFt>8530</altitudeFt>
                </position>
                <position>
                    <lat>42.7195</lat>
                    <lon>23.0158</lon>
                    <date>2013-07-11T12:58:18+02:00</date>
                    <speedMph>256</speedMph>
                    <altitudeFt>9030</altitudeFt>
                </position>
                <position>
                    <lat>42.7223</lat>
                    <lon>23.0013</lon>
                    <date>2013-07-11T12:58:08+02:00</date>
                    <speedMph>252</speedMph>
                    <altitudeFt>9450</altitudeFt>
                </position>
                <position>
                    <lat>42.7301</lat>
                    <lon>22.9871</lon>
                    <date>2013-07-11T12:57:58+02:00</date>
                    <speedMph>256</speedMph>
                    <altitudeFt>9880</altitudeFt>
                </position>
                <position>
                    <lat>42.7506</lat>
                    <lon>22.9577</lon>
                    <date>2013-07-11T12:57:33+02:00</date>
                    <speedMph>268</speedMph>
                    <altitudeFt>10630</altitudeFt>
                </position>
                <position>
                    <lat>42.7759</lat>
                    <lon>22.9212</lon>
                    <date>2013-07-11T12:57:03+02:00</date>
                    <speedMph>276</speedMph>
                    <altitudeFt>11330</altitudeFt>
                </position>
                <position>
                    <lat>42.8032</lat>
                    <lon>22.8816</lon>
                    <date>2013-07-11T12:56:33+02:00</date>
                    <speedMph>308</speedMph>
                    <altitudeFt>11600</altitudeFt>
                </position>
                <position>
                    <lat>42.8341</lat>
                    <lon>22.8365</lon>
                    <date>2013-07-11T12:56:03+02:00</date>
                    <speedMph>340</speedMph>
                    <altitudeFt>11880</altitudeFt>
                </position>
                <position>
                    <lat>42.866</lat>
                    <lon>22.7889</lon>
                    <date>2013-07-11T12:55:33+02:00</date>
                    <speedMph>348</speedMph>
                    <altitudeFt>12730</altitudeFt>
                </position>
                <position>
                    <lat>42.8983</lat>
                    <lon>22.7413</lon>
                    <date>2013-07-11T12:55:03+02:00</date>
                    <speedMph>332</speedMph>
                    <altitudeFt>14080</altitudeFt>
                </position>
                <position>
                    <lat>42.931</lat>
                    <lon>22.6939</lon>
                    <date>2013-07-11T12:54:33+02:00</date>
                    <speedMph>332</speedMph>
                    <altitudeFt>14950</altitudeFt>
                </position>
                <position>
                    <lat>42.9504</lat>
                    <lon>22.6421</lon>
                    <date>2013-07-11T12:54:03+02:00</date>
                    <speedMph>328</speedMph>
                    <altitudeFt>15850</altitudeFt>
                </position>
                <position>
                    <lat>42.9826</lat>
                    <lon>22.5297</lon>
                    <date>2013-07-11T12:53:03+02:00</date>
                    <speedMph>336</speedMph>
                    <altitudeFt>17130</altitudeFt>
                </position>
                <position>
                    <lat>43.0322</lat>
                    <lon>22.4244</lon>
                    <date>2013-07-11T12:52:03+02:00</date>
                    <speedMph>344</speedMph>
                    <altitudeFt>18950</altitudeFt>
                </position>
                <position>
                    <lat>43.0914</lat>
                    <lon>22.3205</lon>
                    <date>2013-07-11T12:51:03+02:00</date>
                    <speedMph>352</speedMph>
                    <altitudeFt>20650</altitudeFt>
                </position>
                <position>
                    <lat>43.1521</lat>
                    <lon>22.214</lon>
                    <date>2013-07-11T12:50:03+02:00</date>
                    <speedMph>364</speedMph>
                    <altitudeFt>22430</altitudeFt>
                </position>
                <position>
                    <lat>43.2144</lat>
                    <lon>22.1043</lon>
                    <date>2013-07-11T12:49:03+02:00</date>
                    <speedMph>372</speedMph>
                    <altitudeFt>24200</altitudeFt>
                </position>
                <position>
                    <lat>43.2791</lat>
                    <lon>21.99</lon>
                    <date>2013-07-11T12:48:03+02:00</date>
                    <speedMph>384</speedMph>
                    <altitudeFt>25980</altitudeFt>
                </position>
                <position>
                    <lat>43.3437</lat>
                    <lon>21.8748</lon>
                    <date>2013-07-11T12:47:03+02:00</date>
                    <speedMph>392</speedMph>
                    <altitudeFt>27850</altitudeFt>
                </position>
                <position>
                    <lat>43.4117</lat>
                    <lon>21.7535</lon>
                    <date>2013-07-11T12:46:03+02:00</date>
                    <speedMph>404</speedMph>
                    <altitudeFt>29730</altitudeFt>
                </position>
                <position>
                    <lat>43.4817</lat>
                    <lon>21.6285</lon>
                    <date>2013-07-11T12:45:03+02:00</date>
                    <speedMph>416</speedMph>
                    <altitudeFt>31150</altitudeFt>
                </position>
                <position>
                    <lat>43.5509</lat>
                    <lon>21.5037</lon>
                    <date>2013-07-11T12:44:03+02:00</date>
                    <speedMph>420</speedMph>
                    <altitudeFt>31630</altitudeFt>
                </position>
                <position>
                    <lat>43.6289</lat>
                    <lon>21.3621</lon>
                    <date>2013-07-11T12:43:03+02:00</date>
                    <speedMph>424</speedMph>
                    <altitudeFt>32200</altitudeFt>
                </position>
                <position>
                    <lat>43.6931</lat>
                    <lon>21.2459</lon>
                    <date>2013-07-11T12:42:03+02:00</date>
                    <speedMph>424</speedMph>
                    <altitudeFt>32650</altitudeFt>
                </position>
                <position>
                    <lat>43.763</lat>
                    <lon>21.1183</lon>
                    <date>2013-07-11T12:41:03+02:00</date>
                    <speedMph>440</speedMph>
                    <altitudeFt>33000</altitudeFt>
                </position>
                <position>
                    <lat>43.841</lat>
                    <lon>20.9755</lon>
                    <date>2013-07-11T12:40:03+02:00</date>
                    <speedMph>440</speedMph>
                    <altitudeFt>33000</altitudeFt>
                </position>
                <position>
                    <lat>43.9159</lat>
                    <lon>20.8372</lon>
                    <date>2013-07-11T12:39:03+02:00</date>
                    <speedMph>444</speedMph>
                    <altitudeFt>33000</altitudeFt>
                </position>
                <position>
                    <lat>43.9841</lat>
                    <lon>20.7117</lon>
                    <date>2013-07-11T12:38:03+02:00</date>
                    <speedMph>440</speedMph>
                    <altitudeFt>33000</altitudeFt>
                </position>
                <position>
                    <lat>44.0656</lat>
                    <lon>20.5608</lon>
                    <date>2013-07-11T12:37:03+02:00</date>
                    <speedMph>448</speedMph>
                    <altitudeFt>33000</altitudeFt>
                </position>
                <position>
                    <lat>44.1453</lat>
                    <lon>20.4107</lon>
                    <date>2013-07-11T12:36:03+02:00</date>
                    <speedMph>444</speedMph>
                    <altitudeFt>33000</altitudeFt>
                </position>
                <position>
                    <lat>44.2</lat>
                    <lon>20.2944</lon>
                    <date>2013-07-11T12:35:03+02:00</date>
                    <speedMph>448</speedMph>
                    <altitudeFt>33000</altitudeFt>
                </position>
                <position>
                    <lat>44.2719</lat>
                    <lon>20.1406</lon>
                    <date>2013-07-11T12:34:03+02:00</date>
                    <speedMph>448</speedMph>
                    <altitudeFt>32980</altitudeFt>
                </position>
                <position>
                    <lat>44.3357</lat>
                    <lon>20.004</lon>
                    <date>2013-07-11T12:33:03+02:00</date>
                    <speedMph>448</speedMph>
                    <altitudeFt>33000</altitudeFt>
                </position>
                <position>
                    <lat>44.4107</lat>
                    <lon>19.8427</lon>
                    <date>2013-07-11T12:32:03+02:00</date>
                    <speedMph>444</speedMph>
                    <altitudeFt>33000</altitudeFt>
                </position>
                <position>
                    <lat>44.4844</lat>
                    <lon>19.6828</lon>
                    <date>2013-07-11T12:31:03+02:00</date>
                    <speedMph>448</speedMph>
                    <altitudeFt>33000</altitudeFt>
                </position>
                <position>
                    <lat>44.5419</lat>
                    <lon>19.5487</lon>
                    <date>2013-07-11T12:29:59+02:00</date>
                    <speedMph>432</speedMph>
                    <altitudeFt>33000</altitudeFt>
                </position>
                <position>
                    <lat>44.5713</lat>
                    <lon>19.388</lon>
                    <date>2013-07-11T12:28:59+02:00</date>
                    <speedMph>444</speedMph>
                    <altitudeFt>33680</altitudeFt>
                </position>
                <position>
                    <lat>44.5962</lat>
                    <lon>19.2138</lon>
                    <date>2013-07-11T12:27:59+02:00</date>
                    <speedMph>456</speedMph>
                    <altitudeFt>34700</altitudeFt>
                </position>
                <position>
                    <lat>44.6206</lat>
                    <lon>19.0402</lon>
                    <date>2013-07-11T12:26:59+02:00</date>
                    <speedMph>460</speedMph>
                    <altitudeFt>35000</altitudeFt>
                </position>
                <position>
                    <lat>44.6531</lat>
                    <lon>18.8671</lon>
                    <date>2013-07-11T12:25:59+02:00</date>
                    <speedMph>460</speedMph>
                    <altitudeFt>35000</altitudeFt>
                </position>
                <position>
                    <lat>44.7108</lat>
                    <lon>18.7056</lon>
                    <date>2013-07-11T12:24:59+02:00</date>
                    <speedMph>456</speedMph>
                    <altitudeFt>35000</altitudeFt>
                </position>
                <position>
                    <lat>44.7714</lat>
                    <lon>18.5515</lon>
                    <date>2013-07-11T12:23:59+02:00</date>
                    <speedMph>452</speedMph>
                    <altitudeFt>35000</altitudeFt>
                </position>
                <position>
                    <lat>44.832</lat>
                    <lon>18.3967</lon>
                    <date>2013-07-11T12:22:59+02:00</date>
                    <speedMph>452</speedMph>
                    <altitudeFt>35000</altitudeFt>
                </position>
                <position>
                    <lat>44.8929</lat>
                    <lon>18.2404</lon>
                    <date>2013-07-11T12:21:59+02:00</date>
                    <speedMph>452</speedMph>
                    <altitudeFt>35000</altitudeFt>
                </position>
                <position>
                    <lat>44.9539</lat>
                    <lon>18.0839</lon>
                    <date>2013-07-11T12:20:59+02:00</date>
                    <speedMph>456</speedMph>
                    <altitudeFt>35000</altitudeFt>
                </position>
                <position>
                    <lat>45.0164</lat>
                    <lon>17.9219</lon>
                    <date>2013-07-11T12:19:59+02:00</date>
                    <speedMph>456</speedMph>
                    <altitudeFt>35000</altitudeFt>
                </position>
                <position>
                    <lat>45.0815</lat>
                    <lon>17.7732</lon>
                    <date>2013-07-11T12:18:59+02:00</date>
                    <speedMph>456</speedMph>
                    <altitudeFt>35380</altitudeFt>
                </position>
                <position>
                    <lat>45.1893</lat>
                    <lon>17.5354</lon>
                    <date>2013-07-11T12:17:59+02:00</date>
                    <speedMph>456</speedMph>
                    <altitudeFt>38650</altitudeFt>
                </position>
                <position>
                    <lat>45.3365</lat>
                    <lon>17.1891</lon>
                    <date>2013-07-11T12:16:59+02:00</date>
                    <speedMph>456</speedMph>
                    <altitudeFt>38750</altitudeFt>
                </position>
                <position>
                    <lat>45.3809</lat>
                    <lon>17.0878</lon>
                    <date>2013-07-11T12:14:39+02:00</date>
                    <speedMph>460</speedMph>
                    <altitudeFt>39000</altitudeFt>
                </position>
                <position>
                    <lat>45.4376</lat>
                    <lon>16.9595</lon>
                    <date>2013-07-11T12:13:39+02:00</date>
                    <speedMph>456</speedMph>
                    <altitudeFt>39000</altitudeFt>
                </position>
                <position>
                    <lat>45.5053</lat>
                    <lon>16.8063</lon>
                    <date>2013-07-11T12:12:39+02:00</date>
                    <speedMph>460</speedMph>
                    <altitudeFt>39000</altitudeFt>
                </position>
                <position>
                    <lat>45.6208</lat>
                    <lon>16.5414</lon>
                    <date>2013-07-11T12:11:39+02:00</date>
                    <speedMph>464</speedMph>
                    <altitudeFt>39000</altitudeFt>
                </position>
                <position>
                    <lat>45.6532</lat>
                    <lon>16.4669</lon>
                    <date>2013-07-11T12:10:28+02:00</date>
                    <speedMph>464</speedMph>
                    <altitudeFt>39000</altitudeFt>
                </position>
                <position>
                    <lat>45.7242</lat>
                    <lon>16.3026</lon>
                    <date>2013-07-11T12:09:28+02:00</date>
                    <speedMph>460</speedMph>
                    <altitudeFt>39000</altitudeFt>
                </position>
                <position>
                    <lat>45.7956</lat>
                    <lon>16.137</lon>
                    <date>2013-07-11T12:08:28+02:00</date>
                    <speedMph>460</speedMph>
                    <altitudeFt>39000</altitudeFt>
                </position>
                <position>
                    <lat>45.8639</lat>
                    <lon>15.9776</lon>
                    <date>2013-07-11T12:07:28+02:00</date>
                    <speedMph>460</speedMph>
                    <altitudeFt>39000</altitudeFt>
                </position>
                <position>
                    <lat>45.9272</lat>
                    <lon>15.8281</lon>
                    <date>2013-07-11T12:06:28+02:00</date>
                    <speedMph>464</speedMph>
                    <altitudeFt>39000</altitudeFt>
                </position>
                <position>
                    <lat>45.9915</lat>
                    <lon>15.6765</lon>
                    <date>2013-07-11T12:05:28+02:00</date>
                    <speedMph>468</speedMph>
                    <altitudeFt>39000</altitudeFt>
                </position>
                <position>
                    <lat>46.0591</lat>
                    <lon>15.515</lon>
                    <date>2013-07-11T12:04:28+02:00</date>
                    <speedMph>460</speedMph>
                    <altitudeFt>39000</altitudeFt>
                </position>
                <position>
                    <lat>46.1181</lat>
                    <lon>15.3497</lon>
                    <date>2013-07-11T12:03:28+02:00</date>
                    <speedMph>464</speedMph>
                    <altitudeFt>39000</altitudeFt>
                </position>
                <position>
                    <lat>46.1746</lat>
                    <lon>15.1008</lon>
                    <date>2013-07-11T12:02:28+02:00</date>
                    <speedMph>468</speedMph>
                    <altitudeFt>39000</altitudeFt>
                </position>
                <position>
                    <lat>46.2539</lat>
                    <lon>14.7462</lon>
                    <date>2013-07-11T12:00:56+02:00</date>
                    <speedMph>476</speedMph>
                    <altitudeFt>39000</altitudeFt>
                </position>
                <position>
                    <lat>46.26</lat>
                    <lon>14.7191</lon>
                    <date>2013-07-11T11:59:52+02:00</date>
                    <speedMph>476</speedMph>
                    <altitudeFt>39000</altitudeFt>
                </position>
                <position>
                    <lat>46.3131</lat>
                    <lon>14.4779</lon>
                    <date>2013-07-11T11:58:52+02:00</date>
                    <speedMph>476</speedMph>
                    <altitudeFt>39000</altitudeFt>
                </position>
                <position>
                    <lat>46.3436</lat>
                    <lon>14.3384</lon>
                    <date>2013-07-11T11:57:52+02:00</date>
                    <speedMph>476</speedMph>
                    <altitudeFt>39000</altitudeFt>
                </position>
                <position>
                    <lat>46.3788</lat>
                    <lon>14.1748</lon>
                    <date>2013-07-11T11:56:52+02:00</date>
                    <speedMph>472</speedMph>
                    <altitudeFt>39000</altitudeFt>
                </position>
                <position>
                    <lat>46.4174</lat>
                    <lon>13.9952</lon>
                    <date>2013-07-11T11:55:52+02:00</date>
                    <speedMph>476</speedMph>
                    <altitudeFt>39000</altitudeFt>
                </position>
                <position>
                    <lat>46.4561</lat>
                    <lon>13.8133</lon>
                    <date>2013-07-11T11:54:52+02:00</date>
                    <speedMph>476</speedMph>
                    <altitudeFt>39000</altitudeFt>
                </position>
                <position>
                    <lat>46.4948</lat>
                    <lon>13.6301</lon>
                    <date>2013-07-11T11:53:52+02:00</date>
                    <speedMph>476</speedMph>
                    <altitudeFt>39000</altitudeFt>
                </position>
                <position>
                    <lat>46.5425</lat>
                    <lon>13.4468</lon>
                    <date>2013-07-11T11:52:52+02:00</date>
                    <speedMph>476</speedMph>
                    <altitudeFt>39000</altitudeFt>
                </position>
                <position>
                    <lat>46.601</lat>
                    <lon>13.272</lon>
                    <date>2013-07-11T11:51:52+02:00</date>
                    <speedMph>476</speedMph>
                    <altitudeFt>39000</altitudeFt>
                </position>
                <position>
                    <lat>46.6583</lat>
                    <lon>13.107</lon>
                    <date>2013-07-11T11:50:52+02:00</date>
                    <speedMph>476</speedMph>
                    <altitudeFt>39000</altitudeFt>
                </position>
                <position>
                    <lat>46.7175</lat>
                    <lon>12.936</lon>
                    <date>2013-07-11T11:49:52+02:00</date>
                    <speedMph>472</speedMph>
                    <altitudeFt>39000</altitudeFt>
                </position>
                <position>
                    <lat>46.7757</lat>
                    <lon>12.767</lon>
                    <date>2013-07-11T11:48:52+02:00</date>
                    <speedMph>472</speedMph>
                    <altitudeFt>39000</altitudeFt>
                </position>
                <position>
                    <lat>46.8342</lat>
                    <lon>12.5964</lon>
                    <date>2013-07-11T11:47:52+02:00</date>
                    <speedMph>472</speedMph>
                    <altitudeFt>39000</altitudeFt>
                </position>
                <position>
                    <lat>46.8916</lat>
                    <lon>12.426</lon>
                    <date>2013-07-11T11:46:52+02:00</date>
                    <speedMph>472</speedMph>
                    <altitudeFt>39000</altitudeFt>
                </position>
                <position>
                    <lat>46.9965</lat>
                    <lon>12.1132</lon>
                    <date>2013-07-11T11:45:52+02:00</date>
                    <speedMph>468</speedMph>
                    <altitudeFt>39000</altitudeFt>
                </position>
                <position>
                    <lat>47.0109</lat>
                    <lon>12.0703</lon>
                    <date>2013-07-11T11:44:46+02:00</date>
                    <speedMph>468</speedMph>
                    <altitudeFt>39000</altitudeFt>
                </position>
                <position>
                    <lat>47.0674</lat>
                    <lon>11.8996</lon>
                    <date>2013-07-11T11:43:46+02:00</date>
                    <speedMph>468</speedMph>
                    <altitudeFt>39000</altitudeFt>
                </position>
                <position>
                    <lat>47.1199</lat>
                    <lon>11.727</lon>
                    <date>2013-07-11T11:42:46+02:00</date>
                    <speedMph>464</speedMph>
                    <altitudeFt>39000</altitudeFt>
                </position>
                <position>
                    <lat>47.1567</lat>
                    <lon>11.5476</lon>
                    <date>2013-07-11T11:41:46+02:00</date>
                    <speedMph>464</speedMph>
                    <altitudeFt>39000</altitudeFt>
                </position>
                <position>
                    <lat>47.1923</lat>
                    <lon>11.3662</lon>
                    <date>2013-07-11T11:40:46+02:00</date>
                    <speedMph>460</speedMph>
                    <altitudeFt>39000</altitudeFt>
                </position>
                <position>
                    <lat>47.2245</lat>
                    <lon>11.2014</lon>
                    <date>2013-07-11T11:39:46+02:00</date>
                    <speedMph>460</speedMph>
                    <altitudeFt>38980</altitudeFt>
                </position>
                <position>
                    <lat>47.2625</lat>
                    <lon>11.0037</lon>
                    <date>2013-07-11T11:38:46+02:00</date>
                    <speedMph>464</speedMph>
                    <altitudeFt>39000</altitudeFt>
                </position>
                <position>
                    <lat>47.2941</lat>
                    <lon>10.8386</lon>
                    <date>2013-07-11T11:37:46+02:00</date>
                    <speedMph>464</speedMph>
                    <altitudeFt>39000</altitudeFt>
                </position>
                <position>
                    <lat>47.3315</lat>
                    <lon>10.6417</lon>
                    <date>2013-07-11T11:36:46+02:00</date>
                    <speedMph>460</speedMph>
                    <altitudeFt>39000</altitudeFt>
                </position>
                <position>
                    <lat>47.3629</lat>
                    <lon>10.4753</lon>
                    <date>2013-07-11T11:35:46+02:00</date>
                    <speedMph>464</speedMph>
                    <altitudeFt>39000</altitudeFt>
                </position>
                <position>
                    <lat>47.4016</lat>
                    <lon>10.2681</lon>
                    <date>2013-07-11T11:34:46+02:00</date>
                    <speedMph>460</speedMph>
                    <altitudeFt>39000</altitudeFt>
                </position>
                <position>
                    <lat>47.4338</lat>
                    <lon>10.0927</lon>
                    <date>2013-07-11T11:33:46+02:00</date>
                    <speedMph>456</speedMph>
                    <altitudeFt>39000</altitudeFt>
                </position>
                <position>
                    <lat>47.4669</lat>
                    <lon>9.9101</lon>
                    <date>2013-07-11T11:32:46+02:00</date>
                    <speedMph>456</speedMph>
                    <altitudeFt>39000</altitudeFt>
                </position>
                <position>
                    <lat>47.4997</lat>
                    <lon>9.729</lon>
                    <date>2013-07-11T11:31:46+02:00</date>
                    <speedMph>456</speedMph>
                    <altitudeFt>39000</altitudeFt>
                </position>
                <position>
                    <lat>47.5324</lat>
                    <lon>9.5463</lon>
                    <date>2013-07-11T11:30:46+02:00</date>
                    <speedMph>456</speedMph>
                    <altitudeFt>39000</altitudeFt>
                </position>
                <position>
                    <lat>47.564</lat>
                    <lon>9.3685</lon>
                    <date>2013-07-11T11:29:46+02:00</date>
                    <speedMph>456</speedMph>
                    <altitudeFt>39000</altitudeFt>
                </position>
                <position>
                    <lat>47.5965</lat>
                    <lon>9.1839</lon>
                    <date>2013-07-11T11:28:46+02:00</date>
                    <speedMph>456</speedMph>
                    <altitudeFt>39000</altitudeFt>
                </position>
                <position>
                    <lat>47.6274</lat>
                    <lon>9.0053</lon>
                    <date>2013-07-11T11:27:46+02:00</date>
                    <speedMph>452</speedMph>
                    <altitudeFt>39000</altitudeFt>
                </position>
                <position>
                    <lat>47.6617</lat>
                    <lon>8.8053</lon>
                    <date>2013-07-11T11:26:46+02:00</date>
                    <speedMph>456</speedMph>
                    <altitudeFt>39000</altitudeFt>
                </position>
                <position>
                    <lat>47.6952</lat>
                    <lon>8.6072</lon>
                    <date>2013-07-11T11:25:46+02:00</date>
                    <speedMph>456</speedMph>
                    <altitudeFt>39000</altitudeFt>
                </position>
                <position>
                    <lat>47.7222</lat>
                    <lon>8.4471</lon>
                    <date>2013-07-11T11:24:46+02:00</date>
                    <speedMph>456</speedMph>
                    <altitudeFt>39000</altitudeFt>
                </position>
                <position>
                    <lat>47.7539</lat>
                    <lon>8.2574</lon>
                    <date>2013-07-11T11:23:46+02:00</date>
                    <speedMph>456</speedMph>
                    <altitudeFt>39000</altitudeFt>
                </position>
                <position>
                    <lat>47.7935</lat>
                    <lon>8.101</lon>
                    <date>2013-07-11T11:22:46+02:00</date>
                    <speedMph>460</speedMph>
                    <altitudeFt>39000</altitudeFt>
                </position>
                <position>
                    <lat>47.8448</lat>
                    <lon>7.9349</lon>
                    <date>2013-07-11T11:21:46+02:00</date>
                    <speedMph>456</speedMph>
                    <altitudeFt>39000</altitudeFt>
                </position>
                <position>
                    <lat>47.8969</lat>
                    <lon>7.7653</lon>
                    <date>2013-07-11T11:20:46+02:00</date>
                    <speedMph>452</speedMph>
                    <altitudeFt>39000</altitudeFt>
                </position>
                <position>
                    <lat>47.9496</lat>
                    <lon>7.5923</lon>
                    <date>2013-07-11T11:19:46+02:00</date>
                    <speedMph>452</speedMph>
                    <altitudeFt>39000</altitudeFt>
                </position>
                <position>
                    <lat>48.0053</lat>
                    <lon>7.4077</lon>
                    <date>2013-07-11T11:18:46+02:00</date>
                    <speedMph>456</speedMph>
                    <altitudeFt>39000</altitudeFt>
                </position>
                <position>
                    <lat>48.1105</lat>
                    <lon>7.055</lon>
                    <date>2013-07-11T11:17:46+02:00</date>
                    <speedMph>0</speedMph>
                    <altitudeFt>38830</altitudeFt>
                </position>
                <position>
                    <lat>48.19</lat>
                    <lon>6.7841</lon>
                    <date>2013-07-11T11:16:42+02:00</date>
                    <speedMph>460</speedMph>
                    <altitudeFt>38430</altitudeFt>
                </position>
                <position>
                    <lat>48.1926</lat>
                    <lon>6.7753</lon>
                    <date>2013-07-11T11:15:03+02:00</date>
                    <speedMph>460</speedMph>
                    <altitudeFt>38400</altitudeFt>
                </position>
                <position>
                    <lat>48.2427</lat>
                    <lon>6.6038</lon>
                    <date>2013-07-11T11:14:03+02:00</date>
                    <speedMph>460</speedMph>
                    <altitudeFt>37880</altitudeFt>
                </position>
                <position>
                    <lat>48.3039</lat>
                    <lon>6.3924</lon>
                    <date>2013-07-11T11:13:03+02:00</date>
                    <speedMph>468</speedMph>
                    <altitudeFt>37200</altitudeFt>
                </position>
                <position>
                    <lat>48.3454</lat>
                    <lon>6.2473</lon>
                    <date>2013-07-11T11:12:03+02:00</date>
                    <speedMph>468</speedMph>
                    <altitudeFt>36800</altitudeFt>
                </position>
                <position>
                    <lat>48.3939</lat>
                    <lon>6.0774</lon>
                    <date>2013-07-11T11:11:03+02:00</date>
                    <speedMph>464</speedMph>
                    <altitudeFt>36300</altitudeFt>
                </position>
                <position>
                    <lat>48.4464</lat>
                    <lon>5.8919</lon>
                    <date>2013-07-11T11:10:03+02:00</date>
                    <speedMph>472</speedMph>
                    <altitudeFt>35480</altitudeFt>
                </position>
                <position>
                    <lat>48.4971</lat>
                    <lon>5.7117</lon>
                    <date>2013-07-11T11:09:03+02:00</date>
                    <speedMph>472</speedMph>
                    <altitudeFt>34700</altitudeFt>
                </position>
                <position>
                    <lat>48.5482</lat>
                    <lon>5.5299</lon>
                    <date>2013-07-11T11:08:03+02:00</date>
                    <speedMph>472</speedMph>
                    <altitudeFt>34030</altitudeFt>
                </position>
                <position>
                    <lat>48.6026</lat>
                    <lon>5.3331</lon>
                    <date>2013-07-11T11:07:03+02:00</date>
                    <speedMph>464</speedMph>
                    <altitudeFt>33450</altitudeFt>
                </position>
                <position>
                    <lat>48.6505</lat>
                    <lon>5.1587</lon>
                    <date>2013-07-11T11:06:03+02:00</date>
                    <speedMph>448</speedMph>
                    <altitudeFt>32930</altitudeFt>
                </position>
                <position>
                    <lat>48.7051</lat>
                    <lon>4.9595</lon>
                    <date>2013-07-11T11:05:03+02:00</date>
                    <speedMph>440</speedMph>
                    <altitudeFt>32050</altitudeFt>
                </position>
                <position>
                    <lat>48.7623</lat>
                    <lon>4.7467</lon>
                    <date>2013-07-11T11:04:03+02:00</date>
                    <speedMph>436</speedMph>
                    <altitudeFt>30780</altitudeFt>
                </position>
                <position>
                    <lat>48.8449</lat>
                    <lon>4.4379</lon>
                    <date>2013-07-11T11:03:03+02:00</date>
                    <speedMph>420</speedMph>
                    <altitudeFt>28600</altitudeFt>
                </position>
                <position>
                    <lat>48.9052</lat>
                    <lon>4.1498</lon>
                    <date>2013-07-11T11:00:32+02:00</date>
                    <speedMph>396</speedMph>
                    <altitudeFt>26250</altitudeFt>
                </position>
                <position>
                    <lat>48.9123</lat>
                    <lon>4.025</lon>
                    <date>2013-07-11T10:59:19+02:00</date>
                    <speedMph>388</speedMph>
                    <altitudeFt>24980</altitudeFt>
                </position>
                <position>
                    <lat>48.9201</lat>
                    <lon>3.8831</lon>
                    <date>2013-07-11T10:58:19+02:00</date>
                    <speedMph>380</speedMph>
                    <altitudeFt>23400</altitudeFt>
                </position>
                <position>
                    <lat>48.9287</lat>
                    <lon>3.7256</lon>
                    <date>2013-07-11T10:57:19+02:00</date>
                    <speedMph>0</speedMph>
                    <altitudeFt>21650</altitudeFt>
                </position>
                <position>
                    <lat>48.9366</lat>
                    <lon>3.5792</lon>
                    <date>2013-07-11T10:56:19+02:00</date>
                    <speedMph>356</speedMph>
                    <altitudeFt>19480</altitudeFt>
                </position>
                <position>
                    <lat>48.9476</lat>
                    <lon>3.4353</lon>
                    <date>2013-07-11T10:55:19+02:00</date>
                    <speedMph>340</speedMph>
                    <altitudeFt>17300</altitudeFt>
                </position>
                <position>
                    <lat>48.9599</lat>
                    <lon>3.2915</lon>
                    <date>2013-07-11T10:54:19+02:00</date>
                    <speedMph>340</speedMph>
                    <altitudeFt>14330</altitudeFt>
                </position>
                <position>
                    <lat>48.9662</lat>
                    <lon>3.2161</lon>
                    <date>2013-07-11T10:53:49+02:00</date>
                    <speedMph>336</speedMph>
                    <altitudeFt>12780</altitudeFt>
                </position>
                <position>
                    <lat>48.9721</lat>
                    <lon>3.1464</lon>
                    <date>2013-07-11T10:53:19+02:00</date>
                    <speedMph>332</speedMph>
                    <altitudeFt>11380</altitudeFt>
                </position>
                <position>
                    <lat>48.9778</lat>
                    <lon>3.0794</lon>
                    <date>2013-07-11T10:52:49+02:00</date>
                    <speedMph>304</speedMph>
                    <altitudeFt>10650</altitudeFt>
                </position>
                <position>
                    <lat>48.9821</lat>
                    <lon>3.0277</lon>
                    <date>2013-07-11T10:52:19+02:00</date>
                    <speedMph>284</speedMph>
                    <altitudeFt>9900</altitudeFt>
                </position>
                <position>
                    <lat>48.984</lat>
                    <lon>3.0047</lon>
                    <date>2013-07-11T10:52:09+02:00</date>
                    <speedMph>280</speedMph>
                    <altitudeFt>9430</altitudeFt>
                </position>
                <position>
                    <lat>48.9855</lat>
                    <lon>2.9845</lon>
                    <date>2013-07-11T10:51:59+02:00</date>
                    <speedMph>280</speedMph>
                    <altitudeFt>9000</altitudeFt>
                </position>
                <position>
                    <lat>48.9876</lat>
                    <lon>2.9642</lon>
                    <date>2013-07-11T10:51:49+02:00</date>
                    <speedMph>280</speedMph>
                    <altitudeFt>8600</altitudeFt>
                </position>
                <position>
                    <lat>48.9895</lat>
                    <lon>2.9485</lon>
                    <date>2013-07-11T10:51:39+02:00</date>
                    <speedMph>276</speedMph>
                    <altitudeFt>8280</altitudeFt>
                </position>
                <position>
                    <lat>48.9927</lat>
                    <lon>2.9223</lon>
                    <date>2013-07-11T10:51:29+02:00</date>
                    <speedMph>272</speedMph>
                    <altitudeFt>7730</altitudeFt>
                </position>
                <position>
                    <lat>48.994</lat>
                    <lon>2.9112</lon>
                    <date>2013-07-11T10:51:19+02:00</date>
                    <speedMph>272</speedMph>
                    <altitudeFt>7480</altitudeFt>
                </position>
                <position>
                    <lat>48.9971</lat>
                    <lon>2.8861</lon>
                    <date>2013-07-11T10:51:09+02:00</date>
                    <speedMph>272</speedMph>
                    <altitudeFt>6880</altitudeFt>
                </position>
                <position>
                    <lat>48.999</lat>
                    <lon>2.8702</lon>
                    <date>2013-07-11T10:50:59+02:00</date>
                    <speedMph>272</speedMph>
                    <altitudeFt>6500</altitudeFt>
                </position>
                <position>
                    <lat>49.002</lat>
                    <lon>2.846</lon>
                    <date>2013-07-11T10:50:49+02:00</date>
                    <speedMph>268</speedMph>
                    <altitudeFt>5930</altitudeFt>
                </position>
                <position>
                    <lat>49.0037</lat>
                    <lon>2.8313</lon>
                    <date>2013-07-11T10:50:39+02:00</date>
                    <speedMph>268</speedMph>
                    <altitudeFt>5580</altitudeFt>
                </position>
                <position>
                    <lat>49.0079</lat>
                    <lon>2.7876</lon>
                    <date>2013-07-11T10:50:14+02:00</date>
                    <speedMph>252</speedMph>
                    <altitudeFt>4680</altitudeFt>
                </position>
                <position>
                    <lat>49.0074</lat>
                    <lon>2.7737</lon>
                    <date>2013-07-11T10:50:09+02:00</date>
                    <speedMph>244</speedMph>
                    <altitudeFt>4480</altitudeFt>
                </position>
                <position>
                    <lat>49.0068</lat>
                    <lon>2.7664</lon>
                    <date>2013-07-11T10:50:04+02:00</date>
                    <speedMph>236</speedMph>
                    <altitudeFt>4380</altitudeFt>
                </position>
                <position>
                    <lat>49.0065</lat>
                    <lon>2.7602</lon>
                    <date>2013-07-11T10:49:59+02:00</date>
                    <speedMph>232</speedMph>
                    <altitudeFt>4280</altitudeFt>
                </position>
                <position>
                    <lat>49.0062</lat>
                    <lon>2.7561</lon>
                    <date>2013-07-11T10:49:54+02:00</date>
                    <speedMph>228</speedMph>
                    <altitudeFt>4200</altitudeFt>
                </position>
                <position>
                    <lat>49.0058</lat>
                    <lon>2.7483</lon>
                    <date>2013-07-11T10:49:49+02:00</date>
                    <speedMph>224</speedMph>
                    <altitudeFt>4030</altitudeFt>
                </position>
                <position>
                    <lat>49.0051</lat>
                    <lon>2.7362</lon>
                    <date>2013-07-11T10:49:44+02:00</date>
                    <speedMph>220</speedMph>
                    <altitudeFt>3800</altitudeFt>
                </position>
                <position>
                    <lat>49.0049</lat>
                    <lon>2.7317</lon>
                    <date>2013-07-11T10:49:39+02:00</date>
                    <speedMph>212</speedMph>
                    <altitudeFt>3750</altitudeFt>
                </position>
                <position>
                    <lat>49.0043</lat>
                    <lon>2.7208</lon>
                    <date>2013-07-11T10:49:34+02:00</date>
                    <speedMph>204</speedMph>
                    <altitudeFt>3680</altitudeFt>
                </position>
                <position>
                    <lat>49.0037</lat>
                    <lon>2.7097</lon>
                    <date>2013-07-11T10:49:24+02:00</date>
                    <speedMph>188</speedMph>
                    <altitudeFt>3650</altitudeFt>
                </position>
                <position>
                    <lat>49.0032</lat>
                    <lon>2.7021</lon>
                    <date>2013-07-11T10:49:19+02:00</date>
                    <speedMph>176</speedMph>
                    <altitudeFt>3600</altitudeFt>
                </position>
                <position>
                    <lat>49.0029</lat>
                    <lon>2.6975</lon>
                    <date>2013-07-11T10:49:14+02:00</date>
                    <speedMph>168</speedMph>
                    <altitudeFt>3580</altitudeFt>
                </position>
                <position>
                    <lat>49.0023</lat>
                    <lon>2.6882</lon>
                    <date>2013-07-11T10:49:09+02:00</date>
                    <speedMph>156</speedMph>
                    <altitudeFt>3450</altitudeFt>
                </position>
                <position>
                    <lat>49.002</lat>
                    <lon>2.6817</lon>
                    <date>2013-07-11T10:49:04+02:00</date>
                    <speedMph>152</speedMph>
                    <altitudeFt>3330</altitudeFt>
                </position>
                <position>
                    <lat>49.0019</lat>
                    <lon>2.6788</lon>
                    <date>2013-07-11T10:48:59+02:00</date>
                    <speedMph>152</speedMph>
                    <altitudeFt>3250</altitudeFt>
                </position>
                <position>
                    <lat>49.0017</lat>
                    <lon>2.675</lon>
                    <date>2013-07-11T10:48:54+02:00</date>
                    <speedMph>152</speedMph>
                    <altitudeFt>3130</altitudeFt>
                </position>
                <position>
                    <lat>49.0014</lat>
                    <lon>2.6709</lon>
                    <date>2013-07-11T10:48:49+02:00</date>
                    <speedMph>152</speedMph>
                    <altitudeFt>3030</altitudeFt>
                </position>
                <position>
                    <lat>49.001</lat>
                    <lon>2.6651</lon>
                    <date>2013-07-11T10:48:44+02:00</date>
                    <speedMph>152</speedMph>
                    <altitudeFt>2880</altitudeFt>
                </position>
                <position>
                    <lat>49.0004</lat>
                    <lon>2.6569</lon>
                    <date>2013-07-11T10:48:39+02:00</date>
                    <speedMph>152</speedMph>
                    <altitudeFt>2630</altitudeFt>
                </position>
                <position>
                    <lat>49.0003</lat>
                    <lon>2.6542</lon>
                    <date>2013-07-11T10:48:34+02:00</date>
                    <speedMph>152</speedMph>
                    <altitudeFt>2550</altitudeFt>
                </position>
                <position>
                    <lat>48.9997</lat>
                    <lon>2.6418</lon>
                    <date>2013-07-11T10:48:24+02:00</date>
                    <speedMph>148</speedMph>
                    <altitudeFt>2150</altitudeFt>
                </position>
                <position>
                    <lat>48.9983</lat>
                    <lon>2.6205</lon>
                    <date>2013-07-11T10:48:04+02:00</date>
                    <speedMph>148</speedMph>
                    <altitudeFt>1430</altitudeFt>
                </position>
                <position>
                    <lat>48.9982</lat>
                    <lon>2.6154</lon>
                    <date>2013-07-11T10:47:59+02:00</date>
                    <speedMph>148</speedMph>
                    <altitudeFt>1230</altitudeFt>
                </position>
                <position>
                    <lat>48.9981</lat>
                    <lon>2.6099</lon>
                    <date>2013-07-11T10:47:54+02:00</date>
                    <speedMph>148</speedMph>
                    <altitudeFt>1030</altitudeFt>
                </position>
                <position>
                    <lat>48.9981</lat>
                    <lon>2.6048</lon>
                    <date>2013-07-11T10:47:49+02:00</date>
                    <speedMph>148</speedMph>
                    <altitudeFt>850</altitudeFt>
                </position>
                <position>
                    <lat>48.998</lat>
                    <lon>2.5996</lon>
                    <date>2013-07-11T10:47:44+02:00</date>
                    <speedMph>148</speedMph>
                    <altitudeFt>650</altitudeFt>
                </position>
                <position>
                    <lat>48.9979</lat>
                    <lon>2.5948</lon>
                    <date>2013-07-11T10:47:39+02:00</date>
                    <speedMph>152</speedMph>
                    <altitudeFt>380</altitudeFt>
                </position>
                <position>
                    <lat>48.9967</lat>
                    <lon>2.5701</lon>
                    <date>2013-07-11T10:47:14+02:00</date>
                    <speedMph>100</speedMph>
                    <altitudeFt>100</altitudeFt>
                </position>
                <position>
                    <lat>48.9964</lat>
                    <lon>2.5664</lon>
                    <date>2013-07-11T10:47:09+02:00</date>
                    <speedMph>72</speedMph>
                    <altitudeFt>100</altitudeFt>
                </position>
                <position>
                    <lat>48.9963</lat>
                    <lon>2.5643</lon>
                    <date>2013-07-11T10:47:04+02:00</date>
                    <speedMph>56</speedMph>
                    <altitudeFt>100</altitudeFt>
                </position>
                <position>
                    <lat>48.9962</lat>
                    <lon>2.5622</lon>
                    <date>2013-07-11T10:46:59+02:00</date>
                    <speedMph>32</speedMph>
                    <altitudeFt>0</altitudeFt>
                </position>
                <position>
                    <lat>48.9962</lat>
                    <lon>2.5615</lon>
                    <date>2013-07-11T10:46:54+02:00</date>
                    <speedMph>8</speedMph>
                    <altitudeFt>0</altitudeFt>
                </position>
                <position>
                    <lat>48.9962</lat>
                    <lon>2.5613</lon>
                    <date>2013-07-11T10:46:49+02:00</date>
                    <speedMph>4</speedMph>
                    <altitudeFt>0</altitudeFt>
                </position>
                <position>
                    <lat>48.9962</lat>
                    <lon>2.5612</lon>
                    <date>2013-07-11T10:46:44+02:00</date>
                    <speedMph>0</speedMph>
                    <altitudeFt>0</altitudeFt>
                </position>
                <position>
                    <lat>48.9962</lat>
                    <lon>2.5609</lon>
                    <date>2013-07-11T10:46:39+02:00</date>
                    <speedMph>4</speedMph>
                    <altitudeFt>0</altitudeFt>
                </position>
                <position>
                    <lat>48.9962</lat>
                    <lon>2.5608</lon>
                    <date>2013-07-11T10:46:29+02:00</date>
                    <speedMph>4</speedMph>
                    <altitudeFt>0</altitudeFt>
                </position>
                <position>
                    <lat>48.9964</lat>
                    <lon>2.5605</lon>
                    <date>2013-07-11T10:46:24+02:00</date>
                    <speedMph>8</speedMph>
                    <altitudeFt>0</altitudeFt>
                </position>
                <position>
                    <lat>48.9967</lat>
                    <lon>2.5604</lon>
                    <date>2013-07-11T10:46:19+02:00</date>
                    <speedMph>8</speedMph>
                    <altitudeFt>0</altitudeFt>
                </position>
                <position>
                    <lat>48.997</lat>
                    <lon>2.5604</lon>
                    <date>2013-07-11T10:46:14+02:00</date>
                    <speedMph>4</speedMph>
                    <altitudeFt>0</altitudeFt>
                </position>
                <position>
                    <lat>48.9972</lat>
                    <lon>2.5603</lon>
                    <date>2013-07-11T10:44:59+02:00</date>
                    <speedMph>0</speedMph>
                    <altitudeFt>0</altitudeFt>
                </position>
                <position>
                    <lat>48.9972</lat>
                    <lon>2.5603</lon>
                    <date>2013-07-11T10:44:49+02:00</date>
                    <speedMph>0</speedMph>
                    <altitudeFt>0</altitudeFt>
                </position>
                <position>
                    <lat>48.9972</lat>
                    <lon>2.5603</lon>
                    <date>2013-07-11T10:44:29+02:00</date>
                    <speedMph>0</speedMph>
                    <altitudeFt>0</altitudeFt>
                </position>
                <position>
                    <lat>48.9972</lat>
                    <lon>2.5603</lon>
                    <date>2013-07-11T10:43:49+02:00</date>
                    <speedMph>0</speedMph>
                    <altitudeFt>0</altitudeFt>
                </position>
                <position>
                    <lat>48.9972</lat>
                    <lon>2.5603</lon>
                    <date>2013-07-11T10:43:34+02:00</date>
                    <speedMph>0</speedMph>
                    <altitudeFt>0</altitudeFt>
                </position>
                <position>
                    <lat>48.9972</lat>
                    <lon>2.5603</lon>
                    <date>2013-07-11T10:43:14+02:00</date>
                    <speedMph>0</speedMph>
                    <altitudeFt>0</altitudeFt>
                </position>
                <position>
                    <lat>48.9972</lat>
                    <lon>2.5603</lon>
                    <date>2013-07-11T10:43:09+02:00</date>
                    <speedMph>0</speedMph>
                    <altitudeFt>0</altitudeFt>
                </position>
                <position>
                    <lat>48.9972</lat>
                    <lon>2.5603</lon>
                    <date>2013-07-11T10:42:59+02:00</date>
                    <speedMph>0</speedMph>
                    <altitudeFt>0</altitudeFt>
                </position>
                <position>
                    <lat>48.9972</lat>
                    <lon>2.5603</lon>
                    <date>2013-07-11T10:42:54+02:00</date>
                    <speedMph>4</speedMph>
                    <altitudeFt>0</altitudeFt>
                </position>
                <position>
                    <lat>48.9973</lat>
                    <lon>2.5603</lon>
                    <date>2013-07-11T10:42:49+02:00</date>
                    <speedMph>4</speedMph>
                    <altitudeFt>0</altitudeFt>
                </position>
                <position>
                    <lat>48.9975</lat>
                    <lon>2.5603</lon>
                    <date>2013-07-11T10:42:44+02:00</date>
                    <speedMph>4</speedMph>
                    <altitudeFt>0</altitudeFt>
                </position>
                <position>
                    <lat>48.9975</lat>
                    <lon>2.5603</lon>
                    <date>2013-07-11T10:42:39+02:00</date>
                    <speedMph>4</speedMph>
                    <altitudeFt>0</altitudeFt>
                </position>
                <position>
                    <lat>48.9976</lat>
                    <lon>2.5603</lon>
                    <date>2013-07-11T10:42:34+02:00</date>
                    <speedMph>4</speedMph>
                    <altitudeFt>0</altitudeFt>
                </position>
                <position>
                    <lat>48.9977</lat>
                    <lon>2.5602</lon>
                    <date>2013-07-11T10:42:29+02:00</date>
                    <speedMph>4</speedMph>
                    <altitudeFt>0</altitudeFt>
                </position>
                <position>
                    <lat>48.9978</lat>
                    <lon>2.5602</lon>
                    <date>2013-07-11T10:42:24+02:00</date>
                    <speedMph>4</speedMph>
                    <altitudeFt>0</altitudeFt>
                </position>
                <position>
                    <lat>48.9978</lat>
                    <lon>2.5601</lon>
                    <date>2013-07-11T10:42:19+02:00</date>
                    <speedMph>0</speedMph>
                    <altitudeFt>0</altitudeFt>
                </position>
                <position>
                    <lat>48.9978</lat>
                    <lon>2.5601</lon>
                    <date>2013-07-11T10:42:14+02:00</date>
                    <speedMph>0</speedMph>
                    <altitudeFt>0</altitudeFt>
                </position>
                <position>
                    <lat>48.9979</lat>
                    <lon>2.5601</lon>
                    <date>2013-07-11T10:42:09+02:00</date>
                    <speedMph>0</speedMph>
                    <altitudeFt>0</altitudeFt>
                </position>
                <position>
                    <lat>48.9979</lat>
                    <lon>2.5601</lon>
                    <date>2013-07-11T10:42:04+02:00</date>
                    <speedMph>0</speedMph>
                    <altitudeFt>0</altitudeFt>
                </position>
                <position>
                    <lat>48.9979</lat>
                    <lon>2.56</lon>
                    <date>2013-07-11T10:41:59+02:00</date>
                    <speedMph>0</speedMph>
                    <altitudeFt>0</altitudeFt>
                </position>
                <position>
                    <lat>48.9979</lat>
                    <lon>2.56</lon>
                    <date>2013-07-11T10:41:54+02:00</date>
                    <speedMph>0</speedMph>
                    <altitudeFt>0</altitudeFt>
                </position>
                <position>
                    <lat>48.9979</lat>
                    <lon>2.56</lon>
                    <date>2013-07-11T10:41:49+02:00</date>
                    <speedMph>0</speedMph>
                    <altitudeFt>0</altitudeFt>
                </position>
                <position>
                    <lat>48.9979</lat>
                    <lon>2.5599</lon>
                    <date>2013-07-11T10:41:44+02:00</date>
                    <speedMph>4</speedMph>
                    <altitudeFt>0</altitudeFt>
                </position>
                <position>
                    <lat>48.998</lat>
                    <lon>2.5598</lon>
                    <date>2013-07-11T10:41:39+02:00</date>
                    <speedMph>4</speedMph>
                    <altitudeFt>0</altitudeFt>
                </position>
                <position>
                    <lat>48.998</lat>
                    <lon>2.5596</lon>
                    <date>2013-07-11T10:41:34+02:00</date>
                    <speedMph>8</speedMph>
                    <altitudeFt>0</altitudeFt>
                </position>
                <position>
                    <lat>48.998</lat>
                    <lon>2.5594</lon>
                    <date>2013-07-11T10:41:29+02:00</date>
                    <speedMph>8</speedMph>
                    <altitudeFt>0</altitudeFt>
                </position>
                <position>
                    <lat>48.9981</lat>
                    <lon>2.5591</lon>
                    <date>2013-07-11T10:41:24+02:00</date>
                    <speedMph>8</speedMph>
                    <altitudeFt>0</altitudeFt>
                </position>
                <position>
                    <lat>48.9981</lat>
                    <lon>2.5588</lon>
                    <date>2013-07-11T10:41:19+02:00</date>
                    <speedMph>8</speedMph>
                    <altitudeFt>0</altitudeFt>
                </position>
                <position>
                    <lat>48.9981</lat>
                    <lon>2.5585</lon>
                    <date>2013-07-11T10:41:14+02:00</date>
                    <speedMph>8</speedMph>
                    <altitudeFt>0</altitudeFt>
                </position>
                <position>
                    <lat>48.9982</lat>
                    <lon>2.5582</lon>
                    <date>2013-07-11T10:41:09+02:00</date>
                    <speedMph>4</speedMph>
                    <altitudeFt>0</altitudeFt>
                </position>
                <position>
                    <lat>48.9982</lat>
                    <lon>2.558</lon>
                    <date>2013-07-11T10:40:59+02:00</date>
                    <speedMph>4</speedMph>
                    <altitudeFt>0</altitudeFt>
                </position>
                <position>
                    <lat>48.9983</lat>
                    <lon>2.5579</lon>
                    <date>2013-07-11T10:39:14+02:00</date>
                    <speedMph>0</speedMph>
                    <altitudeFt>0</altitudeFt>
                </position>
                <position>
                    <lat>48.9983</lat>
                    <lon>2.5577</lon>
                    <date>2013-07-11T10:39:04+02:00</date>
                    <speedMph>4</speedMph>
                    <altitudeFt>0</altitudeFt>
                </position>
                <position>
                    <lat>48.9983</lat>
                    <lon>2.5576</lon>
                    <date>2013-07-11T10:38:59+02:00</date>
                    <speedMph>4</speedMph>
                    <altitudeFt>0</altitudeFt>
                </position>
                <position>
                    <lat>48.9983</lat>
                    <lon>2.5574</lon>
                    <date>2013-07-11T10:38:54+02:00</date>
                    <speedMph>4</speedMph>
                    <altitudeFt>0</altitudeFt>
                </position>
                <position>
                    <lat>48.9984</lat>
                    <lon>2.5572</lon>
                    <date>2013-07-11T10:38:49+02:00</date>
                    <speedMph>4</speedMph>
                    <altitudeFt>0</altitudeFt>
                </position>
                <position>
                    <lat>48.9985</lat>
                    <lon>2.5566</lon>
                    <date>2013-07-11T10:38:39+02:00</date>
                    <speedMph>8</speedMph>
                    <altitudeFt>0</altitudeFt>
                </position>
                <position>
                    <lat>48.9985</lat>
                    <lon>2.5565</lon>
                    <date>2013-07-11T10:38:34+02:00</date>
                    <speedMph>8</speedMph>
                    <altitudeFt>0</altitudeFt>
                </position>
                <position>
                    <lat>48.9996</lat>
                    <lon>2.5555</lon>
                    <date>2013-07-11T10:38:04+02:00</date>
                    <speedMph>8</speedMph>
                    <altitudeFt>0</altitudeFt>
                </position>
                <position>
                    <lat>48.9997</lat>
                    <lon>2.5555</lon>
                    <date>2013-07-11T10:37:59+02:00</date>
                    <speedMph>8</speedMph>
                    <altitudeFt>0</altitudeFt>
                </position>
                <position>
                    <lat>48.9998</lat>
                    <lon>2.5555</lon>
                    <date>2013-07-11T10:37:54+02:00</date>
                    <speedMph>8</speedMph>
                    <altitudeFt>0</altitudeFt>
                </position>
                <position>
                    <lat>49.0001</lat>
                    <lon>2.5557</lon>
                    <date>2013-07-11T10:37:49+02:00</date>
                    <speedMph>12</speedMph>
                    <altitudeFt>0</altitudeFt>
                </position>
                <position>
                    <lat>49.0004</lat>
                    <lon>2.5559</lon>
                    <date>2013-07-11T10:37:44+02:00</date>
                    <speedMph>12</speedMph>
                    <altitudeFt>0</altitudeFt>
                </position>
                <position>
                    <lat>49.0005</lat>
                    <lon>2.556</lon>
                    <date>2013-07-11T10:37:39+02:00</date>
                    <speedMph>12</speedMph>
                    <altitudeFt>0</altitudeFt>
                </position>
                <position>
                    <lat>49.0008</lat>
                    <lon>2.5561</lon>
                    <date>2013-07-11T10:37:34+02:00</date>
                    <speedMph>8</speedMph>
                    <altitudeFt>0</altitudeFt>
                </position>
                <position>
                    <lat>49.001</lat>
                    <lon>2.5562</lon>
                    <date>2013-07-11T10:37:29+02:00</date>
                    <speedMph>12</speedMph>
                    <altitudeFt>0</altitudeFt>
                </position>
                <position>
                    <lat>49.0014</lat>
                    <lon>2.5561</lon>
                    <date>2013-07-11T10:37:19+02:00</date>
                    <speedMph>12</speedMph>
                    <altitudeFt>0</altitudeFt>
                </position>
                <position>
                    <lat>49.0018</lat>
                    <lon>2.5559</lon>
                    <date>2013-07-11T10:37:14+02:00</date>
                    <speedMph>12</speedMph>
                    <altitudeFt>0</altitudeFt>
                </position>
                <position>
                    <lat>49.002</lat>
                    <lon>2.5558</lon>
                    <date>2013-07-11T10:37:09+02:00</date>
                    <speedMph>12</speedMph>
                    <altitudeFt>0</altitudeFt>
                </position>
                <position>
                    <lat>49.0023</lat>
                    <lon>2.5557</lon>
                    <date>2013-07-11T10:37:04+02:00</date>
                    <speedMph>12</speedMph>
                    <altitudeFt>0</altitudeFt>
                </position>
                <position>
                    <lat>49.0025</lat>
                    <lon>2.5556</lon>
                    <date>2013-07-11T10:36:59+02:00</date>
                    <speedMph>12</speedMph>
                    <altitudeFt>0</altitudeFt>
                </position>
                <position>
                    <lat>49.0027</lat>
                    <lon>2.5555</lon>
                    <date>2013-07-11T10:36:54+02:00</date>
                    <speedMph>12</speedMph>
                    <altitudeFt>0</altitudeFt>
                </position>
                <position>
                    <lat>49.0037</lat>
                    <lon>2.555</lon>
                    <date>2013-07-11T10:36:34+02:00</date>
                    <speedMph>8</speedMph>
                    <altitudeFt>0</altitudeFt>
                </position>
                <position>
                    <lat>49.0039</lat>
                    <lon>2.555</lon>
                    <date>2013-07-11T10:36:29+02:00</date>
                    <speedMph>8</speedMph>
                    <altitudeFt>0</altitudeFt>
                </position>
                <position>
                    <lat>49.0041</lat>
                    <lon>2.5549</lon>
                    <date>2013-07-11T10:35:59+02:00</date>
                    <speedMph>0</speedMph>
                    <altitudeFt>0</altitudeFt>
                </position>
                <position>
                    <lat>49.0041</lat>
                    <lon>2.5549</lon>
                    <date>2013-07-11T10:35:29+02:00</date>
                    <speedMph>0</speedMph>
                    <altitudeFt>0</altitudeFt>
                </position>
                <position>
                    <lat>49.0041</lat>
                    <lon>2.5549</lon>
                    <date>2013-07-11T10:35:14+02:00</date>
                    <speedMph>0</speedMph>
                    <altitudeFt>0</altitudeFt>
                </position>
                <position>
                    <lat>49.0041</lat>
                    <lon>2.5549</lon>
                    <date>2013-07-11T10:34:39+02:00</date>
                    <speedMph>0</speedMph>
                    <altitudeFt>0</altitudeFt>
                </position>
                <position>
                    <lat>49.0041</lat>
                    <lon>2.5549</lon>
                    <date>2013-07-11T10:34:29+02:00</date>
                    <speedMph>0</speedMph>
                    <altitudeFt>0</altitudeFt>
                </position>
                <position>
                    <lat>49.0042</lat>
                    <lon>2.5549</lon>
                    <date>2013-07-11T10:34:19+02:00</date>
                    <speedMph>4</speedMph>
                    <altitudeFt>0</altitudeFt>
                </position>
                <position>
                    <lat>49.0046</lat>
                    <lon>2.5547</lon>
                    <date>2013-07-11T10:33:54+02:00</date>
                    <speedMph>8</speedMph>
                    <altitudeFt>0</altitudeFt>
                </position>
                <position>
                    <lat>49.0048</lat>
                    <lon>2.5547</lon>
                    <date>2013-07-11T10:33:49+02:00</date>
                    <speedMph>8</speedMph>
                    <altitudeFt>0</altitudeFt>
                </position>
                <position>
                    <lat>49.0051</lat>
                    <lon>2.5549</lon>
                    <date>2013-07-11T10:33:44+02:00</date>
                    <speedMph>8</speedMph>
                    <altitudeFt>0</altitudeFt>
                </position>
                <position>
                    <lat>49.0052</lat>
                    <lon>2.555</lon>
                    <date>2013-07-11T10:33:39+02:00</date>
                    <speedMph>8</speedMph>
                    <altitudeFt>0</altitudeFt>
                </position>
                <position>
                    <lat>49.0053</lat>
                    <lon>2.5552</lon>
                    <date>2013-07-11T10:33:34+02:00</date>
                    <speedMph>8</speedMph>
                    <altitudeFt>0</altitudeFt>
                </position>
                <position>
                    <lat>49.0055</lat>
                    <lon>2.5555</lon>
                    <date>2013-07-11T10:33:29+02:00</date>
                    <speedMph>8</speedMph>
                    <altitudeFt>0</altitudeFt>
                </position>
                <position>
                    <lat>49.0055</lat>
                    <lon>2.5556</lon>
                    <date>2013-07-11T10:33:24+02:00</date>
                    <speedMph>4</speedMph>
                    <altitudeFt>0</altitudeFt>
                </position>
                <position>
                    <lat>49.0055</lat>
                    <lon>2.5558</lon>
                    <date>2013-07-11T10:33:19+02:00</date>
                    <speedMph>4</speedMph>
                    <altitudeFt>0</altitudeFt>
                </position>
                <position>
                    <lat>49.0056</lat>
                    <lon>2.5561</lon>
                    <date>2013-07-11T10:33:14+02:00</date>
                    <speedMph>8</speedMph>
                    <altitudeFt>0</altitudeFt>
                </position>
                <position>
                    <lat>49.0056</lat>
                    <lon>2.5563</lon>
                    <date>2013-07-11T10:33:09+02:00</date>
                    <speedMph>8</speedMph>
                    <altitudeFt>0</altitudeFt>
                </position>
                <position>
                    <lat>49.0056</lat>
                    <lon>2.5565</lon>
                    <date>2013-07-11T10:33:04+02:00</date>
                    <speedMph>8</speedMph>
                    <altitudeFt>0</altitudeFt>
                </position>
                <position>
                    <lat>49.0056</lat>
                    <lon>2.5568</lon>
                    <date>2013-07-11T10:32:59+02:00</date>
                    <speedMph>12</speedMph>
                    <altitudeFt>0</altitudeFt>
                </position>
                <position>
                    <lat>49.0056</lat>
                    <lon>2.5577</lon>
                    <date>2013-07-11T10:32:49+02:00</date>
                    <speedMph>12</speedMph>
                    <altitudeFt>0</altitudeFt>
                </position>
                <position>
                    <lat>49.0057</lat>
                    <lon>2.5581</lon>
                    <date>2013-07-11T10:32:44+02:00</date>
                    <speedMph>12</speedMph>
                    <altitudeFt>0</altitudeFt>
                </position>
                <position>
                    <lat>49.0057</lat>
                    <lon>2.5585</lon>
                    <date>2013-07-11T10:32:39+02:00</date>
                    <speedMph>12</speedMph>
                    <altitudeFt>0</altitudeFt>
                </position>
                <position>
                    <lat>49.0058</lat>
                    <lon>2.5595</lon>
                    <date>2013-07-11T10:32:29+02:00</date>
                    <speedMph>16</speedMph>
                    <altitudeFt>0</altitudeFt>
                </position>
                <position>
                    <lat>49.006</lat>
                    <lon>2.5604</lon>
                    <date>2013-07-11T10:32:19+02:00</date>
                    <speedMph>16</speedMph>
                    <altitudeFt>0</altitudeFt>
                </position>
                <position>
                    <lat>49.0062</lat>
                    <lon>2.5661</lon>
                    <date>2013-07-11T10:31:19+02:00</date>
                    <speedMph>12</speedMph>
                    <altitudeFt>0</altitudeFt>
                </position>
                <position>
                    <lat>49.0062</lat>
                    <lon>2.5663</lon>
                    <date>2013-07-11T10:31:14+02:00</date>
                    <speedMph>12</speedMph>
                    <altitudeFt>0</altitudeFt>
                </position>
                <position>
                    <lat>49.0064</lat>
                    <lon>2.5694</lon>
                    <date>2013-07-11T10:29:04+02:00</date>
                    <speedMph>0</speedMph>
                    <altitudeFt>0</altitudeFt>
                </position>
                <position>
                    <lat>49.0061</lat>
                    <lon>2.569</lon>
                    <date>2013-07-11T10:28:29+02:00</date>
                    <speedMph>4</speedMph>
                    <altitudeFt>0</altitudeFt>
                </position>
            </positions>
        </flightTrack>
    </flightTracks>
</flightstatslog>
