<?xml version="1.0" encoding="UTF-8" standalone="yes"?>
<flightstatslog>
    <appendix>
        <airports>
            <airport>
                <fs>FCO</fs>
                <latitude>41.804475</latitude>
                <longitude>12.250797</longitude>
                <city>Rome</city>
            </airport>
            <airport>
                <fs>MAD</fs>
                <latitude>40.493556</latitude>
                <longitude>-3.566764</longitude>
                <city>Madrid</city>
            </airport>
        </airports>
    </appendix>
    <flightTracks>
        <flightTrack>
            <flightId>3416207</flightId>
            <departureAirportFsCode>FCO</departureAirportFsCode>
            <arrivalAirportFsCode>MAD</arrivalAirportFsCode>
            <positions>
                <position>
                    <lat>40.4924</lat>
                    <lon>-3.5566</lon>
                    <date>2013-07-11T14:41:03+02:00</date>
                    <speedMph>20</speedMph>
                    <altitudeFt>0</altitudeFt>
                </position>
                <position>
                    <lat>40.4725</lat>
                    <lon>-3.535</lon>
                    <date>2013-07-11T14:39:53+02:00</date>
                    <speedMph>152</speedMph>
                    <altitudeFt>1950</altitudeFt>
                </position>
                <position>
                    <lat>40.455</lat>
                    <lon>-3.5172</lon>
                    <date>2013-07-11T14:39:23+02:00</date>
                    <speedMph>164</speedMph>
                    <altitudeFt>2400</altitudeFt>
                </position>
                <position>
                    <lat>40.4494</lat>
                    <lon>-3.5114</lon>
                    <date>2013-07-11T14:39:13+02:00</date>
                    <speedMph>164</speedMph>
                    <altitudeFt>2530</altitudeFt>
                </position>
                <position>
                    <lat>40.4422</lat>
                    <lon>-3.5041</lon>
                    <date>2013-07-11T14:39:03+02:00</date>
                    <speedMph>164</speedMph>
                    <altitudeFt>2680</altitudeFt>
                </position>
                <position>
                    <lat>40.4303</lat>
                    <lon>-3.4932</lon>
                    <date>2013-07-11T14:38:43+02:00</date>
                    <speedMph>176</speedMph>
                    <altitudeFt>2930</altitudeFt>
                </position>
                <position>
                    <lat>40.4282</lat>
                    <lon>-3.4908</lon>
                    <date>2013-07-11T14:38:38+02:00</date>
                    <speedMph>176</speedMph>
                    <altitudeFt>2980</altitudeFt>
                </position>
                <position>
                    <lat>40.423</lat>
                    <lon>-3.4848</lon>
                    <date>2013-07-11T14:38:28+02:00</date>
                    <speedMph>188</speedMph>
                    <altitudeFt>3150</altitudeFt>
                </position>
                <position>
                    <lat>40.4214</lat>
                    <lon>-3.483</lon>
                    <date>2013-07-11T14:38:23+02:00</date>
                    <speedMph>188</speedMph>
                    <altitudeFt>3200</altitudeFt>
                </position>
                <position>
                    <lat>40.4155</lat>
                    <lon>-3.477</lon>
                    <date>2013-07-11T14:38:18+02:00</date>
                    <speedMph>188</speedMph>
                    <altitudeFt>3380</altitudeFt>
                </position>
                <position>
                    <lat>40.4119</lat>
                    <lon>-3.4734</lon>
                    <date>2013-07-11T14:38:13+02:00</date>
                    <speedMph>188</speedMph>
                    <altitudeFt>3500</altitudeFt>
                </position>
                <position>
                    <lat>40.408</lat>
                    <lon>-3.4698</lon>
                    <date>2013-07-11T14:38:08+02:00</date>
                    <speedMph>188</speedMph>
                    <altitudeFt>3650</altitudeFt>
                </position>
                <position>
                    <lat>40.4044</lat>
                    <lon>-3.4663</lon>
                    <date>2013-07-11T14:38:03+02:00</date>
                    <speedMph>196</speedMph>
                    <altitudeFt>3750</altitudeFt>
                </position>
                <position>
                    <lat>40.4013</lat>
                    <lon>-3.4636</lon>
                    <date>2013-07-11T14:37:58+02:00</date>
                    <speedMph>196</speedMph>
                    <altitudeFt>3830</altitudeFt>
                </position>
                <position>
                    <lat>40.3979</lat>
                    <lon>-3.4601</lon>
                    <date>2013-07-11T14:37:53+02:00</date>
                    <speedMph>192</speedMph>
                    <altitudeFt>3980</altitudeFt>
                </position>
                <position>
                    <lat>40.3903</lat>
                    <lon>-3.4521</lon>
                    <date>2013-07-11T14:37:43+02:00</date>
                    <speedMph>212</speedMph>
                    <altitudeFt>4180</altitudeFt>
                </position>
                <position>
                    <lat>40.3862</lat>
                    <lon>-3.4479</lon>
                    <date>2013-07-11T14:37:38+02:00</date>
                    <speedMph>204</speedMph>
                    <altitudeFt>4300</altitudeFt>
                </position>
                <position>
                    <lat>40.3822</lat>
                    <lon>-3.444</lon>
                    <date>2013-07-11T14:37:28+02:00</date>
                    <speedMph>204</speedMph>
                    <altitudeFt>4400</altitudeFt>
                </position>
                <position>
                    <lat>40.3782</lat>
                    <lon>-3.4399</lon>
                    <date>2013-07-11T14:37:23+02:00</date>
                    <speedMph>208</speedMph>
                    <altitudeFt>4500</altitudeFt>
                </position>
                <position>
                    <lat>40.3698</lat>
                    <lon>-3.4315</lon>
                    <date>2013-07-11T14:37:18+02:00</date>
                    <speedMph>216</speedMph>
                    <altitudeFt>4650</altitudeFt>
                </position>
                <position>
                    <lat>40.3666</lat>
                    <lon>-3.4282</lon>
                    <date>2013-07-11T14:37:13+02:00</date>
                    <speedMph>224</speedMph>
                    <altitudeFt>4730</altitudeFt>
                </position>
                <position>
                    <lat>40.3618</lat>
                    <lon>-3.4232</lon>
                    <date>2013-07-11T14:37:03+02:00</date>
                    <speedMph>228</speedMph>
                    <altitudeFt>4830</altitudeFt>
                </position>
                <position>
                    <lat>40.3521</lat>
                    <lon>-3.4133</lon>
                    <date>2013-07-11T14:36:58+02:00</date>
                    <speedMph>232</speedMph>
                    <altitudeFt>4980</altitudeFt>
                </position>
                <position>
                    <lat>40.349</lat>
                    <lon>-3.4102</lon>
                    <date>2013-07-11T14:36:48+02:00</date>
                    <speedMph>232</speedMph>
                    <altitudeFt>5050</altitudeFt>
                </position>
                <position>
                    <lat>40.3348</lat>
                    <lon>-3.3962</lon>
                    <date>2013-07-11T14:36:38+02:00</date>
                    <speedMph>228</speedMph>
                    <altitudeFt>5430</altitudeFt>
                </position>
                <position>
                    <lat>40.3271</lat>
                    <lon>-3.3914</lon>
                    <date>2013-07-11T14:36:28+02:00</date>
                    <speedMph>228</speedMph>
                    <altitudeFt>5600</altitudeFt>
                </position>
                <position>
                    <lat>40.3159</lat>
                    <lon>-3.385</lon>
                    <date>2013-07-11T14:36:18+02:00</date>
                    <speedMph>228</speedMph>
                    <altitudeFt>5730</altitudeFt>
                </position>
                <position>
                    <lat>40.3079</lat>
                    <lon>-3.3779</lon>
                    <date>2013-07-11T14:36:08+02:00</date>
                    <speedMph>236</speedMph>
                    <altitudeFt>5830</altitudeFt>
                </position>
                <position>
                    <lat>40.301</lat>
                    <lon>-3.3661</lon>
                    <date>2013-07-11T14:35:58+02:00</date>
                    <speedMph>236</speedMph>
                    <altitudeFt>5980</altitudeFt>
                </position>
                <position>
                    <lat>40.2981</lat>
                    <lon>-3.3602</lon>
                    <date>2013-07-11T14:35:48+02:00</date>
                    <speedMph>236</speedMph>
                    <altitudeFt>6000</altitudeFt>
                </position>
                <position>
                    <lat>40.2879</lat>
                    <lon>-3.3422</lon>
                    <date>2013-07-11T14:35:38+02:00</date>
                    <speedMph>244</speedMph>
                    <altitudeFt>6150</altitudeFt>
                </position>
                <position>
                    <lat>40.2836</lat>
                    <lon>-3.3303</lon>
                    <date>2013-07-11T14:35:28+02:00</date>
                    <speedMph>248</speedMph>
                    <altitudeFt>6250</altitudeFt>
                </position>
                <position>
                    <lat>40.2794</lat>
                    <lon>-3.3145</lon>
                    <date>2013-07-11T14:35:18+02:00</date>
                    <speedMph>260</speedMph>
                    <altitudeFt>6330</altitudeFt>
                </position>
                <position>
                    <lat>40.2754</lat>
                    <lon>-3.2998</lon>
                    <date>2013-07-11T14:35:08+02:00</date>
                    <speedMph>264</speedMph>
                    <altitudeFt>6400</altitudeFt>
                </position>
                <position>
                    <lat>40.2713</lat>
                    <lon>-3.2846</lon>
                    <date>2013-07-11T14:34:58+02:00</date>
                    <speedMph>264</speedMph>
                    <altitudeFt>6580</altitudeFt>
                </position>
                <position>
                    <lat>40.2692</lat>
                    <lon>-3.2769</lon>
                    <date>2013-07-11T14:34:48+02:00</date>
                    <speedMph>264</speedMph>
                    <altitudeFt>6650</altitudeFt>
                </position>
                <position>
                    <lat>40.2635</lat>
                    <lon>-3.2546</lon>
                    <date>2013-07-11T14:34:38+02:00</date>
                    <speedMph>252</speedMph>
                    <altitudeFt>6930</altitudeFt>
                </position>
                <position>
                    <lat>40.258</lat>
                    <lon>-3.2179</lon>
                    <date>2013-07-11T14:34:18+02:00</date>
                    <speedMph>256</speedMph>
                    <altitudeFt>7050</altitudeFt>
                </position>
                <position>
                    <lat>40.2586</lat>
                    <lon>-3.2076</lon>
                    <date>2013-07-11T14:34:08+02:00</date>
                    <speedMph>256</speedMph>
                    <altitudeFt>7150</altitudeFt>
                </position>
                <position>
                    <lat>40.2594</lat>
                    <lon>-3.1937</lon>
                    <date>2013-07-11T14:33:58+02:00</date>
                    <speedMph>260</speedMph>
                    <altitudeFt>7250</altitudeFt>
                </position>
                <position>
                    <lat>40.2602</lat>
                    <lon>-3.1784</lon>
                    <date>2013-07-11T14:33:48+02:00</date>
                    <speedMph>256</speedMph>
                    <altitudeFt>7380</altitudeFt>
                </position>
                <position>
                    <lat>40.2612</lat>
                    <lon>-3.1609</lon>
                    <date>2013-07-11T14:33:38+02:00</date>
                    <speedMph>256</speedMph>
                    <altitudeFt>7530</altitudeFt>
                </position>
                <position>
                    <lat>40.2623</lat>
                    <lon>-3.1386</lon>
                    <date>2013-07-11T14:33:28+02:00</date>
                    <speedMph>252</speedMph>
                    <altitudeFt>7730</altitudeFt>
                </position>
                <position>
                    <lat>40.2626</lat>
                    <lon>-3.1318</lon>
                    <date>2013-07-11T14:33:18+02:00</date>
                    <speedMph>252</speedMph>
                    <altitudeFt>7780</altitudeFt>
                </position>
                <position>
                    <lat>40.2637</lat>
                    <lon>-3.11</lon>
                    <date>2013-07-11T14:33:08+02:00</date>
                    <speedMph>252</speedMph>
                    <altitudeFt>7980</altitudeFt>
                </position>
                <position>
                    <lat>40.264</lat>
                    <lon>-3.1022</lon>
                    <date>2013-07-11T14:32:58+02:00</date>
                    <speedMph>252</speedMph>
                    <altitudeFt>8050</altitudeFt>
                </position>
                <position>
                    <lat>40.2647</lat>
                    <lon>-3.0847</lon>
                    <date>2013-07-11T14:32:48+02:00</date>
                    <speedMph>256</speedMph>
                    <altitudeFt>8250</altitudeFt>
                </position>
                <position>
                    <lat>40.2654</lat>
                    <lon>-3.0696</lon>
                    <date>2013-07-11T14:32:38+02:00</date>
                    <speedMph>256</speedMph>
                    <altitudeFt>8400</altitudeFt>
                </position>
                <position>
                    <lat>40.266</lat>
                    <lon>-3.0548</lon>
                    <date>2013-07-11T14:32:28+02:00</date>
                    <speedMph>256</speedMph>
                    <altitudeFt>8550</altitudeFt>
                </position>
                <position>
                    <lat>40.2669</lat>
                    <lon>-3.0379</lon>
                    <date>2013-07-11T14:32:18+02:00</date>
                    <speedMph>256</speedMph>
                    <altitudeFt>8750</altitudeFt>
                </position>
                <position>
                    <lat>40.2678</lat>
                    <lon>-3.0229</lon>
                    <date>2013-07-11T14:32:08+02:00</date>
                    <speedMph>256</speedMph>
                    <altitudeFt>8950</altitudeFt>
                </position>
                <position>
                    <lat>40.2688</lat>
                    <lon>-3.0071</lon>
                    <date>2013-07-11T14:31:58+02:00</date>
                    <speedMph>252</speedMph>
                    <altitudeFt>9180</altitudeFt>
                </position>
                <position>
                    <lat>40.2697</lat>
                    <lon>-2.9945</lon>
                    <date>2013-07-11T14:31:48+02:00</date>
                    <speedMph>248</speedMph>
                    <altitudeFt>9400</altitudeFt>
                </position>
                <position>
                    <lat>40.271</lat>
                    <lon>-2.9774</lon>
                    <date>2013-07-11T14:31:38+02:00</date>
                    <speedMph>248</speedMph>
                    <altitudeFt>9630</altitudeFt>
                </position>
                <position>
                    <lat>40.2722</lat>
                    <lon>-2.9632</lon>
                    <date>2013-07-11T14:31:28+02:00</date>
                    <speedMph>252</speedMph>
                    <altitudeFt>9800</altitudeFt>
                </position>
                <position>
                    <lat>40.2739</lat>
                    <lon>-2.9402</lon>
                    <date>2013-07-11T14:31:18+02:00</date>
                    <speedMph>256</speedMph>
                    <altitudeFt>10080</altitudeFt>
                </position>
                <position>
                    <lat>40.2819</lat>
                    <lon>-2.8368</lon>
                    <date>2013-07-11T14:30:48+02:00</date>
                    <speedMph>268</speedMph>
                    <altitudeFt>11280</altitudeFt>
                </position>
                <position>
                    <lat>40.2825</lat>
                    <lon>-2.8289</lon>
                    <date>2013-07-11T14:30:05+02:00</date>
                    <speedMph>272</speedMph>
                    <altitudeFt>11350</altitudeFt>
                </position>
                <position>
                    <lat>40.2858</lat>
                    <lon>-2.7861</lon>
                    <date>2013-07-11T14:29:35+02:00</date>
                    <speedMph>272</speedMph>
                    <altitudeFt>11950</altitudeFt>
                </position>
                <position>
                    <lat>40.2895</lat>
                    <lon>-2.7363</lon>
                    <date>2013-07-11T14:29:05+02:00</date>
                    <speedMph>272</speedMph>
                    <altitudeFt>12700</altitudeFt>
                </position>
                <position>
                    <lat>40.2938</lat>
                    <lon>-2.6788</lon>
                    <date>2013-07-11T14:28:35+02:00</date>
                    <speedMph>280</speedMph>
                    <altitudeFt>13350</altitudeFt>
                </position>
                <position>
                    <lat>40.2976</lat>
                    <lon>-2.6293</lon>
                    <date>2013-07-11T14:28:05+02:00</date>
                    <speedMph>284</speedMph>
                    <altitudeFt>14080</altitudeFt>
                </position>
                <position>
                    <lat>40.3008</lat>
                    <lon>-2.5861</lon>
                    <date>2013-07-11T14:27:35+02:00</date>
                    <speedMph>280</speedMph>
                    <altitudeFt>14730</altitudeFt>
                </position>
                <position>
                    <lat>40.3046</lat>
                    <lon>-2.5269</lon>
                    <date>2013-07-11T14:27:05+02:00</date>
                    <speedMph>288</speedMph>
                    <altitudeFt>15480</altitudeFt>
                </position>
                <position>
                    <lat>40.3115</lat>
                    <lon>-2.4201</lon>
                    <date>2013-07-11T14:26:05+02:00</date>
                    <speedMph>296</speedMph>
                    <altitudeFt>16980</altitudeFt>
                </position>
                <position>
                    <lat>40.2777</lat>
                    <lon>-2.3191</lon>
                    <date>2013-07-11T14:25:05+02:00</date>
                    <speedMph>300</speedMph>
                    <altitudeFt>18680</altitudeFt>
                </position>
                <position>
                    <lat>40.2413</lat>
                    <lon>-2.2317</lon>
                    <date>2013-07-11T14:24:05+02:00</date>
                    <speedMph>324</speedMph>
                    <altitudeFt>19650</altitudeFt>
                </position>
                <position>
                    <lat>40.1996</lat>
                    <lon>-2.1323</lon>
                    <date>2013-07-11T14:23:05+02:00</date>
                    <speedMph>328</speedMph>
                    <altitudeFt>21350</altitudeFt>
                </position>
                <position>
                    <lat>40.1514</lat>
                    <lon>-2.0179</lon>
                    <date>2013-07-11T14:22:05+02:00</date>
                    <speedMph>352</speedMph>
                    <altitudeFt>22930</altitudeFt>
                </position>
                <position>
                    <lat>40.1068</lat>
                    <lon>-1.9126</lon>
                    <date>2013-07-11T14:21:05+02:00</date>
                    <speedMph>388</speedMph>
                    <altitudeFt>23850</altitudeFt>
                </position>
                <position>
                    <lat>40.0486</lat>
                    <lon>-1.7759</lon>
                    <date>2013-07-11T14:20:05+02:00</date>
                    <speedMph>408</speedMph>
                    <altitudeFt>25430</altitudeFt>
                </position>
                <position>
                    <lat>39.9922</lat>
                    <lon>-1.6437</lon>
                    <date>2013-07-11T14:19:05+02:00</date>
                    <speedMph>416</speedMph>
                    <altitudeFt>26930</altitudeFt>
                </position>
                <position>
                    <lat>39.9346</lat>
                    <lon>-1.5092</lon>
                    <date>2013-07-11T14:18:05+02:00</date>
                    <speedMph>432</speedMph>
                    <altitudeFt>28430</altitudeFt>
                </position>
                <position>
                    <lat>39.88</lat>
                    <lon>-1.3824</lon>
                    <date>2013-07-11T14:17:05+02:00</date>
                    <speedMph>428</speedMph>
                    <altitudeFt>29480</altitudeFt>
                </position>
                <position>
                    <lat>39.8138</lat>
                    <lon>-1.2296</lon>
                    <date>2013-07-11T14:16:05+02:00</date>
                    <speedMph>424</speedMph>
                    <altitudeFt>30580</altitudeFt>
                </position>
                <position>
                    <lat>39.7583</lat>
                    <lon>-1.1025</lon>
                    <date>2013-07-11T14:15:04+02:00</date>
                    <speedMph>424</speedMph>
                    <altitudeFt>31500</altitudeFt>
                </position>
                <position>
                    <lat>39.705</lat>
                    <lon>-0.9802</lon>
                    <date>2013-07-11T14:14:04+02:00</date>
                    <speedMph>420</speedMph>
                    <altitudeFt>32380</altitudeFt>
                </position>
                <position>
                    <lat>39.6388</lat>
                    <lon>-0.8288</lon>
                    <date>2013-07-11T14:13:04+02:00</date>
                    <speedMph>416</speedMph>
                    <altitudeFt>33530</altitudeFt>
                </position>
                <position>
                    <lat>39.5833</lat>
                    <lon>-0.7023</lon>
                    <date>2013-07-11T14:12:03+02:00</date>
                    <speedMph>412</speedMph>
                    <altitudeFt>34450</altitudeFt>
                </position>
                <position>
                    <lat>39.529</lat>
                    <lon>-0.5649</lon>
                    <date>2013-07-11T14:10:59+02:00</date>
                    <speedMph>412</speedMph>
                    <altitudeFt>35000</altitudeFt>
                </position>
                <position>
                    <lat>39.5019</lat>
                    <lon>-0.4277</lon>
                    <date>2013-07-11T14:09:58+02:00</date>
                    <speedMph>412</speedMph>
                    <altitudeFt>35000</altitudeFt>
                </position>
                <position>
                    <lat>39.4998</lat>
                    <lon>-0.2883</lon>
                    <date>2013-07-11T14:08:58+02:00</date>
                    <speedMph>412</speedMph>
                    <altitudeFt>35000</altitudeFt>
                </position>
                <position>
                    <lat>39.5102</lat>
                    <lon>-0.1366</lon>
                    <date>2013-07-11T14:07:58+02:00</date>
                    <speedMph>412</speedMph>
                    <altitudeFt>35000</altitudeFt>
                </position>
                <position>
                    <lat>39.5205</lat>
                    <lon>0.0154</lon>
                    <date>2013-07-11T14:06:58+02:00</date>
                    <speedMph>412</speedMph>
                    <altitudeFt>35000</altitudeFt>
                </position>
                <position>
                    <lat>39.5295</lat>
                    <lon>0.1518</lon>
                    <date>2013-07-11T14:05:58+02:00</date>
                    <speedMph>412</speedMph>
                    <altitudeFt>35000</altitudeFt>
                </position>
                <position>
                    <lat>39.5395</lat>
                    <lon>0.3054</lon>
                    <date>2013-07-11T14:04:58+02:00</date>
                    <speedMph>412</speedMph>
                    <altitudeFt>35000</altitudeFt>
                </position>
                <position>
                    <lat>39.5489</lat>
                    <lon>0.4534</lon>
                    <date>2013-07-11T14:03:58+02:00</date>
                    <speedMph>412</speedMph>
                    <altitudeFt>35000</altitudeFt>
                </position>
                <position>
                    <lat>39.5583</lat>
                    <lon>0.6048</lon>
                    <date>2013-07-11T14:02:58+02:00</date>
                    <speedMph>408</speedMph>
                    <altitudeFt>34980</altitudeFt>
                </position>
                <position>
                    <lat>39.5666</lat>
                    <lon>0.7413</lon>
                    <date>2013-07-11T14:01:58+02:00</date>
                    <speedMph>408</speedMph>
                    <altitudeFt>34980</altitudeFt>
                </position>
                <position>
                    <lat>39.5759</lat>
                    <lon>0.8962</lon>
                    <date>2013-07-11T14:00:58+02:00</date>
                    <speedMph>408</speedMph>
                    <altitudeFt>35000</altitudeFt>
                </position>
                <position>
                    <lat>39.5847</lat>
                    <lon>1.0451</lon>
                    <date>2013-07-11T13:59:58+02:00</date>
                    <speedMph>408</speedMph>
                    <altitudeFt>35030</altitudeFt>
                </position>
                <position>
                    <lat>39.5929</lat>
                    <lon>1.1918</lon>
                    <date>2013-07-11T13:58:58+02:00</date>
                    <speedMph>408</speedMph>
                    <altitudeFt>35030</altitudeFt>
                </position>
                <position>
                    <lat>39.6009</lat>
                    <lon>1.3355</lon>
                    <date>2013-07-11T13:57:58+02:00</date>
                    <speedMph>408</speedMph>
                    <altitudeFt>35000</altitudeFt>
                </position>
                <position>
                    <lat>39.6086</lat>
                    <lon>1.4737</lon>
                    <date>2013-07-11T13:56:58+02:00</date>
                    <speedMph>408</speedMph>
                    <altitudeFt>35000</altitudeFt>
                </position>
                <position>
                    <lat>39.6163</lat>
                    <lon>1.619</lon>
                    <date>2013-07-11T13:55:58+02:00</date>
                    <speedMph>404</speedMph>
                    <altitudeFt>35000</altitudeFt>
                </position>
                <position>
                    <lat>39.624</lat>
                    <lon>1.7648</lon>
                    <date>2013-07-11T13:54:58+02:00</date>
                    <speedMph>404</speedMph>
                    <altitudeFt>34980</altitudeFt>
                </position>
                <position>
                    <lat>39.6312</lat>
                    <lon>1.9071</lon>
                    <date>2013-07-11T13:53:58+02:00</date>
                    <speedMph>400</speedMph>
                    <altitudeFt>34980</altitudeFt>
                </position>
                <position>
                    <lat>39.639</lat>
                    <lon>2.0639</lon>
                    <date>2013-07-11T13:52:58+02:00</date>
                    <speedMph>404</speedMph>
                    <altitudeFt>35000</altitudeFt>
                </position>
                <position>
                    <lat>39.646</lat>
                    <lon>2.2088</lon>
                    <date>2013-07-11T13:51:58+02:00</date>
                    <speedMph>404</speedMph>
                    <altitudeFt>35030</altitudeFt>
                </position>
                <position>
                    <lat>39.653</lat>
                    <lon>2.3556</lon>
                    <date>2013-07-11T13:50:58+02:00</date>
                    <speedMph>404</speedMph>
                    <altitudeFt>35000</altitudeFt>
                </position>
                <position>
                    <lat>39.6596</lat>
                    <lon>2.5003</lon>
                    <date>2013-07-11T13:49:58+02:00</date>
                    <speedMph>404</speedMph>
                    <altitudeFt>35000</altitudeFt>
                </position>
                <position>
                    <lat>39.6655</lat>
                    <lon>2.6345</lon>
                    <date>2013-07-11T13:48:58+02:00</date>
                    <speedMph>404</speedMph>
                    <altitudeFt>34980</altitudeFt>
                </position>
                <position>
                    <lat>39.6724</lat>
                    <lon>2.7919</lon>
                    <date>2013-07-11T13:47:58+02:00</date>
                    <speedMph>404</speedMph>
                    <altitudeFt>35000</altitudeFt>
                </position>
                <position>
                    <lat>39.6787</lat>
                    <lon>2.9432</lon>
                    <date>2013-07-11T13:46:58+02:00</date>
                    <speedMph>404</speedMph>
                    <altitudeFt>35030</altitudeFt>
                </position>
                <position>
                    <lat>39.6843</lat>
                    <lon>3.0814</lon>
                    <date>2013-07-11T13:45:58+02:00</date>
                    <speedMph>404</speedMph>
                    <altitudeFt>35000</altitudeFt>
                </position>
                <position>
                    <lat>39.6901</lat>
                    <lon>3.2269</lon>
                    <date>2013-07-11T13:44:58+02:00</date>
                    <speedMph>404</speedMph>
                    <altitudeFt>35000</altitudeFt>
                </position>
                <position>
                    <lat>39.6954</lat>
                    <lon>3.3724</lon>
                    <date>2013-07-11T13:43:58+02:00</date>
                    <speedMph>404</speedMph>
                    <altitudeFt>35000</altitudeFt>
                </position>
                <position>
                    <lat>39.7154</lat>
                    <lon>3.515</lon>
                    <date>2013-07-11T13:42:58+02:00</date>
                    <speedMph>404</speedMph>
                    <altitudeFt>35000</altitudeFt>
                </position>
                <position>
                    <lat>39.7455</lat>
                    <lon>3.6556</lon>
                    <date>2013-07-11T13:41:58+02:00</date>
                    <speedMph>404</speedMph>
                    <altitudeFt>35030</altitudeFt>
                </position>
                <position>
                    <lat>39.7755</lat>
                    <lon>3.7954</lon>
                    <date>2013-07-11T13:40:58+02:00</date>
                    <speedMph>404</speedMph>
                    <altitudeFt>35030</altitudeFt>
                </position>
                <position>
                    <lat>39.8028</lat>
                    <lon>3.9246</lon>
                    <date>2013-07-11T13:39:58+02:00</date>
                    <speedMph>400</speedMph>
                    <altitudeFt>35000</altitudeFt>
                </position>
                <position>
                    <lat>39.832</lat>
                    <lon>4.0636</lon>
                    <date>2013-07-11T13:38:58+02:00</date>
                    <speedMph>400</speedMph>
                    <altitudeFt>35000</altitudeFt>
                </position>
                <position>
                    <lat>39.8664</lat>
                    <lon>4.2285</lon>
                    <date>2013-07-11T13:37:58+02:00</date>
                    <speedMph>396</speedMph>
                    <altitudeFt>34980</altitudeFt>
                </position>
                <position>
                    <lat>39.8923</lat>
                    <lon>4.3532</lon>
                    <date>2013-07-11T13:36:58+02:00</date>
                    <speedMph>396</speedMph>
                    <altitudeFt>34980</altitudeFt>
                </position>
                <position>
                    <lat>39.9213</lat>
                    <lon>4.4923</lon>
                    <date>2013-07-11T13:35:58+02:00</date>
                    <speedMph>400</speedMph>
                    <altitudeFt>34980</altitudeFt>
                </position>
                <position>
                    <lat>39.9519</lat>
                    <lon>4.6376</lon>
                    <date>2013-07-11T13:34:58+02:00</date>
                    <speedMph>404</speedMph>
                    <altitudeFt>34950</altitudeFt>
                </position>
                <position>
                    <lat>39.9774</lat>
                    <lon>4.7875</lon>
                    <date>2013-07-11T13:33:58+02:00</date>
                    <speedMph>408</speedMph>
                    <altitudeFt>34980</altitudeFt>
                </position>
                <position>
                    <lat>39.9987</lat>
                    <lon>4.9134</lon>
                    <date>2013-07-11T13:32:58+02:00</date>
                    <speedMph>416</speedMph>
                    <altitudeFt>35030</altitudeFt>
                </position>
                <position>
                    <lat>40.0269</lat>
                    <lon>5.0824</lon>
                    <date>2013-07-11T13:31:58+02:00</date>
                    <speedMph>424</speedMph>
                    <altitudeFt>35030</altitudeFt>
                </position>
                <position>
                    <lat>40.0621</lat>
                    <lon>5.2946</lon>
                    <date>2013-07-11T13:30:58+02:00</date>
                    <speedMph>432</speedMph>
                    <altitudeFt>35030</altitudeFt>
                </position>
                <position>
                    <lat>40.0747</lat>
                    <lon>5.3725</lon>
                    <date>2013-07-11T13:29:57+02:00</date>
                    <speedMph>432</speedMph>
                    <altitudeFt>34980</altitudeFt>
                </position>
                <position>
                    <lat>40.1005</lat>
                    <lon>5.5305</lon>
                    <date>2013-07-11T13:28:57+02:00</date>
                    <speedMph>428</speedMph>
                    <altitudeFt>34980</altitudeFt>
                </position>
                <position>
                    <lat>40.1227</lat>
                    <lon>5.6677</lon>
                    <date>2013-07-11T13:27:57+02:00</date>
                    <speedMph>428</speedMph>
                    <altitudeFt>35030</altitudeFt>
                </position>
                <position>
                    <lat>40.147</lat>
                    <lon>5.8193</lon>
                    <date>2013-07-11T13:26:57+02:00</date>
                    <speedMph>428</speedMph>
                    <altitudeFt>35050</altitudeFt>
                </position>
                <position>
                    <lat>40.1733</lat>
                    <lon>5.9854</lon>
                    <date>2013-07-11T13:25:57+02:00</date>
                    <speedMph>428</speedMph>
                    <altitudeFt>35030</altitudeFt>
                </position>
                <position>
                    <lat>40.198</lat>
                    <lon>6.1423</lon>
                    <date>2013-07-11T13:24:57+02:00</date>
                    <speedMph>428</speedMph>
                    <altitudeFt>34980</altitudeFt>
                </position>
                <position>
                    <lat>40.2227</lat>
                    <lon>6.3015</lon>
                    <date>2013-07-11T13:23:57+02:00</date>
                    <speedMph>424</speedMph>
                    <altitudeFt>35000</altitudeFt>
                </position>
                <position>
                    <lat>40.2443</lat>
                    <lon>6.4414</lon>
                    <date>2013-07-11T13:22:57+02:00</date>
                    <speedMph>424</speedMph>
                    <altitudeFt>35000</altitudeFt>
                </position>
                <position>
                    <lat>40.2673</lat>
                    <lon>6.5912</lon>
                    <date>2013-07-11T13:21:57+02:00</date>
                    <speedMph>424</speedMph>
                    <altitudeFt>34980</altitudeFt>
                </position>
                <position>
                    <lat>40.2898</lat>
                    <lon>6.7408</lon>
                    <date>2013-07-11T13:20:57+02:00</date>
                    <speedMph>424</speedMph>
                    <altitudeFt>35030</altitudeFt>
                </position>
                <position>
                    <lat>40.3128</lat>
                    <lon>6.8931</lon>
                    <date>2013-07-11T13:19:57+02:00</date>
                    <speedMph>424</speedMph>
                    <altitudeFt>35050</altitudeFt>
                </position>
                <position>
                    <lat>40.3347</lat>
                    <lon>7.0408</lon>
                    <date>2013-07-11T13:18:57+02:00</date>
                    <speedMph>420</speedMph>
                    <altitudeFt>35000</altitudeFt>
                </position>
                <position>
                    <lat>40.3565</lat>
                    <lon>7.1905</lon>
                    <date>2013-07-11T13:17:57+02:00</date>
                    <speedMph>416</speedMph>
                    <altitudeFt>34980</altitudeFt>
                </position>
                <position>
                    <lat>40.3786</lat>
                    <lon>7.3412</lon>
                    <date>2013-07-11T13:16:57+02:00</date>
                    <speedMph>416</speedMph>
                    <altitudeFt>35000</altitudeFt>
                </position>
                <position>
                    <lat>40.4004</lat>
                    <lon>7.4899</lon>
                    <date>2013-07-11T13:15:57+02:00</date>
                    <speedMph>416</speedMph>
                    <altitudeFt>35030</altitudeFt>
                </position>
                <position>
                    <lat>40.4215</lat>
                    <lon>7.6389</lon>
                    <date>2013-07-11T13:14:57+02:00</date>
                    <speedMph>416</speedMph>
                    <altitudeFt>35000</altitudeFt>
                </position>
                <position>
                    <lat>40.4412</lat>
                    <lon>7.7776</lon>
                    <date>2013-07-11T13:13:57+02:00</date>
                    <speedMph>416</speedMph>
                    <altitudeFt>35000</altitudeFt>
                </position>
                <position>
                    <lat>40.462</lat>
                    <lon>7.9259</lon>
                    <date>2013-07-11T13:12:57+02:00</date>
                    <speedMph>416</speedMph>
                    <altitudeFt>34980</altitudeFt>
                </position>
                <position>
                    <lat>40.5029</lat>
                    <lon>8.2231</lon>
                    <date>2013-07-11T13:11:57+02:00</date>
                    <speedMph>416</speedMph>
                    <altitudeFt>35000</altitudeFt>
                </position>
                <position>
                    <lat>40.5094</lat>
                    <lon>8.2713</lon>
                    <date>2013-07-11T13:10:39+02:00</date>
                    <speedMph>416</speedMph>
                    <altitudeFt>35000</altitudeFt>
                </position>
                <position>
                    <lat>40.5343</lat>
                    <lon>8.4222</lon>
                    <date>2013-07-11T13:09:39+02:00</date>
                    <speedMph>420</speedMph>
                    <altitudeFt>35030</altitudeFt>
                </position>
                <position>
                    <lat>40.5723</lat>
                    <lon>8.5696</lon>
                    <date>2013-07-11T13:08:39+02:00</date>
                    <speedMph>424</speedMph>
                    <altitudeFt>35050</altitudeFt>
                </position>
                <position>
                    <lat>40.6091</lat>
                    <lon>8.7151</lon>
                    <date>2013-07-11T13:07:39+02:00</date>
                    <speedMph>424</speedMph>
                    <altitudeFt>35030</altitudeFt>
                </position>
                <position>
                    <lat>40.6459</lat>
                    <lon>8.8603</lon>
                    <date>2013-07-11T13:06:39+02:00</date>
                    <speedMph>420</speedMph>
                    <altitudeFt>35030</altitudeFt>
                </position>
                <position>
                    <lat>40.6825</lat>
                    <lon>9.0051</lon>
                    <date>2013-07-11T13:05:39+02:00</date>
                    <speedMph>420</speedMph>
                    <altitudeFt>34950</altitudeFt>
                </position>
                <position>
                    <lat>40.7172</lat>
                    <lon>9.144</lon>
                    <date>2013-07-11T13:04:39+02:00</date>
                    <speedMph>416</speedMph>
                    <altitudeFt>34950</altitudeFt>
                </position>
                <position>
                    <lat>40.7565</lat>
                    <lon>9.3029</lon>
                    <date>2013-07-11T13:03:39+02:00</date>
                    <speedMph>420</speedMph>
                    <altitudeFt>35000</altitudeFt>
                </position>
                <position>
                    <lat>40.7903</lat>
                    <lon>9.439</lon>
                    <date>2013-07-11T13:02:39+02:00</date>
                    <speedMph>420</speedMph>
                    <altitudeFt>35000</altitudeFt>
                </position>
                <position>
                    <lat>40.826</lat>
                    <lon>9.5846</lon>
                    <date>2013-07-11T13:01:39+02:00</date>
                    <speedMph>420</speedMph>
                    <altitudeFt>35000</altitudeFt>
                </position>
                <position>
                    <lat>40.888</lat>
                    <lon>9.8392</lon>
                    <date>2013-07-11T13:00:39+02:00</date>
                    <speedMph>428</speedMph>
                    <altitudeFt>33530</altitudeFt>
                </position>
                <position>
                    <lat>40.903</lat>
                    <lon>9.9012</lon>
                    <date>2013-07-11T12:59:33+02:00</date>
                    <speedMph>432</speedMph>
                    <altitudeFt>33000</altitudeFt>
                </position>
                <position>
                    <lat>40.941</lat>
                    <lon>10.0585</lon>
                    <date>2013-07-11T12:58:33+02:00</date>
                    <speedMph>432</speedMph>
                    <altitudeFt>31850</altitudeFt>
                </position>
                <position>
                    <lat>40.9757</lat>
                    <lon>10.2032</lon>
                    <date>2013-07-11T12:57:33+02:00</date>
                    <speedMph>432</speedMph>
                    <altitudeFt>30880</altitudeFt>
                </position>
                <position>
                    <lat>41.0108</lat>
                    <lon>10.3535</lon>
                    <date>2013-07-11T12:56:33+02:00</date>
                    <speedMph>436</speedMph>
                    <altitudeFt>29430</altitudeFt>
                </position>
                <position>
                    <lat>41.0534</lat>
                    <lon>10.4955</lon>
                    <date>2013-07-11T12:55:33+02:00</date>
                    <speedMph>444</speedMph>
                    <altitudeFt>28080</altitudeFt>
                </position>
                <position>
                    <lat>41.1137</lat>
                    <lon>10.6595</lon>
                    <date>2013-07-11T12:54:33+02:00</date>
                    <speedMph>432</speedMph>
                    <altitudeFt>26880</altitudeFt>
                </position>
                <position>
                    <lat>41.1584</lat>
                    <lon>10.7814</lon>
                    <date>2013-07-11T12:53:33+02:00</date>
                    <speedMph>432</speedMph>
                    <altitudeFt>25700</altitudeFt>
                </position>
                <position>
                    <lat>41.2125</lat>
                    <lon>10.9299</lon>
                    <date>2013-07-11T12:52:33+02:00</date>
                    <speedMph>416</speedMph>
                    <altitudeFt>24550</altitudeFt>
                </position>
                <position>
                    <lat>41.2622</lat>
                    <lon>11.0669</lon>
                    <date>2013-07-11T12:51:33+02:00</date>
                    <speedMph>408</speedMph>
                    <altitudeFt>23200</altitudeFt>
                </position>
                <position>
                    <lat>41.311</lat>
                    <lon>11.2022</lon>
                    <date>2013-07-11T12:50:33+02:00</date>
                    <speedMph>396</speedMph>
                    <altitudeFt>21730</altitudeFt>
                </position>
                <position>
                    <lat>41.3577</lat>
                    <lon>11.3321</lon>
                    <date>2013-07-11T12:49:33+02:00</date>
                    <speedMph>392</speedMph>
                    <altitudeFt>19880</altitudeFt>
                </position>
                <position>
                    <lat>41.4037</lat>
                    <lon>11.4607</lon>
                    <date>2013-07-11T12:48:33+02:00</date>
                    <speedMph>380</speedMph>
                    <altitudeFt>18200</altitudeFt>
                </position>
                <position>
                    <lat>41.4443</lat>
                    <lon>11.575</lon>
                    <date>2013-07-11T12:47:33+02:00</date>
                    <speedMph>368</speedMph>
                    <altitudeFt>16380</altitudeFt>
                </position>
                <position>
                    <lat>41.4878</lat>
                    <lon>11.6979</lon>
                    <date>2013-07-11T12:46:33+02:00</date>
                    <speedMph>360</speedMph>
                    <altitudeFt>14230</altitudeFt>
                </position>
                <position>
                    <lat>41.5103</lat>
                    <lon>11.7623</lon>
                    <date>2013-07-11T12:46:03+02:00</date>
                    <speedMph>356</speedMph>
                    <altitudeFt>13000</altitudeFt>
                </position>
                <position>
                    <lat>41.531</lat>
                    <lon>11.8215</lon>
                    <date>2013-07-11T12:45:33+02:00</date>
                    <speedMph>352</speedMph>
                    <altitudeFt>11750</altitudeFt>
                </position>
                <position>
                    <lat>41.5512</lat>
                    <lon>11.8799</lon>
                    <date>2013-07-11T12:45:03+02:00</date>
                    <speedMph>332</speedMph>
                    <altitudeFt>11030</altitudeFt>
                </position>
                <position>
                    <lat>41.5683</lat>
                    <lon>11.9299</lon>
                    <date>2013-07-11T12:44:33+02:00</date>
                    <speedMph>304</speedMph>
                    <altitudeFt>10530</altitudeFt>
                </position>
                <position>
                    <lat>41.5858</lat>
                    <lon>11.9819</lon>
                    <date>2013-07-11T12:44:03+02:00</date>
                    <speedMph>288</speedMph>
                    <altitudeFt>9550</altitudeFt>
                </position>
                <position>
                    <lat>41.5907</lat>
                    <lon>11.9961</lon>
                    <date>2013-07-11T12:43:53+02:00</date>
                    <speedMph>288</speedMph>
                    <altitudeFt>9150</altitudeFt>
                </position>
                <position>
                    <lat>41.5992</lat>
                    <lon>12.0179</lon>
                    <date>2013-07-11T12:43:43+02:00</date>
                    <speedMph>288</speedMph>
                    <altitudeFt>8550</altitudeFt>
                </position>
                <position>
                    <lat>41.6045</lat>
                    <lon>12.026</lon>
                    <date>2013-07-11T12:43:33+02:00</date>
                    <speedMph>284</speedMph>
                    <altitudeFt>8350</altitudeFt>
                </position>
                <position>
                    <lat>41.6182</lat>
                    <lon>12.0408</lon>
                    <date>2013-07-11T12:43:23+02:00</date>
                    <speedMph>280</speedMph>
                    <altitudeFt>7850</altitudeFt>
                </position>
                <position>
                    <lat>41.6281</lat>
                    <lon>12.0511</lon>
                    <date>2013-07-11T12:43:13+02:00</date>
                    <speedMph>280</speedMph>
                    <altitudeFt>7450</altitudeFt>
                </position>
                <position>
                    <lat>41.6381</lat>
                    <lon>12.0617</lon>
                    <date>2013-07-11T12:43:03+02:00</date>
                    <speedMph>276</speedMph>
                    <altitudeFt>7030</altitudeFt>
                </position>
                <position>
                    <lat>41.6447</lat>
                    <lon>12.0688</lon>
                    <date>2013-07-11T12:42:53+02:00</date>
                    <speedMph>276</speedMph>
                    <altitudeFt>6730</altitudeFt>
                </position>
                <position>
                    <lat>41.6581</lat>
                    <lon>12.0834</lon>
                    <date>2013-07-11T12:42:43+02:00</date>
                    <speedMph>276</speedMph>
                    <altitudeFt>6100</altitudeFt>
                </position>
                <position>
                    <lat>41.6645</lat>
                    <lon>12.0906</lon>
                    <date>2013-07-11T12:42:33+02:00</date>
                    <speedMph>276</speedMph>
                    <altitudeFt>5780</altitudeFt>
                </position>
                <position>
                    <lat>41.6761</lat>
                    <lon>12.1037</lon>
                    <date>2013-07-11T12:42:23+02:00</date>
                    <speedMph>272</speedMph>
                    <altitudeFt>5230</altitudeFt>
                </position>
                <position>
                    <lat>41.6854</lat>
                    <lon>12.1145</lon>
                    <date>2013-07-11T12:42:13+02:00</date>
                    <speedMph>272</speedMph>
                    <altitudeFt>4750</altitudeFt>
                </position>
                <position>
                    <lat>41.6911</lat>
                    <lon>12.1212</lon>
                    <date>2013-07-11T12:42:08+02:00</date>
                    <speedMph>272</speedMph>
                    <altitudeFt>4480</altitudeFt>
                </position>
                <position>
                    <lat>41.6966</lat>
                    <lon>12.1278</lon>
                    <date>2013-07-11T12:42:03+02:00</date>
                    <speedMph>268</speedMph>
                    <altitudeFt>4230</altitudeFt>
                </position>
                <position>
                    <lat>41.6986</lat>
                    <lon>12.1302</lon>
                    <date>2013-07-11T12:41:58+02:00</date>
                    <speedMph>268</speedMph>
                    <altitudeFt>4130</altitudeFt>
                </position>
                <position>
                    <lat>41.7023</lat>
                    <lon>12.1347</lon>
                    <date>2013-07-11T12:41:53+02:00</date>
                    <speedMph>268</speedMph>
                    <altitudeFt>3950</altitudeFt>
                </position>
                <position>
                    <lat>41.7094</lat>
                    <lon>12.1434</lon>
                    <date>2013-07-11T12:41:48+02:00</date>
                    <speedMph>264</speedMph>
                    <altitudeFt>3630</altitudeFt>
                </position>
                <position>
                    <lat>41.7148</lat>
                    <lon>12.15</lon>
                    <date>2013-07-11T12:41:43+02:00</date>
                    <speedMph>260</speedMph>
                    <altitudeFt>3430</altitudeFt>
                </position>
                <position>
                    <lat>41.7182</lat>
                    <lon>12.1543</lon>
                    <date>2013-07-11T12:41:38+02:00</date>
                    <speedMph>256</speedMph>
                    <altitudeFt>3350</altitudeFt>
                </position>
                <position>
                    <lat>41.7235</lat>
                    <lon>12.1607</lon>
                    <date>2013-07-11T12:41:33+02:00</date>
                    <speedMph>244</speedMph>
                    <altitudeFt>3250</altitudeFt>
                </position>
                <position>
                    <lat>41.7251</lat>
                    <lon>12.1627</lon>
                    <date>2013-07-11T12:41:28+02:00</date>
                    <speedMph>240</speedMph>
                    <altitudeFt>3200</altitudeFt>
                </position>
                <position>
                    <lat>41.7316</lat>
                    <lon>12.1703</lon>
                    <date>2013-07-11T12:41:23+02:00</date>
                    <speedMph>224</speedMph>
                    <altitudeFt>3150</altitudeFt>
                </position>
                <position>
                    <lat>41.7352</lat>
                    <lon>12.1743</lon>
                    <date>2013-07-11T12:41:18+02:00</date>
                    <speedMph>220</speedMph>
                    <altitudeFt>3100</altitudeFt>
                </position>
                <position>
                    <lat>41.7385</lat>
                    <lon>12.1776</lon>
                    <date>2013-07-11T12:41:13+02:00</date>
                    <speedMph>216</speedMph>
                    <altitudeFt>3030</altitudeFt>
                </position>
                <position>
                    <lat>41.742</lat>
                    <lon>12.1811</lon>
                    <date>2013-07-11T12:41:08+02:00</date>
                    <speedMph>212</speedMph>
                    <altitudeFt>2930</altitudeFt>
                </position>
                <position>
                    <lat>41.7481</lat>
                    <lon>12.186</lon>
                    <date>2013-07-11T12:41:03+02:00</date>
                    <speedMph>208</speedMph>
                    <altitudeFt>2780</altitudeFt>
                </position>
                <position>
                    <lat>41.7517</lat>
                    <lon>12.1882</lon>
                    <date>2013-07-11T12:40:58+02:00</date>
                    <speedMph>204</speedMph>
                    <altitudeFt>2700</altitudeFt>
                </position>
                <position>
                    <lat>41.755</lat>
                    <lon>12.19</lon>
                    <date>2013-07-11T12:40:53+02:00</date>
                    <speedMph>200</speedMph>
                    <altitudeFt>2630</altitudeFt>
                </position>
                <position>
                    <lat>41.7617</lat>
                    <lon>12.1922</lon>
                    <date>2013-07-11T12:40:48+02:00</date>
                    <speedMph>196</speedMph>
                    <altitudeFt>2500</altitudeFt>
                </position>
                <position>
                    <lat>41.7658</lat>
                    <lon>12.193</lon>
                    <date>2013-07-11T12:40:43+02:00</date>
                    <speedMph>192</speedMph>
                    <altitudeFt>2400</altitudeFt>
                </position>
                <position>
                    <lat>41.7695</lat>
                    <lon>12.1936</lon>
                    <date>2013-07-11T12:40:38+02:00</date>
                    <speedMph>188</speedMph>
                    <altitudeFt>2300</altitudeFt>
                </position>
                <position>
                    <lat>41.7729</lat>
                    <lon>12.1942</lon>
                    <date>2013-07-11T12:40:33+02:00</date>
                    <speedMph>188</speedMph>
                    <altitudeFt>2200</altitudeFt>
                </position>
                <position>
                    <lat>41.7762</lat>
                    <lon>12.1952</lon>
                    <date>2013-07-11T12:40:28+02:00</date>
                    <speedMph>184</speedMph>
                    <altitudeFt>2130</altitudeFt>
                </position>
                <position>
                    <lat>41.7825</lat>
                    <lon>12.1981</lon>
                    <date>2013-07-11T12:40:23+02:00</date>
                    <speedMph>180</speedMph>
                    <altitudeFt>1950</altitudeFt>
                </position>
                <position>
                    <lat>41.7855</lat>
                    <lon>12.2001</lon>
                    <date>2013-07-11T12:40:18+02:00</date>
                    <speedMph>176</speedMph>
                    <altitudeFt>1880</altitudeFt>
                </position>
                <position>
                    <lat>41.7883</lat>
                    <lon>12.2024</lon>
                    <date>2013-07-11T12:40:13+02:00</date>
                    <speedMph>172</speedMph>
                    <altitudeFt>1800</altitudeFt>
                </position>
                <position>
                    <lat>41.791</lat>
                    <lon>12.2058</lon>
                    <date>2013-07-11T12:40:08+02:00</date>
                    <speedMph>168</speedMph>
                    <altitudeFt>1700</altitudeFt>
                </position>
                <position>
                    <lat>41.794</lat>
                    <lon>12.2125</lon>
                    <date>2013-07-11T12:40:03+02:00</date>
                    <speedMph>164</speedMph>
                    <altitudeFt>1580</altitudeFt>
                </position>
                <position>
                    <lat>41.7952</lat>
                    <lon>12.2163</lon>
                    <date>2013-07-11T12:39:58+02:00</date>
                    <speedMph>160</speedMph>
                    <altitudeFt>1480</altitudeFt>
                </position>
                <position>
                    <lat>41.7959</lat>
                    <lon>12.2194</lon>
                    <date>2013-07-11T12:39:53+02:00</date>
                    <speedMph>160</speedMph>
                    <altitudeFt>1400</altitudeFt>
                </position>
                <position>
                    <lat>41.798</lat>
                    <lon>12.227</lon>
                    <date>2013-07-11T12:39:48+02:00</date>
                    <speedMph>156</speedMph>
                    <altitudeFt>1130</altitudeFt>
                </position>
                <position>
                    <lat>41.799</lat>
                    <lon>12.2304</lon>
                    <date>2013-07-11T12:39:43+02:00</date>
                    <speedMph>156</speedMph>
                    <altitudeFt>950</altitudeFt>
                </position>
                <position>
                    <lat>41.7999</lat>
                    <lon>12.2337</lon>
                    <date>2013-07-11T12:39:38+02:00</date>
                    <speedMph>160</speedMph>
                    <altitudeFt>780</altitudeFt>
                </position>
                <position>
                    <lat>41.801</lat>
                    <lon>12.2377</lon>
                    <date>2013-07-11T12:39:33+02:00</date>
                    <speedMph>160</speedMph>
                    <altitudeFt>550</altitudeFt>
                </position>
                <position>
                    <lat>41.8019</lat>
                    <lon>12.2411</lon>
                    <date>2013-07-11T12:39:28+02:00</date>
                    <speedMph>164</speedMph>
                    <altitudeFt>380</altitudeFt>
                </position>
                <position>
                    <lat>41.8035</lat>
                    <lon>12.2474</lon>
                    <date>2013-07-11T12:39:23+02:00</date>
                    <speedMph>168</speedMph>
                    <altitudeFt>100</altitudeFt>
                </position>
                <position>
                    <lat>41.805</lat>
                    <lon>12.2528</lon>
                    <date>2013-07-11T12:39:18+02:00</date>
                    <speedMph>152</speedMph>
                    <altitudeFt>0</altitudeFt>
                </position>
                <position>
                    <lat>41.806</lat>
                    <lon>12.2562</lon>
                    <date>2013-07-11T12:39:13+02:00</date>
                    <speedMph>136</speedMph>
                    <altitudeFt>0</altitudeFt>
                </position>
                <position>
                    <lat>41.8068</lat>
                    <lon>12.2592</lon>
                    <date>2013-07-11T12:39:08+02:00</date>
                    <speedMph>120</speedMph>
                    <altitudeFt>0</altitudeFt>
                </position>
                <position>
                    <lat>41.8081</lat>
                    <lon>12.2641</lon>
                    <date>2013-07-11T12:39:03+02:00</date>
                    <speedMph>88</speedMph>
                    <altitudeFt>0</altitudeFt>
                </position>
                <position>
                    <lat>41.8087</lat>
                    <lon>12.266</lon>
                    <date>2013-07-11T12:38:58+02:00</date>
                    <speedMph>68</speedMph>
                    <altitudeFt>0</altitudeFt>
                </position>
                <position>
                    <lat>41.8091</lat>
                    <lon>12.2675</lon>
                    <date>2013-07-11T12:38:53+02:00</date>
                    <speedMph>44</speedMph>
                    <altitudeFt>0</altitudeFt>
                </position>
                <position>
                    <lat>41.8096</lat>
                    <lon>12.2694</lon>
                    <date>2013-07-11T12:38:33+02:00</date>
                    <speedMph>20</speedMph>
                    <altitudeFt>0</altitudeFt>
                </position>
                <position>
                    <lat>41.8096</lat>
                    <lon>12.2695</lon>
                    <date>2013-07-11T12:38:28+02:00</date>
                    <speedMph>20</speedMph>
                    <altitudeFt>0</altitudeFt>
                </position>
                <position>
                    <lat>41.8093</lat>
                    <lon>12.2698</lon>
                    <date>2013-07-11T12:38:23+02:00</date>
                    <speedMph>24</speedMph>
                    <altitudeFt>0</altitudeFt>
                </position>
                <position>
                    <lat>41.8092</lat>
                    <lon>12.2699</lon>
                    <date>2013-07-11T12:38:18+02:00</date>
                    <speedMph>24</speedMph>
                    <altitudeFt>0</altitudeFt>
                </position>
                <position>
                    <lat>41.809</lat>
                    <lon>12.27</lon>
                    <date>2013-07-11T12:38:13+02:00</date>
                    <speedMph>16</speedMph>
                    <altitudeFt>0</altitudeFt>
                </position>
                <position>
                    <lat>41.8089</lat>
                    <lon>12.27</lon>
                    <date>2013-07-11T12:38:08+02:00</date>
                    <speedMph>16</speedMph>
                    <altitudeFt>0</altitudeFt>
                </position>
                <position>
                    <lat>41.8089</lat>
                    <lon>12.27</lon>
                    <date>2013-07-11T12:38:03+02:00</date>
                    <speedMph>12</speedMph>
                    <altitudeFt>0</altitudeFt>
                </position>
                <position>
                    <lat>41.8088</lat>
                    <lon>12.2701</lon>
                    <date>2013-07-11T12:37:48+02:00</date>
                    <speedMph>0</speedMph>
                    <altitudeFt>0</altitudeFt>
                </position>
                <position>
                    <lat>41.8088</lat>
                    <lon>12.2701</lon>
                    <date>2013-07-11T12:37:38+02:00</date>
                    <speedMph>0</speedMph>
                    <altitudeFt>0</altitudeFt>
                </position>
                <position>
                    <lat>41.8088</lat>
                    <lon>12.2701</lon>
                    <date>2013-07-11T12:37:13+02:00</date>
                    <speedMph>4</speedMph>
                    <altitudeFt>0</altitudeFt>
                </position>
                <position>
                    <lat>41.8088</lat>
                    <lon>12.2701</lon>
                    <date>2013-07-11T12:37:08+02:00</date>
                    <speedMph>8</speedMph>
                    <altitudeFt>0</altitudeFt>
                </position>
                <position>
                    <lat>41.8087</lat>
                    <lon>12.2701</lon>
                    <date>2013-07-11T12:37:03+02:00</date>
                    <speedMph>16</speedMph>
                    <altitudeFt>0</altitudeFt>
                </position>
                <position>
                    <lat>41.8086</lat>
                    <lon>12.2702</lon>
                    <date>2013-07-11T12:36:58+02:00</date>
                    <speedMph>20</speedMph>
                    <altitudeFt>0</altitudeFt>
                </position>
                <position>
                    <lat>41.8078</lat>
                    <lon>12.2705</lon>
                    <date>2013-07-11T12:36:38+02:00</date>
                    <speedMph>24</speedMph>
                    <altitudeFt>0</altitudeFt>
                </position>
                <position>
                    <lat>41.8077</lat>
                    <lon>12.2704</lon>
                    <date>2013-07-11T12:36:33+02:00</date>
                    <speedMph>20</speedMph>
                    <altitudeFt>0</altitudeFt>
                </position>
                <position>
                    <lat>41.8075</lat>
                    <lon>12.2703</lon>
                    <date>2013-07-11T12:36:28+02:00</date>
                    <speedMph>20</speedMph>
                    <altitudeFt>0</altitudeFt>
                </position>
                <position>
                    <lat>41.8074</lat>
                    <lon>12.2701</lon>
                    <date>2013-07-11T12:36:23+02:00</date>
                    <speedMph>16</speedMph>
                    <altitudeFt>0</altitudeFt>
                </position>
                <position>
                    <lat>41.8074</lat>
                    <lon>12.2699</lon>
                    <date>2013-07-11T12:36:18+02:00</date>
                    <speedMph>16</speedMph>
                    <altitudeFt>0</altitudeFt>
                </position>
                <position>
                    <lat>41.8073</lat>
                    <lon>12.2698</lon>
                    <date>2013-07-11T12:36:13+02:00</date>
                    <speedMph>16</speedMph>
                    <altitudeFt>0</altitudeFt>
                </position>
                <position>
                    <lat>41.8073</lat>
                    <lon>12.2697</lon>
                    <date>2013-07-11T12:36:08+02:00</date>
                    <speedMph>12</speedMph>
                    <altitudeFt>0</altitudeFt>
                </position>
                <position>
                    <lat>41.8073</lat>
                    <lon>12.2695</lon>
                    <date>2013-07-11T12:36:03+02:00</date>
                    <speedMph>12</speedMph>
                    <altitudeFt>0</altitudeFt>
                </position>
                <position>
                    <lat>41.8072</lat>
                    <lon>12.2695</lon>
                    <date>2013-07-11T12:35:58+02:00</date>
                    <speedMph>4</speedMph>
                    <altitudeFt>0</altitudeFt>
                </position>
                <position>
                    <lat>41.8072</lat>
                    <lon>12.2695</lon>
                    <date>2013-07-11T12:35:33+02:00</date>
                    <speedMph>0</speedMph>
                    <altitudeFt>0</altitudeFt>
                </position>
                <position>
                    <lat>41.8072</lat>
                    <lon>12.2694</lon>
                    <date>2013-07-11T12:35:23+02:00</date>
                    <speedMph>8</speedMph>
                    <altitudeFt>0</altitudeFt>
                </position>
                <position>
                    <lat>41.8072</lat>
                    <lon>12.2693</lon>
                    <date>2013-07-11T12:35:18+02:00</date>
                    <speedMph>12</speedMph>
                    <altitudeFt>0</altitudeFt>
                </position>
                <position>
                    <lat>41.8072</lat>
                    <lon>12.2692</lon>
                    <date>2013-07-11T12:35:13+02:00</date>
                    <speedMph>12</speedMph>
                    <altitudeFt>0</altitudeFt>
                </position>
                <position>
                    <lat>41.8071</lat>
                    <lon>12.2691</lon>
                    <date>2013-07-11T12:35:08+02:00</date>
                    <speedMph>12</speedMph>
                    <altitudeFt>0</altitudeFt>
                </position>
                <position>
                    <lat>41.8071</lat>
                    <lon>12.269</lon>
                    <date>2013-07-11T12:35:03+02:00</date>
                    <speedMph>12</speedMph>
                    <altitudeFt>0</altitudeFt>
                </position>
                <position>
                    <lat>41.8071</lat>
                    <lon>12.2689</lon>
                    <date>2013-07-11T12:34:58+02:00</date>
                    <speedMph>16</speedMph>
                    <altitudeFt>0</altitudeFt>
                </position>
                <position>
                    <lat>41.807</lat>
                    <lon>12.2687</lon>
                    <date>2013-07-11T12:34:53+02:00</date>
                    <speedMph>20</speedMph>
                    <altitudeFt>0</altitudeFt>
                </position>
                <position>
                    <lat>41.807</lat>
                    <lon>12.2685</lon>
                    <date>2013-07-11T12:34:48+02:00</date>
                    <speedMph>24</speedMph>
                    <altitudeFt>0</altitudeFt>
                </position>
                <position>
                    <lat>41.8069</lat>
                    <lon>12.2684</lon>
                    <date>2013-07-11T12:34:43+02:00</date>
                    <speedMph>24</speedMph>
                    <altitudeFt>0</altitudeFt>
                </position>
                <position>
                    <lat>41.8068</lat>
                    <lon>12.2678</lon>
                    <date>2013-07-11T12:34:38+02:00</date>
                    <speedMph>20</speedMph>
                    <altitudeFt>0</altitudeFt>
                </position>
                <position>
                    <lat>41.8068</lat>
                    <lon>12.2677</lon>
                    <date>2013-07-11T12:34:33+02:00</date>
                    <speedMph>20</speedMph>
                    <altitudeFt>0</altitudeFt>
                </position>
                <position>
                    <lat>41.8067</lat>
                    <lon>12.2676</lon>
                    <date>2013-07-11T12:34:28+02:00</date>
                    <speedMph>20</speedMph>
                    <altitudeFt>0</altitudeFt>
                </position>
                <position>
                    <lat>41.8066</lat>
                    <lon>12.2672</lon>
                    <date>2013-07-11T12:34:23+02:00</date>
                    <speedMph>20</speedMph>
                    <altitudeFt>0</altitudeFt>
                </position>
                <position>
                    <lat>41.8066</lat>
                    <lon>12.2671</lon>
                    <date>2013-07-11T12:34:18+02:00</date>
                    <speedMph>20</speedMph>
                    <altitudeFt>0</altitudeFt>
                </position>
                <position>
                    <lat>41.8065</lat>
                    <lon>12.2669</lon>
                    <date>2013-07-11T12:34:13+02:00</date>
                    <speedMph>20</speedMph>
                    <altitudeFt>0</altitudeFt>
                </position>
                <position>
                    <lat>41.8064</lat>
                    <lon>12.2665</lon>
                    <date>2013-07-11T12:34:08+02:00</date>
                    <speedMph>20</speedMph>
                    <altitudeFt>0</altitudeFt>
                </position>
                <position>
                    <lat>41.8064</lat>
                    <lon>12.2664</lon>
                    <date>2013-07-11T12:34:03+02:00</date>
                    <speedMph>16</speedMph>
                    <altitudeFt>0</altitudeFt>
                </position>
                <position>
                    <lat>41.8063</lat>
                    <lon>12.2661</lon>
                    <date>2013-07-11T12:33:58+02:00</date>
                    <speedMph>16</speedMph>
                    <altitudeFt>0</altitudeFt>
                </position>
                <position>
                    <lat>41.8062</lat>
                    <lon>12.2659</lon>
                    <date>2013-07-11T12:33:48+02:00</date>
                    <speedMph>16</speedMph>
                    <altitudeFt>0</altitudeFt>
                </position>
                <position>
                    <lat>41.8062</lat>
                    <lon>12.2656</lon>
                    <date>2013-07-11T12:33:43+02:00</date>
                    <speedMph>20</speedMph>
                    <altitudeFt>0</altitudeFt>
                </position>
                <position>
                    <lat>41.8061</lat>
                    <lon>12.2654</lon>
                    <date>2013-07-11T12:33:38+02:00</date>
                    <speedMph>20</speedMph>
                    <altitudeFt>0</altitudeFt>
                </position>
                <position>
                    <lat>41.8061</lat>
                    <lon>12.2652</lon>
                    <date>2013-07-11T12:33:33+02:00</date>
                    <speedMph>20</speedMph>
                    <altitudeFt>0</altitudeFt>
                </position>
                <position>
                    <lat>41.806</lat>
                    <lon>12.2651</lon>
                    <date>2013-07-11T12:33:28+02:00</date>
                    <speedMph>20</speedMph>
                    <altitudeFt>0</altitudeFt>
                </position>
                <position>
                    <lat>41.806</lat>
                    <lon>12.265</lon>
                    <date>2013-07-11T12:33:23+02:00</date>
                    <speedMph>20</speedMph>
                    <altitudeFt>0</altitudeFt>
                </position>
                <position>
                    <lat>41.8059</lat>
                    <lon>12.2648</lon>
                    <date>2013-07-11T12:33:18+02:00</date>
                    <speedMph>16</speedMph>
                    <altitudeFt>0</altitudeFt>
                </position>
                <position>
                    <lat>41.8059</lat>
                    <lon>12.2646</lon>
                    <date>2013-07-11T12:33:13+02:00</date>
                    <speedMph>16</speedMph>
                    <altitudeFt>0</altitudeFt>
                </position>
                <position>
                    <lat>41.8059</lat>
                    <lon>12.2645</lon>
                    <date>2013-07-11T12:33:08+02:00</date>
                    <speedMph>12</speedMph>
                    <altitudeFt>0</altitudeFt>
                </position>
                <position>
                    <lat>41.8058</lat>
                    <lon>12.2644</lon>
                    <date>2013-07-11T12:32:58+02:00</date>
                    <speedMph>8</speedMph>
                    <altitudeFt>0</altitudeFt>
                </position>
                <position>
                    <lat>41.8058</lat>
                    <lon>12.2643</lon>
                    <date>2013-07-11T12:32:53+02:00</date>
                    <speedMph>12</speedMph>
                    <altitudeFt>0</altitudeFt>
                </position>
                <position>
                    <lat>41.8058</lat>
                    <lon>12.2641</lon>
                    <date>2013-07-11T12:32:43+02:00</date>
                    <speedMph>16</speedMph>
                    <altitudeFt>0</altitudeFt>
                </position>
                <position>
                    <lat>41.8056</lat>
                    <lon>12.2636</lon>
                    <date>2013-07-11T12:32:33+02:00</date>
                    <speedMph>24</speedMph>
                    <altitudeFt>0</altitudeFt>
                </position>
                <position>
                    <lat>41.8056</lat>
                    <lon>12.2634</lon>
                    <date>2013-07-11T12:32:28+02:00</date>
                    <speedMph>28</speedMph>
                    <altitudeFt>0</altitudeFt>
                </position>
                <position>
                    <lat>41.8055</lat>
                    <lon>12.2632</lon>
                    <date>2013-07-11T12:32:23+02:00</date>
                    <speedMph>28</speedMph>
                    <altitudeFt>0</altitudeFt>
                </position>
                <position>
                    <lat>41.8052</lat>
                    <lon>12.2621</lon>
                    <date>2013-07-11T12:32:13+02:00</date>
                    <speedMph>32</speedMph>
                    <altitudeFt>0</altitudeFt>
                </position>
                <position>
                    <lat>41.8051</lat>
                    <lon>12.2618</lon>
                    <date>2013-07-11T12:32:08+02:00</date>
                    <speedMph>32</speedMph>
                    <altitudeFt>0</altitudeFt>
                </position>
                <position>
                    <lat>41.805</lat>
                    <lon>12.2615</lon>
                    <date>2013-07-11T12:32:03+02:00</date>
                    <speedMph>32</speedMph>
                    <altitudeFt>0</altitudeFt>
                </position>
                <position>
                    <lat>41.805</lat>
                    <lon>12.2612</lon>
                    <date>2013-07-11T12:31:58+02:00</date>
                    <speedMph>32</speedMph>
                    <altitudeFt>0</altitudeFt>
                </position>
                <position>
                    <lat>41.8048</lat>
                    <lon>12.2606</lon>
                    <date>2013-07-11T12:31:53+02:00</date>
                    <speedMph>28</speedMph>
                    <altitudeFt>0</altitudeFt>
                </position>
                <position>
                    <lat>41.8047</lat>
                    <lon>12.2603</lon>
                    <date>2013-07-11T12:31:48+02:00</date>
                    <speedMph>28</speedMph>
                    <altitudeFt>0</altitudeFt>
                </position>
                <position>
                    <lat>41.8046</lat>
                    <lon>12.26</lon>
                    <date>2013-07-11T12:31:43+02:00</date>
                    <speedMph>28</speedMph>
                    <altitudeFt>0</altitudeFt>
                </position>
                <position>
                    <lat>41.8046</lat>
                    <lon>12.2598</lon>
                    <date>2013-07-11T12:31:38+02:00</date>
                    <speedMph>28</speedMph>
                    <altitudeFt>0</altitudeFt>
                </position>
                <position>
                    <lat>41.8044</lat>
                    <lon>12.2591</lon>
                    <date>2013-07-11T12:31:28+02:00</date>
                    <speedMph>24</speedMph>
                    <altitudeFt>0</altitudeFt>
                </position>
                <position>
                    <lat>41.8042</lat>
                    <lon>12.2586</lon>
                    <date>2013-07-11T12:31:18+02:00</date>
                    <speedMph>32</speedMph>
                    <altitudeFt>0</altitudeFt>
                </position>
                <position>
                    <lat>41.804</lat>
                    <lon>12.2579</lon>
                    <date>2013-07-11T12:31:13+02:00</date>
                    <speedMph>32</speedMph>
                    <altitudeFt>0</altitudeFt>
                </position>
                <position>
                    <lat>41.804</lat>
                    <lon>12.2577</lon>
                    <date>2013-07-11T12:31:08+02:00</date>
                    <speedMph>32</speedMph>
                    <altitudeFt>0</altitudeFt>
                </position>
                <position>
                    <lat>41.8039</lat>
                    <lon>12.2574</lon>
                    <date>2013-07-11T12:31:03+02:00</date>
                    <speedMph>16</speedMph>
                    <altitudeFt>0</altitudeFt>
                </position>
                <position>
                    <lat>41.8037</lat>
                    <lon>12.2568</lon>
                    <date>2013-07-11T12:30:58+02:00</date>
                    <speedMph>16</speedMph>
                    <altitudeFt>0</altitudeFt>
                </position>
                <position>
                    <lat>41.803</lat>
                    <lon>12.2547</lon>
                    <date>2013-07-11T12:30:53+02:00</date>
                    <speedMph>16</speedMph>
                    <altitudeFt>0</altitudeFt>
                </position>
                <position>
                    <lat>41.8027</lat>
                    <lon>12.2544</lon>
                    <date>2013-07-11T12:30:48+02:00</date>
                    <speedMph>16</speedMph>
                    <altitudeFt>0</altitudeFt>
                </position>
                <position>
                    <lat>41.8006</lat>
                    <lon>12.2533</lon>
                    <date>2013-07-11T12:29:54+02:00</date>
                    <speedMph>32</speedMph>
                    <altitudeFt>0</altitudeFt>
                </position>
                <position>
                    <lat>41.8004</lat>
                    <lon>12.2533</lon>
                    <date>2013-07-11T12:29:49+02:00</date>
                    <speedMph>28</speedMph>
                    <altitudeFt>0</altitudeFt>
                </position>
                <position>
                    <lat>41.8002</lat>
                    <lon>12.2535</lon>
                    <date>2013-07-11T12:29:44+02:00</date>
                    <speedMph>28</speedMph>
                    <altitudeFt>0</altitudeFt>
                </position>
                <position>
                    <lat>41.7995</lat>
                    <lon>12.2549</lon>
                    <date>2013-07-11T12:29:19+02:00</date>
                    <speedMph>24</speedMph>
                    <altitudeFt>0</altitudeFt>
                </position>
                <position>
                    <lat>41.7993</lat>
                    <lon>12.2548</lon>
                    <date>2013-07-11T12:29:14+02:00</date>
                    <speedMph>24</speedMph>
                    <altitudeFt>0</altitudeFt>
                </position>
                <position>
                    <lat>41.7991</lat>
                    <lon>12.2546</lon>
                    <date>2013-07-11T12:29:09+02:00</date>
                    <speedMph>24</speedMph>
                    <altitudeFt>0</altitudeFt>
                </position>
                <position>
                    <lat>41.799</lat>
                    <lon>12.2546</lon>
                    <date>2013-07-11T12:29:04+02:00</date>
                    <speedMph>24</speedMph>
                    <altitudeFt>0</altitudeFt>
                </position>
                <position>
                    <lat>41.7987</lat>
                    <lon>12.2544</lon>
                    <date>2013-07-11T12:28:59+02:00</date>
                    <speedMph>20</speedMph>
                    <altitudeFt>0</altitudeFt>
                </position>
                <position>
                    <lat>41.7986</lat>
                    <lon>12.2543</lon>
                    <date>2013-07-11T12:28:54+02:00</date>
                    <speedMph>16</speedMph>
                    <altitudeFt>0</altitudeFt>
                </position>
                <position>
                    <lat>41.7985</lat>
                    <lon>12.2542</lon>
                    <date>2013-07-11T12:28:49+02:00</date>
                    <speedMph>16</speedMph>
                    <altitudeFt>0</altitudeFt>
                </position>
                <position>
                    <lat>41.7984</lat>
                    <lon>12.2542</lon>
                    <date>2013-07-11T12:28:44+02:00</date>
                    <speedMph>12</speedMph>
                    <altitudeFt>0</altitudeFt>
                </position>
                <position>
                    <lat>41.7983</lat>
                    <lon>12.2541</lon>
                    <date>2013-07-11T12:28:39+02:00</date>
                    <speedMph>12</speedMph>
                    <altitudeFt>0</altitudeFt>
                </position>
                <position>
                    <lat>41.7982</lat>
                    <lon>12.2541</lon>
                    <date>2013-07-11T12:28:34+02:00</date>
                    <speedMph>8</speedMph>
                    <altitudeFt>0</altitudeFt>
                </position>
                <position>
                    <lat>41.7982</lat>
                    <lon>12.2541</lon>
                    <date>2013-07-11T12:25:14+02:00</date>
                    <speedMph>0</speedMph>
                    <altitudeFt>0</altitudeFt>
                </position>
                <position>
                    <lat>41.7982</lat>
                    <lon>12.2541</lon>
                    <date>2013-07-11T12:24:34+02:00</date>
                    <speedMph>8</speedMph>
                    <altitudeFt>0</altitudeFt>
                </position>
                <position>
                    <lat>41.7984</lat>
                    <lon>12.2542</lon>
                    <date>2013-07-11T12:24:14+02:00</date>
                    <speedMph>4</speedMph>
                    <altitudeFt>0</altitudeFt>
                </position>
                <position>
                    <lat>41.7985</lat>
                    <lon>12.2539</lon>
                    <date>2013-07-11T12:23:54+02:00</date>
                    <speedMph>4</speedMph>
                    <altitudeFt>0</altitudeFt>
                </position>
                <position>
                    <lat>41.799</lat>
                    <lon>12.253</lon>
                    <date>2013-07-11T12:23:34+02:00</date>
                    <speedMph>24</speedMph>
                    <altitudeFt>0</altitudeFt>
                </position>
                <position>
                    <lat>41.7987</lat>
                    <lon>12.2535</lon>
                    <date>2013-07-11T12:23:29+02:00</date>
                    <speedMph>12</speedMph>
                    <altitudeFt>0</altitudeFt>
                </position>
                <position>
                    <lat>41.7987</lat>
                    <lon>12.2534</lon>
                    <date>2013-07-11T12:23:09+02:00</date>
                    <speedMph>0</speedMph>
                    <altitudeFt>0</altitudeFt>
                </position>
                <position>
                    <lat>41.7987</lat>
                    <lon>12.2534</lon>
                    <date>2013-07-11T12:22:49+02:00</date>
                    <speedMph>0</speedMph>
                    <altitudeFt>0</altitudeFt>
                </position>
                <position>
                    <lat>41.7987</lat>
                    <lon>12.2534</lon>
                    <date>2013-07-11T12:22:34+02:00</date>
                    <speedMph>0</speedMph>
                    <altitudeFt>0</altitudeFt>
                </position>
                <position>
                    <lat>41.7987</lat>
                    <lon>12.2534</lon>
                    <date>2013-07-11T12:22:24+02:00</date>
                    <speedMph>0</speedMph>
                    <altitudeFt>0</altitudeFt>
                </position>
                <position>
                    <lat>41.7987</lat>
                    <lon>12.2534</lon>
                    <date>2013-07-11T12:21:59+02:00</date>
                    <speedMph>0</speedMph>
                    <altitudeFt>0</altitudeFt>
                </position>
                <position>
                    <lat>41.7987</lat>
                    <lon>12.2534</lon>
                    <date>2013-07-11T12:21:44+02:00</date>
                    <speedMph>0</speedMph>
                    <altitudeFt>0</altitudeFt>
                </position>
            </positions>
        </flightTrack>
    </flightTracks>
</flightstatslog>
