<?xml version="1.0" encoding="UTF-8" standalone="yes"?>
<flightstatslog>
    <appendix>
        <airports>
            <airport>
                <fs>SOF</fs>
                <latitude>42.695194</latitude>
                <longitude>23.406167</longitude>
                <city>Sofia</city>
            </airport>
            <airport>
                <fs>FCO</fs>
                <latitude>41.804475</latitude>
                <longitude>12.250797</longitude>
                <city>Rome</city>
            </airport>
        </airports>
    </appendix>
    <flightTracks>
        <flightTrack>
            <flightId>4661071</flightId>
            <departureAirportFsCode>SOF</departureAirportFsCode>
            <arrivalAirportFsCode>FCO</arrivalAirportFsCode>
            <positions>
                <position>
                    <lat>41.7972</lat>
                    <lon>12.2485</lon>
                    <date>2013-07-11T12:57:38+02:00</date>
                    <speedMph>12</speedMph>
                    <altitudeFt>0</altitudeFt>
                </position>
                <position>
                    <lat>41.7973</lat>
                    <lon>12.2489</lon>
                    <date>2013-07-11T12:57:28+02:00</date>
                    <speedMph>24</speedMph>
                    <altitudeFt>0</altitudeFt>
                </position>
                <position>
                    <lat>41.7974</lat>
                    <lon>12.2494</lon>
                    <date>2013-07-11T12:57:23+02:00</date>
                    <speedMph>20</speedMph>
                    <altitudeFt>0</altitudeFt>
                </position>
                <position>
                    <lat>41.7975</lat>
                    <lon>12.2497</lon>
                    <date>2013-07-11T12:57:13+02:00</date>
                    <speedMph>24</speedMph>
                    <altitudeFt>0</altitudeFt>
                </position>
                <position>
                    <lat>41.7976</lat>
                    <lon>12.2497</lon>
                    <date>2013-07-11T12:57:08+02:00</date>
                    <speedMph>24</speedMph>
                    <altitudeFt>0</altitudeFt>
                </position>
                <position>
                    <lat>41.7979</lat>
                    <lon>12.2501</lon>
                    <date>2013-07-11T12:56:58+02:00</date>
                    <speedMph>24</speedMph>
                    <altitudeFt>0</altitudeFt>
                </position>
                <position>
                    <lat>41.7981</lat>
                    <lon>12.2503</lon>
                    <date>2013-07-11T12:56:53+02:00</date>
                    <speedMph>16</speedMph>
                    <altitudeFt>0</altitudeFt>
                </position>
                <position>
                    <lat>41.7986</lat>
                    <lon>12.2506</lon>
                    <date>2013-07-11T12:56:48+02:00</date>
                    <speedMph>16</speedMph>
                    <altitudeFt>0</altitudeFt>
                </position>
                <position>
                    <lat>41.7989</lat>
                    <lon>12.2508</lon>
                    <date>2013-07-11T12:56:43+02:00</date>
                    <speedMph>16</speedMph>
                    <altitudeFt>0</altitudeFt>
                </position>
                <position>
                    <lat>41.7998</lat>
                    <lon>12.2513</lon>
                    <date>2013-07-11T12:56:28+02:00</date>
                    <speedMph>16</speedMph>
                    <altitudeFt>0</altitudeFt>
                </position>
                <position>
                    <lat>41.8</lat>
                    <lon>12.2515</lon>
                    <date>2013-07-11T12:56:23+02:00</date>
                    <speedMph>36</speedMph>
                    <altitudeFt>0</altitudeFt>
                </position>
                <position>
                    <lat>41.8005</lat>
                    <lon>12.2518</lon>
                    <date>2013-07-11T12:56:18+02:00</date>
                    <speedMph>28</speedMph>
                    <altitudeFt>0</altitudeFt>
                </position>
                <position>
                    <lat>41.8007</lat>
                    <lon>12.2519</lon>
                    <date>2013-07-11T12:56:13+02:00</date>
                    <speedMph>28</speedMph>
                    <altitudeFt>0</altitudeFt>
                </position>
                <position>
                    <lat>41.8009</lat>
                    <lon>12.252</lon>
                    <date>2013-07-11T12:56:08+02:00</date>
                    <speedMph>28</speedMph>
                    <altitudeFt>0</altitudeFt>
                </position>
                <position>
                    <lat>41.8011</lat>
                    <lon>12.2526</lon>
                    <date>2013-07-11T12:56:03+02:00</date>
                    <speedMph>20</speedMph>
                    <altitudeFt>0</altitudeFt>
                </position>
                <position>
                    <lat>41.8013</lat>
                    <lon>12.253</lon>
                    <date>2013-07-11T12:55:58+02:00</date>
                    <speedMph>20</speedMph>
                    <altitudeFt>0</altitudeFt>
                </position>
                <position>
                    <lat>41.8014</lat>
                    <lon>12.2536</lon>
                    <date>2013-07-11T12:55:53+02:00</date>
                    <speedMph>20</speedMph>
                    <altitudeFt>0</altitudeFt>
                </position>
                <position>
                    <lat>41.8017</lat>
                    <lon>12.2547</lon>
                    <date>2013-07-11T12:55:43+02:00</date>
                    <speedMph>20</speedMph>
                    <altitudeFt>0</altitudeFt>
                </position>
                <position>
                    <lat>41.8019</lat>
                    <lon>12.2553</lon>
                    <date>2013-07-11T12:55:38+02:00</date>
                    <speedMph>20</speedMph>
                    <altitudeFt>0</altitudeFt>
                </position>
                <position>
                    <lat>41.802</lat>
                    <lon>12.2556</lon>
                    <date>2013-07-11T12:55:33+02:00</date>
                    <speedMph>20</speedMph>
                    <altitudeFt>0</altitudeFt>
                </position>
                <position>
                    <lat>41.8022</lat>
                    <lon>12.2564</lon>
                    <date>2013-07-11T12:55:28+02:00</date>
                    <speedMph>20</speedMph>
                    <altitudeFt>0</altitudeFt>
                </position>
                <position>
                    <lat>41.8023</lat>
                    <lon>12.2568</lon>
                    <date>2013-07-11T12:55:23+02:00</date>
                    <speedMph>20</speedMph>
                    <altitudeFt>0</altitudeFt>
                </position>
                <position>
                    <lat>41.8025</lat>
                    <lon>12.2575</lon>
                    <date>2013-07-11T12:55:18+02:00</date>
                    <speedMph>16</speedMph>
                    <altitudeFt>0</altitudeFt>
                </position>
                <position>
                    <lat>41.8026</lat>
                    <lon>12.258</lon>
                    <date>2013-07-11T12:55:13+02:00</date>
                    <speedMph>16</speedMph>
                    <altitudeFt>0</altitudeFt>
                </position>
                <position>
                    <lat>41.8028</lat>
                    <lon>12.2585</lon>
                    <date>2013-07-11T12:55:08+02:00</date>
                    <speedMph>16</speedMph>
                    <altitudeFt>0</altitudeFt>
                </position>
                <position>
                    <lat>41.8029</lat>
                    <lon>12.259</lon>
                    <date>2013-07-11T12:55:03+02:00</date>
                    <speedMph>16</speedMph>
                    <altitudeFt>0</altitudeFt>
                </position>
                <position>
                    <lat>41.8031</lat>
                    <lon>12.2595</lon>
                    <date>2013-07-11T12:54:58+02:00</date>
                    <speedMph>16</speedMph>
                    <altitudeFt>0</altitudeFt>
                </position>
                <position>
                    <lat>41.8031</lat>
                    <lon>12.2597</lon>
                    <date>2013-07-11T12:54:53+02:00</date>
                    <speedMph>16</speedMph>
                    <altitudeFt>0</altitudeFt>
                </position>
                <position>
                    <lat>41.8033</lat>
                    <lon>12.2604</lon>
                    <date>2013-07-11T12:54:48+02:00</date>
                    <speedMph>16</speedMph>
                    <altitudeFt>0</altitudeFt>
                </position>
                <position>
                    <lat>41.8035</lat>
                    <lon>12.2613</lon>
                    <date>2013-07-11T12:54:38+02:00</date>
                    <speedMph>16</speedMph>
                    <altitudeFt>0</altitudeFt>
                </position>
                <position>
                    <lat>41.8038</lat>
                    <lon>12.2623</lon>
                    <date>2013-07-11T12:54:33+02:00</date>
                    <speedMph>16</speedMph>
                    <altitudeFt>0</altitudeFt>
                </position>
                <position>
                    <lat>41.8039</lat>
                    <lon>12.2625</lon>
                    <date>2013-07-11T12:54:28+02:00</date>
                    <speedMph>16</speedMph>
                    <altitudeFt>0</altitudeFt>
                </position>
                <position>
                    <lat>41.8039</lat>
                    <lon>12.2628</lon>
                    <date>2013-07-11T12:54:23+02:00</date>
                    <speedMph>16</speedMph>
                    <altitudeFt>0</altitudeFt>
                </position>
                <position>
                    <lat>41.8041</lat>
                    <lon>12.2633</lon>
                    <date>2013-07-11T12:54:18+02:00</date>
                    <speedMph>16</speedMph>
                    <altitudeFt>0</altitudeFt>
                </position>
                <position>
                    <lat>41.8043</lat>
                    <lon>12.2641</lon>
                    <date>2013-07-11T12:54:13+02:00</date>
                    <speedMph>16</speedMph>
                    <altitudeFt>0</altitudeFt>
                </position>
                <position>
                    <lat>41.8044</lat>
                    <lon>12.2645</lon>
                    <date>2013-07-11T12:54:08+02:00</date>
                    <speedMph>16</speedMph>
                    <altitudeFt>0</altitudeFt>
                </position>
                <position>
                    <lat>41.8045</lat>
                    <lon>12.2648</lon>
                    <date>2013-07-11T12:54:03+02:00</date>
                    <speedMph>16</speedMph>
                    <altitudeFt>0</altitudeFt>
                </position>
                <position>
                    <lat>41.8047</lat>
                    <lon>12.2654</lon>
                    <date>2013-07-11T12:53:58+02:00</date>
                    <speedMph>16</speedMph>
                    <altitudeFt>0</altitudeFt>
                </position>
                <position>
                    <lat>41.8047</lat>
                    <lon>12.2655</lon>
                    <date>2013-07-11T12:53:53+02:00</date>
                    <speedMph>16</speedMph>
                    <altitudeFt>0</altitudeFt>
                </position>
                <position>
                    <lat>41.805</lat>
                    <lon>12.2667</lon>
                    <date>2013-07-11T12:53:43+02:00</date>
                    <speedMph>16</speedMph>
                    <altitudeFt>0</altitudeFt>
                </position>
                <position>
                    <lat>41.8051</lat>
                    <lon>12.2671</lon>
                    <date>2013-07-11T12:53:38+02:00</date>
                    <speedMph>16</speedMph>
                    <altitudeFt>0</altitudeFt>
                </position>
                <position>
                    <lat>41.8052</lat>
                    <lon>12.2673</lon>
                    <date>2013-07-11T12:53:33+02:00</date>
                    <speedMph>16</speedMph>
                    <altitudeFt>0</altitudeFt>
                </position>
                <position>
                    <lat>41.8054</lat>
                    <lon>12.268</lon>
                    <date>2013-07-11T12:53:28+02:00</date>
                    <speedMph>16</speedMph>
                    <altitudeFt>0</altitudeFt>
                </position>
                <position>
                    <lat>41.8055</lat>
                    <lon>12.2684</lon>
                    <date>2013-07-11T12:53:23+02:00</date>
                    <speedMph>16</speedMph>
                    <altitudeFt>0</altitudeFt>
                </position>
                <position>
                    <lat>41.8056</lat>
                    <lon>12.2688</lon>
                    <date>2013-07-11T12:53:18+02:00</date>
                    <speedMph>16</speedMph>
                    <altitudeFt>0</altitudeFt>
                </position>
                <position>
                    <lat>41.8057</lat>
                    <lon>12.2693</lon>
                    <date>2013-07-11T12:53:13+02:00</date>
                    <speedMph>16</speedMph>
                    <altitudeFt>0</altitudeFt>
                </position>
                <position>
                    <lat>41.8059</lat>
                    <lon>12.2699</lon>
                    <date>2013-07-11T12:53:08+02:00</date>
                    <speedMph>16</speedMph>
                    <altitudeFt>0</altitudeFt>
                </position>
                <position>
                    <lat>41.806</lat>
                    <lon>12.2704</lon>
                    <date>2013-07-11T12:53:03+02:00</date>
                    <speedMph>16</speedMph>
                    <altitudeFt>0</altitudeFt>
                </position>
                <position>
                    <lat>41.8062</lat>
                    <lon>12.2709</lon>
                    <date>2013-07-11T12:52:58+02:00</date>
                    <speedMph>16</speedMph>
                    <altitudeFt>0</altitudeFt>
                </position>
                <position>
                    <lat>41.8064</lat>
                    <lon>12.2717</lon>
                    <date>2013-07-11T12:52:53+02:00</date>
                    <speedMph>16</speedMph>
                    <altitudeFt>0</altitudeFt>
                </position>
                <position>
                    <lat>41.8065</lat>
                    <lon>12.2722</lon>
                    <date>2013-07-11T12:52:48+02:00</date>
                    <speedMph>16</speedMph>
                    <altitudeFt>0</altitudeFt>
                </position>
                <position>
                    <lat>41.8066</lat>
                    <lon>12.2724</lon>
                    <date>2013-07-11T12:52:43+02:00</date>
                    <speedMph>16</speedMph>
                    <altitudeFt>0</altitudeFt>
                </position>
                <position>
                    <lat>41.8068</lat>
                    <lon>12.2727</lon>
                    <date>2013-07-11T12:52:38+02:00</date>
                    <speedMph>16</speedMph>
                    <altitudeFt>0</altitudeFt>
                </position>
                <position>
                    <lat>41.8071</lat>
                    <lon>12.273</lon>
                    <date>2013-07-11T12:52:33+02:00</date>
                    <speedMph>16</speedMph>
                    <altitudeFt>0</altitudeFt>
                </position>
                <position>
                    <lat>41.8078</lat>
                    <lon>12.2732</lon>
                    <date>2013-07-11T12:52:28+02:00</date>
                    <speedMph>16</speedMph>
                    <altitudeFt>0</altitudeFt>
                </position>
                <position>
                    <lat>41.8093</lat>
                    <lon>12.2735</lon>
                    <date>2013-07-11T12:52:08+02:00</date>
                    <speedMph>16</speedMph>
                    <altitudeFt>0</altitudeFt>
                </position>
                <position>
                    <lat>41.8096</lat>
                    <lon>12.2735</lon>
                    <date>2013-07-11T12:52:03+02:00</date>
                    <speedMph>16</speedMph>
                    <altitudeFt>0</altitudeFt>
                </position>
                <position>
                    <lat>41.8099</lat>
                    <lon>12.2734</lon>
                    <date>2013-07-11T12:51:58+02:00</date>
                    <speedMph>16</speedMph>
                    <altitudeFt>0</altitudeFt>
                </position>
                <position>
                    <lat>41.8102</lat>
                    <lon>12.2733</lon>
                    <date>2013-07-11T12:51:53+02:00</date>
                    <speedMph>16</speedMph>
                    <altitudeFt>0</altitudeFt>
                </position>
                <position>
                    <lat>41.8108</lat>
                    <lon>12.273</lon>
                    <date>2013-07-11T12:51:48+02:00</date>
                    <speedMph>16</speedMph>
                    <altitudeFt>0</altitudeFt>
                </position>
                <position>
                    <lat>41.8111</lat>
                    <lon>12.2729</lon>
                    <date>2013-07-11T12:51:43+02:00</date>
                    <speedMph>16</speedMph>
                    <altitudeFt>0</altitudeFt>
                </position>
                <position>
                    <lat>41.8114</lat>
                    <lon>12.2728</lon>
                    <date>2013-07-11T12:51:38+02:00</date>
                    <speedMph>16</speedMph>
                    <altitudeFt>0</altitudeFt>
                </position>
                <position>
                    <lat>41.8119</lat>
                    <lon>12.2725</lon>
                    <date>2013-07-11T12:51:33+02:00</date>
                    <speedMph>16</speedMph>
                    <altitudeFt>0</altitudeFt>
                </position>
                <position>
                    <lat>41.8122</lat>
                    <lon>12.2724</lon>
                    <date>2013-07-11T12:51:28+02:00</date>
                    <speedMph>16</speedMph>
                    <altitudeFt>0</altitudeFt>
                </position>
                <position>
                    <lat>41.8125</lat>
                    <lon>12.2723</lon>
                    <date>2013-07-11T12:51:23+02:00</date>
                    <speedMph>20</speedMph>
                    <altitudeFt>0</altitudeFt>
                </position>
                <position>
                    <lat>41.8129</lat>
                    <lon>12.2721</lon>
                    <date>2013-07-11T12:51:18+02:00</date>
                    <speedMph>24</speedMph>
                    <altitudeFt>0</altitudeFt>
                </position>
                <position>
                    <lat>41.8139</lat>
                    <lon>12.2717</lon>
                    <date>2013-07-11T12:51:13+02:00</date>
                    <speedMph>36</speedMph>
                    <altitudeFt>0</altitudeFt>
                </position>
                <position>
                    <lat>41.8144</lat>
                    <lon>12.2715</lon>
                    <date>2013-07-11T12:51:08+02:00</date>
                    <speedMph>36</speedMph>
                    <altitudeFt>0</altitudeFt>
                </position>
                <position>
                    <lat>41.8151</lat>
                    <lon>12.2712</lon>
                    <date>2013-07-11T12:51:03+02:00</date>
                    <speedMph>36</speedMph>
                    <altitudeFt>0</altitudeFt>
                </position>
                <position>
                    <lat>41.8157</lat>
                    <lon>12.2709</lon>
                    <date>2013-07-11T12:50:58+02:00</date>
                    <speedMph>36</speedMph>
                    <altitudeFt>0</altitudeFt>
                </position>
                <position>
                    <lat>41.817</lat>
                    <lon>12.2704</lon>
                    <date>2013-07-11T12:50:53+02:00</date>
                    <speedMph>36</speedMph>
                    <altitudeFt>0</altitudeFt>
                </position>
                <position>
                    <lat>41.8177</lat>
                    <lon>12.2701</lon>
                    <date>2013-07-11T12:50:48+02:00</date>
                    <speedMph>36</speedMph>
                    <altitudeFt>0</altitudeFt>
                </position>
                <position>
                    <lat>41.8182</lat>
                    <lon>12.2699</lon>
                    <date>2013-07-11T12:50:43+02:00</date>
                    <speedMph>36</speedMph>
                    <altitudeFt>0</altitudeFt>
                </position>
                <position>
                    <lat>41.8188</lat>
                    <lon>12.2696</lon>
                    <date>2013-07-11T12:50:38+02:00</date>
                    <speedMph>36</speedMph>
                    <altitudeFt>0</altitudeFt>
                </position>
                <position>
                    <lat>41.8201</lat>
                    <lon>12.2691</lon>
                    <date>2013-07-11T12:50:33+02:00</date>
                    <speedMph>32</speedMph>
                    <altitudeFt>0</altitudeFt>
                </position>
                <position>
                    <lat>41.8207</lat>
                    <lon>12.2689</lon>
                    <date>2013-07-11T12:50:28+02:00</date>
                    <speedMph>32</speedMph>
                    <altitudeFt>0</altitudeFt>
                </position>
                <position>
                    <lat>41.8213</lat>
                    <lon>12.2686</lon>
                    <date>2013-07-11T12:50:23+02:00</date>
                    <speedMph>32</speedMph>
                    <altitudeFt>0</altitudeFt>
                </position>
                <position>
                    <lat>41.8217</lat>
                    <lon>12.2685</lon>
                    <date>2013-07-11T12:50:18+02:00</date>
                    <speedMph>32</speedMph>
                    <altitudeFt>0</altitudeFt>
                </position>
                <position>
                    <lat>41.8224</lat>
                    <lon>12.2682</lon>
                    <date>2013-07-11T12:50:13+02:00</date>
                    <speedMph>32</speedMph>
                    <altitudeFt>0</altitudeFt>
                </position>
                <position>
                    <lat>41.8235</lat>
                    <lon>12.2677</lon>
                    <date>2013-07-11T12:50:08+02:00</date>
                    <speedMph>28</speedMph>
                    <altitudeFt>0</altitudeFt>
                </position>
                <position>
                    <lat>41.8239</lat>
                    <lon>12.2675</lon>
                    <date>2013-07-11T12:50:03+02:00</date>
                    <speedMph>28</speedMph>
                    <altitudeFt>0</altitudeFt>
                </position>
                <position>
                    <lat>41.8244</lat>
                    <lon>12.2673</lon>
                    <date>2013-07-11T12:49:58+02:00</date>
                    <speedMph>28</speedMph>
                    <altitudeFt>0</altitudeFt>
                </position>
                <position>
                    <lat>41.8253</lat>
                    <lon>12.2669</lon>
                    <date>2013-07-11T12:49:53+02:00</date>
                    <speedMph>28</speedMph>
                    <altitudeFt>0</altitudeFt>
                </position>
                <position>
                    <lat>41.8259</lat>
                    <lon>12.2667</lon>
                    <date>2013-07-11T12:49:48+02:00</date>
                    <speedMph>28</speedMph>
                    <altitudeFt>0</altitudeFt>
                </position>
                <position>
                    <lat>41.8264</lat>
                    <lon>12.2665</lon>
                    <date>2013-07-11T12:49:43+02:00</date>
                    <speedMph>28</speedMph>
                    <altitudeFt>0</altitudeFt>
                </position>
                <position>
                    <lat>41.8269</lat>
                    <lon>12.2663</lon>
                    <date>2013-07-11T12:49:38+02:00</date>
                    <speedMph>24</speedMph>
                    <altitudeFt>0</altitudeFt>
                </position>
                <position>
                    <lat>41.8275</lat>
                    <lon>12.266</lon>
                    <date>2013-07-11T12:49:33+02:00</date>
                    <speedMph>24</speedMph>
                    <altitudeFt>0</altitudeFt>
                </position>
                <position>
                    <lat>41.8282</lat>
                    <lon>12.2657</lon>
                    <date>2013-07-11T12:49:28+02:00</date>
                    <speedMph>24</speedMph>
                    <altitudeFt>0</altitudeFt>
                </position>
                <position>
                    <lat>41.8285</lat>
                    <lon>12.2656</lon>
                    <date>2013-07-11T12:49:23+02:00</date>
                    <speedMph>24</speedMph>
                    <altitudeFt>0</altitudeFt>
                </position>
                <position>
                    <lat>41.8304</lat>
                    <lon>12.2648</lon>
                    <date>2013-07-11T12:49:03+02:00</date>
                    <speedMph>20</speedMph>
                    <altitudeFt>0</altitudeFt>
                </position>
                <position>
                    <lat>41.8308</lat>
                    <lon>12.2646</lon>
                    <date>2013-07-11T12:48:58+02:00</date>
                    <speedMph>16</speedMph>
                    <altitudeFt>0</altitudeFt>
                </position>
                <position>
                    <lat>41.8311</lat>
                    <lon>12.2645</lon>
                    <date>2013-07-11T12:48:53+02:00</date>
                    <speedMph>16</speedMph>
                    <altitudeFt>0</altitudeFt>
                </position>
                <position>
                    <lat>41.8325</lat>
                    <lon>12.2648</lon>
                    <date>2013-07-11T12:48:28+02:00</date>
                    <speedMph>24</speedMph>
                    <altitudeFt>0</altitudeFt>
                </position>
                <position>
                    <lat>41.8324</lat>
                    <lon>12.2649</lon>
                    <date>2013-07-11T12:48:23+02:00</date>
                    <speedMph>28</speedMph>
                    <altitudeFt>0</altitudeFt>
                </position>
                <position>
                    <lat>41.8309</lat>
                    <lon>12.2672</lon>
                    <date>2013-07-11T12:47:58+02:00</date>
                    <speedMph>28</speedMph>
                    <altitudeFt>0</altitudeFt>
                </position>
                <position>
                    <lat>41.8305</lat>
                    <lon>12.2676</lon>
                    <date>2013-07-11T12:47:53+02:00</date>
                    <speedMph>28</speedMph>
                    <altitudeFt>0</altitudeFt>
                </position>
                <position>
                    <lat>41.8295</lat>
                    <lon>12.2684</lon>
                    <date>2013-07-11T12:47:48+02:00</date>
                    <speedMph>40</speedMph>
                    <altitudeFt>0</altitudeFt>
                </position>
                <position>
                    <lat>41.8291</lat>
                    <lon>12.2686</lon>
                    <date>2013-07-11T12:47:43+02:00</date>
                    <speedMph>48</speedMph>
                    <altitudeFt>0</altitudeFt>
                </position>
                <position>
                    <lat>41.8278</lat>
                    <lon>12.2691</lon>
                    <date>2013-07-11T12:47:38+02:00</date>
                    <speedMph>72</speedMph>
                    <altitudeFt>0</altitudeFt>
                </position>
                <position>
                    <lat>41.824</lat>
                    <lon>12.2707</lon>
                    <date>2013-07-11T12:47:28+02:00</date>
                    <speedMph>100</speedMph>
                    <altitudeFt>0</altitudeFt>
                </position>
                <position>
                    <lat>41.8222</lat>
                    <lon>12.2714</lon>
                    <date>2013-07-11T12:47:23+02:00</date>
                    <speedMph>112</speedMph>
                    <altitudeFt>0</altitudeFt>
                </position>
                <position>
                    <lat>41.8199</lat>
                    <lon>12.2724</lon>
                    <date>2013-07-11T12:47:18+02:00</date>
                    <speedMph>132</speedMph>
                    <altitudeFt>0</altitudeFt>
                </position>
                <position>
                    <lat>41.8172</lat>
                    <lon>12.2735</lon>
                    <date>2013-07-11T12:47:13+02:00</date>
                    <speedMph>136</speedMph>
                    <altitudeFt>0</altitudeFt>
                </position>
                <position>
                    <lat>41.8146</lat>
                    <lon>12.2746</lon>
                    <date>2013-07-11T12:47:08+02:00</date>
                    <speedMph>140</speedMph>
                    <altitudeFt>50</altitudeFt>
                </position>
                <position>
                    <lat>41.8097</lat>
                    <lon>12.2767</lon>
                    <date>2013-07-11T12:47:03+02:00</date>
                    <speedMph>140</speedMph>
                    <altitudeFt>130</altitudeFt>
                </position>
                <position>
                    <lat>41.8073</lat>
                    <lon>12.2777</lon>
                    <date>2013-07-11T12:46:58+02:00</date>
                    <speedMph>140</speedMph>
                    <altitudeFt>180</altitudeFt>
                </position>
                <position>
                    <lat>41.8047</lat>
                    <lon>12.2787</lon>
                    <date>2013-07-11T12:46:53+02:00</date>
                    <speedMph>140</speedMph>
                    <altitudeFt>230</altitudeFt>
                </position>
                <position>
                    <lat>41.7993</lat>
                    <lon>12.281</lon>
                    <date>2013-07-11T12:46:48+02:00</date>
                    <speedMph>140</speedMph>
                    <altitudeFt>330</altitudeFt>
                </position>
                <position>
                    <lat>41.7979</lat>
                    <lon>12.2816</lon>
                    <date>2013-07-11T12:46:43+02:00</date>
                    <speedMph>140</speedMph>
                    <altitudeFt>350</altitudeFt>
                </position>
                <position>
                    <lat>41.7952</lat>
                    <lon>12.2827</lon>
                    <date>2013-07-11T12:46:38+02:00</date>
                    <speedMph>140</speedMph>
                    <altitudeFt>400</altitudeFt>
                </position>
                <position>
                    <lat>41.7924</lat>
                    <lon>12.2839</lon>
                    <date>2013-07-11T12:46:33+02:00</date>
                    <speedMph>140</speedMph>
                    <altitudeFt>450</altitudeFt>
                </position>
                <position>
                    <lat>41.7899</lat>
                    <lon>12.285</lon>
                    <date>2013-07-11T12:46:28+02:00</date>
                    <speedMph>144</speedMph>
                    <altitudeFt>500</altitudeFt>
                </position>
                <position>
                    <lat>41.7849</lat>
                    <lon>12.287</lon>
                    <date>2013-07-11T12:46:23+02:00</date>
                    <speedMph>140</speedMph>
                    <altitudeFt>600</altitudeFt>
                </position>
                <position>
                    <lat>41.7831</lat>
                    <lon>12.2878</lon>
                    <date>2013-07-11T12:46:18+02:00</date>
                    <speedMph>140</speedMph>
                    <altitudeFt>630</altitudeFt>
                </position>
                <position>
                    <lat>41.7803</lat>
                    <lon>12.289</lon>
                    <date>2013-07-11T12:46:13+02:00</date>
                    <speedMph>140</speedMph>
                    <altitudeFt>680</altitudeFt>
                </position>
                <position>
                    <lat>41.7777</lat>
                    <lon>12.2901</lon>
                    <date>2013-07-11T12:46:08+02:00</date>
                    <speedMph>140</speedMph>
                    <altitudeFt>730</altitudeFt>
                </position>
                <position>
                    <lat>41.7725</lat>
                    <lon>12.2922</lon>
                    <date>2013-07-11T12:46:03+02:00</date>
                    <speedMph>140</speedMph>
                    <altitudeFt>830</altitudeFt>
                </position>
                <position>
                    <lat>41.7703</lat>
                    <lon>12.2931</lon>
                    <date>2013-07-11T12:45:58+02:00</date>
                    <speedMph>140</speedMph>
                    <altitudeFt>880</altitudeFt>
                </position>
                <position>
                    <lat>41.7674</lat>
                    <lon>12.2943</lon>
                    <date>2013-07-11T12:45:53+02:00</date>
                    <speedMph>140</speedMph>
                    <altitudeFt>930</altitudeFt>
                </position>
                <position>
                    <lat>41.7649</lat>
                    <lon>12.2954</lon>
                    <date>2013-07-11T12:45:48+02:00</date>
                    <speedMph>140</speedMph>
                    <altitudeFt>980</altitudeFt>
                </position>
                <position>
                    <lat>41.7602</lat>
                    <lon>12.2974</lon>
                    <date>2013-07-11T12:45:43+02:00</date>
                    <speedMph>140</speedMph>
                    <altitudeFt>1080</altitudeFt>
                </position>
                <position>
                    <lat>41.7573</lat>
                    <lon>12.2986</lon>
                    <date>2013-07-11T12:45:38+02:00</date>
                    <speedMph>140</speedMph>
                    <altitudeFt>1130</altitudeFt>
                </position>
                <position>
                    <lat>41.754</lat>
                    <lon>12.2999</lon>
                    <date>2013-07-11T12:45:33+02:00</date>
                    <speedMph>140</speedMph>
                    <altitudeFt>1200</altitudeFt>
                </position>
                <position>
                    <lat>41.7502</lat>
                    <lon>12.3015</lon>
                    <date>2013-07-11T12:45:28+02:00</date>
                    <speedMph>140</speedMph>
                    <altitudeFt>1250</altitudeFt>
                </position>
                <position>
                    <lat>41.7476</lat>
                    <lon>12.3026</lon>
                    <date>2013-07-11T12:45:23+02:00</date>
                    <speedMph>140</speedMph>
                    <altitudeFt>1330</altitudeFt>
                </position>
                <position>
                    <lat>41.7448</lat>
                    <lon>12.3038</lon>
                    <date>2013-07-11T12:45:18+02:00</date>
                    <speedMph>140</speedMph>
                    <altitudeFt>1380</altitudeFt>
                </position>
                <position>
                    <lat>41.7401</lat>
                    <lon>12.3057</lon>
                    <date>2013-07-11T12:45:08+02:00</date>
                    <speedMph>140</speedMph>
                    <altitudeFt>1450</altitudeFt>
                </position>
                <position>
                    <lat>41.735</lat>
                    <lon>12.3079</lon>
                    <date>2013-07-11T12:45:03+02:00</date>
                    <speedMph>140</speedMph>
                    <altitudeFt>1550</altitudeFt>
                </position>
                <position>
                    <lat>41.7323</lat>
                    <lon>12.3091</lon>
                    <date>2013-07-11T12:44:58+02:00</date>
                    <speedMph>140</speedMph>
                    <altitudeFt>1600</altitudeFt>
                </position>
                <position>
                    <lat>41.7303</lat>
                    <lon>12.3099</lon>
                    <date>2013-07-11T12:44:53+02:00</date>
                    <speedMph>140</speedMph>
                    <altitudeFt>1650</altitudeFt>
                </position>
                <position>
                    <lat>41.7248</lat>
                    <lon>12.3122</lon>
                    <date>2013-07-11T12:44:48+02:00</date>
                    <speedMph>140</speedMph>
                    <altitudeFt>1750</altitudeFt>
                </position>
                <position>
                    <lat>41.7217</lat>
                    <lon>12.3134</lon>
                    <date>2013-07-11T12:44:43+02:00</date>
                    <speedMph>140</speedMph>
                    <altitudeFt>1800</altitudeFt>
                </position>
                <position>
                    <lat>41.7205</lat>
                    <lon>12.3139</lon>
                    <date>2013-07-11T12:44:38+02:00</date>
                    <speedMph>140</speedMph>
                    <altitudeFt>1830</altitudeFt>
                </position>
                <position>
                    <lat>41.7177</lat>
                    <lon>12.3151</lon>
                    <date>2013-07-11T12:44:33+02:00</date>
                    <speedMph>140</speedMph>
                    <altitudeFt>1880</altitudeFt>
                </position>
                <position>
                    <lat>41.7157</lat>
                    <lon>12.3159</lon>
                    <date>2013-07-11T12:44:28+02:00</date>
                    <speedMph>140</speedMph>
                    <altitudeFt>1930</altitudeFt>
                </position>
                <position>
                    <lat>41.7106</lat>
                    <lon>12.3181</lon>
                    <date>2013-07-11T12:44:23+02:00</date>
                    <speedMph>144</speedMph>
                    <altitudeFt>2030</altitudeFt>
                </position>
                <position>
                    <lat>41.7077</lat>
                    <lon>12.3193</lon>
                    <date>2013-07-11T12:44:18+02:00</date>
                    <speedMph>144</speedMph>
                    <altitudeFt>2130</altitudeFt>
                </position>
                <position>
                    <lat>41.7052</lat>
                    <lon>12.3204</lon>
                    <date>2013-07-11T12:44:13+02:00</date>
                    <speedMph>144</speedMph>
                    <altitudeFt>2180</altitudeFt>
                </position>
                <position>
                    <lat>41.7001</lat>
                    <lon>12.3224</lon>
                    <date>2013-07-11T12:44:08+02:00</date>
                    <speedMph>148</speedMph>
                    <altitudeFt>2250</altitudeFt>
                </position>
                <position>
                    <lat>41.6978</lat>
                    <lon>12.3234</lon>
                    <date>2013-07-11T12:44:03+02:00</date>
                    <speedMph>152</speedMph>
                    <altitudeFt>2280</altitudeFt>
                </position>
                <position>
                    <lat>41.6942</lat>
                    <lon>12.3249</lon>
                    <date>2013-07-11T12:43:58+02:00</date>
                    <speedMph>152</speedMph>
                    <altitudeFt>2350</altitudeFt>
                </position>
                <position>
                    <lat>41.6921</lat>
                    <lon>12.3258</lon>
                    <date>2013-07-11T12:43:53+02:00</date>
                    <speedMph>152</speedMph>
                    <altitudeFt>2380</altitudeFt>
                </position>
                <position>
                    <lat>41.6891</lat>
                    <lon>12.327</lon>
                    <date>2013-07-11T12:43:48+02:00</date>
                    <speedMph>156</speedMph>
                    <altitudeFt>2430</altitudeFt>
                </position>
                <position>
                    <lat>41.6747</lat>
                    <lon>12.333</lon>
                    <date>2013-07-11T12:43:28+02:00</date>
                    <speedMph>172</speedMph>
                    <altitudeFt>2730</altitudeFt>
                </position>
                <position>
                    <lat>41.6673</lat>
                    <lon>12.3361</lon>
                    <date>2013-07-11T12:43:23+02:00</date>
                    <speedMph>172</speedMph>
                    <altitudeFt>2900</altitudeFt>
                </position>
                <position>
                    <lat>41.6188</lat>
                    <lon>12.3168</lon>
                    <date>2013-07-11T12:43:03+02:00</date>
                    <speedMph>172</speedMph>
                    <altitudeFt>3500</altitudeFt>
                </position>
                <position>
                    <lat>41.6167</lat>
                    <lon>12.3177</lon>
                    <date>2013-07-11T12:42:58+02:00</date>
                    <speedMph>172</speedMph>
                    <altitudeFt>3580</altitudeFt>
                </position>
                <position>
                    <lat>41.6142</lat>
                    <lon>12.3187</lon>
                    <date>2013-07-11T12:42:53+02:00</date>
                    <speedMph>172</speedMph>
                    <altitudeFt>3680</altitudeFt>
                </position>
                <position>
                    <lat>41.6104</lat>
                    <lon>12.3205</lon>
                    <date>2013-07-11T12:42:48+02:00</date>
                    <speedMph>180</speedMph>
                    <altitudeFt>3750</altitudeFt>
                </position>
                <position>
                    <lat>41.6027</lat>
                    <lon>12.3239</lon>
                    <date>2013-07-11T12:42:43+02:00</date>
                    <speedMph>196</speedMph>
                    <altitudeFt>3730</altitudeFt>
                </position>
                <position>
                    <lat>41.6011</lat>
                    <lon>12.3246</lon>
                    <date>2013-07-11T12:42:38+02:00</date>
                    <speedMph>200</speedMph>
                    <altitudeFt>3730</altitudeFt>
                </position>
                <position>
                    <lat>41.5972</lat>
                    <lon>12.3263</lon>
                    <date>2013-07-11T12:42:33+02:00</date>
                    <speedMph>204</speedMph>
                    <altitudeFt>3780</altitudeFt>
                </position>
                <position>
                    <lat>41.6095</lat>
                    <lon>12.3676</lon>
                    <date>2013-07-11T12:42:08+02:00</date>
                    <speedMph>216</speedMph>
                    <altitudeFt>4030</altitudeFt>
                </position>
                <position>
                    <lat>41.6051</lat>
                    <lon>12.3762</lon>
                    <date>2013-07-11T12:42:03+02:00</date>
                    <speedMph>212</speedMph>
                    <altitudeFt>4030</altitudeFt>
                </position>
                <position>
                    <lat>41.6041</lat>
                    <lon>12.3787</lon>
                    <date>2013-07-11T12:41:58+02:00</date>
                    <speedMph>212</speedMph>
                    <altitudeFt>4030</altitudeFt>
                </position>
                <position>
                    <lat>41.6026</lat>
                    <lon>12.3821</lon>
                    <date>2013-07-11T12:41:53+02:00</date>
                    <speedMph>212</speedMph>
                    <altitudeFt>4030</altitudeFt>
                </position>
                <position>
                    <lat>41.5995</lat>
                    <lon>12.3929</lon>
                    <date>2013-07-11T12:41:48+02:00</date>
                    <speedMph>216</speedMph>
                    <altitudeFt>4030</altitudeFt>
                </position>
                <position>
                    <lat>41.5984</lat>
                    <lon>12.4004</lon>
                    <date>2013-07-11T12:41:43+02:00</date>
                    <speedMph>212</speedMph>
                    <altitudeFt>4050</altitudeFt>
                </position>
                <position>
                    <lat>41.5977</lat>
                    <lon>12.4059</lon>
                    <date>2013-07-11T12:41:38+02:00</date>
                    <speedMph>212</speedMph>
                    <altitudeFt>4050</altitudeFt>
                </position>
                <position>
                    <lat>41.5968</lat>
                    <lon>12.4129</lon>
                    <date>2013-07-11T12:41:33+02:00</date>
                    <speedMph>212</speedMph>
                    <altitudeFt>4030</altitudeFt>
                </position>
                <position>
                    <lat>41.5965</lat>
                    <lon>12.4157</lon>
                    <date>2013-07-11T12:41:28+02:00</date>
                    <speedMph>216</speedMph>
                    <altitudeFt>4030</altitudeFt>
                </position>
                <position>
                    <lat>41.595</lat>
                    <lon>12.428</lon>
                    <date>2013-07-11T12:41:23+02:00</date>
                    <speedMph>224</speedMph>
                    <altitudeFt>4030</altitudeFt>
                </position>
                <position>
                    <lat>41.5944</lat>
                    <lon>12.4326</lon>
                    <date>2013-07-11T12:41:18+02:00</date>
                    <speedMph>224</speedMph>
                    <altitudeFt>4050</altitudeFt>
                </position>
                <position>
                    <lat>41.5938</lat>
                    <lon>12.4384</lon>
                    <date>2013-07-11T12:41:13+02:00</date>
                    <speedMph>228</speedMph>
                    <altitudeFt>4080</altitudeFt>
                </position>
                <position>
                    <lat>41.5932</lat>
                    <lon>12.4426</lon>
                    <date>2013-07-11T12:41:08+02:00</date>
                    <speedMph>228</speedMph>
                    <altitudeFt>4100</altitudeFt>
                </position>
                <position>
                    <lat>41.5924</lat>
                    <lon>12.4496</lon>
                    <date>2013-07-11T12:41:03+02:00</date>
                    <speedMph>232</speedMph>
                    <altitudeFt>4150</altitudeFt>
                </position>
                <position>
                    <lat>41.5911</lat>
                    <lon>12.4607</lon>
                    <date>2013-07-11T12:40:58+02:00</date>
                    <speedMph>236</speedMph>
                    <altitudeFt>4230</altitudeFt>
                </position>
                <position>
                    <lat>41.5905</lat>
                    <lon>12.4656</lon>
                    <date>2013-07-11T12:40:53+02:00</date>
                    <speedMph>236</speedMph>
                    <altitudeFt>4280</altitudeFt>
                </position>
                <position>
                    <lat>41.5898</lat>
                    <lon>12.4719</lon>
                    <date>2013-07-11T12:40:48+02:00</date>
                    <speedMph>236</speedMph>
                    <altitudeFt>4350</altitudeFt>
                </position>
                <position>
                    <lat>41.5886</lat>
                    <lon>12.4826</lon>
                    <date>2013-07-11T12:40:43+02:00</date>
                    <speedMph>236</speedMph>
                    <altitudeFt>4530</altitudeFt>
                </position>
                <position>
                    <lat>41.5879</lat>
                    <lon>12.4884</lon>
                    <date>2013-07-11T12:40:38+02:00</date>
                    <speedMph>236</speedMph>
                    <altitudeFt>4600</altitudeFt>
                </position>
                <position>
                    <lat>41.5873</lat>
                    <lon>12.4939</lon>
                    <date>2013-07-11T12:40:33+02:00</date>
                    <speedMph>236</speedMph>
                    <altitudeFt>4680</altitudeFt>
                </position>
                <position>
                    <lat>41.5864</lat>
                    <lon>12.502</lon>
                    <date>2013-07-11T12:40:28+02:00</date>
                    <speedMph>240</speedMph>
                    <altitudeFt>4780</altitudeFt>
                </position>
                <position>
                    <lat>41.5854</lat>
                    <lon>12.5111</lon>
                    <date>2013-07-11T12:40:23+02:00</date>
                    <speedMph>240</speedMph>
                    <altitudeFt>4900</altitudeFt>
                </position>
                <position>
                    <lat>41.5848</lat>
                    <lon>12.5172</lon>
                    <date>2013-07-11T12:40:18+02:00</date>
                    <speedMph>240</speedMph>
                    <altitudeFt>4950</altitudeFt>
                </position>
                <position>
                    <lat>41.5841</lat>
                    <lon>12.5234</lon>
                    <date>2013-07-11T12:40:13+02:00</date>
                    <speedMph>244</speedMph>
                    <altitudeFt>5030</altitudeFt>
                </position>
                <position>
                    <lat>41.5821</lat>
                    <lon>12.5427</lon>
                    <date>2013-07-11T12:40:03+02:00</date>
                    <speedMph>244</speedMph>
                    <altitudeFt>5250</altitudeFt>
                </position>
                <position>
                    <lat>41.581</lat>
                    <lon>12.5529</lon>
                    <date>2013-07-11T12:39:53+02:00</date>
                    <speedMph>248</speedMph>
                    <altitudeFt>5350</altitudeFt>
                </position>
                <position>
                    <lat>41.579</lat>
                    <lon>12.572</lon>
                    <date>2013-07-11T12:39:43+02:00</date>
                    <speedMph>260</speedMph>
                    <altitudeFt>5480</altitudeFt>
                </position>
                <position>
                    <lat>41.5778</lat>
                    <lon>12.5838</lon>
                    <date>2013-07-11T12:39:33+02:00</date>
                    <speedMph>264</speedMph>
                    <altitudeFt>5580</altitudeFt>
                </position>
                <position>
                    <lat>41.5761</lat>
                    <lon>12.6004</lon>
                    <date>2013-07-11T12:39:23+02:00</date>
                    <speedMph>272</speedMph>
                    <altitudeFt>5730</altitudeFt>
                </position>
                <position>
                    <lat>41.5743</lat>
                    <lon>12.6182</lon>
                    <date>2013-07-11T12:39:13+02:00</date>
                    <speedMph>276</speedMph>
                    <altitudeFt>5930</altitudeFt>
                </position>
                <position>
                    <lat>41.572</lat>
                    <lon>12.6389</lon>
                    <date>2013-07-11T12:39:03+02:00</date>
                    <speedMph>280</speedMph>
                    <altitudeFt>6280</altitudeFt>
                </position>
                <position>
                    <lat>41.5704</lat>
                    <lon>12.6526</lon>
                    <date>2013-07-11T12:38:53+02:00</date>
                    <speedMph>284</speedMph>
                    <altitudeFt>6530</altitudeFt>
                </position>
                <position>
                    <lat>41.568</lat>
                    <lon>12.6729</lon>
                    <date>2013-07-11T12:38:43+02:00</date>
                    <speedMph>284</speedMph>
                    <altitudeFt>6880</altitudeFt>
                </position>
                <position>
                    <lat>41.5664</lat>
                    <lon>12.6868</lon>
                    <date>2013-07-11T12:38:33+02:00</date>
                    <speedMph>284</speedMph>
                    <altitudeFt>7080</altitudeFt>
                </position>
                <position>
                    <lat>41.5646</lat>
                    <lon>12.7021</lon>
                    <date>2013-07-11T12:38:23+02:00</date>
                    <speedMph>284</speedMph>
                    <altitudeFt>7350</altitudeFt>
                </position>
                <position>
                    <lat>41.5619</lat>
                    <lon>12.7257</lon>
                    <date>2013-07-11T12:38:13+02:00</date>
                    <speedMph>284</speedMph>
                    <altitudeFt>7830</altitudeFt>
                </position>
                <position>
                    <lat>41.5607</lat>
                    <lon>12.7361</lon>
                    <date>2013-07-11T12:38:03+02:00</date>
                    <speedMph>284</speedMph>
                    <altitudeFt>8030</altitudeFt>
                </position>
                <position>
                    <lat>41.5585</lat>
                    <lon>12.7561</lon>
                    <date>2013-07-11T12:37:53+02:00</date>
                    <speedMph>284</speedMph>
                    <altitudeFt>8400</altitudeFt>
                </position>
                <position>
                    <lat>41.5556</lat>
                    <lon>12.781</lon>
                    <date>2013-07-11T12:37:43+02:00</date>
                    <speedMph>284</speedMph>
                    <altitudeFt>8780</altitudeFt>
                </position>
                <position>
                    <lat>41.5546</lat>
                    <lon>12.79</lon>
                    <date>2013-07-11T12:37:33+02:00</date>
                    <speedMph>288</speedMph>
                    <altitudeFt>8900</altitudeFt>
                </position>
                <position>
                    <lat>41.5521</lat>
                    <lon>12.8125</lon>
                    <date>2013-07-11T12:37:23+02:00</date>
                    <speedMph>292</speedMph>
                    <altitudeFt>9000</altitudeFt>
                </position>
                <position>
                    <lat>41.5505</lat>
                    <lon>12.8266</lon>
                    <date>2013-07-11T12:37:13+02:00</date>
                    <speedMph>292</speedMph>
                    <altitudeFt>9000</altitudeFt>
                </position>
                <position>
                    <lat>41.549</lat>
                    <lon>12.8397</lon>
                    <date>2013-07-11T12:37:03+02:00</date>
                    <speedMph>292</speedMph>
                    <altitudeFt>8980</altitudeFt>
                </position>
                <position>
                    <lat>41.5466</lat>
                    <lon>12.8613</lon>
                    <date>2013-07-11T12:36:53+02:00</date>
                    <speedMph>288</speedMph>
                    <altitudeFt>9000</altitudeFt>
                </position>
                <position>
                    <lat>41.5442</lat>
                    <lon>12.8828</lon>
                    <date>2013-07-11T12:36:43+02:00</date>
                    <speedMph>288</speedMph>
                    <altitudeFt>9080</altitudeFt>
                </position>
                <position>
                    <lat>41.5426</lat>
                    <lon>12.8969</lon>
                    <date>2013-07-11T12:36:33+02:00</date>
                    <speedMph>288</speedMph>
                    <altitudeFt>9180</altitudeFt>
                </position>
                <position>
                    <lat>41.5405</lat>
                    <lon>12.9173</lon>
                    <date>2013-07-11T12:36:23+02:00</date>
                    <speedMph>288</speedMph>
                    <altitudeFt>9380</altitudeFt>
                </position>
                <position>
                    <lat>41.5388</lat>
                    <lon>12.9328</lon>
                    <date>2013-07-11T12:36:13+02:00</date>
                    <speedMph>288</speedMph>
                    <altitudeFt>9500</altitudeFt>
                </position>
                <position>
                    <lat>41.5367</lat>
                    <lon>12.9538</lon>
                    <date>2013-07-11T12:36:03+02:00</date>
                    <speedMph>288</speedMph>
                    <altitudeFt>9700</altitudeFt>
                </position>
                <position>
                    <lat>41.5351</lat>
                    <lon>12.968</lon>
                    <date>2013-07-11T12:35:53+02:00</date>
                    <speedMph>292</speedMph>
                    <altitudeFt>9830</altitudeFt>
                </position>
                <position>
                    <lat>41.5339</lat>
                    <lon>12.9804</lon>
                    <date>2013-07-11T12:35:43+02:00</date>
                    <speedMph>292</speedMph>
                    <altitudeFt>9930</altitudeFt>
                </position>
                <position>
                    <lat>41.5286</lat>
                    <lon>13.03</lon>
                    <date>2013-07-11T12:35:18+02:00</date>
                    <speedMph>288</speedMph>
                    <altitudeFt>10000</altitudeFt>
                </position>
                <position>
                    <lat>41.5229</lat>
                    <lon>13.0803</lon>
                    <date>2013-07-11T12:34:48+02:00</date>
                    <speedMph>288</speedMph>
                    <altitudeFt>10000</altitudeFt>
                </position>
                <position>
                    <lat>41.5161</lat>
                    <lon>13.1375</lon>
                    <date>2013-07-11T12:34:18+02:00</date>
                    <speedMph>312</speedMph>
                    <altitudeFt>9980</altitudeFt>
                </position>
                <position>
                    <lat>41.5128</lat>
                    <lon>13.1651</lon>
                    <date>2013-07-11T12:34:08+02:00</date>
                    <speedMph>328</speedMph>
                    <altitudeFt>9980</altitudeFt>
                </position>
                <position>
                    <lat>41.507</lat>
                    <lon>13.221</lon>
                    <date>2013-07-11T12:33:38+02:00</date>
                    <speedMph>348</speedMph>
                    <altitudeFt>10380</altitudeFt>
                </position>
                <position>
                    <lat>41.5006</lat>
                    <lon>13.2793</lon>
                    <date>2013-07-11T12:33:08+02:00</date>
                    <speedMph>368</speedMph>
                    <altitudeFt>11050</altitudeFt>
                </position>
                <position>
                    <lat>41.4922</lat>
                    <lon>13.3532</lon>
                    <date>2013-07-11T12:32:38+02:00</date>
                    <speedMph>372</speedMph>
                    <altitudeFt>12480</altitudeFt>
                </position>
                <position>
                    <lat>41.4849</lat>
                    <lon>13.4169</lon>
                    <date>2013-07-11T12:32:08+02:00</date>
                    <speedMph>376</speedMph>
                    <altitudeFt>13650</altitudeFt>
                </position>
                <position>
                    <lat>41.4772</lat>
                    <lon>13.4844</lon>
                    <date>2013-07-11T12:31:38+02:00</date>
                    <speedMph>388</speedMph>
                    <altitudeFt>14800</altitudeFt>
                </position>
                <position>
                    <lat>41.4674</lat>
                    <lon>13.5696</lon>
                    <date>2013-07-11T12:31:03+02:00</date>
                    <speedMph>400</speedMph>
                    <altitudeFt>16130</altitudeFt>
                </position>
                <position>
                    <lat>41.4486</lat>
                    <lon>13.7325</lon>
                    <date>2013-07-11T12:29:59+02:00</date>
                    <speedMph>408</speedMph>
                    <altitudeFt>19500</altitudeFt>
                </position>
                <position>
                    <lat>41.4319</lat>
                    <lon>13.8748</lon>
                    <date>2013-07-11T12:28:59+02:00</date>
                    <speedMph>424</speedMph>
                    <altitudeFt>21900</altitudeFt>
                </position>
                <position>
                    <lat>41.4125</lat>
                    <lon>14.0393</lon>
                    <date>2013-07-11T12:27:59+02:00</date>
                    <speedMph>436</speedMph>
                    <altitudeFt>24730</altitudeFt>
                </position>
                <position>
                    <lat>41.3947</lat>
                    <lon>14.1873</lon>
                    <date>2013-07-11T12:26:59+02:00</date>
                    <speedMph>444</speedMph>
                    <altitudeFt>27300</altitudeFt>
                </position>
                <position>
                    <lat>41.373</lat>
                    <lon>14.3649</lon>
                    <date>2013-07-11T12:25:59+02:00</date>
                    <speedMph>460</speedMph>
                    <altitudeFt>29980</altitudeFt>
                </position>
                <position>
                    <lat>41.3525</lat>
                    <lon>14.5305</lon>
                    <date>2013-07-11T12:24:59+02:00</date>
                    <speedMph>456</speedMph>
                    <altitudeFt>32150</altitudeFt>
                </position>
                <position>
                    <lat>41.3318</lat>
                    <lon>14.6972</lon>
                    <date>2013-07-11T12:23:59+02:00</date>
                    <speedMph>456</speedMph>
                    <altitudeFt>33180</altitudeFt>
                </position>
                <position>
                    <lat>41.312</lat>
                    <lon>14.8545</lon>
                    <date>2013-07-11T12:22:59+02:00</date>
                    <speedMph>452</speedMph>
                    <altitudeFt>34150</altitudeFt>
                </position>
                <position>
                    <lat>41.2903</lat>
                    <lon>15.0228</lon>
                    <date>2013-07-11T12:21:59+02:00</date>
                    <speedMph>444</speedMph>
                    <altitudeFt>35200</altitudeFt>
                </position>
                <position>
                    <lat>41.2704</lat>
                    <lon>15.1763</lon>
                    <date>2013-07-11T12:20:59+02:00</date>
                    <speedMph>444</speedMph>
                    <altitudeFt>36000</altitudeFt>
                </position>
                <position>
                    <lat>41.2492</lat>
                    <lon>15.3383</lon>
                    <date>2013-07-11T12:19:59+02:00</date>
                    <speedMph>444</speedMph>
                    <altitudeFt>36000</altitudeFt>
                </position>
                <position>
                    <lat>41.2282</lat>
                    <lon>15.497</lon>
                    <date>2013-07-11T12:18:59+02:00</date>
                    <speedMph>444</speedMph>
                    <altitudeFt>36050</altitudeFt>
                </position>
                <position>
                    <lat>41.1987</lat>
                    <lon>15.7178</lon>
                    <date>2013-07-11T12:17:59+02:00</date>
                    <speedMph>444</speedMph>
                    <altitudeFt>36030</altitudeFt>
                </position>
                <position>
                    <lat>41.1719</lat>
                    <lon>16.1195</lon>
                    <date>2013-07-11T12:16:59+02:00</date>
                    <speedMph>436</speedMph>
                    <altitudeFt>35980</altitudeFt>
                </position>
                <position>
                    <lat>41.1709</lat>
                    <lon>16.1339</lon>
                    <date>2013-07-11T12:14:59+02:00</date>
                    <speedMph>436</speedMph>
                    <altitudeFt>35980</altitudeFt>
                </position>
                <position>
                    <lat>41.16</lat>
                    <lon>16.2947</lon>
                    <date>2013-07-11T12:13:59+02:00</date>
                    <speedMph>432</speedMph>
                    <altitudeFt>35980</altitudeFt>
                </position>
                <position>
                    <lat>41.1493</lat>
                    <lon>16.4492</lon>
                    <date>2013-07-11T12:12:59+02:00</date>
                    <speedMph>432</speedMph>
                    <altitudeFt>35980</altitudeFt>
                </position>
                <position>
                    <lat>41.1378</lat>
                    <lon>16.61</lon>
                    <date>2013-07-11T12:11:59+02:00</date>
                    <speedMph>432</speedMph>
                    <altitudeFt>36000</altitudeFt>
                </position>
                <position>
                    <lat>41.1255</lat>
                    <lon>16.7754</lon>
                    <date>2013-07-11T12:10:58+02:00</date>
                    <speedMph>436</speedMph>
                    <altitudeFt>36000</altitudeFt>
                </position>
                <position>
                    <lat>41.1138</lat>
                    <lon>16.9335</lon>
                    <date>2013-07-11T12:09:58+02:00</date>
                    <speedMph>436</speedMph>
                    <altitudeFt>36030</altitudeFt>
                </position>
                <position>
                    <lat>41.1021</lat>
                    <lon>17.0903</lon>
                    <date>2013-07-11T12:08:58+02:00</date>
                    <speedMph>436</speedMph>
                    <altitudeFt>36030</altitudeFt>
                </position>
                <position>
                    <lat>41.0896</lat>
                    <lon>17.2507</lon>
                    <date>2013-07-11T12:07:58+02:00</date>
                    <speedMph>436</speedMph>
                    <altitudeFt>36000</altitudeFt>
                </position>
                <position>
                    <lat>41.0772</lat>
                    <lon>17.4141</lon>
                    <date>2013-07-11T12:06:58+02:00</date>
                    <speedMph>432</speedMph>
                    <altitudeFt>35980</altitudeFt>
                </position>
                <position>
                    <lat>41.0643</lat>
                    <lon>17.5755</lon>
                    <date>2013-07-11T12:05:58+02:00</date>
                    <speedMph>432</speedMph>
                    <altitudeFt>36000</altitudeFt>
                </position>
                <position>
                    <lat>41.0516</lat>
                    <lon>17.7298</lon>
                    <date>2013-07-11T12:04:58+02:00</date>
                    <speedMph>432</speedMph>
                    <altitudeFt>36000</altitudeFt>
                </position>
                <position>
                    <lat>41.0383</lat>
                    <lon>17.8922</lon>
                    <date>2013-07-11T12:03:58+02:00</date>
                    <speedMph>428</speedMph>
                    <altitudeFt>36030</altitudeFt>
                </position>
                <position>
                    <lat>41.0251</lat>
                    <lon>18.047</lon>
                    <date>2013-07-11T12:02:58+02:00</date>
                    <speedMph>428</speedMph>
                    <altitudeFt>36000</altitudeFt>
                </position>
                <position>
                    <lat>40.9873</lat>
                    <lon>18.486</lon>
                    <date>2013-07-11T12:01:56+02:00</date>
                    <speedMph>424</speedMph>
                    <altitudeFt>36000</altitudeFt>
                </position>
                <position>
                    <lat>40.9863</lat>
                    <lon>18.4973</lon>
                    <date>2013-07-11T12:00:56+02:00</date>
                    <speedMph>424</speedMph>
                    <altitudeFt>36000</altitudeFt>
                </position>
                <position>
                    <lat>40.9847</lat>
                    <lon>18.5157</lon>
                    <date>2013-07-11T11:59:52+02:00</date>
                    <speedMph>424</speedMph>
                    <altitudeFt>36000</altitudeFt>
                </position>
                <position>
                    <lat>40.9711</lat>
                    <lon>18.6716</lon>
                    <date>2013-07-11T11:58:52+02:00</date>
                    <speedMph>424</speedMph>
                    <altitudeFt>36030</altitudeFt>
                </position>
                <position>
                    <lat>40.9618</lat>
                    <lon>18.8289</lon>
                    <date>2013-07-11T11:57:52+02:00</date>
                    <speedMph>416</speedMph>
                    <altitudeFt>36000</altitudeFt>
                </position>
                <position>
                    <lat>41.01</lat>
                    <lon>18.9683</lon>
                    <date>2013-07-11T11:56:52+02:00</date>
                    <speedMph>412</speedMph>
                    <altitudeFt>36000</altitudeFt>
                </position>
                <position>
                    <lat>41.0638</lat>
                    <lon>19.1006</lon>
                    <date>2013-07-11T11:55:52+02:00</date>
                    <speedMph>412</speedMph>
                    <altitudeFt>36000</altitudeFt>
                </position>
                <position>
                    <lat>41.1204</lat>
                    <lon>19.2403</lon>
                    <date>2013-07-11T11:54:52+02:00</date>
                    <speedMph>412</speedMph>
                    <altitudeFt>36030</altitudeFt>
                </position>
                <position>
                    <lat>41.1708</lat>
                    <lon>19.3658</lon>
                    <date>2013-07-11T11:53:52+02:00</date>
                    <speedMph>412</speedMph>
                    <altitudeFt>36030</altitudeFt>
                </position>
                <position>
                    <lat>41.2253</lat>
                    <lon>19.5027</lon>
                    <date>2013-07-11T11:52:52+02:00</date>
                    <speedMph>412</speedMph>
                    <altitudeFt>35980</altitudeFt>
                </position>
                <position>
                    <lat>41.2763</lat>
                    <lon>19.6302</lon>
                    <date>2013-07-11T11:51:52+02:00</date>
                    <speedMph>408</speedMph>
                    <altitudeFt>35980</altitudeFt>
                </position>
                <position>
                    <lat>41.3318</lat>
                    <lon>19.7695</lon>
                    <date>2013-07-11T11:50:52+02:00</date>
                    <speedMph>408</speedMph>
                    <altitudeFt>35980</altitudeFt>
                </position>
                <position>
                    <lat>41.3828</lat>
                    <lon>19.8987</lon>
                    <date>2013-07-11T11:49:52+02:00</date>
                    <speedMph>408</speedMph>
                    <altitudeFt>36000</altitudeFt>
                </position>
                <position>
                    <lat>41.4345</lat>
                    <lon>20.0302</lon>
                    <date>2013-07-11T11:48:52+02:00</date>
                    <speedMph>408</speedMph>
                    <altitudeFt>36030</altitudeFt>
                </position>
                <position>
                    <lat>41.4878</lat>
                    <lon>20.1663</lon>
                    <date>2013-07-11T11:47:52+02:00</date>
                    <speedMph>412</speedMph>
                    <altitudeFt>36000</altitudeFt>
                </position>
                <position>
                    <lat>41.5422</lat>
                    <lon>20.306</lon>
                    <date>2013-07-11T11:46:52+02:00</date>
                    <speedMph>412</speedMph>
                    <altitudeFt>36000</altitudeFt>
                </position>
                <position>
                    <lat>41.6391</lat>
                    <lon>20.5561</lon>
                    <date>2013-07-11T11:45:52+02:00</date>
                    <speedMph>412</speedMph>
                    <altitudeFt>36000</altitudeFt>
                </position>
                <position>
                    <lat>41.6662</lat>
                    <lon>20.6264</lon>
                    <date>2013-07-11T11:44:31+02:00</date>
                    <speedMph>412</speedMph>
                    <altitudeFt>36000</altitudeFt>
                </position>
                <position>
                    <lat>41.7147</lat>
                    <lon>20.7535</lon>
                    <date>2013-07-11T11:43:31+02:00</date>
                    <speedMph>412</speedMph>
                    <altitudeFt>36000</altitudeFt>
                </position>
                <position>
                    <lat>41.7602</lat>
                    <lon>20.8957</lon>
                    <date>2013-07-11T11:42:31+02:00</date>
                    <speedMph>412</speedMph>
                    <altitudeFt>36000</altitudeFt>
                </position>
                <position>
                    <lat>41.7948</lat>
                    <lon>21.0383</lon>
                    <date>2013-07-11T11:41:31+02:00</date>
                    <speedMph>412</speedMph>
                    <altitudeFt>36000</altitudeFt>
                </position>
                <position>
                    <lat>41.8286</lat>
                    <lon>21.1771</lon>
                    <date>2013-07-11T11:40:31+02:00</date>
                    <speedMph>412</speedMph>
                    <altitudeFt>36000</altitudeFt>
                </position>
                <position>
                    <lat>41.8641</lat>
                    <lon>21.325</lon>
                    <date>2013-07-11T11:39:31+02:00</date>
                    <speedMph>412</speedMph>
                    <altitudeFt>36000</altitudeFt>
                </position>
                <position>
                    <lat>41.8986</lat>
                    <lon>21.4692</lon>
                    <date>2013-07-11T11:38:31+02:00</date>
                    <speedMph>412</speedMph>
                    <altitudeFt>36000</altitudeFt>
                </position>
                <position>
                    <lat>41.9344</lat>
                    <lon>21.6194</lon>
                    <date>2013-07-11T11:37:31+02:00</date>
                    <speedMph>408</speedMph>
                    <altitudeFt>36000</altitudeFt>
                </position>
                <position>
                    <lat>41.9676</lat>
                    <lon>21.7609</lon>
                    <date>2013-07-11T11:36:31+02:00</date>
                    <speedMph>412</speedMph>
                    <altitudeFt>35980</altitudeFt>
                </position>
                <position>
                    <lat>42.0065</lat>
                    <lon>21.9264</lon>
                    <date>2013-07-11T11:35:31+02:00</date>
                    <speedMph>432</speedMph>
                    <altitudeFt>34600</altitudeFt>
                </position>
                <position>
                    <lat>42.0421</lat>
                    <lon>22.0789</lon>
                    <date>2013-07-11T11:34:31+02:00</date>
                    <speedMph>428</speedMph>
                    <altitudeFt>33500</altitudeFt>
                </position>
                <position>
                    <lat>42.0787</lat>
                    <lon>22.2365</lon>
                    <date>2013-07-11T11:33:31+02:00</date>
                    <speedMph>456</speedMph>
                    <altitudeFt>31100</altitudeFt>
                </position>
                <position>
                    <lat>42.1178</lat>
                    <lon>22.4071</lon>
                    <date>2013-07-11T11:32:31+02:00</date>
                    <speedMph>456</speedMph>
                    <altitudeFt>29650</altitudeFt>
                </position>
                <position>
                    <lat>42.1262</lat>
                    <lon>22.5351</lon>
                    <date>2013-07-11T11:31:31+02:00</date>
                    <speedMph>448</speedMph>
                    <altitudeFt>28500</altitudeFt>
                </position>
                <position>
                    <lat>42.1626</lat>
                    <lon>22.6962</lon>
                    <date>2013-07-11T11:30:31+02:00</date>
                    <speedMph>440</speedMph>
                    <altitudeFt>27180</altitudeFt>
                </position>
                <position>
                    <lat>42.1943</lat>
                    <lon>22.8375</lon>
                    <date>2013-07-11T11:29:31+02:00</date>
                    <speedMph>432</speedMph>
                    <altitudeFt>25850</altitudeFt>
                </position>
                <position>
                    <lat>42.2285</lat>
                    <lon>22.9901</lon>
                    <date>2013-07-11T11:28:31+02:00</date>
                    <speedMph>424</speedMph>
                    <altitudeFt>24100</altitudeFt>
                </position>
                <position>
                    <lat>42.2646</lat>
                    <lon>23.1514</lon>
                    <date>2013-07-11T11:27:31+02:00</date>
                    <speedMph>404</speedMph>
                    <altitudeFt>22550</altitudeFt>
                </position>
                <position>
                    <lat>42.2965</lat>
                    <lon>23.2978</lon>
                    <date>2013-07-11T11:26:31+02:00</date>
                    <speedMph>396</speedMph>
                    <altitudeFt>20480</altitudeFt>
                </position>
                <position>
                    <lat>42.3442</lat>
                    <lon>23.405</lon>
                    <date>2013-07-11T11:25:31+02:00</date>
                    <speedMph>364</speedMph>
                    <altitudeFt>19350</altitudeFt>
                </position>
                <position>
                    <lat>42.4184</lat>
                    <lon>23.5075</lon>
                    <date>2013-07-11T11:24:31+02:00</date>
                    <speedMph>352</speedMph>
                    <altitudeFt>16780</altitudeFt>
                </position>
                <position>
                    <lat>42.5008</lat>
                    <lon>23.5636</lon>
                    <date>2013-07-11T11:23:31+02:00</date>
                    <speedMph>332</speedMph>
                    <altitudeFt>14600</altitudeFt>
                </position>
                <position>
                    <lat>42.5409</lat>
                    <lon>23.5866</lon>
                    <date>2013-07-11T11:23:01+02:00</date>
                    <speedMph>296</speedMph>
                    <altitudeFt>14000</altitudeFt>
                </position>
                <position>
                    <lat>42.5706</lat>
                    <lon>23.6087</lon>
                    <date>2013-07-11T11:22:31+02:00</date>
                    <speedMph>272</speedMph>
                    <altitudeFt>13230</altitudeFt>
                </position>
                <position>
                    <lat>42.6477</lat>
                    <lon>23.6696</lon>
                    <date>2013-07-11T11:22:01+02:00</date>
                    <speedMph>264</speedMph>
                    <altitudeFt>10700</altitudeFt>
                </position>
                <position>
                    <lat>42.6642</lat>
                    <lon>23.661</lon>
                    <date>2013-07-11T11:21:31+02:00</date>
                    <speedMph>268</speedMph>
                    <altitudeFt>9830</altitudeFt>
                </position>
                <position>
                    <lat>42.6727</lat>
                    <lon>23.6499</lon>
                    <date>2013-07-11T11:21:21+02:00</date>
                    <speedMph>264</speedMph>
                    <altitudeFt>9300</altitudeFt>
                </position>
                <position>
                    <lat>42.6789</lat>
                    <lon>23.6354</lon>
                    <date>2013-07-11T11:21:11+02:00</date>
                    <speedMph>260</speedMph>
                    <altitudeFt>8880</altitudeFt>
                </position>
                <position>
                    <lat>42.6816</lat>
                    <lon>23.6209</lon>
                    <date>2013-07-11T11:21:01+02:00</date>
                    <speedMph>252</speedMph>
                    <altitudeFt>8400</altitudeFt>
                </position>
                <position>
                    <lat>42.6823</lat>
                    <lon>23.6108</lon>
                    <date>2013-07-11T11:20:51+02:00</date>
                    <speedMph>248</speedMph>
                    <altitudeFt>8130</altitudeFt>
                </position>
                <position>
                    <lat>42.684</lat>
                    <lon>23.5877</lon>
                    <date>2013-07-11T11:20:41+02:00</date>
                    <speedMph>244</speedMph>
                    <altitudeFt>7300</altitudeFt>
                </position>
                <position>
                    <lat>42.6846</lat>
                    <lon>23.5797</lon>
                    <date>2013-07-11T11:20:31+02:00</date>
                    <speedMph>244</speedMph>
                    <altitudeFt>7050</altitudeFt>
                </position>
                <position>
                    <lat>42.6863</lat>
                    <lon>23.5544</lon>
                    <date>2013-07-11T11:20:21+02:00</date>
                    <speedMph>236</speedMph>
                    <altitudeFt>6230</altitudeFt>
                </position>
                <position>
                    <lat>42.6866</lat>
                    <lon>23.55</lon>
                    <date>2013-07-11T11:20:11+02:00</date>
                    <speedMph>240</speedMph>
                    <altitudeFt>5930</altitudeFt>
                </position>
                <position>
                    <lat>42.6882</lat>
                    <lon>23.528</lon>
                    <date>2013-07-11T11:20:01+02:00</date>
                    <speedMph>236</speedMph>
                    <altitudeFt>5050</altitudeFt>
                </position>
                <position>
                    <lat>42.6886</lat>
                    <lon>23.5215</lon>
                    <date>2013-07-11T11:19:51+02:00</date>
                    <speedMph>236</speedMph>
                    <altitudeFt>4730</altitudeFt>
                </position>
                <position>
                    <lat>42.6898</lat>
                    <lon>23.5065</lon>
                    <date>2013-07-11T11:19:46+02:00</date>
                    <speedMph>228</speedMph>
                    <altitudeFt>4250</altitudeFt>
                </position>
                <position>
                    <lat>42.6903</lat>
                    <lon>23.4997</lon>
                    <date>2013-07-11T11:19:41+02:00</date>
                    <speedMph>220</speedMph>
                    <altitudeFt>4130</altitudeFt>
                </position>
                <position>
                    <lat>42.6908</lat>
                    <lon>23.4929</lon>
                    <date>2013-07-11T11:19:31+02:00</date>
                    <speedMph>212</speedMph>
                    <altitudeFt>4050</altitudeFt>
                </position>
                <position>
                    <lat>42.6914</lat>
                    <lon>23.4856</lon>
                    <date>2013-07-11T11:19:26+02:00</date>
                    <speedMph>204</speedMph>
                    <altitudeFt>3950</altitudeFt>
                </position>
                <position>
                    <lat>42.6922</lat>
                    <lon>23.4742</lon>
                    <date>2013-07-11T11:19:21+02:00</date>
                    <speedMph>188</speedMph>
                    <altitudeFt>3680</altitudeFt>
                </position>
                <position>
                    <lat>42.6927</lat>
                    <lon>23.467</lon>
                    <date>2013-07-11T11:19:11+02:00</date>
                    <speedMph>184</speedMph>
                    <altitudeFt>3550</altitudeFt>
                </position>
                <position>
                    <lat>42.6935</lat>
                    <lon>23.4557</lon>
                    <date>2013-07-11T11:19:06+02:00</date>
                    <speedMph>172</speedMph>
                    <altitudeFt>3330</altitudeFt>
                </position>
                <position>
                    <lat>42.694</lat>
                    <lon>23.4501</lon>
                    <date>2013-07-11T11:19:01+02:00</date>
                    <speedMph>164</speedMph>
                    <altitudeFt>3200</altitudeFt>
                </position>
                <position>
                    <lat>42.6943</lat>
                    <lon>23.4465</lon>
                    <date>2013-07-11T11:18:51+02:00</date>
                    <speedMph>160</speedMph>
                    <altitudeFt>3050</altitudeFt>
                </position>
                <position>
                    <lat>42.6951</lat>
                    <lon>23.4365</lon>
                    <date>2013-07-11T11:18:46+02:00</date>
                    <speedMph>164</speedMph>
                    <altitudeFt>2550</altitudeFt>
                </position>
                <position>
                    <lat>42.6955</lat>
                    <lon>23.4314</lon>
                    <date>2013-07-11T11:18:41+02:00</date>
                    <speedMph>164</speedMph>
                    <altitudeFt>2330</altitudeFt>
                </position>
                <position>
                    <lat>42.6959</lat>
                    <lon>23.4263</lon>
                    <date>2013-07-11T11:18:36+02:00</date>
                    <speedMph>164</speedMph>
                    <altitudeFt>2100</altitudeFt>
                </position>
                <position>
                    <lat>42.6966</lat>
                    <lon>23.4145</lon>
                    <date>2013-07-11T11:18:26+02:00</date>
                    <speedMph>152</speedMph>
                    <altitudeFt>0</altitudeFt>
                </position>
                <position>
                    <lat>42.6968</lat>
                    <lon>23.4114</lon>
                    <date>2013-07-11T11:18:21+02:00</date>
                    <speedMph>136</speedMph>
                    <altitudeFt>0</altitudeFt>
                </position>
                <position>
                    <lat>42.6971</lat>
                    <lon>23.4071</lon>
                    <date>2013-07-11T11:18:16+02:00</date>
                    <speedMph>116</speedMph>
                    <altitudeFt>0</altitudeFt>
                </position>
                <position>
                    <lat>42.6973</lat>
                    <lon>23.404</lon>
                    <date>2013-07-11T11:18:11+02:00</date>
                    <speedMph>100</speedMph>
                    <altitudeFt>0</altitudeFt>
                </position>
                <position>
                    <lat>42.6976</lat>
                    <lon>23.3975</lon>
                    <date>2013-07-11T11:18:06+02:00</date>
                    <speedMph>28</speedMph>
                    <altitudeFt>0</altitudeFt>
                </position>
            </positions>
        </flightTrack>
    </flightTracks>
</flightstatslog>
