<?xml version="1.0" encoding="UTF-8" standalone="yes"?>
<flightstatslog>
    <appendix>
        <airports>
            <airport>
                <fs>BUD</fs>
                <latitude>47.436933</latitude>
                <longitude>19.255592</longitude>
                <city>Budapest</city>
            </airport>
            <airport>
                <fs>IST</fs>
                <latitude>40.976922</latitude>
                <longitude>28.814606</longitude>
                <city>Istanbul</city>
            </airport>
        </airports>
    </appendix>
    <flightTracks>
        <flightTrack>
            <flightId>4959015</flightId>
            <departureAirportFsCode>BUD</departureAirportFsCode>
            <arrivalAirportFsCode>IST</arrivalAirportFsCode>
            <positions>
                <position>
                    <lat>40.9771</lat>
                    <lon>28.8312</lon>
                    <date>2013-07-11T12:34:43+02:00</date>
                    <speedMph>4</speedMph>
                    <altitudeFt>0</altitudeFt>
                </position>
                <position>
                    <lat>40.9759</lat>
                    <lon>28.8304</lon>
                    <date>2013-07-11T12:34:23+02:00</date>
                    <speedMph>28</speedMph>
                    <altitudeFt>0</altitudeFt>
                </position>
                <position>
                    <lat>40.9476</lat>
                    <lon>28.7711</lon>
                    <date>2013-07-11T12:32:33+02:00</date>
                    <speedMph>132</speedMph>
                    <altitudeFt>900</altitudeFt>
                </position>
                <position>
                    <lat>40.9468</lat>
                    <lon>28.7693</lon>
                    <date>2013-07-11T12:32:28+02:00</date>
                    <speedMph>132</speedMph>
                    <altitudeFt>950</altitudeFt>
                </position>
                <position>
                    <lat>40.9447</lat>
                    <lon>28.7649</lon>
                    <date>2013-07-11T12:32:23+02:00</date>
                    <speedMph>132</speedMph>
                    <altitudeFt>1000</altitudeFt>
                </position>
                <position>
                    <lat>40.9334</lat>
                    <lon>28.7405</lon>
                    <date>2013-07-11T12:31:48+02:00</date>
                    <speedMph>132</speedMph>
                    <altitudeFt>1430</altitudeFt>
                </position>
                <position>
                    <lat>40.9325</lat>
                    <lon>28.7388</lon>
                    <date>2013-07-11T12:31:43+02:00</date>
                    <speedMph>132</speedMph>
                    <altitudeFt>1450</altitudeFt>
                </position>
                <position>
                    <lat>40.9291</lat>
                    <lon>28.7313</lon>
                    <date>2013-07-11T12:31:38+02:00</date>
                    <speedMph>144</speedMph>
                    <altitudeFt>1580</altitudeFt>
                </position>
                <position>
                    <lat>40.9271</lat>
                    <lon>28.7268</lon>
                    <date>2013-07-11T12:31:28+02:00</date>
                    <speedMph>152</speedMph>
                    <altitudeFt>1650</altitudeFt>
                </position>
                <position>
                    <lat>40.9252</lat>
                    <lon>28.7228</lon>
                    <date>2013-07-11T12:31:23+02:00</date>
                    <speedMph>156</speedMph>
                    <altitudeFt>1730</altitudeFt>
                </position>
                <position>
                    <lat>40.9232</lat>
                    <lon>28.7184</lon>
                    <date>2013-07-11T12:31:18+02:00</date>
                    <speedMph>164</speedMph>
                    <altitudeFt>1800</altitudeFt>
                </position>
                <position>
                    <lat>40.9159</lat>
                    <lon>28.7029</lon>
                    <date>2013-07-11T12:30:58+02:00</date>
                    <speedMph>168</speedMph>
                    <altitudeFt>2050</altitudeFt>
                </position>
                <position>
                    <lat>40.9074</lat>
                    <lon>28.6845</lon>
                    <date>2013-07-11T12:30:53+02:00</date>
                    <speedMph>172</speedMph>
                    <altitudeFt>2380</altitudeFt>
                </position>
                <position>
                    <lat>40.9035</lat>
                    <lon>28.6761</lon>
                    <date>2013-07-11T12:30:43+02:00</date>
                    <speedMph>176</speedMph>
                    <altitudeFt>2500</altitudeFt>
                </position>
                <position>
                    <lat>40.8909</lat>
                    <lon>28.6493</lon>
                    <date>2013-07-11T12:30:04+02:00</date>
                    <speedMph>188</speedMph>
                    <altitudeFt>2930</altitudeFt>
                </position>
                <position>
                    <lat>40.888</lat>
                    <lon>28.6432</lon>
                    <date>2013-07-11T12:29:59+02:00</date>
                    <speedMph>188</speedMph>
                    <altitudeFt>3030</altitudeFt>
                </position>
                <position>
                    <lat>40.8853</lat>
                    <lon>28.6375</lon>
                    <date>2013-07-11T12:29:44+02:00</date>
                    <speedMph>188</speedMph>
                    <altitudeFt>3100</altitudeFt>
                </position>
                <position>
                    <lat>40.8826</lat>
                    <lon>28.6314</lon>
                    <date>2013-07-11T12:29:39+02:00</date>
                    <speedMph>192</speedMph>
                    <altitudeFt>3100</altitudeFt>
                </position>
                <position>
                    <lat>40.877</lat>
                    <lon>28.6188</lon>
                    <date>2013-07-11T12:29:34+02:00</date>
                    <speedMph>200</speedMph>
                    <altitudeFt>3130</altitudeFt>
                </position>
                <position>
                    <lat>40.8743</lat>
                    <lon>28.6127</lon>
                    <date>2013-07-11T12:29:24+02:00</date>
                    <speedMph>200</speedMph>
                    <altitudeFt>3100</altitudeFt>
                </position>
                <position>
                    <lat>40.8694</lat>
                    <lon>28.599</lon>
                    <date>2013-07-11T12:29:14+02:00</date>
                    <speedMph>200</speedMph>
                    <altitudeFt>3100</altitudeFt>
                </position>
                <position>
                    <lat>40.8682</lat>
                    <lon>28.5936</lon>
                    <date>2013-07-11T12:29:04+02:00</date>
                    <speedMph>200</speedMph>
                    <altitudeFt>3100</altitudeFt>
                </position>
                <position>
                    <lat>40.8668</lat>
                    <lon>28.5861</lon>
                    <date>2013-07-11T12:28:59+02:00</date>
                    <speedMph>200</speedMph>
                    <altitudeFt>3100</altitudeFt>
                </position>
                <position>
                    <lat>40.8644</lat>
                    <lon>28.5732</lon>
                    <date>2013-07-11T12:28:49+02:00</date>
                    <speedMph>200</speedMph>
                    <altitudeFt>3100</altitudeFt>
                </position>
                <position>
                    <lat>40.863</lat>
                    <lon>28.5656</lon>
                    <date>2013-07-11T12:28:44+02:00</date>
                    <speedMph>196</speedMph>
                    <altitudeFt>3100</altitudeFt>
                </position>
                <position>
                    <lat>40.8617</lat>
                    <lon>28.5586</lon>
                    <date>2013-07-11T12:28:39+02:00</date>
                    <speedMph>196</speedMph>
                    <altitudeFt>3100</altitudeFt>
                </position>
                <position>
                    <lat>40.8607</lat>
                    <lon>28.5535</lon>
                    <date>2013-07-11T12:28:29+02:00</date>
                    <speedMph>200</speedMph>
                    <altitudeFt>3100</altitudeFt>
                </position>
                <position>
                    <lat>40.8589</lat>
                    <lon>28.5438</lon>
                    <date>2013-07-11T12:28:24+02:00</date>
                    <speedMph>204</speedMph>
                    <altitudeFt>3100</altitudeFt>
                </position>
                <position>
                    <lat>40.8563</lat>
                    <lon>28.5291</lon>
                    <date>2013-07-11T12:28:14+02:00</date>
                    <speedMph>204</speedMph>
                    <altitudeFt>3100</altitudeFt>
                </position>
                <position>
                    <lat>40.8522</lat>
                    <lon>28.5071</lon>
                    <date>2013-07-11T12:27:59+02:00</date>
                    <speedMph>216</speedMph>
                    <altitudeFt>3080</altitudeFt>
                </position>
                <position>
                    <lat>40.8508</lat>
                    <lon>28.4991</lon>
                    <date>2013-07-11T12:27:54+02:00</date>
                    <speedMph>216</speedMph>
                    <altitudeFt>3080</altitudeFt>
                </position>
                <position>
                    <lat>40.8483</lat>
                    <lon>28.4854</lon>
                    <date>2013-07-11T12:27:39+02:00</date>
                    <speedMph>216</speedMph>
                    <altitudeFt>3130</altitudeFt>
                </position>
                <position>
                    <lat>40.8467</lat>
                    <lon>28.4768</lon>
                    <date>2013-07-11T12:27:29+02:00</date>
                    <speedMph>216</speedMph>
                    <altitudeFt>3180</altitudeFt>
                </position>
                <position>
                    <lat>40.8451</lat>
                    <lon>28.4684</lon>
                    <date>2013-07-11T12:27:24+02:00</date>
                    <speedMph>216</speedMph>
                    <altitudeFt>3230</altitudeFt>
                </position>
                <position>
                    <lat>40.843</lat>
                    <lon>28.4574</lon>
                    <date>2013-07-11T12:27:19+02:00</date>
                    <speedMph>220</speedMph>
                    <altitudeFt>3300</altitudeFt>
                </position>
                <position>
                    <lat>40.8422</lat>
                    <lon>28.4536</lon>
                    <date>2013-07-11T12:27:14+02:00</date>
                    <speedMph>220</speedMph>
                    <altitudeFt>3330</altitudeFt>
                </position>
                <position>
                    <lat>40.8407</lat>
                    <lon>28.4455</lon>
                    <date>2013-07-11T12:27:04+02:00</date>
                    <speedMph>216</speedMph>
                    <altitudeFt>3380</altitudeFt>
                </position>
                <position>
                    <lat>40.8392</lat>
                    <lon>28.4379</lon>
                    <date>2013-07-11T12:26:59+02:00</date>
                    <speedMph>216</speedMph>
                    <altitudeFt>3430</altitudeFt>
                </position>
                <position>
                    <lat>40.8366</lat>
                    <lon>28.4246</lon>
                    <date>2013-07-11T12:26:54+02:00</date>
                    <speedMph>216</speedMph>
                    <altitudeFt>3500</altitudeFt>
                </position>
                <position>
                    <lat>40.8359</lat>
                    <lon>28.4208</lon>
                    <date>2013-07-11T12:26:44+02:00</date>
                    <speedMph>212</speedMph>
                    <altitudeFt>3530</altitudeFt>
                </position>
                <position>
                    <lat>40.8332</lat>
                    <lon>28.4069</lon>
                    <date>2013-07-11T12:26:39+02:00</date>
                    <speedMph>212</speedMph>
                    <altitudeFt>3600</altitudeFt>
                </position>
                <position>
                    <lat>40.8284</lat>
                    <lon>28.3781</lon>
                    <date>2013-07-11T12:26:19+02:00</date>
                    <speedMph>212</speedMph>
                    <altitudeFt>3780</altitudeFt>
                </position>
                <position>
                    <lat>40.8288</lat>
                    <lon>28.372</lon>
                    <date>2013-07-11T12:26:09+02:00</date>
                    <speedMph>212</speedMph>
                    <altitudeFt>3830</altitudeFt>
                </position>
                <position>
                    <lat>40.8289</lat>
                    <lon>28.3712</lon>
                    <date>2013-07-11T12:26:04+02:00</date>
                    <speedMph>212</speedMph>
                    <altitudeFt>3830</altitudeFt>
                </position>
                <position>
                    <lat>40.8533</lat>
                    <lon>28.3422</lon>
                    <date>2013-07-11T12:25:39+02:00</date>
                    <speedMph>240</speedMph>
                    <altitudeFt>4100</altitudeFt>
                </position>
                <position>
                    <lat>40.9068</lat>
                    <lon>28.3823</lon>
                    <date>2013-07-11T12:24:39+02:00</date>
                    <speedMph>240</speedMph>
                    <altitudeFt>4530</altitudeFt>
                </position>
                <position>
                    <lat>40.9147</lat>
                    <lon>28.391</lon>
                    <date>2013-07-11T12:24:34+02:00</date>
                    <speedMph>236</speedMph>
                    <altitudeFt>4600</altitudeFt>
                </position>
                <position>
                    <lat>40.9263</lat>
                    <lon>28.4041</lon>
                    <date>2013-07-11T12:24:19+02:00</date>
                    <speedMph>240</speedMph>
                    <altitudeFt>4700</altitudeFt>
                </position>
                <position>
                    <lat>40.9324</lat>
                    <lon>28.4114</lon>
                    <date>2013-07-11T12:24:14+02:00</date>
                    <speedMph>240</speedMph>
                    <altitudeFt>4780</altitudeFt>
                </position>
                <position>
                    <lat>40.9385</lat>
                    <lon>28.4188</lon>
                    <date>2013-07-11T12:24:04+02:00</date>
                    <speedMph>236</speedMph>
                    <altitudeFt>4850</altitudeFt>
                </position>
                <position>
                    <lat>40.9435</lat>
                    <lon>28.4248</lon>
                    <date>2013-07-11T12:23:59+02:00</date>
                    <speedMph>244</speedMph>
                    <altitudeFt>4930</altitudeFt>
                </position>
                <position>
                    <lat>40.9485</lat>
                    <lon>28.43</lon>
                    <date>2013-07-11T12:23:49+02:00</date>
                    <speedMph>244</speedMph>
                    <altitudeFt>4980</altitudeFt>
                </position>
                <position>
                    <lat>40.9544</lat>
                    <lon>28.4343</lon>
                    <date>2013-07-11T12:23:44+02:00</date>
                    <speedMph>240</speedMph>
                    <altitudeFt>5030</altitudeFt>
                </position>
                <position>
                    <lat>40.9681</lat>
                    <lon>28.4377</lon>
                    <date>2013-07-11T12:23:34+02:00</date>
                    <speedMph>240</speedMph>
                    <altitudeFt>5200</altitudeFt>
                </position>
                <position>
                    <lat>40.9793</lat>
                    <lon>28.4378</lon>
                    <date>2013-07-11T12:23:24+02:00</date>
                    <speedMph>244</speedMph>
                    <altitudeFt>5300</altitudeFt>
                </position>
                <position>
                    <lat>40.9893</lat>
                    <lon>28.4382</lon>
                    <date>2013-07-11T12:23:14+02:00</date>
                    <speedMph>244</speedMph>
                    <altitudeFt>5380</altitudeFt>
                </position>
                <position>
                    <lat>41.0019</lat>
                    <lon>28.4367</lon>
                    <date>2013-07-11T12:23:04+02:00</date>
                    <speedMph>248</speedMph>
                    <altitudeFt>5500</altitudeFt>
                </position>
                <position>
                    <lat>41.0089</lat>
                    <lon>28.4335</lon>
                    <date>2013-07-11T12:22:54+02:00</date>
                    <speedMph>248</speedMph>
                    <altitudeFt>5530</altitudeFt>
                </position>
                <position>
                    <lat>41.0215</lat>
                    <lon>28.4188</lon>
                    <date>2013-07-11T12:22:44+02:00</date>
                    <speedMph>264</speedMph>
                    <altitudeFt>5700</altitudeFt>
                </position>
                <position>
                    <lat>41.0246</lat>
                    <lon>28.4121</lon>
                    <date>2013-07-11T12:22:34+02:00</date>
                    <speedMph>264</speedMph>
                    <altitudeFt>5800</altitudeFt>
                </position>
                <position>
                    <lat>41.0349</lat>
                    <lon>28.3887</lon>
                    <date>2013-07-11T12:22:24+02:00</date>
                    <speedMph>264</speedMph>
                    <altitudeFt>6130</altitudeFt>
                </position>
                <position>
                    <lat>41.0385</lat>
                    <lon>28.3801</lon>
                    <date>2013-07-11T12:22:14+02:00</date>
                    <speedMph>268</speedMph>
                    <altitudeFt>6230</altitudeFt>
                </position>
                <position>
                    <lat>41.0464</lat>
                    <lon>28.3615</lon>
                    <date>2013-07-11T12:22:04+02:00</date>
                    <speedMph>268</speedMph>
                    <altitudeFt>6480</altitudeFt>
                </position>
                <position>
                    <lat>41.05</lat>
                    <lon>28.353</lon>
                    <date>2013-07-11T12:21:54+02:00</date>
                    <speedMph>268</speedMph>
                    <altitudeFt>6630</altitudeFt>
                </position>
                <position>
                    <lat>41.0592</lat>
                    <lon>28.3311</lon>
                    <date>2013-07-11T12:21:44+02:00</date>
                    <speedMph>268</speedMph>
                    <altitudeFt>6980</altitudeFt>
                </position>
                <position>
                    <lat>41.0604</lat>
                    <lon>28.3281</lon>
                    <date>2013-07-11T12:21:34+02:00</date>
                    <speedMph>272</speedMph>
                    <altitudeFt>7030</altitudeFt>
                </position>
                <position>
                    <lat>41.0722</lat>
                    <lon>28.3006</lon>
                    <date>2013-07-11T12:21:24+02:00</date>
                    <speedMph>276</speedMph>
                    <altitudeFt>7250</altitudeFt>
                </position>
                <position>
                    <lat>41.0738</lat>
                    <lon>28.2969</lon>
                    <date>2013-07-11T12:21:14+02:00</date>
                    <speedMph>276</speedMph>
                    <altitudeFt>7330</altitudeFt>
                </position>
                <position>
                    <lat>41.083</lat>
                    <lon>28.2758</lon>
                    <date>2013-07-11T12:21:04+02:00</date>
                    <speedMph>276</speedMph>
                    <altitudeFt>7650</altitudeFt>
                </position>
                <position>
                    <lat>41.0899</lat>
                    <lon>28.2595</lon>
                    <date>2013-07-11T12:20:54+02:00</date>
                    <speedMph>276</speedMph>
                    <altitudeFt>7950</altitudeFt>
                </position>
                <position>
                    <lat>41.0953</lat>
                    <lon>28.2467</lon>
                    <date>2013-07-11T12:20:44+02:00</date>
                    <speedMph>280</speedMph>
                    <altitudeFt>8130</altitudeFt>
                </position>
                <position>
                    <lat>41.0986</lat>
                    <lon>28.239</lon>
                    <date>2013-07-11T12:20:34+02:00</date>
                    <speedMph>280</speedMph>
                    <altitudeFt>8230</altitudeFt>
                </position>
                <position>
                    <lat>41.1096</lat>
                    <lon>28.2134</lon>
                    <date>2013-07-11T12:20:24+02:00</date>
                    <speedMph>288</speedMph>
                    <altitudeFt>8530</altitudeFt>
                </position>
                <position>
                    <lat>41.1141</lat>
                    <lon>28.2028</lon>
                    <date>2013-07-11T12:20:14+02:00</date>
                    <speedMph>292</speedMph>
                    <altitudeFt>8630</altitudeFt>
                </position>
                <position>
                    <lat>41.1217</lat>
                    <lon>28.185</lon>
                    <date>2013-07-11T12:20:04+02:00</date>
                    <speedMph>296</speedMph>
                    <altitudeFt>8880</altitudeFt>
                </position>
                <position>
                    <lat>41.126</lat>
                    <lon>28.1749</lon>
                    <date>2013-07-11T12:19:54+02:00</date>
                    <speedMph>296</speedMph>
                    <altitudeFt>9030</altitudeFt>
                </position>
                <position>
                    <lat>41.1354</lat>
                    <lon>28.1528</lon>
                    <date>2013-07-11T12:19:44+02:00</date>
                    <speedMph>296</speedMph>
                    <altitudeFt>9380</altitudeFt>
                </position>
                <position>
                    <lat>41.1383</lat>
                    <lon>28.146</lon>
                    <date>2013-07-11T12:19:34+02:00</date>
                    <speedMph>296</speedMph>
                    <altitudeFt>9480</altitudeFt>
                </position>
                <position>
                    <lat>41.1507</lat>
                    <lon>28.117</lon>
                    <date>2013-07-11T12:19:24+02:00</date>
                    <speedMph>304</speedMph>
                    <altitudeFt>9880</altitudeFt>
                </position>
                <position>
                    <lat>41.1673</lat>
                    <lon>28.0781</lon>
                    <date>2013-07-11T12:18:59+02:00</date>
                    <speedMph>312</speedMph>
                    <altitudeFt>10300</altitudeFt>
                </position>
                <position>
                    <lat>41.2017</lat>
                    <lon>27.9964</lon>
                    <date>2013-07-11T12:18:29+02:00</date>
                    <speedMph>348</speedMph>
                    <altitudeFt>10830</altitudeFt>
                </position>
                <position>
                    <lat>41.2419</lat>
                    <lon>27.9143</lon>
                    <date>2013-07-11T12:17:59+02:00</date>
                    <speedMph>408</speedMph>
                    <altitudeFt>16900</altitudeFt>
                </position>
                <position>
                    <lat>41.3599</lat>
                    <lon>27.6205</lon>
                    <date>2013-07-11T12:16:59+02:00</date>
                    <speedMph>408</speedMph>
                    <altitudeFt>17300</altitudeFt>
                </position>
                <position>
                    <lat>41.3755</lat>
                    <lon>27.5858</lon>
                    <date>2013-07-11T12:14:59+02:00</date>
                    <speedMph>412</speedMph>
                    <altitudeFt>19180</altitudeFt>
                </position>
                <position>
                    <lat>41.4255</lat>
                    <lon>27.4634</lon>
                    <date>2013-07-11T12:13:59+02:00</date>
                    <speedMph>408</speedMph>
                    <altitudeFt>20700</altitudeFt>
                </position>
                <position>
                    <lat>41.4773</lat>
                    <lon>27.3385</lon>
                    <date>2013-07-11T12:12:59+02:00</date>
                    <speedMph>400</speedMph>
                    <altitudeFt>23450</altitudeFt>
                </position>
                <position>
                    <lat>41.5354</lat>
                    <lon>27.2165</lon>
                    <date>2013-07-11T12:11:59+02:00</date>
                    <speedMph>400</speedMph>
                    <altitudeFt>25900</altitudeFt>
                </position>
                <position>
                    <lat>41.608</lat>
                    <lon>27.0778</lon>
                    <date>2013-07-11T12:10:58+02:00</date>
                    <speedMph>412</speedMph>
                    <altitudeFt>28000</altitudeFt>
                </position>
                <position>
                    <lat>41.6738</lat>
                    <lon>26.9507</lon>
                    <date>2013-07-11T12:09:58+02:00</date>
                    <speedMph>444</speedMph>
                    <altitudeFt>29930</altitudeFt>
                </position>
                <position>
                    <lat>41.7413</lat>
                    <lon>26.821</lon>
                    <date>2013-07-11T12:08:58+02:00</date>
                    <speedMph>444</speedMph>
                    <altitudeFt>31280</altitudeFt>
                </position>
                <position>
                    <lat>41.8128</lat>
                    <lon>26.6822</lon>
                    <date>2013-07-11T12:07:58+02:00</date>
                    <speedMph>448</speedMph>
                    <altitudeFt>32300</altitudeFt>
                </position>
                <position>
                    <lat>41.9046</lat>
                    <lon>26.5271</lon>
                    <date>2013-07-11T12:06:58+02:00</date>
                    <speedMph>452</speedMph>
                    <altitudeFt>33530</altitudeFt>
                </position>
                <position>
                    <lat>41.9767</lat>
                    <lon>26.435</lon>
                    <date>2013-07-11T12:05:58+02:00</date>
                    <speedMph>468</speedMph>
                    <altitudeFt>34300</altitudeFt>
                </position>
                <position>
                    <lat>42.0731</lat>
                    <lon>26.3131</lon>
                    <date>2013-07-11T12:04:58+02:00</date>
                    <speedMph>468</speedMph>
                    <altitudeFt>34980</altitudeFt>
                </position>
                <position>
                    <lat>42.1811</lat>
                    <lon>26.1752</lon>
                    <date>2013-07-11T12:03:58+02:00</date>
                    <speedMph>464</speedMph>
                    <altitudeFt>34980</altitudeFt>
                </position>
                <position>
                    <lat>42.2555</lat>
                    <lon>26.0803</lon>
                    <date>2013-07-11T12:02:58+02:00</date>
                    <speedMph>460</speedMph>
                    <altitudeFt>34980</altitudeFt>
                </position>
                <position>
                    <lat>42.5231</lat>
                    <lon>25.7343</lon>
                    <date>2013-07-11T12:01:56+02:00</date>
                    <speedMph>460</speedMph>
                    <altitudeFt>34980</altitudeFt>
                </position>
                <position>
                    <lat>42.5319</lat>
                    <lon>25.7229</lon>
                    <date>2013-07-11T12:00:56+02:00</date>
                    <speedMph>460</speedMph>
                    <altitudeFt>34980</altitudeFt>
                </position>
                <position>
                    <lat>42.5385</lat>
                    <lon>25.7143</lon>
                    <date>2013-07-11T11:59:52+02:00</date>
                    <speedMph>460</speedMph>
                    <altitudeFt>34980</altitudeFt>
                </position>
                <position>
                    <lat>42.6339</lat>
                    <lon>25.59</lon>
                    <date>2013-07-11T11:58:52+02:00</date>
                    <speedMph>464</speedMph>
                    <altitudeFt>34980</altitudeFt>
                </position>
                <position>
                    <lat>42.7274</lat>
                    <lon>25.4678</lon>
                    <date>2013-07-11T11:57:52+02:00</date>
                    <speedMph>464</speedMph>
                    <altitudeFt>34980</altitudeFt>
                </position>
                <position>
                    <lat>42.8187</lat>
                    <lon>25.3478</lon>
                    <date>2013-07-11T11:56:52+02:00</date>
                    <speedMph>468</speedMph>
                    <altitudeFt>34980</altitudeFt>
                </position>
                <position>
                    <lat>42.914</lat>
                    <lon>25.222</lon>
                    <date>2013-07-11T11:55:52+02:00</date>
                    <speedMph>468</speedMph>
                    <altitudeFt>34980</altitudeFt>
                </position>
                <position>
                    <lat>43.034</lat>
                    <lon>25.0626</lon>
                    <date>2013-07-11T11:54:52+02:00</date>
                    <speedMph>472</speedMph>
                    <altitudeFt>34980</altitudeFt>
                </position>
                <position>
                    <lat>43.1063</lat>
                    <lon>24.9666</lon>
                    <date>2013-07-11T11:53:52+02:00</date>
                    <speedMph>472</speedMph>
                    <altitudeFt>34980</altitudeFt>
                </position>
                <position>
                    <lat>43.2002</lat>
                    <lon>24.8408</lon>
                    <date>2013-07-11T11:52:52+02:00</date>
                    <speedMph>468</speedMph>
                    <altitudeFt>34980</altitudeFt>
                </position>
                <position>
                    <lat>43.2894</lat>
                    <lon>24.7207</lon>
                    <date>2013-07-11T11:51:52+02:00</date>
                    <speedMph>468</speedMph>
                    <altitudeFt>34980</altitudeFt>
                </position>
                <position>
                    <lat>43.3907</lat>
                    <lon>24.584</lon>
                    <date>2013-07-11T11:50:52+02:00</date>
                    <speedMph>464</speedMph>
                    <altitudeFt>34980</altitudeFt>
                </position>
                <position>
                    <lat>43.4821</lat>
                    <lon>24.4597</lon>
                    <date>2013-07-11T11:49:52+02:00</date>
                    <speedMph>464</speedMph>
                    <altitudeFt>34980</altitudeFt>
                </position>
                <position>
                    <lat>43.5685</lat>
                    <lon>24.3415</lon>
                    <date>2013-07-11T11:48:52+02:00</date>
                    <speedMph>460</speedMph>
                    <altitudeFt>34980</altitudeFt>
                </position>
                <position>
                    <lat>43.6553</lat>
                    <lon>24.2233</lon>
                    <date>2013-07-11T11:47:52+02:00</date>
                    <speedMph>460</speedMph>
                    <altitudeFt>34980</altitudeFt>
                </position>
                <position>
                    <lat>43.7456</lat>
                    <lon>24.0992</lon>
                    <date>2013-07-11T11:46:52+02:00</date>
                    <speedMph>456</speedMph>
                    <altitudeFt>34980</altitudeFt>
                </position>
                <position>
                    <lat>43.9286</lat>
                    <lon>23.8456</lon>
                    <date>2013-07-11T11:45:52+02:00</date>
                    <speedMph>456</speedMph>
                    <altitudeFt>34980</altitudeFt>
                </position>
                <position>
                    <lat>43.9404</lat>
                    <lon>23.8291</lon>
                    <date>2013-07-11T11:44:41+02:00</date>
                    <speedMph>456</speedMph>
                    <altitudeFt>34980</altitudeFt>
                </position>
                <position>
                    <lat>44.0363</lat>
                    <lon>23.6953</lon>
                    <date>2013-07-11T11:43:41+02:00</date>
                    <speedMph>456</speedMph>
                    <altitudeFt>34980</altitudeFt>
                </position>
                <position>
                    <lat>44.1118</lat>
                    <lon>23.5896</lon>
                    <date>2013-07-11T11:42:41+02:00</date>
                    <speedMph>456</speedMph>
                    <altitudeFt>34980</altitudeFt>
                </position>
                <position>
                    <lat>44.2144</lat>
                    <lon>23.4447</lon>
                    <date>2013-07-11T11:41:41+02:00</date>
                    <speedMph>456</speedMph>
                    <altitudeFt>34980</altitudeFt>
                </position>
                <position>
                    <lat>44.2936</lat>
                    <lon>23.3327</lon>
                    <date>2013-07-11T11:40:41+02:00</date>
                    <speedMph>456</speedMph>
                    <altitudeFt>34980</altitudeFt>
                </position>
                <position>
                    <lat>44.3974</lat>
                    <lon>23.1862</lon>
                    <date>2013-07-11T11:39:41+02:00</date>
                    <speedMph>456</speedMph>
                    <altitudeFt>34980</altitudeFt>
                </position>
                <position>
                    <lat>44.4839</lat>
                    <lon>23.0613</lon>
                    <date>2013-07-11T11:38:41+02:00</date>
                    <speedMph>456</speedMph>
                    <altitudeFt>34980</altitudeFt>
                </position>
                <position>
                    <lat>44.5549</lat>
                    <lon>22.9535</lon>
                    <date>2013-07-11T11:37:41+02:00</date>
                    <speedMph>456</speedMph>
                    <altitudeFt>34980</altitudeFt>
                </position>
                <position>
                    <lat>44.6418</lat>
                    <lon>22.8211</lon>
                    <date>2013-07-11T11:36:41+02:00</date>
                    <speedMph>456</speedMph>
                    <altitudeFt>34980</altitudeFt>
                </position>
                <position>
                    <lat>44.7295</lat>
                    <lon>22.687</lon>
                    <date>2013-07-11T11:35:41+02:00</date>
                    <speedMph>456</speedMph>
                    <altitudeFt>34980</altitudeFt>
                </position>
                <position>
                    <lat>44.8096</lat>
                    <lon>22.5636</lon>
                    <date>2013-07-11T11:34:41+02:00</date>
                    <speedMph>456</speedMph>
                    <altitudeFt>34980</altitudeFt>
                </position>
                <position>
                    <lat>44.8931</lat>
                    <lon>22.4349</lon>
                    <date>2013-07-11T11:33:41+02:00</date>
                    <speedMph>460</speedMph>
                    <altitudeFt>34980</altitudeFt>
                </position>
                <position>
                    <lat>44.9741</lat>
                    <lon>22.3089</lon>
                    <date>2013-07-11T11:32:41+02:00</date>
                    <speedMph>460</speedMph>
                    <altitudeFt>34980</altitudeFt>
                </position>
                <position>
                    <lat>45.0644</lat>
                    <lon>22.1683</lon>
                    <date>2013-07-11T11:31:41+02:00</date>
                    <speedMph>460</speedMph>
                    <altitudeFt>34980</altitudeFt>
                </position>
                <position>
                    <lat>45.1497</lat>
                    <lon>22.0348</lon>
                    <date>2013-07-11T11:30:41+02:00</date>
                    <speedMph>460</speedMph>
                    <altitudeFt>34980</altitudeFt>
                </position>
                <position>
                    <lat>45.2411</lat>
                    <lon>21.891</lon>
                    <date>2013-07-11T11:29:41+02:00</date>
                    <speedMph>464</speedMph>
                    <altitudeFt>34980</altitudeFt>
                </position>
                <position>
                    <lat>45.3223</lat>
                    <lon>21.7627</lon>
                    <date>2013-07-11T11:28:41+02:00</date>
                    <speedMph>468</speedMph>
                    <altitudeFt>34980</altitudeFt>
                </position>
                <position>
                    <lat>45.4013</lat>
                    <lon>21.637</lon>
                    <date>2013-07-11T11:27:41+02:00</date>
                    <speedMph>468</speedMph>
                    <altitudeFt>34980</altitudeFt>
                </position>
                <position>
                    <lat>45.4872</lat>
                    <lon>21.4997</lon>
                    <date>2013-07-11T11:26:41+02:00</date>
                    <speedMph>464</speedMph>
                    <altitudeFt>34980</altitudeFt>
                </position>
                <position>
                    <lat>45.5777</lat>
                    <lon>21.3547</lon>
                    <date>2013-07-11T11:25:41+02:00</date>
                    <speedMph>460</speedMph>
                    <altitudeFt>34980</altitudeFt>
                </position>
                <position>
                    <lat>45.6559</lat>
                    <lon>21.2284</lon>
                    <date>2013-07-11T11:24:41+02:00</date>
                    <speedMph>460</speedMph>
                    <altitudeFt>34980</altitudeFt>
                </position>
                <position>
                    <lat>45.7413</lat>
                    <lon>21.0899</lon>
                    <date>2013-07-11T11:23:41+02:00</date>
                    <speedMph>460</speedMph>
                    <altitudeFt>34980</altitudeFt>
                </position>
                <position>
                    <lat>45.8248</lat>
                    <lon>20.954</lon>
                    <date>2013-07-11T11:22:41+02:00</date>
                    <speedMph>460</speedMph>
                    <altitudeFt>34980</altitudeFt>
                </position>
                <position>
                    <lat>45.9084</lat>
                    <lon>20.8174</lon>
                    <date>2013-07-11T11:21:41+02:00</date>
                    <speedMph>460</speedMph>
                    <altitudeFt>34980</altitudeFt>
                </position>
                <position>
                    <lat>46.0021</lat>
                    <lon>20.6631</lon>
                    <date>2013-07-11T11:20:41+02:00</date>
                    <speedMph>464</speedMph>
                    <altitudeFt>34980</altitudeFt>
                </position>
                <position>
                    <lat>46.0793</lat>
                    <lon>20.5354</lon>
                    <date>2013-07-11T11:19:41+02:00</date>
                    <speedMph>468</speedMph>
                    <altitudeFt>34980</altitudeFt>
                </position>
                <position>
                    <lat>46.1659</lat>
                    <lon>20.3987</lon>
                    <date>2013-07-11T11:18:41+02:00</date>
                    <speedMph>464</speedMph>
                    <altitudeFt>34980</altitudeFt>
                </position>
                <position>
                    <lat>46.3706</lat>
                    <lon>20.1893</lon>
                    <date>2013-07-11T11:17:41+02:00</date>
                    <speedMph>476</speedMph>
                    <altitudeFt>32630</altitudeFt>
                </position>
                <position>
                    <lat>46.5587</lat>
                    <lon>20.0001</lon>
                    <date>2013-07-11T11:15:57+02:00</date>
                    <speedMph>452</speedMph>
                    <altitudeFt>30750</altitudeFt>
                </position>
                <position>
                    <lat>46.6377</lat>
                    <lon>19.9202</lon>
                    <date>2013-07-11T11:14:18+02:00</date>
                    <speedMph>440</speedMph>
                    <altitudeFt>29780</altitudeFt>
                </position>
                <position>
                    <lat>46.7346</lat>
                    <lon>19.8217</lon>
                    <date>2013-07-11T11:13:18+02:00</date>
                    <speedMph>436</speedMph>
                    <altitudeFt>28250</altitudeFt>
                </position>
                <position>
                    <lat>46.8337</lat>
                    <lon>19.7207</lon>
                    <date>2013-07-11T11:12:18+02:00</date>
                    <speedMph>412</speedMph>
                    <altitudeFt>26630</altitudeFt>
                </position>
                <position>
                    <lat>46.9421</lat>
                    <lon>19.6093</lon>
                    <date>2013-07-11T11:11:16+02:00</date>
                    <speedMph>396</speedMph>
                    <altitudeFt>24450</altitudeFt>
                </position>
                <position>
                    <lat>47.0252</lat>
                    <lon>19.5236</lon>
                    <date>2013-07-11T11:10:08+02:00</date>
                    <speedMph>396</speedMph>
                    <altitudeFt>22300</altitudeFt>
                </position>
                <position>
                    <lat>47.1207</lat>
                    <lon>19.4249</lon>
                    <date>2013-07-11T11:09:08+02:00</date>
                    <speedMph>376</speedMph>
                    <altitudeFt>19550</altitudeFt>
                </position>
                <position>
                    <lat>47.2064</lat>
                    <lon>19.3359</lon>
                    <date>2013-07-11T11:08:08+02:00</date>
                    <speedMph>360</speedMph>
                    <altitudeFt>16850</altitudeFt>
                </position>
                <position>
                    <lat>47.2945</lat>
                    <lon>19.2435</lon>
                    <date>2013-07-11T11:07:08+02:00</date>
                    <speedMph>352</speedMph>
                    <altitudeFt>13530</altitudeFt>
                </position>
                <position>
                    <lat>47.322</lat>
                    <lon>19.2145</lon>
                    <date>2013-07-11T11:06:38+02:00</date>
                    <speedMph>336</speedMph>
                    <altitudeFt>12830</altitudeFt>
                </position>
                <position>
                    <lat>47.3629</lat>
                    <lon>19.1721</lon>
                    <date>2013-07-11T11:06:08+02:00</date>
                    <speedMph>280</speedMph>
                    <altitudeFt>12280</altitudeFt>
                </position>
                <position>
                    <lat>47.3889</lat>
                    <lon>19.1451</lon>
                    <date>2013-07-11T11:05:38+02:00</date>
                    <speedMph>272</speedMph>
                    <altitudeFt>11100</altitudeFt>
                </position>
                <position>
                    <lat>47.4201</lat>
                    <lon>19.1125</lon>
                    <date>2013-07-11T11:05:08+02:00</date>
                    <speedMph>264</speedMph>
                    <altitudeFt>9730</altitudeFt>
                </position>
                <position>
                    <lat>47.4301</lat>
                    <lon>19.101</lon>
                    <date>2013-07-11T11:04:58+02:00</date>
                    <speedMph>256</speedMph>
                    <altitudeFt>9330</altitudeFt>
                </position>
                <position>
                    <lat>47.4361</lat>
                    <lon>19.0935</lon>
                    <date>2013-07-11T11:04:48+02:00</date>
                    <speedMph>256</speedMph>
                    <altitudeFt>9030</altitudeFt>
                </position>
                <position>
                    <lat>47.4559</lat>
                    <lon>19.0806</lon>
                    <date>2013-07-11T11:04:38+02:00</date>
                    <speedMph>232</speedMph>
                    <altitudeFt>8150</altitudeFt>
                </position>
                <position>
                    <lat>47.4631</lat>
                    <lon>19.0818</lon>
                    <date>2013-07-11T11:04:28+02:00</date>
                    <speedMph>228</speedMph>
                    <altitudeFt>7850</altitudeFt>
                </position>
                <position>
                    <lat>47.4682</lat>
                    <lon>19.0837</lon>
                    <date>2013-07-11T11:04:18+02:00</date>
                    <speedMph>228</speedMph>
                    <altitudeFt>7630</altitudeFt>
                </position>
                <position>
                    <lat>47.4793</lat>
                    <lon>19.0885</lon>
                    <date>2013-07-11T11:04:08+02:00</date>
                    <speedMph>224</speedMph>
                    <altitudeFt>7050</altitudeFt>
                </position>
                <position>
                    <lat>47.439</lat>
                    <lon>19.2365</lon>
                    <date>2013-07-11T11:03:33+02:00</date>
                    <speedMph>144</speedMph>
                    <altitudeFt>0</altitudeFt>
                </position>
                <position>
                    <lat>47.4308</lat>
                    <lon>19.2496</lon>
                    <date>2013-07-11T11:01:57+02:00</date>
                    <speedMph>4</speedMph>
                    <altitudeFt>0</altitudeFt>
                </position>
                <position>
                    <lat>47.4315</lat>
                    <lon>19.2514</lon>
                    <date>2013-07-11T11:00:04+02:00</date>
                    <speedMph>0</speedMph>
                    <altitudeFt>0</altitudeFt>
                </position>
                <position>
                    <lat>47.4315</lat>
                    <lon>19.2514</lon>
                    <date>2013-07-11T10:59:54+02:00</date>
                    <speedMph>0</speedMph>
                    <altitudeFt>0</altitudeFt>
                </position>
                <position>
                    <lat>47.4315</lat>
                    <lon>19.2514</lon>
                    <date>2013-07-11T10:59:34+02:00</date>
                    <speedMph>0</speedMph>
                    <altitudeFt>0</altitudeFt>
                </position>
                <position>
                    <lat>47.4316</lat>
                    <lon>19.2514</lon>
                    <date>2013-07-11T10:59:29+02:00</date>
                    <speedMph>4</speedMph>
                    <altitudeFt>0</altitudeFt>
                </position>
                <position>
                    <lat>47.4318</lat>
                    <lon>19.2517</lon>
                    <date>2013-07-11T10:59:24+02:00</date>
                    <speedMph>8</speedMph>
                    <altitudeFt>0</altitudeFt>
                </position>
                <position>
                    <lat>47.432</lat>
                    <lon>19.2519</lon>
                    <date>2013-07-11T10:59:14+02:00</date>
                    <speedMph>12</speedMph>
                    <altitudeFt>0</altitudeFt>
                </position>
                <position>
                    <lat>47.4321</lat>
                    <lon>19.2521</lon>
                    <date>2013-07-11T10:59:09+02:00</date>
                    <speedMph>12</speedMph>
                    <altitudeFt>0</altitudeFt>
                </position>
                <position>
                    <lat>47.4325</lat>
                    <lon>19.2527</lon>
                    <date>2013-07-11T10:59:04+02:00</date>
                    <speedMph>12</speedMph>
                    <altitudeFt>0</altitudeFt>
                </position>
                <position>
                    <lat>47.4327</lat>
                    <lon>19.2529</lon>
                    <date>2013-07-11T10:58:54+02:00</date>
                    <speedMph>12</speedMph>
                    <altitudeFt>0</altitudeFt>
                </position>
                <position>
                    <lat>47.4334</lat>
                    <lon>19.2541</lon>
                    <date>2013-07-11T10:58:34+02:00</date>
                    <speedMph>12</speedMph>
                    <altitudeFt>0</altitudeFt>
                </position>
                <position>
                    <lat>47.4334</lat>
                    <lon>19.2544</lon>
                    <date>2013-07-11T10:58:29+02:00</date>
                    <speedMph>8</speedMph>
                    <altitudeFt>0</altitudeFt>
                </position>
                <position>
                    <lat>47.4331</lat>
                    <lon>19.2549</lon>
                    <date>2013-07-11T10:58:24+02:00</date>
                    <speedMph>8</speedMph>
                    <altitudeFt>0</altitudeFt>
                </position>
                <position>
                    <lat>47.433</lat>
                    <lon>19.2551</lon>
                    <date>2013-07-11T10:58:14+02:00</date>
                    <speedMph>8</speedMph>
                    <altitudeFt>0</altitudeFt>
                </position>
                <position>
                    <lat>47.4328</lat>
                    <lon>19.2553</lon>
                    <date>2013-07-11T10:58:09+02:00</date>
                    <speedMph>8</speedMph>
                    <altitudeFt>0</altitudeFt>
                </position>
                <position>
                    <lat>47.4326</lat>
                    <lon>19.2557</lon>
                    <date>2013-07-11T10:58:04+02:00</date>
                    <speedMph>12</speedMph>
                    <altitudeFt>0</altitudeFt>
                </position>
                <position>
                    <lat>47.4324</lat>
                    <lon>19.2559</lon>
                    <date>2013-07-11T10:57:59+02:00</date>
                    <speedMph>12</speedMph>
                    <altitudeFt>0</altitudeFt>
                </position>
                <position>
                    <lat>47.4323</lat>
                    <lon>19.2562</lon>
                    <date>2013-07-11T10:57:49+02:00</date>
                    <speedMph>12</speedMph>
                    <altitudeFt>0</altitudeFt>
                </position>
                <position>
                    <lat>47.4321</lat>
                    <lon>19.2565</lon>
                    <date>2013-07-11T10:57:44+02:00</date>
                    <speedMph>12</speedMph>
                    <altitudeFt>0</altitudeFt>
                </position>
                <position>
                    <lat>47.4318</lat>
                    <lon>19.257</lon>
                    <date>2013-07-11T10:57:39+02:00</date>
                    <speedMph>12</speedMph>
                    <altitudeFt>0</altitudeFt>
                </position>
                <position>
                    <lat>47.4316</lat>
                    <lon>19.2572</lon>
                    <date>2013-07-11T10:57:29+02:00</date>
                    <speedMph>8</speedMph>
                    <altitudeFt>0</altitudeFt>
                </position>
                <position>
                    <lat>47.4315</lat>
                    <lon>19.2575</lon>
                    <date>2013-07-11T10:57:24+02:00</date>
                    <speedMph>8</speedMph>
                    <altitudeFt>0</altitudeFt>
                </position>
                <position>
                    <lat>47.4314</lat>
                    <lon>19.2577</lon>
                    <date>2013-07-11T10:57:19+02:00</date>
                    <speedMph>8</speedMph>
                    <altitudeFt>0</altitudeFt>
                </position>
                <position>
                    <lat>47.4311</lat>
                    <lon>19.2581</lon>
                    <date>2013-07-11T10:57:09+02:00</date>
                    <speedMph>8</speedMph>
                    <altitudeFt>0</altitudeFt>
                </position>
                <position>
                    <lat>47.431</lat>
                    <lon>19.2583</lon>
                    <date>2013-07-11T10:57:04+02:00</date>
                    <speedMph>8</speedMph>
                    <altitudeFt>0</altitudeFt>
                </position>
                <position>
                    <lat>47.4308</lat>
                    <lon>19.2586</lon>
                    <date>2013-07-11T10:56:59+02:00</date>
                    <speedMph>4</speedMph>
                    <altitudeFt>0</altitudeFt>
                </position>
                <position>
                    <lat>47.4307</lat>
                    <lon>19.2587</lon>
                    <date>2013-07-11T10:56:49+02:00</date>
                    <speedMph>0</speedMph>
                    <altitudeFt>0</altitudeFt>
                </position>
                <position>
                    <lat>47.4307</lat>
                    <lon>19.2587</lon>
                    <date>2013-07-11T10:56:19+02:00</date>
                    <speedMph>0</speedMph>
                    <altitudeFt>0</altitudeFt>
                </position>
                <position>
                    <lat>47.4307</lat>
                    <lon>19.2587</lon>
                    <date>2013-07-11T10:56:04+02:00</date>
                    <speedMph>0</speedMph>
                    <altitudeFt>0</altitudeFt>
                </position>
                <position>
                    <lat>47.4307</lat>
                    <lon>19.2587</lon>
                    <date>2013-07-11T10:55:34+02:00</date>
                    <speedMph>0</speedMph>
                    <altitudeFt>0</altitudeFt>
                </position>
                <position>
                    <lat>47.4307</lat>
                    <lon>19.2587</lon>
                    <date>2013-07-11T10:55:09+02:00</date>
                    <speedMph>0</speedMph>
                    <altitudeFt>0</altitudeFt>
                </position>
                <position>
                    <lat>47.4307</lat>
                    <lon>19.2587</lon>
                    <date>2013-07-11T10:54:39+02:00</date>
                    <speedMph>0</speedMph>
                    <altitudeFt>0</altitudeFt>
                </position>
                <position>
                    <lat>47.4307</lat>
                    <lon>19.2587</lon>
                    <date>2013-07-11T10:54:14+02:00</date>
                    <speedMph>0</speedMph>
                    <altitudeFt>0</altitudeFt>
                </position>
                <position>
                    <lat>47.4307</lat>
                    <lon>19.2587</lon>
                    <date>2013-07-11T10:53:54+02:00</date>
                    <speedMph>0</speedMph>
                    <altitudeFt>0</altitudeFt>
                </position>
                <position>
                    <lat>47.4307</lat>
                    <lon>19.2588</lon>
                    <date>2013-07-11T10:53:44+02:00</date>
                    <speedMph>0</speedMph>
                    <altitudeFt>0</altitudeFt>
                </position>
                <position>
                    <lat>47.4307</lat>
                    <lon>19.2588</lon>
                    <date>2013-07-11T10:53:34+02:00</date>
                    <speedMph>4</speedMph>
                    <altitudeFt>0</altitudeFt>
                </position>
                <position>
                    <lat>47.4306</lat>
                    <lon>19.2588</lon>
                    <date>2013-07-11T10:53:29+02:00</date>
                    <speedMph>0</speedMph>
                    <altitudeFt>0</altitudeFt>
                </position>
                <position>
                    <lat>47.4306</lat>
                    <lon>19.2589</lon>
                    <date>2013-07-11T10:53:24+02:00</date>
                    <speedMph>0</speedMph>
                    <altitudeFt>0</altitudeFt>
                </position>
                <position>
                    <lat>47.4305</lat>
                    <lon>19.259</lon>
                    <date>2013-07-11T10:53:09+02:00</date>
                    <speedMph>0</speedMph>
                    <altitudeFt>0</altitudeFt>
                </position>
                <position>
                    <lat>47.4305</lat>
                    <lon>19.259</lon>
                    <date>2013-07-11T10:53:04+02:00</date>
                    <speedMph>0</speedMph>
                    <altitudeFt>0</altitudeFt>
                </position>
                <position>
                    <lat>47.4305</lat>
                    <lon>19.2591</lon>
                    <date>2013-07-11T10:52:54+02:00</date>
                    <speedMph>0</speedMph>
                    <altitudeFt>0</altitudeFt>
                </position>
                <position>
                    <lat>47.4307</lat>
                    <lon>19.259</lon>
                    <date>2013-07-11T10:52:39+02:00</date>
                    <speedMph>4</speedMph>
                    <altitudeFt>0</altitudeFt>
                </position>
                <position>
                    <lat>47.4308</lat>
                    <lon>19.2592</lon>
                    <date>2013-07-11T10:52:19+02:00</date>
                    <speedMph>4</speedMph>
                    <altitudeFt>0</altitudeFt>
                </position>
                <position>
                    <lat>47.431</lat>
                    <lon>19.2594</lon>
                    <date>2013-07-11T10:51:54+02:00</date>
                    <speedMph>4</speedMph>
                    <altitudeFt>0</altitudeFt>
                </position>
                <position>
                    <lat>47.4311</lat>
                    <lon>19.2596</lon>
                    <date>2013-07-11T10:51:34+02:00</date>
                    <speedMph>0</speedMph>
                    <altitudeFt>0</altitudeFt>
                </position>
                <position>
                    <lat>47.4312</lat>
                    <lon>19.2596</lon>
                    <date>2013-07-11T10:50:34+02:00</date>
                    <speedMph>0</speedMph>
                    <altitudeFt>0</altitudeFt>
                </position>
                <position>
                    <lat>47.4312</lat>
                    <lon>19.2596</lon>
                    <date>2013-07-11T10:50:14+02:00</date>
                    <speedMph>0</speedMph>
                    <altitudeFt>0</altitudeFt>
                </position>
                <position>
                    <lat>47.4312</lat>
                    <lon>19.2597</lon>
                    <date>2013-07-11T10:47:44+02:00</date>
                    <speedMph>0</speedMph>
                    <altitudeFt>0</altitudeFt>
                </position>
            </positions>
        </flightTrack>
    </flightTracks>
</flightstatslog>
