<?xml version="1.0" encoding="UTF-8" standalone="yes"?>
<flightstatslog>
    <appendix>
        <airports>
            <airport>
                <fs>BRU</fs>
                <latitude>50.901389</latitude>
                <longitude>4.484444</longitude>
                <city>Brussels</city>
            </airport>
            <airport>
                <fs>LIS</fs>
                <latitude>38.781311</latitude>
                <longitude>-9.135919</longitude>
                <city>Lisbon</city>
            </airport>
        </airports>
    </appendix>
    <flightTracks>
        <flightTrack>
            <flightId>4509123</flightId>
            <departureAirportFsCode>BRU</departureAirportFsCode>
            <arrivalAirportFsCode>LIS</arrivalAirportFsCode>
            <positions>
                <position>
                    <lat>38.7676</lat>
                    <lon>-9.13</lon>
                    <date>2013-07-11T14:36:03+02:00</date>
                    <speedMph>0</speedMph>
                    <altitudeFt>0</altitudeFt>
                </position>
                <position>
                    <lat>38.7784</lat>
                    <lon>-9.1337</lon>
                    <date>2013-07-11T14:33:58+02:00</date>
                    <speedMph>0</speedMph>
                    <altitudeFt>0</altitudeFt>
                </position>
                <position>
                    <lat>38.7807</lat>
                    <lon>-9.134</lon>
                    <date>2013-07-11T14:33:23+02:00</date>
                    <speedMph>0</speedMph>
                    <altitudeFt>0</altitudeFt>
                </position>
                <position>
                    <lat>38.7785</lat>
                    <lon>-9.1375</lon>
                    <date>2013-07-11T14:32:08+02:00</date>
                    <speedMph>144</speedMph>
                    <altitudeFt>0</altitudeFt>
                </position>
                <position>
                    <lat>38.7511</lat>
                    <lon>-9.1522</lon>
                    <date>2013-07-11T14:30:53+02:00</date>
                    <speedMph>140</speedMph>
                    <altitudeFt>700</altitudeFt>
                </position>
                <position>
                    <lat>38.729</lat>
                    <lon>-9.1639</lon>
                    <date>2013-07-11T14:30:48+02:00</date>
                    <speedMph>140</speedMph>
                    <altitudeFt>1150</altitudeFt>
                </position>
                <position>
                    <lat>38.7265</lat>
                    <lon>-9.1652</lon>
                    <date>2013-07-11T14:30:00+02:00</date>
                    <speedMph>140</speedMph>
                    <altitudeFt>1200</altitudeFt>
                </position>
                <position>
                    <lat>38.7233</lat>
                    <lon>-9.167</lon>
                    <date>2013-07-11T14:29:55+02:00</date>
                    <speedMph>140</speedMph>
                    <altitudeFt>1250</altitudeFt>
                </position>
                <position>
                    <lat>38.7198</lat>
                    <lon>-9.1689</lon>
                    <date>2013-07-11T14:29:50+02:00</date>
                    <speedMph>140</speedMph>
                    <altitudeFt>1330</altitudeFt>
                </position>
                <position>
                    <lat>38.7165</lat>
                    <lon>-9.1706</lon>
                    <date>2013-07-11T14:29:45+02:00</date>
                    <speedMph>144</speedMph>
                    <altitudeFt>1400</altitudeFt>
                </position>
                <position>
                    <lat>38.7046</lat>
                    <lon>-9.1768</lon>
                    <date>2013-07-11T14:29:30+02:00</date>
                    <speedMph>152</speedMph>
                    <altitudeFt>1680</altitudeFt>
                </position>
                <position>
                    <lat>38.7017</lat>
                    <lon>-9.1784</lon>
                    <date>2013-07-11T14:29:20+02:00</date>
                    <speedMph>156</speedMph>
                    <altitudeFt>1700</altitudeFt>
                </position>
                <position>
                    <lat>38.6988</lat>
                    <lon>-9.18</lon>
                    <date>2013-07-11T14:29:15+02:00</date>
                    <speedMph>156</speedMph>
                    <altitudeFt>1780</altitudeFt>
                </position>
                <position>
                    <lat>38.6953</lat>
                    <lon>-9.1819</lon>
                    <date>2013-07-11T14:29:10+02:00</date>
                    <speedMph>156</speedMph>
                    <altitudeFt>1830</altitudeFt>
                </position>
                <position>
                    <lat>38.6889</lat>
                    <lon>-9.1853</lon>
                    <date>2013-07-11T14:29:00+02:00</date>
                    <speedMph>156</speedMph>
                    <altitudeFt>1950</altitudeFt>
                </position>
                <position>
                    <lat>38.6855</lat>
                    <lon>-9.1871</lon>
                    <date>2013-07-11T14:28:55+02:00</date>
                    <speedMph>160</speedMph>
                    <altitudeFt>2000</altitudeFt>
                </position>
                <position>
                    <lat>38.6787</lat>
                    <lon>-9.1907</lon>
                    <date>2013-07-11T14:28:50+02:00</date>
                    <speedMph>164</speedMph>
                    <altitudeFt>2130</altitudeFt>
                </position>
                <position>
                    <lat>38.6748</lat>
                    <lon>-9.1927</lon>
                    <date>2013-07-11T14:28:40+02:00</date>
                    <speedMph>168</speedMph>
                    <altitudeFt>2230</altitudeFt>
                </position>
                <position>
                    <lat>38.6679</lat>
                    <lon>-9.1965</lon>
                    <date>2013-07-11T14:28:35+02:00</date>
                    <speedMph>176</speedMph>
                    <altitudeFt>2380</altitudeFt>
                </position>
                <position>
                    <lat>38.6635</lat>
                    <lon>-9.1988</lon>
                    <date>2013-07-11T14:28:30+02:00</date>
                    <speedMph>180</speedMph>
                    <altitudeFt>2480</altitudeFt>
                </position>
                <position>
                    <lat>38.6604</lat>
                    <lon>-9.2005</lon>
                    <date>2013-07-11T14:28:20+02:00</date>
                    <speedMph>184</speedMph>
                    <altitudeFt>2550</altitudeFt>
                </position>
                <position>
                    <lat>38.6562</lat>
                    <lon>-9.2027</lon>
                    <date>2013-07-11T14:28:15+02:00</date>
                    <speedMph>184</speedMph>
                    <altitudeFt>2650</altitudeFt>
                </position>
                <position>
                    <lat>38.6479</lat>
                    <lon>-9.207</lon>
                    <date>2013-07-11T14:28:10+02:00</date>
                    <speedMph>192</speedMph>
                    <altitudeFt>2830</altitudeFt>
                </position>
                <position>
                    <lat>38.6441</lat>
                    <lon>-9.2089</lon>
                    <date>2013-07-11T14:28:00+02:00</date>
                    <speedMph>188</speedMph>
                    <altitudeFt>2930</altitudeFt>
                </position>
                <position>
                    <lat>38.6385</lat>
                    <lon>-9.2121</lon>
                    <date>2013-07-11T14:27:55+02:00</date>
                    <speedMph>188</speedMph>
                    <altitudeFt>3030</altitudeFt>
                </position>
                <position>
                    <lat>38.6325</lat>
                    <lon>-9.2157</lon>
                    <date>2013-07-11T14:27:50+02:00</date>
                    <speedMph>188</speedMph>
                    <altitudeFt>3050</altitudeFt>
                </position>
                <position>
                    <lat>38.628</lat>
                    <lon>-9.2184</lon>
                    <date>2013-07-11T14:27:40+02:00</date>
                    <speedMph>188</speedMph>
                    <altitudeFt>3080</altitudeFt>
                </position>
                <position>
                    <lat>38.6244</lat>
                    <lon>-9.2207</lon>
                    <date>2013-07-11T14:27:35+02:00</date>
                    <speedMph>188</speedMph>
                    <altitudeFt>3080</altitudeFt>
                </position>
                <position>
                    <lat>38.6111</lat>
                    <lon>-9.23</lon>
                    <date>2013-07-11T14:27:20+02:00</date>
                    <speedMph>192</speedMph>
                    <altitudeFt>3030</altitudeFt>
                </position>
                <position>
                    <lat>38.5973</lat>
                    <lon>-9.2573</lon>
                    <date>2013-07-11T14:26:55+02:00</date>
                    <speedMph>216</speedMph>
                    <altitudeFt>3050</altitudeFt>
                </position>
                <position>
                    <lat>38.5975</lat>
                    <lon>-9.2608</lon>
                    <date>2013-07-11T14:26:50+02:00</date>
                    <speedMph>216</speedMph>
                    <altitudeFt>3050</altitudeFt>
                </position>
                <position>
                    <lat>38.5981</lat>
                    <lon>-9.2637</lon>
                    <date>2013-07-11T14:26:45+02:00</date>
                    <speedMph>220</speedMph>
                    <altitudeFt>3050</altitudeFt>
                </position>
                <position>
                    <lat>38.6012</lat>
                    <lon>-9.2726</lon>
                    <date>2013-07-11T14:26:40+02:00</date>
                    <speedMph>228</speedMph>
                    <altitudeFt>3050</altitudeFt>
                </position>
                <position>
                    <lat>38.6021</lat>
                    <lon>-9.2749</lon>
                    <date>2013-07-11T14:26:35+02:00</date>
                    <speedMph>228</speedMph>
                    <altitudeFt>3080</altitudeFt>
                </position>
                <position>
                    <lat>38.6053</lat>
                    <lon>-9.2826</lon>
                    <date>2013-07-11T14:26:30+02:00</date>
                    <speedMph>232</speedMph>
                    <altitudeFt>3100</altitudeFt>
                </position>
                <position>
                    <lat>38.6072</lat>
                    <lon>-9.2873</lon>
                    <date>2013-07-11T14:26:25+02:00</date>
                    <speedMph>232</speedMph>
                    <altitudeFt>3180</altitudeFt>
                </position>
                <position>
                    <lat>38.6106</lat>
                    <lon>-9.2959</lon>
                    <date>2013-07-11T14:26:20+02:00</date>
                    <speedMph>232</speedMph>
                    <altitudeFt>3330</altitudeFt>
                </position>
                <position>
                    <lat>38.6152</lat>
                    <lon>-9.3073</lon>
                    <date>2013-07-11T14:26:10+02:00</date>
                    <speedMph>236</speedMph>
                    <altitudeFt>3450</altitudeFt>
                </position>
                <position>
                    <lat>38.6199</lat>
                    <lon>-9.3172</lon>
                    <date>2013-07-11T14:26:00+02:00</date>
                    <speedMph>236</speedMph>
                    <altitudeFt>3600</altitudeFt>
                </position>
                <position>
                    <lat>38.6437</lat>
                    <lon>-9.3334</lon>
                    <date>2013-07-11T14:25:40+02:00</date>
                    <speedMph>232</speedMph>
                    <altitudeFt>4000</altitudeFt>
                </position>
                <position>
                    <lat>38.6469</lat>
                    <lon>-9.3332</lon>
                    <date>2013-07-11T14:25:30+02:00</date>
                    <speedMph>232</speedMph>
                    <altitudeFt>4030</altitudeFt>
                </position>
                <position>
                    <lat>38.658</lat>
                    <lon>-9.3295</lon>
                    <date>2013-07-11T14:25:25+02:00</date>
                    <speedMph>228</speedMph>
                    <altitudeFt>4050</altitudeFt>
                </position>
                <position>
                    <lat>38.6629</lat>
                    <lon>-9.3265</lon>
                    <date>2013-07-11T14:25:20+02:00</date>
                    <speedMph>228</speedMph>
                    <altitudeFt>4080</altitudeFt>
                </position>
                <position>
                    <lat>38.6668</lat>
                    <lon>-9.324</lon>
                    <date>2013-07-11T14:25:10+02:00</date>
                    <speedMph>228</speedMph>
                    <altitudeFt>4150</altitudeFt>
                </position>
                <position>
                    <lat>38.6749</lat>
                    <lon>-9.3188</lon>
                    <date>2013-07-11T14:25:05+02:00</date>
                    <speedMph>232</speedMph>
                    <altitudeFt>4280</altitudeFt>
                </position>
                <position>
                    <lat>38.6867</lat>
                    <lon>-9.3113</lon>
                    <date>2013-07-11T14:24:55+02:00</date>
                    <speedMph>236</speedMph>
                    <altitudeFt>4500</altitudeFt>
                </position>
                <position>
                    <lat>38.7011</lat>
                    <lon>-9.302</lon>
                    <date>2013-07-11T14:24:40+02:00</date>
                    <speedMph>236</speedMph>
                    <altitudeFt>4780</altitudeFt>
                </position>
                <position>
                    <lat>38.7113</lat>
                    <lon>-9.2954</lon>
                    <date>2013-07-11T14:24:25+02:00</date>
                    <speedMph>240</speedMph>
                    <altitudeFt>4930</altitudeFt>
                </position>
                <position>
                    <lat>38.7246</lat>
                    <lon>-9.2869</lon>
                    <date>2013-07-11T14:24:15+02:00</date>
                    <speedMph>240</speedMph>
                    <altitudeFt>5050</altitudeFt>
                </position>
                <position>
                    <lat>38.7365</lat>
                    <lon>-9.2793</lon>
                    <date>2013-07-11T14:24:05+02:00</date>
                    <speedMph>256</speedMph>
                    <altitudeFt>5050</altitudeFt>
                </position>
                <position>
                    <lat>38.7471</lat>
                    <lon>-9.2726</lon>
                    <date>2013-07-11T14:23:55+02:00</date>
                    <speedMph>260</speedMph>
                    <altitudeFt>5030</altitudeFt>
                </position>
                <position>
                    <lat>38.7525</lat>
                    <lon>-9.2691</lon>
                    <date>2013-07-11T14:23:45+02:00</date>
                    <speedMph>272</speedMph>
                    <altitudeFt>5030</altitudeFt>
                </position>
                <position>
                    <lat>38.769</lat>
                    <lon>-9.2585</lon>
                    <date>2013-07-11T14:23:35+02:00</date>
                    <speedMph>288</speedMph>
                    <altitudeFt>5000</altitudeFt>
                </position>
                <position>
                    <lat>38.7815</lat>
                    <lon>-9.2504</lon>
                    <date>2013-07-11T14:23:25+02:00</date>
                    <speedMph>292</speedMph>
                    <altitudeFt>5030</altitudeFt>
                </position>
                <position>
                    <lat>38.7937</lat>
                    <lon>-9.2425</lon>
                    <date>2013-07-11T14:23:15+02:00</date>
                    <speedMph>288</speedMph>
                    <altitudeFt>5080</altitudeFt>
                </position>
                <position>
                    <lat>38.7988</lat>
                    <lon>-9.2393</lon>
                    <date>2013-07-11T14:23:05+02:00</date>
                    <speedMph>288</speedMph>
                    <altitudeFt>5100</altitudeFt>
                </position>
                <position>
                    <lat>38.8169</lat>
                    <lon>-9.2278</lon>
                    <date>2013-07-11T14:22:55+02:00</date>
                    <speedMph>288</speedMph>
                    <altitudeFt>5380</altitudeFt>
                </position>
                <position>
                    <lat>38.8242</lat>
                    <lon>-9.2231</lon>
                    <date>2013-07-11T14:22:45+02:00</date>
                    <speedMph>292</speedMph>
                    <altitudeFt>5500</altitudeFt>
                </position>
                <position>
                    <lat>38.8429</lat>
                    <lon>-9.2112</lon>
                    <date>2013-07-11T14:22:35+02:00</date>
                    <speedMph>292</speedMph>
                    <altitudeFt>5930</altitudeFt>
                </position>
                <position>
                    <lat>38.8545</lat>
                    <lon>-9.2037</lon>
                    <date>2013-07-11T14:22:25+02:00</date>
                    <speedMph>292</speedMph>
                    <altitudeFt>6200</altitudeFt>
                </position>
                <position>
                    <lat>38.8659</lat>
                    <lon>-9.1965</lon>
                    <date>2013-07-11T14:22:15+02:00</date>
                    <speedMph>292</speedMph>
                    <altitudeFt>6480</altitudeFt>
                </position>
                <position>
                    <lat>38.8787</lat>
                    <lon>-9.1882</lon>
                    <date>2013-07-11T14:22:05+02:00</date>
                    <speedMph>292</speedMph>
                    <altitudeFt>6750</altitudeFt>
                </position>
                <position>
                    <lat>38.8911</lat>
                    <lon>-9.1802</lon>
                    <date>2013-07-11T14:21:55+02:00</date>
                    <speedMph>296</speedMph>
                    <altitudeFt>6930</altitudeFt>
                </position>
                <position>
                    <lat>38.8989</lat>
                    <lon>-9.1752</lon>
                    <date>2013-07-11T14:21:45+02:00</date>
                    <speedMph>304</speedMph>
                    <altitudeFt>6980</altitudeFt>
                </position>
                <position>
                    <lat>38.9178</lat>
                    <lon>-9.163</lon>
                    <date>2013-07-11T14:21:35+02:00</date>
                    <speedMph>304</speedMph>
                    <altitudeFt>7030</altitudeFt>
                </position>
                <position>
                    <lat>38.9229</lat>
                    <lon>-9.1597</lon>
                    <date>2013-07-11T14:21:25+02:00</date>
                    <speedMph>296</speedMph>
                    <altitudeFt>7050</altitudeFt>
                </position>
                <position>
                    <lat>38.9434</lat>
                    <lon>-9.1464</lon>
                    <date>2013-07-11T14:21:15+02:00</date>
                    <speedMph>304</speedMph>
                    <altitudeFt>7350</altitudeFt>
                </position>
                <position>
                    <lat>38.966</lat>
                    <lon>-9.1318</lon>
                    <date>2013-07-11T14:20:55+02:00</date>
                    <speedMph>308</speedMph>
                    <altitudeFt>7750</altitudeFt>
                </position>
                <position>
                    <lat>38.9747</lat>
                    <lon>-9.1262</lon>
                    <date>2013-07-11T14:20:45+02:00</date>
                    <speedMph>308</speedMph>
                    <altitudeFt>7950</altitudeFt>
                </position>
                <position>
                    <lat>38.9939</lat>
                    <lon>-9.1138</lon>
                    <date>2013-07-11T14:20:30+02:00</date>
                    <speedMph>312</speedMph>
                    <altitudeFt>8350</altitudeFt>
                </position>
                <position>
                    <lat>39.0231</lat>
                    <lon>-9.0949</lon>
                    <date>2013-07-11T14:20:10+02:00</date>
                    <speedMph>312</speedMph>
                    <altitudeFt>9000</altitudeFt>
                </position>
                <position>
                    <lat>39.0341</lat>
                    <lon>-9.0878</lon>
                    <date>2013-07-11T14:20:00+02:00</date>
                    <speedMph>312</speedMph>
                    <altitudeFt>9280</altitudeFt>
                </position>
                <position>
                    <lat>39.0482</lat>
                    <lon>-9.0789</lon>
                    <date>2013-07-11T14:19:50+02:00</date>
                    <speedMph>312</speedMph>
                    <altitudeFt>9580</altitudeFt>
                </position>
                <position>
                    <lat>39.0599</lat>
                    <lon>-9.0715</lon>
                    <date>2013-07-11T14:19:40+02:00</date>
                    <speedMph>312</speedMph>
                    <altitudeFt>9850</altitudeFt>
                </position>
                <position>
                    <lat>39.0791</lat>
                    <lon>-9.0582</lon>
                    <date>2013-07-11T14:19:25+02:00</date>
                    <speedMph>316</speedMph>
                    <altitudeFt>10300</altitudeFt>
                </position>
                <position>
                    <lat>39.1143</lat>
                    <lon>-9.0251</lon>
                    <date>2013-07-11T14:18:55+02:00</date>
                    <speedMph>320</speedMph>
                    <altitudeFt>11100</altitudeFt>
                </position>
                <position>
                    <lat>39.1511</lat>
                    <lon>-8.9899</lon>
                    <date>2013-07-11T14:18:25+02:00</date>
                    <speedMph>324</speedMph>
                    <altitudeFt>11900</altitudeFt>
                </position>
                <position>
                    <lat>39.1864</lat>
                    <lon>-8.9561</lon>
                    <date>2013-07-11T14:17:55+02:00</date>
                    <speedMph>328</speedMph>
                    <altitudeFt>12680</altitudeFt>
                </position>
                <position>
                    <lat>39.2231</lat>
                    <lon>-8.9207</lon>
                    <date>2013-07-11T14:17:25+02:00</date>
                    <speedMph>328</speedMph>
                    <altitudeFt>13580</altitudeFt>
                </position>
                <position>
                    <lat>39.2592</lat>
                    <lon>-8.8859</lon>
                    <date>2013-07-11T14:16:55+02:00</date>
                    <speedMph>328</speedMph>
                    <altitudeFt>14430</altitudeFt>
                </position>
                <position>
                    <lat>39.3358</lat>
                    <lon>-8.8121</lon>
                    <date>2013-07-11T14:16:05+02:00</date>
                    <speedMph>336</speedMph>
                    <altitudeFt>16180</altitudeFt>
                </position>
                <position>
                    <lat>39.4043</lat>
                    <lon>-8.7457</lon>
                    <date>2013-07-11T14:15:04+02:00</date>
                    <speedMph>348</speedMph>
                    <altitudeFt>17550</altitudeFt>
                </position>
                <position>
                    <lat>39.4817</lat>
                    <lon>-8.6708</lon>
                    <date>2013-07-11T14:14:04+02:00</date>
                    <speedMph>360</speedMph>
                    <altitudeFt>19300</altitudeFt>
                </position>
                <position>
                    <lat>39.5696</lat>
                    <lon>-8.5854</lon>
                    <date>2013-07-11T14:13:04+02:00</date>
                    <speedMph>368</speedMph>
                    <altitudeFt>21300</altitudeFt>
                </position>
                <position>
                    <lat>39.6429</lat>
                    <lon>-8.5134</lon>
                    <date>2013-07-11T14:12:03+02:00</date>
                    <speedMph>376</speedMph>
                    <altitudeFt>23000</altitudeFt>
                </position>
                <position>
                    <lat>39.7881</lat>
                    <lon>-8.4221</lon>
                    <date>2013-07-11T14:10:34+02:00</date>
                    <speedMph>412</speedMph>
                    <altitudeFt>25780</altitudeFt>
                </position>
                <position>
                    <lat>39.8962</lat>
                    <lon>-8.3604</lon>
                    <date>2013-07-11T14:09:33+02:00</date>
                    <speedMph>444</speedMph>
                    <altitudeFt>27500</altitudeFt>
                </position>
                <position>
                    <lat>40.0181</lat>
                    <lon>-8.2823</lon>
                    <date>2013-07-11T14:08:33+02:00</date>
                    <speedMph>448</speedMph>
                    <altitudeFt>30850</altitudeFt>
                </position>
                <position>
                    <lat>40.109</lat>
                    <lon>-8.1778</lon>
                    <date>2013-07-11T14:07:33+02:00</date>
                    <speedMph>432</speedMph>
                    <altitudeFt>34700</altitudeFt>
                </position>
                <position>
                    <lat>40.1999</lat>
                    <lon>-8.0728</lon>
                    <date>2013-07-11T14:06:33+02:00</date>
                    <speedMph>432</speedMph>
                    <altitudeFt>36550</altitudeFt>
                </position>
                <position>
                    <lat>40.2841</lat>
                    <lon>-7.9753</lon>
                    <date>2013-07-11T14:05:33+02:00</date>
                    <speedMph>440</speedMph>
                    <altitudeFt>37000</altitudeFt>
                </position>
                <position>
                    <lat>40.3685</lat>
                    <lon>-7.8768</lon>
                    <date>2013-07-11T14:04:33+02:00</date>
                    <speedMph>440</speedMph>
                    <altitudeFt>37000</altitudeFt>
                </position>
                <position>
                    <lat>40.4624</lat>
                    <lon>-7.767</lon>
                    <date>2013-07-11T14:03:33+02:00</date>
                    <speedMph>440</speedMph>
                    <altitudeFt>36980</altitudeFt>
                </position>
                <position>
                    <lat>40.5606</lat>
                    <lon>-7.6522</lon>
                    <date>2013-07-11T14:02:33+02:00</date>
                    <speedMph>436</speedMph>
                    <altitudeFt>37000</altitudeFt>
                </position>
                <position>
                    <lat>40.6489</lat>
                    <lon>-7.5483</lon>
                    <date>2013-07-11T14:01:33+02:00</date>
                    <speedMph>436</speedMph>
                    <altitudeFt>37000</altitudeFt>
                </position>
                <position>
                    <lat>40.7398</lat>
                    <lon>-7.441</lon>
                    <date>2013-07-11T14:00:33+02:00</date>
                    <speedMph>440</speedMph>
                    <altitudeFt>37000</altitudeFt>
                </position>
                <position>
                    <lat>40.8277</lat>
                    <lon>-7.3367</lon>
                    <date>2013-07-11T13:59:33+02:00</date>
                    <speedMph>440</speedMph>
                    <altitudeFt>37000</altitudeFt>
                </position>
                <position>
                    <lat>40.919</lat>
                    <lon>-7.2283</lon>
                    <date>2013-07-11T13:58:33+02:00</date>
                    <speedMph>440</speedMph>
                    <altitudeFt>37030</altitudeFt>
                </position>
                <position>
                    <lat>41.0015</lat>
                    <lon>-7.13</lon>
                    <date>2013-07-11T13:57:33+02:00</date>
                    <speedMph>444</speedMph>
                    <altitudeFt>37030</altitudeFt>
                </position>
                <position>
                    <lat>41.114</lat>
                    <lon>-7.0321</lon>
                    <date>2013-07-11T13:56:33+02:00</date>
                    <speedMph>448</speedMph>
                    <altitudeFt>36980</altitudeFt>
                </position>
                <position>
                    <lat>41.224</lat>
                    <lon>-6.9556</lon>
                    <date>2013-07-11T13:55:33+02:00</date>
                    <speedMph>444</speedMph>
                    <altitudeFt>37000</altitudeFt>
                </position>
                <position>
                    <lat>41.3343</lat>
                    <lon>-6.8788</lon>
                    <date>2013-07-11T13:54:33+02:00</date>
                    <speedMph>448</speedMph>
                    <altitudeFt>37030</altitudeFt>
                </position>
                <position>
                    <lat>41.4439</lat>
                    <lon>-6.8017</lon>
                    <date>2013-07-11T13:53:33+02:00</date>
                    <speedMph>448</speedMph>
                    <altitudeFt>37000</altitudeFt>
                </position>
                <position>
                    <lat>41.5538</lat>
                    <lon>-6.7244</lon>
                    <date>2013-07-11T13:52:33+02:00</date>
                    <speedMph>448</speedMph>
                    <altitudeFt>37000</altitudeFt>
                </position>
                <position>
                    <lat>41.6628</lat>
                    <lon>-6.6479</lon>
                    <date>2013-07-11T13:51:33+02:00</date>
                    <speedMph>448</speedMph>
                    <altitudeFt>37000</altitudeFt>
                </position>
                <position>
                    <lat>41.7784</lat>
                    <lon>-6.5661</lon>
                    <date>2013-07-11T13:50:33+02:00</date>
                    <speedMph>444</speedMph>
                    <altitudeFt>37000</altitudeFt>
                </position>
                <position>
                    <lat>41.8827</lat>
                    <lon>-6.492</lon>
                    <date>2013-07-11T13:49:33+02:00</date>
                    <speedMph>444</speedMph>
                    <altitudeFt>37030</altitudeFt>
                </position>
                <position>
                    <lat>41.9892</lat>
                    <lon>-6.4148</lon>
                    <date>2013-07-11T13:48:33+02:00</date>
                    <speedMph>444</speedMph>
                    <altitudeFt>37000</altitudeFt>
                </position>
                <position>
                    <lat>42.1074</lat>
                    <lon>-6.3279</lon>
                    <date>2013-07-11T13:47:33+02:00</date>
                    <speedMph>444</speedMph>
                    <altitudeFt>37000</altitudeFt>
                </position>
                <position>
                    <lat>42.202</lat>
                    <lon>-6.2582</lon>
                    <date>2013-07-11T13:46:33+02:00</date>
                    <speedMph>444</speedMph>
                    <altitudeFt>37000</altitudeFt>
                </position>
                <position>
                    <lat>42.3189</lat>
                    <lon>-6.172</lon>
                    <date>2013-07-11T13:45:33+02:00</date>
                    <speedMph>444</speedMph>
                    <altitudeFt>37000</altitudeFt>
                </position>
                <position>
                    <lat>42.4189</lat>
                    <lon>-6.0974</lon>
                    <date>2013-07-11T13:44:33+02:00</date>
                    <speedMph>444</speedMph>
                    <altitudeFt>37000</altitudeFt>
                </position>
                <position>
                    <lat>42.5256</lat>
                    <lon>-6.0178</lon>
                    <date>2013-07-11T13:43:33+02:00</date>
                    <speedMph>444</speedMph>
                    <altitudeFt>37000</altitudeFt>
                </position>
                <position>
                    <lat>42.632</lat>
                    <lon>-5.9379</lon>
                    <date>2013-07-11T13:42:33+02:00</date>
                    <speedMph>444</speedMph>
                    <altitudeFt>37000</altitudeFt>
                </position>
                <position>
                    <lat>42.7403</lat>
                    <lon>-5.8565</lon>
                    <date>2013-07-11T13:41:33+02:00</date>
                    <speedMph>444</speedMph>
                    <altitudeFt>37000</altitudeFt>
                </position>
                <position>
                    <lat>42.8439</lat>
                    <lon>-5.7687</lon>
                    <date>2013-07-11T13:40:33+02:00</date>
                    <speedMph>444</speedMph>
                    <altitudeFt>37030</altitudeFt>
                </position>
                <position>
                    <lat>42.9493</lat>
                    <lon>-5.6788</lon>
                    <date>2013-07-11T13:39:33+02:00</date>
                    <speedMph>448</speedMph>
                    <altitudeFt>37000</altitudeFt>
                </position>
                <position>
                    <lat>43.053</lat>
                    <lon>-5.5894</lon>
                    <date>2013-07-11T13:38:33+02:00</date>
                    <speedMph>448</speedMph>
                    <altitudeFt>36980</altitudeFt>
                </position>
                <position>
                    <lat>43.1499</lat>
                    <lon>-5.5057</lon>
                    <date>2013-07-11T13:37:33+02:00</date>
                    <speedMph>444</speedMph>
                    <altitudeFt>37000</altitudeFt>
                </position>
                <position>
                    <lat>43.2647</lat>
                    <lon>-5.4066</lon>
                    <date>2013-07-11T13:36:33+02:00</date>
                    <speedMph>448</speedMph>
                    <altitudeFt>37000</altitudeFt>
                </position>
                <position>
                    <lat>43.367</lat>
                    <lon>-5.3177</lon>
                    <date>2013-07-11T13:35:33+02:00</date>
                    <speedMph>448</speedMph>
                    <altitudeFt>37000</altitudeFt>
                </position>
                <position>
                    <lat>43.472</lat>
                    <lon>-5.2253</lon>
                    <date>2013-07-11T13:34:33+02:00</date>
                    <speedMph>452</speedMph>
                    <altitudeFt>37000</altitudeFt>
                </position>
                <position>
                    <lat>43.5792</lat>
                    <lon>-5.1362</lon>
                    <date>2013-07-11T13:33:33+02:00</date>
                    <speedMph>452</speedMph>
                    <altitudeFt>37000</altitudeFt>
                </position>
                <position>
                    <lat>43.6862</lat>
                    <lon>-5.0476</lon>
                    <date>2013-07-11T13:32:33+02:00</date>
                    <speedMph>452</speedMph>
                    <altitudeFt>37000</altitudeFt>
                </position>
                <position>
                    <lat>43.7935</lat>
                    <lon>-4.9582</lon>
                    <date>2013-07-11T13:31:33+02:00</date>
                    <speedMph>452</speedMph>
                    <altitudeFt>37000</altitudeFt>
                </position>
                <position>
                    <lat>43.9038</lat>
                    <lon>-4.8658</lon>
                    <date>2013-07-11T13:30:33+02:00</date>
                    <speedMph>452</speedMph>
                    <altitudeFt>36980</altitudeFt>
                </position>
                <position>
                    <lat>44.0081</lat>
                    <lon>-4.7781</lon>
                    <date>2013-07-11T13:29:32+02:00</date>
                    <speedMph>452</speedMph>
                    <altitudeFt>36980</altitudeFt>
                </position>
                <position>
                    <lat>44.1148</lat>
                    <lon>-4.6884</lon>
                    <date>2013-07-11T13:28:32+02:00</date>
                    <speedMph>452</speedMph>
                    <altitudeFt>36980</altitudeFt>
                </position>
                <position>
                    <lat>44.2396</lat>
                    <lon>-4.5825</lon>
                    <date>2013-07-11T13:27:32+02:00</date>
                    <speedMph>456</speedMph>
                    <altitudeFt>37030</altitudeFt>
                </position>
                <position>
                    <lat>44.3358</lat>
                    <lon>-4.5002</lon>
                    <date>2013-07-11T13:26:32+02:00</date>
                    <speedMph>460</speedMph>
                    <altitudeFt>37030</altitudeFt>
                </position>
                <position>
                    <lat>44.4376</lat>
                    <lon>-4.4027</lon>
                    <date>2013-07-11T13:25:32+02:00</date>
                    <speedMph>0</speedMph>
                    <altitudeFt>37000</altitudeFt>
                </position>
                <position>
                    <lat>44.6651</lat>
                    <lon>-4.1157</lon>
                    <date>2013-07-11T13:23:22+02:00</date>
                    <speedMph>456</speedMph>
                    <altitudeFt>37000</altitudeFt>
                </position>
                <position>
                    <lat>44.7426</lat>
                    <lon>-4.0169</lon>
                    <date>2013-07-11T13:22:22+02:00</date>
                    <speedMph>456</speedMph>
                    <altitudeFt>37000</altitudeFt>
                </position>
                <position>
                    <lat>44.8232</lat>
                    <lon>-3.9134</lon>
                    <date>2013-07-11T13:21:22+02:00</date>
                    <speedMph>456</speedMph>
                    <altitudeFt>37000</altitudeFt>
                </position>
                <position>
                    <lat>44.9327</lat>
                    <lon>-3.7728</lon>
                    <date>2013-07-11T13:20:22+02:00</date>
                    <speedMph>456</speedMph>
                    <altitudeFt>37000</altitudeFt>
                </position>
                <position>
                    <lat>45.0103</lat>
                    <lon>-3.6722</lon>
                    <date>2013-07-11T13:19:22+02:00</date>
                    <speedMph>456</speedMph>
                    <altitudeFt>37000</altitudeFt>
                </position>
                <position>
                    <lat>45.1118</lat>
                    <lon>-3.5406</lon>
                    <date>2013-07-11T13:18:22+02:00</date>
                    <speedMph>460</speedMph>
                    <altitudeFt>37000</altitudeFt>
                </position>
                <position>
                    <lat>45.2054</lat>
                    <lon>-3.4191</lon>
                    <date>2013-07-11T13:17:22+02:00</date>
                    <speedMph>460</speedMph>
                    <altitudeFt>37000</altitudeFt>
                </position>
                <position>
                    <lat>45.2927</lat>
                    <lon>-3.3045</lon>
                    <date>2013-07-11T13:16:22+02:00</date>
                    <speedMph>460</speedMph>
                    <altitudeFt>37000</altitudeFt>
                </position>
                <position>
                    <lat>45.4142</lat>
                    <lon>-3.1443</lon>
                    <date>2013-07-11T13:15:22+02:00</date>
                    <speedMph>456</speedMph>
                    <altitudeFt>37000</altitudeFt>
                </position>
                <position>
                    <lat>45.504</lat>
                    <lon>-3.0253</lon>
                    <date>2013-07-11T13:14:07+02:00</date>
                    <speedMph>456</speedMph>
                    <altitudeFt>37000</altitudeFt>
                </position>
                <position>
                    <lat>45.6027</lat>
                    <lon>-2.8946</lon>
                    <date>2013-07-11T13:13:07+02:00</date>
                    <speedMph>460</speedMph>
                    <altitudeFt>37030</altitudeFt>
                </position>
                <position>
                    <lat>45.7064</lat>
                    <lon>-2.755</lon>
                    <date>2013-07-11T13:12:07+02:00</date>
                    <speedMph>456</speedMph>
                    <altitudeFt>37000</altitudeFt>
                </position>
                <position>
                    <lat>45.7855</lat>
                    <lon>-2.6492</lon>
                    <date>2013-07-11T13:11:04+02:00</date>
                    <speedMph>456</speedMph>
                    <altitudeFt>37000</altitudeFt>
                </position>
                <position>
                    <lat>45.8769</lat>
                    <lon>-2.5257</lon>
                    <date>2013-07-11T13:10:04+02:00</date>
                    <speedMph>456</speedMph>
                    <altitudeFt>37000</altitudeFt>
                </position>
                <position>
                    <lat>45.9685</lat>
                    <lon>-2.4019</lon>
                    <date>2013-07-11T13:09:04+02:00</date>
                    <speedMph>456</speedMph>
                    <altitudeFt>37000</altitudeFt>
                </position>
                <position>
                    <lat>46.0615</lat>
                    <lon>-2.2753</lon>
                    <date>2013-07-11T13:08:04+02:00</date>
                    <speedMph>456</speedMph>
                    <altitudeFt>37000</altitudeFt>
                </position>
                <position>
                    <lat>46.1526</lat>
                    <lon>-2.1504</lon>
                    <date>2013-07-11T13:07:04+02:00</date>
                    <speedMph>460</speedMph>
                    <altitudeFt>37000</altitudeFt>
                </position>
                <position>
                    <lat>46.2423</lat>
                    <lon>-2.0271</lon>
                    <date>2013-07-11T13:06:04+02:00</date>
                    <speedMph>460</speedMph>
                    <altitudeFt>37000</altitudeFt>
                </position>
                <position>
                    <lat>46.3376</lat>
                    <lon>-1.8953</lon>
                    <date>2013-07-11T13:05:04+02:00</date>
                    <speedMph>460</speedMph>
                    <altitudeFt>37030</altitudeFt>
                </position>
                <position>
                    <lat>46.4279</lat>
                    <lon>-1.7701</lon>
                    <date>2013-07-11T13:04:04+02:00</date>
                    <speedMph>464</speedMph>
                    <altitudeFt>37000</altitudeFt>
                </position>
                <position>
                    <lat>46.5221</lat>
                    <lon>-1.6383</lon>
                    <date>2013-07-11T13:03:04+02:00</date>
                    <speedMph>460</speedMph>
                    <altitudeFt>37000</altitudeFt>
                </position>
                <position>
                    <lat>46.6125</lat>
                    <lon>-1.5117</lon>
                    <date>2013-07-11T13:02:04+02:00</date>
                    <speedMph>460</speedMph>
                    <altitudeFt>37030</altitudeFt>
                </position>
                <position>
                    <lat>46.7316</lat>
                    <lon>-1.3438</lon>
                    <date>2013-07-11T13:01:04+02:00</date>
                    <speedMph>464</speedMph>
                    <altitudeFt>37000</altitudeFt>
                </position>
                <position>
                    <lat>46.8028</lat>
                    <lon>-1.243</lon>
                    <date>2013-07-11T13:00:03+02:00</date>
                    <speedMph>464</speedMph>
                    <altitudeFt>37000</altitudeFt>
                </position>
                <position>
                    <lat>46.8945</lat>
                    <lon>-1.112</lon>
                    <date>2013-07-11T12:59:03+02:00</date>
                    <speedMph>460</speedMph>
                    <altitudeFt>37000</altitudeFt>
                </position>
                <position>
                    <lat>46.9835</lat>
                    <lon>-0.9845</lon>
                    <date>2013-07-11T12:58:03+02:00</date>
                    <speedMph>464</speedMph>
                    <altitudeFt>37000</altitudeFt>
                </position>
                <position>
                    <lat>47.0895</lat>
                    <lon>-0.832</lon>
                    <date>2013-07-11T12:57:03+02:00</date>
                    <speedMph>472</speedMph>
                    <altitudeFt>37000</altitudeFt>
                </position>
                <position>
                    <lat>47.168</lat>
                    <lon>-0.7183</lon>
                    <date>2013-07-11T12:56:03+02:00</date>
                    <speedMph>472</speedMph>
                    <altitudeFt>37000</altitudeFt>
                </position>
                <position>
                    <lat>47.2599</lat>
                    <lon>-0.5847</lon>
                    <date>2013-07-11T12:55:03+02:00</date>
                    <speedMph>468</speedMph>
                    <altitudeFt>37000</altitudeFt>
                </position>
                <position>
                    <lat>47.3515</lat>
                    <lon>-0.4509</lon>
                    <date>2013-07-11T12:54:03+02:00</date>
                    <speedMph>464</speedMph>
                    <altitudeFt>37000</altitudeFt>
                </position>
                <position>
                    <lat>47.442</lat>
                    <lon>-0.318</lon>
                    <date>2013-07-11T12:53:03+02:00</date>
                    <speedMph>464</speedMph>
                    <altitudeFt>37000</altitudeFt>
                </position>
                <position>
                    <lat>47.5319</lat>
                    <lon>-0.1851</lon>
                    <date>2013-07-11T12:52:03+02:00</date>
                    <speedMph>464</speedMph>
                    <altitudeFt>37000</altitudeFt>
                </position>
                <position>
                    <lat>47.6228</lat>
                    <lon>-0.0506</lon>
                    <date>2013-07-11T12:51:03+02:00</date>
                    <speedMph>464</speedMph>
                    <altitudeFt>37000</altitudeFt>
                </position>
                <position>
                    <lat>47.7138</lat>
                    <lon>0.0851</lon>
                    <date>2013-07-11T12:50:03+02:00</date>
                    <speedMph>460</speedMph>
                    <altitudeFt>37000</altitudeFt>
                </position>
                <position>
                    <lat>47.8039</lat>
                    <lon>0.2205</lon>
                    <date>2013-07-11T12:49:03+02:00</date>
                    <speedMph>460</speedMph>
                    <altitudeFt>37000</altitudeFt>
                </position>
                <position>
                    <lat>47.895</lat>
                    <lon>0.3577</lon>
                    <date>2013-07-11T12:48:03+02:00</date>
                    <speedMph>460</speedMph>
                    <altitudeFt>37000</altitudeFt>
                </position>
                <position>
                    <lat>47.9854</lat>
                    <lon>0.4949</lon>
                    <date>2013-07-11T12:47:03+02:00</date>
                    <speedMph>468</speedMph>
                    <altitudeFt>36980</altitudeFt>
                </position>
                <position>
                    <lat>48.0787</lat>
                    <lon>0.6373</lon>
                    <date>2013-07-11T12:46:03+02:00</date>
                    <speedMph>468</speedMph>
                    <altitudeFt>37000</altitudeFt>
                </position>
                <position>
                    <lat>48.1634</lat>
                    <lon>0.7669</lon>
                    <date>2013-07-11T12:45:03+02:00</date>
                    <speedMph>468</speedMph>
                    <altitudeFt>36730</altitudeFt>
                </position>
                <position>
                    <lat>48.2579</lat>
                    <lon>0.9118</lon>
                    <date>2013-07-11T12:44:03+02:00</date>
                    <speedMph>468</speedMph>
                    <altitudeFt>36250</altitudeFt>
                </position>
                <position>
                    <lat>48.3587</lat>
                    <lon>1.0423</lon>
                    <date>2013-07-11T12:43:03+02:00</date>
                    <speedMph>472</speedMph>
                    <altitudeFt>35480</altitudeFt>
                </position>
                <position>
                    <lat>48.4654</lat>
                    <lon>1.16</lon>
                    <date>2013-07-11T12:42:03+02:00</date>
                    <speedMph>472</speedMph>
                    <altitudeFt>35000</altitudeFt>
                </position>
                <position>
                    <lat>48.5736</lat>
                    <lon>1.2785</lon>
                    <date>2013-07-11T12:41:03+02:00</date>
                    <speedMph>472</speedMph>
                    <altitudeFt>35000</altitudeFt>
                </position>
                <position>
                    <lat>48.6767</lat>
                    <lon>1.3896</lon>
                    <date>2013-07-11T12:40:03+02:00</date>
                    <speedMph>472</speedMph>
                    <altitudeFt>35000</altitudeFt>
                </position>
                <position>
                    <lat>48.781</lat>
                    <lon>1.502</lon>
                    <date>2013-07-11T12:39:03+02:00</date>
                    <speedMph>476</speedMph>
                    <altitudeFt>35000</altitudeFt>
                </position>
                <position>
                    <lat>48.8779</lat>
                    <lon>1.6103</lon>
                    <date>2013-07-11T12:38:03+02:00</date>
                    <speedMph>472</speedMph>
                    <altitudeFt>35000</altitudeFt>
                </position>
                <position>
                    <lat>48.9697</lat>
                    <lon>1.7486</lon>
                    <date>2013-07-11T12:37:03+02:00</date>
                    <speedMph>472</speedMph>
                    <altitudeFt>35000</altitudeFt>
                </position>
                <position>
                    <lat>49.0514</lat>
                    <lon>1.9206</lon>
                    <date>2013-07-11T12:36:03+02:00</date>
                    <speedMph>468</speedMph>
                    <altitudeFt>35000</altitudeFt>
                </position>
                <position>
                    <lat>49.1176</lat>
                    <lon>2.0916</lon>
                    <date>2013-07-11T12:35:03+02:00</date>
                    <speedMph>472</speedMph>
                    <altitudeFt>34530</altitudeFt>
                </position>
                <position>
                    <lat>49.1842</lat>
                    <lon>2.2655</lon>
                    <date>2013-07-11T12:34:03+02:00</date>
                    <speedMph>480</speedMph>
                    <altitudeFt>33530</altitudeFt>
                </position>
                <position>
                    <lat>49.2538</lat>
                    <lon>2.4478</lon>
                    <date>2013-07-11T12:33:03+02:00</date>
                    <speedMph>480</speedMph>
                    <altitudeFt>32480</altitudeFt>
                </position>
                <position>
                    <lat>49.3162</lat>
                    <lon>2.612</lon>
                    <date>2013-07-11T12:32:03+02:00</date>
                    <speedMph>484</speedMph>
                    <altitudeFt>31450</altitudeFt>
                </position>
                <position>
                    <lat>49.3842</lat>
                    <lon>2.7894</lon>
                    <date>2013-07-11T12:31:03+02:00</date>
                    <speedMph>484</speedMph>
                    <altitudeFt>30380</altitudeFt>
                </position>
                <position>
                    <lat>49.4715</lat>
                    <lon>2.9742</lon>
                    <date>2013-07-11T12:29:59+02:00</date>
                    <speedMph>492</speedMph>
                    <altitudeFt>29080</altitudeFt>
                </position>
                <position>
                    <lat>49.5865</lat>
                    <lon>3.0947</lon>
                    <date>2013-07-11T12:28:59+02:00</date>
                    <speedMph>488</speedMph>
                    <altitudeFt>28080</altitudeFt>
                </position>
                <position>
                    <lat>49.6944</lat>
                    <lon>3.2078</lon>
                    <date>2013-07-11T12:27:59+02:00</date>
                    <speedMph>480</speedMph>
                    <altitudeFt>27130</altitudeFt>
                </position>
                <position>
                    <lat>49.7971</lat>
                    <lon>3.3101</lon>
                    <date>2013-07-11T12:26:59+02:00</date>
                    <speedMph>472</speedMph>
                    <altitudeFt>26130</altitudeFt>
                </position>
                <position>
                    <lat>49.9228</lat>
                    <lon>3.3946</lon>
                    <date>2013-07-11T12:25:59+02:00</date>
                    <speedMph>460</speedMph>
                    <altitudeFt>25080</altitudeFt>
                </position>
                <position>
                    <lat>50.0404</lat>
                    <lon>3.4728</lon>
                    <date>2013-07-11T12:24:59+02:00</date>
                    <speedMph>464</speedMph>
                    <altitudeFt>23400</altitudeFt>
                </position>
                <position>
                    <lat>50.1614</lat>
                    <lon>3.554</lon>
                    <date>2013-07-11T12:23:59+02:00</date>
                    <speedMph>468</speedMph>
                    <altitudeFt>21450</altitudeFt>
                </position>
                <position>
                    <lat>50.2716</lat>
                    <lon>3.6285</lon>
                    <date>2013-07-11T12:22:59+02:00</date>
                    <speedMph>452</speedMph>
                    <altitudeFt>20250</altitudeFt>
                </position>
                <position>
                    <lat>50.3806</lat>
                    <lon>3.7548</lon>
                    <date>2013-07-11T12:21:59+02:00</date>
                    <speedMph>444</speedMph>
                    <altitudeFt>18400</altitudeFt>
                </position>
                <position>
                    <lat>50.4568</lat>
                    <lon>3.9119</lon>
                    <date>2013-07-11T12:20:59+02:00</date>
                    <speedMph>436</speedMph>
                    <altitudeFt>16580</altitudeFt>
                </position>
                <position>
                    <lat>50.5188</lat>
                    <lon>4.0405</lon>
                    <date>2013-07-11T12:19:59+02:00</date>
                    <speedMph>428</speedMph>
                    <altitudeFt>14700</altitudeFt>
                </position>
                <position>
                    <lat>50.5535</lat>
                    <lon>4.1126</lon>
                    <date>2013-07-11T12:19:29+02:00</date>
                    <speedMph>416</speedMph>
                    <altitudeFt>13930</altitudeFt>
                </position>
                <position>
                    <lat>50.5971</lat>
                    <lon>4.2033</lon>
                    <date>2013-07-11T12:18:59+02:00</date>
                    <speedMph>412</speedMph>
                    <altitudeFt>12450</altitudeFt>
                </position>
                <position>
                    <lat>50.6411</lat>
                    <lon>4.2948</lon>
                    <date>2013-07-11T12:18:29+02:00</date>
                    <speedMph>392</speedMph>
                    <altitudeFt>11280</altitudeFt>
                </position>
                <position>
                    <lat>50.6873</lat>
                    <lon>4.3995</lon>
                    <date>2013-07-11T12:17:59+02:00</date>
                    <speedMph>384</speedMph>
                    <altitudeFt>9430</altitudeFt>
                </position>
                <position>
                    <lat>50.8234</lat>
                    <lon>4.6214</lon>
                    <date>2013-07-11T12:17:29+02:00</date>
                    <speedMph>272</speedMph>
                    <altitudeFt>4930</altitudeFt>
                </position>
                <position>
                    <lat>50.8262</lat>
                    <lon>4.6209</lon>
                    <date>2013-07-11T12:15:21+02:00</date>
                    <speedMph>288</speedMph>
                    <altitudeFt>4830</altitudeFt>
                </position>
                <position>
                    <lat>50.8379</lat>
                    <lon>4.6191</lon>
                    <date>2013-07-11T12:14:59+02:00</date>
                    <speedMph>284</speedMph>
                    <altitudeFt>4430</altitudeFt>
                </position>
                <position>
                    <lat>50.8486</lat>
                    <lon>4.6177</lon>
                    <date>2013-07-11T12:14:49+02:00</date>
                    <speedMph>276</speedMph>
                    <altitudeFt>4130</altitudeFt>
                </position>
                <position>
                    <lat>50.8527</lat>
                    <lon>4.6173</lon>
                    <date>2013-07-11T12:14:44+02:00</date>
                    <speedMph>272</speedMph>
                    <altitudeFt>4030</altitudeFt>
                </position>
                <position>
                    <lat>50.8607</lat>
                    <lon>4.6165</lon>
                    <date>2013-07-11T12:14:39+02:00</date>
                    <speedMph>260</speedMph>
                    <altitudeFt>3930</altitudeFt>
                </position>
                <position>
                    <lat>50.8718</lat>
                    <lon>4.6156</lon>
                    <date>2013-07-11T12:14:29+02:00</date>
                    <speedMph>244</speedMph>
                    <altitudeFt>3780</altitudeFt>
                </position>
                <position>
                    <lat>50.8802</lat>
                    <lon>4.6146</lon>
                    <date>2013-07-11T12:14:24+02:00</date>
                    <speedMph>232</speedMph>
                    <altitudeFt>3680</altitudeFt>
                </position>
                <position>
                    <lat>50.8847</lat>
                    <lon>4.6141</lon>
                    <date>2013-07-11T12:14:19+02:00</date>
                    <speedMph>224</speedMph>
                    <altitudeFt>3650</altitudeFt>
                </position>
                <position>
                    <lat>50.8887</lat>
                    <lon>4.6133</lon>
                    <date>2013-07-11T12:14:14+02:00</date>
                    <speedMph>216</speedMph>
                    <altitudeFt>3600</altitudeFt>
                </position>
                <position>
                    <lat>50.8933</lat>
                    <lon>4.6122</lon>
                    <date>2013-07-11T12:14:09+02:00</date>
                    <speedMph>208</speedMph>
                    <altitudeFt>3550</altitudeFt>
                </position>
                <position>
                    <lat>50.8967</lat>
                    <lon>4.6111</lon>
                    <date>2013-07-11T12:14:04+02:00</date>
                    <speedMph>204</speedMph>
                    <altitudeFt>3500</altitudeFt>
                </position>
                <position>
                    <lat>50.9028</lat>
                    <lon>4.6082</lon>
                    <date>2013-07-11T12:13:59+02:00</date>
                    <speedMph>192</speedMph>
                    <altitudeFt>3380</altitudeFt>
                </position>
                <position>
                    <lat>50.9058</lat>
                    <lon>4.6062</lon>
                    <date>2013-07-11T12:13:54+02:00</date>
                    <speedMph>188</speedMph>
                    <altitudeFt>3350</altitudeFt>
                </position>
                <position>
                    <lat>50.916</lat>
                    <lon>4.5849</lon>
                    <date>2013-07-11T12:13:34+02:00</date>
                    <speedMph>152</speedMph>
                    <altitudeFt>3030</altitudeFt>
                </position>
                <position>
                    <lat>50.9153</lat>
                    <lon>4.5751</lon>
                    <date>2013-07-11T12:13:24+02:00</date>
                    <speedMph>148</speedMph>
                    <altitudeFt>2780</altitudeFt>
                </position>
                <position>
                    <lat>50.9124</lat>
                    <lon>4.5653</lon>
                    <date>2013-07-11T12:13:14+02:00</date>
                    <speedMph>148</speedMph>
                    <altitudeFt>2480</altitudeFt>
                </position>
                <position>
                    <lat>50.9105</lat>
                    <lon>4.5598</lon>
                    <date>2013-07-11T12:13:09+02:00</date>
                    <speedMph>144</speedMph>
                    <altitudeFt>2330</altitudeFt>
                </position>
                <position>
                    <lat>50.9087</lat>
                    <lon>4.5542</lon>
                    <date>2013-07-11T12:13:04+02:00</date>
                    <speedMph>144</speedMph>
                    <altitudeFt>2150</altitudeFt>
                </position>
                <position>
                    <lat>50.906</lat>
                    <lon>4.5461</lon>
                    <date>2013-07-11T12:12:59+02:00</date>
                    <speedMph>144</speedMph>
                    <altitudeFt>1880</altitudeFt>
                </position>
                <position>
                    <lat>50.9046</lat>
                    <lon>4.5419</lon>
                    <date>2013-07-11T12:12:49+02:00</date>
                    <speedMph>144</speedMph>
                    <altitudeFt>1700</altitudeFt>
                </position>
                <position>
                    <lat>50.9034</lat>
                    <lon>4.5379</lon>
                    <date>2013-07-11T12:12:44+02:00</date>
                    <speedMph>144</speedMph>
                    <altitudeFt>1530</altitudeFt>
                </position>
                <position>
                    <lat>50.9016</lat>
                    <lon>4.5323</lon>
                    <date>2013-07-11T12:12:39+02:00</date>
                    <speedMph>148</speedMph>
                    <altitudeFt>1230</altitudeFt>
                </position>
                <position>
                    <lat>50.9006</lat>
                    <lon>4.5292</lon>
                    <date>2013-07-11T12:12:34+02:00</date>
                    <speedMph>148</speedMph>
                    <altitudeFt>1050</altitudeFt>
                </position>
                <position>
                    <lat>50.8981</lat>
                    <lon>4.519</lon>
                    <date>2013-07-11T12:12:24+02:00</date>
                    <speedMph>152</speedMph>
                    <altitudeFt>550</altitudeFt>
                </position>
                <position>
                    <lat>50.8954</lat>
                    <lon>4.508</lon>
                    <date>2013-07-11T12:12:14+02:00</date>
                    <speedMph>20</speedMph>
                    <altitudeFt>30</altitudeFt>
                </position>
                <position>
                    <lat>50.89</lat>
                    <lon>4.4848</lon>
                    <date>2013-07-11T12:11:59+02:00</date>
                    <speedMph>20</speedMph>
                    <altitudeFt>0</altitudeFt>
                </position>
                <position>
                    <lat>50.8899</lat>
                    <lon>4.4843</lon>
                    <date>2013-07-11T12:11:54+02:00</date>
                    <speedMph>16</speedMph>
                    <altitudeFt>0</altitudeFt>
                </position>
                <position>
                    <lat>50.8893</lat>
                    <lon>4.4813</lon>
                    <date>2013-07-11T12:11:44+02:00</date>
                    <speedMph>8</speedMph>
                    <altitudeFt>0</altitudeFt>
                </position>
                <position>
                    <lat>50.8893</lat>
                    <lon>4.4811</lon>
                    <date>2013-07-11T12:10:58+02:00</date>
                    <speedMph>4</speedMph>
                    <altitudeFt>0</altitudeFt>
                </position>
                <position>
                    <lat>50.8893</lat>
                    <lon>4.4808</lon>
                    <date>2013-07-11T12:09:53+02:00</date>
                    <speedMph>4</speedMph>
                    <altitudeFt>0</altitudeFt>
                </position>
                <position>
                    <lat>50.8893</lat>
                    <lon>4.4806</lon>
                    <date>2013-07-11T12:09:48+02:00</date>
                    <speedMph>4</speedMph>
                    <altitudeFt>0</altitudeFt>
                </position>
                <position>
                    <lat>50.8894</lat>
                    <lon>4.4801</lon>
                    <date>2013-07-11T12:09:33+02:00</date>
                    <speedMph>8</speedMph>
                    <altitudeFt>0</altitudeFt>
                </position>
                <position>
                    <lat>50.8895</lat>
                    <lon>4.4794</lon>
                    <date>2013-07-11T12:09:28+02:00</date>
                    <speedMph>8</speedMph>
                    <altitudeFt>0</altitudeFt>
                </position>
                <position>
                    <lat>50.8896</lat>
                    <lon>4.4793</lon>
                    <date>2013-07-11T12:09:23+02:00</date>
                    <speedMph>8</speedMph>
                    <altitudeFt>0</altitudeFt>
                </position>
                <position>
                    <lat>50.8903</lat>
                    <lon>4.479</lon>
                    <date>2013-07-11T12:09:03+02:00</date>
                    <speedMph>8</speedMph>
                    <altitudeFt>0</altitudeFt>
                </position>
                <position>
                    <lat>50.8903</lat>
                    <lon>4.479</lon>
                    <date>2013-07-11T12:08:53+02:00</date>
                    <speedMph>8</speedMph>
                    <altitudeFt>0</altitudeFt>
                </position>
                <position>
                    <lat>50.8905</lat>
                    <lon>4.479</lon>
                    <date>2013-07-11T12:08:48+02:00</date>
                    <speedMph>8</speedMph>
                    <altitudeFt>0</altitudeFt>
                </position>
                <position>
                    <lat>50.8907</lat>
                    <lon>4.4793</lon>
                    <date>2013-07-11T12:08:43+02:00</date>
                    <speedMph>8</speedMph>
                    <altitudeFt>0</altitudeFt>
                </position>
                <position>
                    <lat>50.8908</lat>
                    <lon>4.4796</lon>
                    <date>2013-07-11T12:08:33+02:00</date>
                    <speedMph>4</speedMph>
                    <altitudeFt>0</altitudeFt>
                </position>
                <position>
                    <lat>50.8908</lat>
                    <lon>4.4798</lon>
                    <date>2013-07-11T12:07:53+02:00</date>
                    <speedMph>0</speedMph>
                    <altitudeFt>0</altitudeFt>
                </position>
                <position>
                    <lat>50.8908</lat>
                    <lon>4.4798</lon>
                    <date>2013-07-11T12:07:48+02:00</date>
                    <speedMph>4</speedMph>
                    <altitudeFt>0</altitudeFt>
                </position>
                <position>
                    <lat>50.8909</lat>
                    <lon>4.4799</lon>
                    <date>2013-07-11T12:07:43+02:00</date>
                    <speedMph>4</speedMph>
                    <altitudeFt>0</altitudeFt>
                </position>
                <position>
                    <lat>50.8909</lat>
                    <lon>4.48</lon>
                    <date>2013-07-11T12:07:33+02:00</date>
                    <speedMph>4</speedMph>
                    <altitudeFt>0</altitudeFt>
                </position>
                <position>
                    <lat>50.8909</lat>
                    <lon>4.4803</lon>
                    <date>2013-07-11T12:07:28+02:00</date>
                    <speedMph>8</speedMph>
                    <altitudeFt>0</altitudeFt>
                </position>
                <position>
                    <lat>50.891</lat>
                    <lon>4.4806</lon>
                    <date>2013-07-11T12:07:23+02:00</date>
                    <speedMph>12</speedMph>
                    <altitudeFt>0</altitudeFt>
                </position>
                <position>
                    <lat>50.8912</lat>
                    <lon>4.4813</lon>
                    <date>2013-07-11T12:07:13+02:00</date>
                    <speedMph>12</speedMph>
                    <altitudeFt>0</altitudeFt>
                </position>
                <position>
                    <lat>50.8913</lat>
                    <lon>4.4818</lon>
                    <date>2013-07-11T12:07:03+02:00</date>
                    <speedMph>12</speedMph>
                    <altitudeFt>0</altitudeFt>
                </position>
                <position>
                    <lat>50.8916</lat>
                    <lon>4.4831</lon>
                    <date>2013-07-11T12:06:58+02:00</date>
                    <speedMph>16</speedMph>
                    <altitudeFt>0</altitudeFt>
                </position>
                <position>
                    <lat>50.8916</lat>
                    <lon>4.4833</lon>
                    <date>2013-07-11T12:06:53+02:00</date>
                    <speedMph>16</speedMph>
                    <altitudeFt>0</altitudeFt>
                </position>
                <position>
                    <lat>50.8918</lat>
                    <lon>4.4838</lon>
                    <date>2013-07-11T12:06:48+02:00</date>
                    <speedMph>16</speedMph>
                    <altitudeFt>0</altitudeFt>
                </position>
                <position>
                    <lat>50.8919</lat>
                    <lon>4.4843</lon>
                    <date>2013-07-11T12:06:43+02:00</date>
                    <speedMph>16</speedMph>
                    <altitudeFt>0</altitudeFt>
                </position>
                <position>
                    <lat>50.892</lat>
                    <lon>4.4849</lon>
                    <date>2013-07-11T12:06:38+02:00</date>
                    <speedMph>16</speedMph>
                    <altitudeFt>0</altitudeFt>
                </position>
                <position>
                    <lat>50.8922</lat>
                    <lon>4.4857</lon>
                    <date>2013-07-11T12:06:28+02:00</date>
                    <speedMph>16</speedMph>
                    <altitudeFt>0</altitudeFt>
                </position>
                <position>
                    <lat>50.8922</lat>
                    <lon>4.4859</lon>
                    <date>2013-07-11T12:06:23+02:00</date>
                    <speedMph>16</speedMph>
                    <altitudeFt>0</altitudeFt>
                </position>
                <position>
                    <lat>50.8926</lat>
                    <lon>4.4873</lon>
                    <date>2013-07-11T12:06:18+02:00</date>
                    <speedMph>16</speedMph>
                    <altitudeFt>0</altitudeFt>
                </position>
                <position>
                    <lat>50.8929</lat>
                    <lon>4.4888</lon>
                    <date>2013-07-11T12:06:08+02:00</date>
                    <speedMph>12</speedMph>
                    <altitudeFt>0</altitudeFt>
                </position>
                <position>
                    <lat>50.8929</lat>
                    <lon>4.4889</lon>
                    <date>2013-07-11T12:06:03+02:00</date>
                    <speedMph>12</speedMph>
                    <altitudeFt>0</altitudeFt>
                </position>
                <position>
                    <lat>50.8933</lat>
                    <lon>4.4896</lon>
                    <date>2013-07-11T12:05:58+02:00</date>
                    <speedMph>16</speedMph>
                    <altitudeFt>0</altitudeFt>
                </position>
                <position>
                    <lat>50.8939</lat>
                    <lon>4.49</lon>
                    <date>2013-07-11T12:05:48+02:00</date>
                    <speedMph>16</speedMph>
                    <altitudeFt>0</altitudeFt>
                </position>
                <position>
                    <lat>50.8943</lat>
                    <lon>4.4901</lon>
                    <date>2013-07-11T12:05:43+02:00</date>
                    <speedMph>16</speedMph>
                    <altitudeFt>0</altitudeFt>
                </position>
                <position>
                    <lat>50.8948</lat>
                    <lon>4.4903</lon>
                    <date>2013-07-11T12:05:28+02:00</date>
                    <speedMph>16</speedMph>
                    <altitudeFt>0</altitudeFt>
                </position>
                <position>
                    <lat>50.896</lat>
                    <lon>4.4908</lon>
                    <date>2013-07-11T12:05:18+02:00</date>
                    <speedMph>16</speedMph>
                    <altitudeFt>0</altitudeFt>
                </position>
                <position>
                    <lat>50.8962</lat>
                    <lon>4.4911</lon>
                    <date>2013-07-11T12:05:08+02:00</date>
                    <speedMph>20</speedMph>
                    <altitudeFt>0</altitudeFt>
                </position>
                <position>
                    <lat>50.897</lat>
                    <lon>4.4916</lon>
                    <date>2013-07-11T12:05:03+02:00</date>
                    <speedMph>20</speedMph>
                    <altitudeFt>0</altitudeFt>
                </position>
                <position>
                    <lat>50.8974</lat>
                    <lon>4.4918</lon>
                    <date>2013-07-11T12:04:58+02:00</date>
                    <speedMph>16</speedMph>
                    <altitudeFt>0</altitudeFt>
                </position>
                <position>
                    <lat>50.8991</lat>
                    <lon>4.4925</lon>
                    <date>2013-07-11T12:04:38+02:00</date>
                    <speedMph>16</speedMph>
                    <altitudeFt>0</altitudeFt>
                </position>
                <position>
                    <lat>50.8996</lat>
                    <lon>4.4927</lon>
                    <date>2013-07-11T12:04:28+02:00</date>
                    <speedMph>16</speedMph>
                    <altitudeFt>0</altitudeFt>
                </position>
                <position>
                    <lat>50.9003</lat>
                    <lon>4.493</lon>
                    <date>2013-07-11T12:04:23+02:00</date>
                    <speedMph>16</speedMph>
                    <altitudeFt>0</altitudeFt>
                </position>
                <position>
                    <lat>50.9005</lat>
                    <lon>4.4931</lon>
                    <date>2013-07-11T12:04:18+02:00</date>
                    <speedMph>16</speedMph>
                    <altitudeFt>0</altitudeFt>
                </position>
            </positions>
        </flightTrack>
    </flightTracks>
</flightstatslog>
