<?xml version="1.0" encoding="UTF-8" standalone="yes"?>
<flightstatslog>
    <appendix>
        <airports>
            <airport>
                <fs>IST</fs>
                <latitude>40.976922</latitude>
                <longitude>28.814606</longitude>
                <city>Istanbul</city>
            </airport>
            <airport>
                <fs>TXL</fs>
                <latitude>52.559686</latitude>
                <longitude>13.287711</longitude>
                <city>Berlin</city>
            </airport>
        </airports>
    </appendix>
    <flightTracks>
        <flightTrack>
            <flightId>4958611</flightId>
            <departureAirportFsCode>IST</departureAirportFsCode>
            <arrivalAirportFsCode>TXL</arrivalAirportFsCode>
            <positions>
                <position>
                    <lat>52.5552</lat>
                    <lon>13.2887</lon>
                    <date>2013-07-11T13:47:08+02:00</date>
                    <speedMph>0</speedMph>
                    <altitudeFt>0</altitudeFt>
                </position>
                <position>
                    <lat>52.5552</lat>
                    <lon>13.2887</lon>
                    <date>2013-07-11T13:46:53+02:00</date>
                    <speedMph>0</speedMph>
                    <altitudeFt>0</altitudeFt>
                </position>
                <position>
                    <lat>52.5553</lat>
                    <lon>13.2887</lon>
                    <date>2013-07-11T13:46:48+02:00</date>
                    <speedMph>0</speedMph>
                    <altitudeFt>0</altitudeFt>
                </position>
                <position>
                    <lat>52.5555</lat>
                    <lon>13.2885</lon>
                    <date>2013-07-11T13:46:28+02:00</date>
                    <speedMph>4</speedMph>
                    <altitudeFt>0</altitudeFt>
                </position>
                <position>
                    <lat>52.5556</lat>
                    <lon>13.2884</lon>
                    <date>2013-07-11T13:46:23+02:00</date>
                    <speedMph>4</speedMph>
                    <altitudeFt>0</altitudeFt>
                </position>
                <position>
                    <lat>52.5558</lat>
                    <lon>13.2882</lon>
                    <date>2013-07-11T13:46:13+02:00</date>
                    <speedMph>8</speedMph>
                    <altitudeFt>0</altitudeFt>
                </position>
                <position>
                    <lat>52.556</lat>
                    <lon>13.288</lon>
                    <date>2013-07-11T13:46:03+02:00</date>
                    <speedMph>8</speedMph>
                    <altitudeFt>0</altitudeFt>
                </position>
                <position>
                    <lat>52.5562</lat>
                    <lon>13.2878</lon>
                    <date>2013-07-11T13:45:53+02:00</date>
                    <speedMph>8</speedMph>
                    <altitudeFt>0</altitudeFt>
                </position>
                <position>
                    <lat>52.5562</lat>
                    <lon>13.2877</lon>
                    <date>2013-07-11T13:45:48+02:00</date>
                    <speedMph>8</speedMph>
                    <altitudeFt>0</altitudeFt>
                </position>
                <position>
                    <lat>52.556</lat>
                    <lon>13.2849</lon>
                    <date>2013-07-11T13:45:28+02:00</date>
                    <speedMph>16</speedMph>
                    <altitudeFt>0</altitudeFt>
                </position>
                <position>
                    <lat>52.5553</lat>
                    <lon>13.2782</lon>
                    <date>2013-07-11T13:44:33+02:00</date>
                    <speedMph>12</speedMph>
                    <altitudeFt>0</altitudeFt>
                </position>
                <position>
                    <lat>52.5553</lat>
                    <lon>13.2781</lon>
                    <date>2013-07-11T13:44:28+02:00</date>
                    <speedMph>12</speedMph>
                    <altitudeFt>0</altitudeFt>
                </position>
                <position>
                    <lat>52.5557</lat>
                    <lon>13.2756</lon>
                    <date>2013-07-11T13:43:48+02:00</date>
                    <speedMph>4</speedMph>
                    <altitudeFt>0</altitudeFt>
                </position>
                <position>
                    <lat>52.5559</lat>
                    <lon>13.2755</lon>
                    <date>2013-07-11T13:43:28+02:00</date>
                    <speedMph>0</speedMph>
                    <altitudeFt>0</altitudeFt>
                </position>
                <position>
                    <lat>52.5571</lat>
                    <lon>13.2758</lon>
                    <date>2013-07-11T13:43:08+02:00</date>
                    <speedMph>20</speedMph>
                    <altitudeFt>0</altitudeFt>
                </position>
                <position>
                    <lat>52.5574</lat>
                    <lon>13.2764</lon>
                    <date>2013-07-11T13:43:03+02:00</date>
                    <speedMph>24</speedMph>
                    <altitudeFt>0</altitudeFt>
                </position>
                <position>
                    <lat>52.558</lat>
                    <lon>13.2775</lon>
                    <date>2013-07-11T13:42:53+02:00</date>
                    <speedMph>32</speedMph>
                    <altitudeFt>0</altitudeFt>
                </position>
                <position>
                    <lat>52.5585</lat>
                    <lon>13.2786</lon>
                    <date>2013-07-11T13:42:48+02:00</date>
                    <speedMph>32</speedMph>
                    <altitudeFt>0</altitudeFt>
                </position>
                <position>
                    <lat>52.5589</lat>
                    <lon>13.28</lon>
                    <date>2013-07-11T13:42:43+02:00</date>
                    <speedMph>32</speedMph>
                    <altitudeFt>0</altitudeFt>
                </position>
                <position>
                    <lat>52.5595</lat>
                    <lon>13.2845</lon>
                    <date>2013-07-11T13:42:23+02:00</date>
                    <speedMph>40</speedMph>
                    <altitudeFt>0</altitudeFt>
                </position>
                <position>
                    <lat>52.5599</lat>
                    <lon>13.2892</lon>
                    <date>2013-07-11T13:42:13+02:00</date>
                    <speedMph>64</speedMph>
                    <altitudeFt>0</altitudeFt>
                </position>
                <position>
                    <lat>52.5605</lat>
                    <lon>13.2953</lon>
                    <date>2013-07-11T13:42:03+02:00</date>
                    <speedMph>100</speedMph>
                    <altitudeFt>0</altitudeFt>
                </position>
                <position>
                    <lat>52.5609</lat>
                    <lon>13.2993</lon>
                    <date>2013-07-11T13:41:58+02:00</date>
                    <speedMph>120</speedMph>
                    <altitudeFt>0</altitudeFt>
                </position>
                <position>
                    <lat>52.5613</lat>
                    <lon>13.3038</lon>
                    <date>2013-07-11T13:41:48+02:00</date>
                    <speedMph>128</speedMph>
                    <altitudeFt>0</altitudeFt>
                </position>
                <position>
                    <lat>52.5621</lat>
                    <lon>13.3109</lon>
                    <date>2013-07-11T13:41:43+02:00</date>
                    <speedMph>124</speedMph>
                    <altitudeFt>30</altitudeFt>
                </position>
                <position>
                    <lat>52.5623</lat>
                    <lon>13.3137</lon>
                    <date>2013-07-11T13:41:33+02:00</date>
                    <speedMph>124</speedMph>
                    <altitudeFt>80</altitudeFt>
                </position>
                <position>
                    <lat>52.5634</lat>
                    <lon>13.3237</lon>
                    <date>2013-07-11T13:41:28+02:00</date>
                    <speedMph>124</speedMph>
                    <altitudeFt>200</altitudeFt>
                </position>
                <position>
                    <lat>52.5639</lat>
                    <lon>13.329</lon>
                    <date>2013-07-11T13:41:23+02:00</date>
                    <speedMph>128</speedMph>
                    <altitudeFt>280</altitudeFt>
                </position>
                <position>
                    <lat>52.5644</lat>
                    <lon>13.3337</lon>
                    <date>2013-07-11T13:41:18+02:00</date>
                    <speedMph>128</speedMph>
                    <altitudeFt>330</altitudeFt>
                </position>
                <position>
                    <lat>52.5647</lat>
                    <lon>13.3367</lon>
                    <date>2013-07-11T13:41:13+02:00</date>
                    <speedMph>128</speedMph>
                    <altitudeFt>350</altitudeFt>
                </position>
                <position>
                    <lat>52.5652</lat>
                    <lon>13.3426</lon>
                    <date>2013-07-11T13:41:03+02:00</date>
                    <speedMph>124</speedMph>
                    <altitudeFt>430</altitudeFt>
                </position>
                <position>
                    <lat>52.5661</lat>
                    <lon>13.3518</lon>
                    <date>2013-07-11T13:40:58+02:00</date>
                    <speedMph>124</speedMph>
                    <altitudeFt>530</altitudeFt>
                </position>
                <position>
                    <lat>52.5665</lat>
                    <lon>13.3561</lon>
                    <date>2013-07-11T13:40:53+02:00</date>
                    <speedMph>120</speedMph>
                    <altitudeFt>580</altitudeFt>
                </position>
                <position>
                    <lat>52.5669</lat>
                    <lon>13.3604</lon>
                    <date>2013-07-11T13:40:48+02:00</date>
                    <speedMph>120</speedMph>
                    <altitudeFt>650</altitudeFt>
                </position>
                <position>
                    <lat>52.5674</lat>
                    <lon>13.366</lon>
                    <date>2013-07-11T13:40:38+02:00</date>
                    <speedMph>124</speedMph>
                    <altitudeFt>700</altitudeFt>
                </position>
                <position>
                    <lat>52.5683</lat>
                    <lon>13.3748</lon>
                    <date>2013-07-11T13:40:33+02:00</date>
                    <speedMph>128</speedMph>
                    <altitudeFt>800</altitudeFt>
                </position>
                <position>
                    <lat>52.5687</lat>
                    <lon>13.3791</lon>
                    <date>2013-07-11T13:40:23+02:00</date>
                    <speedMph>124</speedMph>
                    <altitudeFt>880</altitudeFt>
                </position>
                <position>
                    <lat>52.5701</lat>
                    <lon>13.3941</lon>
                    <date>2013-07-11T13:40:13+02:00</date>
                    <speedMph>128</speedMph>
                    <altitudeFt>1030</altitudeFt>
                </position>
                <position>
                    <lat>52.5706</lat>
                    <lon>13.3992</lon>
                    <date>2013-07-11T13:40:03+02:00</date>
                    <speedMph>136</speedMph>
                    <altitudeFt>1080</altitudeFt>
                </position>
                <position>
                    <lat>52.5709</lat>
                    <lon>13.4022</lon>
                    <date>2013-07-11T13:39:58+02:00</date>
                    <speedMph>140</speedMph>
                    <altitudeFt>1100</altitudeFt>
                </position>
                <position>
                    <lat>52.572</lat>
                    <lon>13.4136</lon>
                    <date>2013-07-11T13:39:53+02:00</date>
                    <speedMph>148</speedMph>
                    <altitudeFt>1250</altitudeFt>
                </position>
                <position>
                    <lat>52.5728</lat>
                    <lon>13.4219</lon>
                    <date>2013-07-11T13:39:48+02:00</date>
                    <speedMph>160</speedMph>
                    <altitudeFt>1380</altitudeFt>
                </position>
                <position>
                    <lat>52.5733</lat>
                    <lon>13.4272</lon>
                    <date>2013-07-11T13:39:43+02:00</date>
                    <speedMph>164</speedMph>
                    <altitudeFt>1430</altitudeFt>
                </position>
                <position>
                    <lat>52.5737</lat>
                    <lon>13.4307</lon>
                    <date>2013-07-11T13:39:38+02:00</date>
                    <speedMph>168</speedMph>
                    <altitudeFt>1450</altitudeFt>
                </position>
                <position>
                    <lat>52.5744</lat>
                    <lon>13.4381</lon>
                    <date>2013-07-11T13:39:33+02:00</date>
                    <speedMph>172</speedMph>
                    <altitudeFt>1530</altitudeFt>
                </position>
                <position>
                    <lat>52.575</lat>
                    <lon>13.4439</lon>
                    <date>2013-07-11T13:39:28+02:00</date>
                    <speedMph>176</speedMph>
                    <altitudeFt>1600</altitudeFt>
                </position>
                <position>
                    <lat>52.5757</lat>
                    <lon>13.4511</lon>
                    <date>2013-07-11T13:39:18+02:00</date>
                    <speedMph>176</speedMph>
                    <altitudeFt>1650</altitudeFt>
                </position>
                <position>
                    <lat>52.577</lat>
                    <lon>13.4639</lon>
                    <date>2013-07-11T13:39:13+02:00</date>
                    <speedMph>180</speedMph>
                    <altitudeFt>1850</altitudeFt>
                </position>
                <position>
                    <lat>52.5777</lat>
                    <lon>13.4712</lon>
                    <date>2013-07-11T13:39:03+02:00</date>
                    <speedMph>176</speedMph>
                    <altitudeFt>1950</altitudeFt>
                </position>
                <position>
                    <lat>52.5784</lat>
                    <lon>13.478</lon>
                    <date>2013-07-11T13:38:58+02:00</date>
                    <speedMph>180</speedMph>
                    <altitudeFt>2050</altitudeFt>
                </position>
                <position>
                    <lat>52.5796</lat>
                    <lon>13.4906</lon>
                    <date>2013-07-11T13:38:53+02:00</date>
                    <speedMph>180</speedMph>
                    <altitudeFt>2180</altitudeFt>
                </position>
                <position>
                    <lat>52.5801</lat>
                    <lon>13.4968</lon>
                    <date>2013-07-11T13:38:48+02:00</date>
                    <speedMph>184</speedMph>
                    <altitudeFt>2250</altitudeFt>
                </position>
                <position>
                    <lat>52.5806</lat>
                    <lon>13.5044</lon>
                    <date>2013-07-11T13:38:38+02:00</date>
                    <speedMph>180</speedMph>
                    <altitudeFt>2330</altitudeFt>
                </position>
                <position>
                    <lat>52.5818</lat>
                    <lon>13.5311</lon>
                    <date>2013-07-11T13:38:18+02:00</date>
                    <speedMph>180</speedMph>
                    <altitudeFt>2450</altitudeFt>
                </position>
                <position>
                    <lat>52.5812</lat>
                    <lon>13.5461</lon>
                    <date>2013-07-11T13:38:13+02:00</date>
                    <speedMph>176</speedMph>
                    <altitudeFt>2550</altitudeFt>
                </position>
                <position>
                    <lat>52.5801</lat>
                    <lon>13.5522</lon>
                    <date>2013-07-11T13:38:03+02:00</date>
                    <speedMph>176</speedMph>
                    <altitudeFt>2600</altitudeFt>
                </position>
                <position>
                    <lat>52.5775</lat>
                    <lon>13.5647</lon>
                    <date>2013-07-11T13:37:58+02:00</date>
                    <speedMph>176</speedMph>
                    <altitudeFt>2700</altitudeFt>
                </position>
                <position>
                    <lat>52.5763</lat>
                    <lon>13.5709</lon>
                    <date>2013-07-11T13:37:53+02:00</date>
                    <speedMph>176</speedMph>
                    <altitudeFt>2750</altitudeFt>
                </position>
                <position>
                    <lat>52.5748</lat>
                    <lon>13.578</lon>
                    <date>2013-07-11T13:37:48+02:00</date>
                    <speedMph>180</speedMph>
                    <altitudeFt>2800</altitudeFt>
                </position>
                <position>
                    <lat>52.5737</lat>
                    <lon>13.5835</lon>
                    <date>2013-07-11T13:37:38+02:00</date>
                    <speedMph>180</speedMph>
                    <altitudeFt>2850</altitudeFt>
                </position>
                <position>
                    <lat>52.5724</lat>
                    <lon>13.5896</lon>
                    <date>2013-07-11T13:37:33+02:00</date>
                    <speedMph>180</speedMph>
                    <altitudeFt>2900</altitudeFt>
                </position>
                <position>
                    <lat>52.5695</lat>
                    <lon>13.6038</lon>
                    <date>2013-07-11T13:37:28+02:00</date>
                    <speedMph>188</speedMph>
                    <altitudeFt>2880</altitudeFt>
                </position>
                <position>
                    <lat>52.568</lat>
                    <lon>13.6108</lon>
                    <date>2013-07-11T13:37:23+02:00</date>
                    <speedMph>196</speedMph>
                    <altitudeFt>2880</altitudeFt>
                </position>
                <position>
                    <lat>52.5665</lat>
                    <lon>13.6183</lon>
                    <date>2013-07-11T13:37:18+02:00</date>
                    <speedMph>200</speedMph>
                    <altitudeFt>2900</altitudeFt>
                </position>
                <position>
                    <lat>52.5653</lat>
                    <lon>13.6241</lon>
                    <date>2013-07-11T13:37:13+02:00</date>
                    <speedMph>204</speedMph>
                    <altitudeFt>2900</altitudeFt>
                </position>
                <position>
                    <lat>52.5637</lat>
                    <lon>13.6316</lon>
                    <date>2013-07-11T13:37:08+02:00</date>
                    <speedMph>208</speedMph>
                    <altitudeFt>2930</altitudeFt>
                </position>
                <position>
                    <lat>52.5617</lat>
                    <lon>13.6396</lon>
                    <date>2013-07-11T13:37:03+02:00</date>
                    <speedMph>208</speedMph>
                    <altitudeFt>2950</altitudeFt>
                </position>
                <position>
                    <lat>52.5592</lat>
                    <lon>13.6466</lon>
                    <date>2013-07-11T13:36:53+02:00</date>
                    <speedMph>212</speedMph>
                    <altitudeFt>3030</altitudeFt>
                </position>
                <position>
                    <lat>52.552</lat>
                    <lon>13.6568</lon>
                    <date>2013-07-11T13:36:48+02:00</date>
                    <speedMph>204</speedMph>
                    <altitudeFt>3230</altitudeFt>
                </position>
                <position>
                    <lat>52.5473</lat>
                    <lon>13.661</lon>
                    <date>2013-07-11T13:36:38+02:00</date>
                    <speedMph>204</speedMph>
                    <altitudeFt>3300</altitudeFt>
                </position>
                <position>
                    <lat>52.5386</lat>
                    <lon>13.6686</lon>
                    <date>2013-07-11T13:36:33+02:00</date>
                    <speedMph>208</speedMph>
                    <altitudeFt>3480</altitudeFt>
                </position>
                <position>
                    <lat>52.5357</lat>
                    <lon>13.6712</lon>
                    <date>2013-07-11T13:36:28+02:00</date>
                    <speedMph>208</speedMph>
                    <altitudeFt>3550</altitudeFt>
                </position>
                <position>
                    <lat>52.531</lat>
                    <lon>13.6751</lon>
                    <date>2013-07-11T13:36:23+02:00</date>
                    <speedMph>216</speedMph>
                    <altitudeFt>3630</altitudeFt>
                </position>
                <position>
                    <lat>52.5261</lat>
                    <lon>13.6792</lon>
                    <date>2013-07-11T13:36:18+02:00</date>
                    <speedMph>216</speedMph>
                    <altitudeFt>3730</altitudeFt>
                </position>
                <position>
                    <lat>52.5212</lat>
                    <lon>13.6832</lon>
                    <date>2013-07-11T13:36:13+02:00</date>
                    <speedMph>220</speedMph>
                    <altitudeFt>3800</altitudeFt>
                </position>
                <position>
                    <lat>52.5168</lat>
                    <lon>13.6868</lon>
                    <date>2013-07-11T13:36:08+02:00</date>
                    <speedMph>220</speedMph>
                    <altitudeFt>3880</altitudeFt>
                </position>
                <position>
                    <lat>52.5125</lat>
                    <lon>13.6902</lon>
                    <date>2013-07-11T13:36:03+02:00</date>
                    <speedMph>220</speedMph>
                    <altitudeFt>3950</altitudeFt>
                </position>
                <position>
                    <lat>52.5031</lat>
                    <lon>13.6981</lon>
                    <date>2013-07-11T13:35:53+02:00</date>
                    <speedMph>220</speedMph>
                    <altitudeFt>4130</altitudeFt>
                </position>
                <position>
                    <lat>52.4988</lat>
                    <lon>13.7018</lon>
                    <date>2013-07-11T13:35:48+02:00</date>
                    <speedMph>220</speedMph>
                    <altitudeFt>4230</altitudeFt>
                </position>
                <position>
                    <lat>52.4932</lat>
                    <lon>13.7067</lon>
                    <date>2013-07-11T13:35:43+02:00</date>
                    <speedMph>220</speedMph>
                    <altitudeFt>4300</altitudeFt>
                </position>
                <position>
                    <lat>52.4899</lat>
                    <lon>13.7097</lon>
                    <date>2013-07-11T13:35:33+02:00</date>
                    <speedMph>220</speedMph>
                    <altitudeFt>4400</altitudeFt>
                </position>
                <position>
                    <lat>52.4854</lat>
                    <lon>13.7137</lon>
                    <date>2013-07-11T13:35:28+02:00</date>
                    <speedMph>220</speedMph>
                    <altitudeFt>4480</altitudeFt>
                </position>
                <position>
                    <lat>52.476</lat>
                    <lon>13.7219</lon>
                    <date>2013-07-11T13:35:23+02:00</date>
                    <speedMph>220</speedMph>
                    <altitudeFt>4650</altitudeFt>
                </position>
                <position>
                    <lat>52.4717</lat>
                    <lon>13.7257</lon>
                    <date>2013-07-11T13:35:18+02:00</date>
                    <speedMph>220</speedMph>
                    <altitudeFt>4730</altitudeFt>
                </position>
                <position>
                    <lat>52.4637</lat>
                    <lon>13.7329</lon>
                    <date>2013-07-11T13:35:08+02:00</date>
                    <speedMph>208</speedMph>
                    <altitudeFt>4880</altitudeFt>
                </position>
                <position>
                    <lat>52.459</lat>
                    <lon>13.737</lon>
                    <date>2013-07-11T13:35:03+02:00</date>
                    <speedMph>208</speedMph>
                    <altitudeFt>4950</altitudeFt>
                </position>
                <position>
                    <lat>52.4544</lat>
                    <lon>13.7411</lon>
                    <date>2013-07-11T13:34:58+02:00</date>
                    <speedMph>216</speedMph>
                    <altitudeFt>5050</altitudeFt>
                </position>
                <position>
                    <lat>52.4501</lat>
                    <lon>13.745</lon>
                    <date>2013-07-11T13:34:48+02:00</date>
                    <speedMph>216</speedMph>
                    <altitudeFt>5130</altitudeFt>
                </position>
                <position>
                    <lat>52.4365</lat>
                    <lon>13.7569</lon>
                    <date>2013-07-11T13:34:38+02:00</date>
                    <speedMph>220</speedMph>
                    <altitudeFt>5380</altitudeFt>
                </position>
                <position>
                    <lat>52.4276</lat>
                    <lon>13.7646</lon>
                    <date>2013-07-11T13:34:28+02:00</date>
                    <speedMph>220</speedMph>
                    <altitudeFt>5600</altitudeFt>
                </position>
                <position>
                    <lat>52.4182</lat>
                    <lon>13.7722</lon>
                    <date>2013-07-11T13:34:18+02:00</date>
                    <speedMph>212</speedMph>
                    <altitudeFt>5800</altitudeFt>
                </position>
                <position>
                    <lat>52.4136</lat>
                    <lon>13.775</lon>
                    <date>2013-07-11T13:34:08+02:00</date>
                    <speedMph>220</speedMph>
                    <altitudeFt>5900</altitudeFt>
                </position>
                <position>
                    <lat>52.3994</lat>
                    <lon>13.7803</lon>
                    <date>2013-07-11T13:33:58+02:00</date>
                    <speedMph>216</speedMph>
                    <altitudeFt>6150</altitudeFt>
                </position>
                <position>
                    <lat>52.3887</lat>
                    <lon>13.784</lon>
                    <date>2013-07-11T13:33:48+02:00</date>
                    <speedMph>216</speedMph>
                    <altitudeFt>6330</altitudeFt>
                </position>
                <position>
                    <lat>52.3783</lat>
                    <lon>13.7876</lon>
                    <date>2013-07-11T13:33:38+02:00</date>
                    <speedMph>216</speedMph>
                    <altitudeFt>6530</altitudeFt>
                </position>
                <position>
                    <lat>52.3687</lat>
                    <lon>13.7909</lon>
                    <date>2013-07-11T13:33:28+02:00</date>
                    <speedMph>216</speedMph>
                    <altitudeFt>6730</altitudeFt>
                </position>
                <position>
                    <lat>52.3576</lat>
                    <lon>13.7948</lon>
                    <date>2013-07-11T13:33:18+02:00</date>
                    <speedMph>220</speedMph>
                    <altitudeFt>6880</altitudeFt>
                </position>
                <position>
                    <lat>52.3481</lat>
                    <lon>13.7981</lon>
                    <date>2013-07-11T13:33:08+02:00</date>
                    <speedMph>228</speedMph>
                    <altitudeFt>7080</altitudeFt>
                </position>
                <position>
                    <lat>52.3428</lat>
                    <lon>13.8</lon>
                    <date>2013-07-11T13:32:58+02:00</date>
                    <speedMph>228</speedMph>
                    <altitudeFt>7180</altitudeFt>
                </position>
                <position>
                    <lat>52.3285</lat>
                    <lon>13.805</lon>
                    <date>2013-07-11T13:32:48+02:00</date>
                    <speedMph>232</speedMph>
                    <altitudeFt>7450</altitudeFt>
                </position>
                <position>
                    <lat>52.3176</lat>
                    <lon>13.8089</lon>
                    <date>2013-07-11T13:32:38+02:00</date>
                    <speedMph>228</speedMph>
                    <altitudeFt>7680</altitudeFt>
                </position>
                <position>
                    <lat>52.3077</lat>
                    <lon>13.8124</lon>
                    <date>2013-07-11T13:32:28+02:00</date>
                    <speedMph>228</speedMph>
                    <altitudeFt>7900</altitudeFt>
                </position>
                <position>
                    <lat>52.291</lat>
                    <lon>13.8183</lon>
                    <date>2013-07-11T13:32:18+02:00</date>
                    <speedMph>228</speedMph>
                    <altitudeFt>8230</altitudeFt>
                </position>
                <position>
                    <lat>52.2813</lat>
                    <lon>13.822</lon>
                    <date>2013-07-11T13:32:03+02:00</date>
                    <speedMph>224</speedMph>
                    <altitudeFt>8430</altitudeFt>
                </position>
                <position>
                    <lat>52.2691</lat>
                    <lon>13.8291</lon>
                    <date>2013-07-11T13:31:53+02:00</date>
                    <speedMph>224</speedMph>
                    <altitudeFt>8680</altitudeFt>
                </position>
                <position>
                    <lat>52.2602</lat>
                    <lon>13.8371</lon>
                    <date>2013-07-11T13:31:43+02:00</date>
                    <speedMph>228</speedMph>
                    <altitudeFt>8830</altitudeFt>
                </position>
                <position>
                    <lat>52.2527</lat>
                    <lon>13.8441</lon>
                    <date>2013-07-11T13:31:33+02:00</date>
                    <speedMph>228</speedMph>
                    <altitudeFt>9000</altitudeFt>
                </position>
                <position>
                    <lat>52.248</lat>
                    <lon>13.8486</lon>
                    <date>2013-07-11T13:31:23+02:00</date>
                    <speedMph>228</speedMph>
                    <altitudeFt>9100</altitudeFt>
                </position>
                <position>
                    <lat>52.2337</lat>
                    <lon>13.8618</lon>
                    <date>2013-07-11T13:31:13+02:00</date>
                    <speedMph>228</speedMph>
                    <altitudeFt>9400</altitudeFt>
                </position>
                <position>
                    <lat>52.2287</lat>
                    <lon>13.8666</lon>
                    <date>2013-07-11T13:31:03+02:00</date>
                    <speedMph>232</speedMph>
                    <altitudeFt>9500</altitudeFt>
                </position>
                <position>
                    <lat>52.2138</lat>
                    <lon>13.8808</lon>
                    <date>2013-07-11T13:30:53+02:00</date>
                    <speedMph>240</speedMph>
                    <altitudeFt>9800</altitudeFt>
                </position>
                <position>
                    <lat>52.1611</lat>
                    <lon>13.9303</lon>
                    <date>2013-07-11T13:30:23+02:00</date>
                    <speedMph>284</speedMph>
                    <altitudeFt>10300</altitudeFt>
                </position>
                <position>
                    <lat>52.1501</lat>
                    <lon>13.9406</lon>
                    <date>2013-07-11T13:29:52+02:00</date>
                    <speedMph>296</speedMph>
                    <altitudeFt>10380</altitudeFt>
                </position>
                <position>
                    <lat>52.1113</lat>
                    <lon>13.9764</lon>
                    <date>2013-07-11T13:29:22+02:00</date>
                    <speedMph>316</speedMph>
                    <altitudeFt>10950</altitudeFt>
                </position>
                <position>
                    <lat>52.0736</lat>
                    <lon>14.0098</lon>
                    <date>2013-07-11T13:28:52+02:00</date>
                    <speedMph>316</speedMph>
                    <altitudeFt>12030</altitudeFt>
                </position>
                <position>
                    <lat>52.0417</lat>
                    <lon>14.0382</lon>
                    <date>2013-07-11T13:28:22+02:00</date>
                    <speedMph>312</speedMph>
                    <altitudeFt>12830</altitudeFt>
                </position>
                <position>
                    <lat>51.9956</lat>
                    <lon>14.0794</lon>
                    <date>2013-07-11T13:27:52+02:00</date>
                    <speedMph>316</speedMph>
                    <altitudeFt>14080</altitudeFt>
                </position>
                <position>
                    <lat>51.9571</lat>
                    <lon>14.1145</lon>
                    <date>2013-07-11T13:27:22+02:00</date>
                    <speedMph>320</speedMph>
                    <altitudeFt>15080</altitudeFt>
                </position>
                <position>
                    <lat>51.8811</lat>
                    <lon>14.1829</lon>
                    <date>2013-07-11T13:26:22+02:00</date>
                    <speedMph>336</speedMph>
                    <altitudeFt>17050</altitudeFt>
                </position>
                <position>
                    <lat>51.7999</lat>
                    <lon>14.2563</lon>
                    <date>2013-07-11T13:25:22+02:00</date>
                    <speedMph>340</speedMph>
                    <altitudeFt>19380</altitudeFt>
                </position>
                <position>
                    <lat>51.7187</lat>
                    <lon>14.3295</lon>
                    <date>2013-07-11T13:24:22+02:00</date>
                    <speedMph>348</speedMph>
                    <altitudeFt>21480</altitudeFt>
                </position>
                <position>
                    <lat>51.634</lat>
                    <lon>14.4051</lon>
                    <date>2013-07-11T13:23:22+02:00</date>
                    <speedMph>356</speedMph>
                    <altitudeFt>23700</altitudeFt>
                </position>
                <position>
                    <lat>51.5296</lat>
                    <lon>14.5011</lon>
                    <date>2013-07-11T13:22:22+02:00</date>
                    <speedMph>372</speedMph>
                    <altitudeFt>26350</altitudeFt>
                </position>
                <position>
                    <lat>51.4434</lat>
                    <lon>14.5581</lon>
                    <date>2013-07-11T13:21:22+02:00</date>
                    <speedMph>388</speedMph>
                    <altitudeFt>28130</altitudeFt>
                </position>
                <position>
                    <lat>51.3489</lat>
                    <lon>14.5799</lon>
                    <date>2013-07-11T13:20:22+02:00</date>
                    <speedMph>396</speedMph>
                    <altitudeFt>30300</altitudeFt>
                </position>
                <position>
                    <lat>51.2371</lat>
                    <lon>14.6057</lon>
                    <date>2013-07-11T13:19:22+02:00</date>
                    <speedMph>416</speedMph>
                    <altitudeFt>32280</altitudeFt>
                </position>
                <position>
                    <lat>51.1127</lat>
                    <lon>14.6342</lon>
                    <date>2013-07-11T13:18:22+02:00</date>
                    <speedMph>424</speedMph>
                    <altitudeFt>34730</altitudeFt>
                </position>
                <position>
                    <lat>50.9937</lat>
                    <lon>14.6621</lon>
                    <date>2013-07-11T13:17:22+02:00</date>
                    <speedMph>428</speedMph>
                    <altitudeFt>35980</altitudeFt>
                </position>
                <position>
                    <lat>50.884</lat>
                    <lon>14.7208</lon>
                    <date>2013-07-11T13:16:22+02:00</date>
                    <speedMph>432</speedMph>
                    <altitudeFt>35980</altitudeFt>
                </position>
                <position>
                    <lat>50.7661</lat>
                    <lon>14.8965</lon>
                    <date>2013-07-11T13:15:22+02:00</date>
                    <speedMph>436</speedMph>
                    <altitudeFt>36000</altitudeFt>
                </position>
                <position>
                    <lat>50.6912</lat>
                    <lon>15.0137</lon>
                    <date>2013-07-11T13:14:07+02:00</date>
                    <speedMph>440</speedMph>
                    <altitudeFt>36030</altitudeFt>
                </position>
                <position>
                    <lat>50.6065</lat>
                    <lon>15.1461</lon>
                    <date>2013-07-11T13:13:07+02:00</date>
                    <speedMph>440</speedMph>
                    <altitudeFt>36030</altitudeFt>
                </position>
                <position>
                    <lat>50.5023</lat>
                    <lon>15.3041</lon>
                    <date>2013-07-11T13:12:07+02:00</date>
                    <speedMph>436</speedMph>
                    <altitudeFt>35980</altitudeFt>
                </position>
                <position>
                    <lat>50.4282</lat>
                    <lon>15.4202</lon>
                    <date>2013-07-11T13:11:04+02:00</date>
                    <speedMph>436</speedMph>
                    <altitudeFt>35980</altitudeFt>
                </position>
                <position>
                    <lat>50.3434</lat>
                    <lon>15.5506</lon>
                    <date>2013-07-11T13:10:04+02:00</date>
                    <speedMph>436</speedMph>
                    <altitudeFt>36030</altitudeFt>
                </position>
                <position>
                    <lat>50.2561</lat>
                    <lon>15.6833</lon>
                    <date>2013-07-11T13:09:04+02:00</date>
                    <speedMph>436</speedMph>
                    <altitudeFt>35980</altitudeFt>
                </position>
                <position>
                    <lat>50.1679</lat>
                    <lon>15.8169</lon>
                    <date>2013-07-11T13:08:04+02:00</date>
                    <speedMph>432</speedMph>
                    <altitudeFt>35950</altitudeFt>
                </position>
                <position>
                    <lat>50.0822</lat>
                    <lon>15.946</lon>
                    <date>2013-07-11T13:07:04+02:00</date>
                    <speedMph>432</speedMph>
                    <altitudeFt>35980</altitudeFt>
                </position>
                <position>
                    <lat>49.9995</lat>
                    <lon>16.0706</lon>
                    <date>2013-07-11T13:06:04+02:00</date>
                    <speedMph>436</speedMph>
                    <altitudeFt>36030</altitudeFt>
                </position>
                <position>
                    <lat>49.9113</lat>
                    <lon>16.2018</lon>
                    <date>2013-07-11T13:05:04+02:00</date>
                    <speedMph>440</speedMph>
                    <altitudeFt>36050</altitudeFt>
                </position>
                <position>
                    <lat>49.8215</lat>
                    <lon>16.3349</lon>
                    <date>2013-07-11T13:04:04+02:00</date>
                    <speedMph>444</speedMph>
                    <altitudeFt>36000</altitudeFt>
                </position>
                <position>
                    <lat>49.7335</lat>
                    <lon>16.4647</lon>
                    <date>2013-07-11T13:03:04+02:00</date>
                    <speedMph>440</speedMph>
                    <altitudeFt>35980</altitudeFt>
                </position>
                <position>
                    <lat>49.6435</lat>
                    <lon>16.5967</lon>
                    <date>2013-07-11T13:02:04+02:00</date>
                    <speedMph>436</speedMph>
                    <altitudeFt>35950</altitudeFt>
                </position>
                <position>
                    <lat>49.5306</lat>
                    <lon>16.7612</lon>
                    <date>2013-07-11T13:01:04+02:00</date>
                    <speedMph>432</speedMph>
                    <altitudeFt>35950</altitudeFt>
                </position>
                <position>
                    <lat>49.4656</lat>
                    <lon>16.8558</lon>
                    <date>2013-07-11T13:00:03+02:00</date>
                    <speedMph>436</speedMph>
                    <altitudeFt>36000</altitudeFt>
                </position>
                <position>
                    <lat>49.384</lat>
                    <lon>16.9735</lon>
                    <date>2013-07-11T12:59:03+02:00</date>
                    <speedMph>440</speedMph>
                    <altitudeFt>36050</altitudeFt>
                </position>
                <position>
                    <lat>49.2922</lat>
                    <lon>17.1051</lon>
                    <date>2013-07-11T12:58:03+02:00</date>
                    <speedMph>444</speedMph>
                    <altitudeFt>35980</altitudeFt>
                </position>
                <position>
                    <lat>49.2022</lat>
                    <lon>17.2343</lon>
                    <date>2013-07-11T12:57:03+02:00</date>
                    <speedMph>440</speedMph>
                    <altitudeFt>35980</altitudeFt>
                </position>
                <position>
                    <lat>49.109</lat>
                    <lon>17.3666</lon>
                    <date>2013-07-11T12:56:03+02:00</date>
                    <speedMph>440</speedMph>
                    <altitudeFt>35980</altitudeFt>
                </position>
                <position>
                    <lat>49.0267</lat>
                    <lon>17.483</lon>
                    <date>2013-07-11T12:55:03+02:00</date>
                    <speedMph>440</speedMph>
                    <altitudeFt>36030</altitudeFt>
                </position>
                <position>
                    <lat>48.9335</lat>
                    <lon>17.6154</lon>
                    <date>2013-07-11T12:54:03+02:00</date>
                    <speedMph>444</speedMph>
                    <altitudeFt>36030</altitudeFt>
                </position>
                <position>
                    <lat>48.8465</lat>
                    <lon>17.7455</lon>
                    <date>2013-07-11T12:53:03+02:00</date>
                    <speedMph>440</speedMph>
                    <altitudeFt>35980</altitudeFt>
                </position>
                <position>
                    <lat>48.7686</lat>
                    <lon>17.89</lon>
                    <date>2013-07-11T12:52:03+02:00</date>
                    <speedMph>432</speedMph>
                    <altitudeFt>35950</altitudeFt>
                </position>
                <position>
                    <lat>48.6864</lat>
                    <lon>18.0419</lon>
                    <date>2013-07-11T12:51:03+02:00</date>
                    <speedMph>428</speedMph>
                    <altitudeFt>35950</altitudeFt>
                </position>
                <position>
                    <lat>48.6161</lat>
                    <lon>18.1719</lon>
                    <date>2013-07-11T12:50:03+02:00</date>
                    <speedMph>428</speedMph>
                    <altitudeFt>36000</altitudeFt>
                </position>
                <position>
                    <lat>48.544</lat>
                    <lon>18.3036</lon>
                    <date>2013-07-11T12:49:03+02:00</date>
                    <speedMph>432</speedMph>
                    <altitudeFt>35980</altitudeFt>
                </position>
                <position>
                    <lat>48.4619</lat>
                    <lon>18.4528</lon>
                    <date>2013-07-11T12:48:03+02:00</date>
                    <speedMph>436</speedMph>
                    <altitudeFt>36000</altitudeFt>
                </position>
                <position>
                    <lat>48.3836</lat>
                    <lon>18.595</lon>
                    <date>2013-07-11T12:47:03+02:00</date>
                    <speedMph>432</speedMph>
                    <altitudeFt>36030</altitudeFt>
                </position>
                <position>
                    <lat>48.3089</lat>
                    <lon>18.7292</lon>
                    <date>2013-07-11T12:46:03+02:00</date>
                    <speedMph>440</speedMph>
                    <altitudeFt>36030</altitudeFt>
                </position>
                <position>
                    <lat>48.2335</lat>
                    <lon>18.8642</lon>
                    <date>2013-07-11T12:45:03+02:00</date>
                    <speedMph>436</speedMph>
                    <altitudeFt>36000</altitudeFt>
                </position>
                <position>
                    <lat>48.1549</lat>
                    <lon>19.0044</lon>
                    <date>2013-07-11T12:44:03+02:00</date>
                    <speedMph>432</speedMph>
                    <altitudeFt>35950</altitudeFt>
                </position>
                <position>
                    <lat>48.0788</lat>
                    <lon>19.139</lon>
                    <date>2013-07-11T12:43:03+02:00</date>
                    <speedMph>424</speedMph>
                    <altitudeFt>35930</altitudeFt>
                </position>
                <position>
                    <lat>48.0038</lat>
                    <lon>19.271</lon>
                    <date>2013-07-11T12:42:03+02:00</date>
                    <speedMph>420</speedMph>
                    <altitudeFt>35950</altitudeFt>
                </position>
                <position>
                    <lat>47.9287</lat>
                    <lon>19.4035</lon>
                    <date>2013-07-11T12:41:03+02:00</date>
                    <speedMph>424</speedMph>
                    <altitudeFt>36000</altitudeFt>
                </position>
                <position>
                    <lat>47.8439</lat>
                    <lon>19.5519</lon>
                    <date>2013-07-11T12:40:03+02:00</date>
                    <speedMph>428</speedMph>
                    <altitudeFt>36030</altitudeFt>
                </position>
                <position>
                    <lat>47.7709</lat>
                    <lon>19.6794</lon>
                    <date>2013-07-11T12:39:03+02:00</date>
                    <speedMph>428</speedMph>
                    <altitudeFt>36030</altitudeFt>
                </position>
                <position>
                    <lat>47.6998</lat>
                    <lon>19.8013</lon>
                    <date>2013-07-11T12:38:03+02:00</date>
                    <speedMph>428</speedMph>
                    <altitudeFt>36030</altitudeFt>
                </position>
                <position>
                    <lat>47.6155</lat>
                    <lon>19.9467</lon>
                    <date>2013-07-11T12:37:03+02:00</date>
                    <speedMph>424</speedMph>
                    <altitudeFt>35980</altitudeFt>
                </position>
                <position>
                    <lat>47.5397</lat>
                    <lon>20.0763</lon>
                    <date>2013-07-11T12:36:03+02:00</date>
                    <speedMph>420</speedMph>
                    <altitudeFt>35950</altitudeFt>
                </position>
                <position>
                    <lat>47.4703</lat>
                    <lon>20.1953</lon>
                    <date>2013-07-11T12:35:03+02:00</date>
                    <speedMph>420</speedMph>
                    <altitudeFt>35950</altitudeFt>
                </position>
                <position>
                    <lat>47.3876</lat>
                    <lon>20.3352</lon>
                    <date>2013-07-11T12:34:03+02:00</date>
                    <speedMph>420</speedMph>
                    <altitudeFt>36000</altitudeFt>
                </position>
                <position>
                    <lat>47.3092</lat>
                    <lon>20.4672</lon>
                    <date>2013-07-11T12:33:03+02:00</date>
                    <speedMph>420</speedMph>
                    <altitudeFt>36030</altitudeFt>
                </position>
                <position>
                    <lat>47.233</lat>
                    <lon>20.5954</lon>
                    <date>2013-07-11T12:32:03+02:00</date>
                    <speedMph>420</speedMph>
                    <altitudeFt>36030</altitudeFt>
                </position>
                <position>
                    <lat>47.1568</lat>
                    <lon>20.7234</lon>
                    <date>2013-07-11T12:31:03+02:00</date>
                    <speedMph>420</speedMph>
                    <altitudeFt>36000</altitudeFt>
                </position>
                <position>
                    <lat>47.0766</lat>
                    <lon>20.8563</lon>
                    <date>2013-07-11T12:29:59+02:00</date>
                    <speedMph>420</speedMph>
                    <altitudeFt>36000</altitudeFt>
                </position>
                <position>
                    <lat>46.9994</lat>
                    <lon>20.9839</lon>
                    <date>2013-07-11T12:28:59+02:00</date>
                    <speedMph>420</speedMph>
                    <altitudeFt>36000</altitudeFt>
                </position>
                <position>
                    <lat>46.9216</lat>
                    <lon>21.1124</lon>
                    <date>2013-07-11T12:27:59+02:00</date>
                    <speedMph>420</speedMph>
                    <altitudeFt>36000</altitudeFt>
                </position>
                <position>
                    <lat>46.8415</lat>
                    <lon>21.2435</lon>
                    <date>2013-07-11T12:26:59+02:00</date>
                    <speedMph>420</speedMph>
                    <altitudeFt>36030</altitudeFt>
                </position>
                <position>
                    <lat>46.7613</lat>
                    <lon>21.3716</lon>
                    <date>2013-07-11T12:25:59+02:00</date>
                    <speedMph>428</speedMph>
                    <altitudeFt>36030</altitudeFt>
                </position>
                <position>
                    <lat>46.6849</lat>
                    <lon>21.4998</lon>
                    <date>2013-07-11T12:24:59+02:00</date>
                    <speedMph>428</speedMph>
                    <altitudeFt>36000</altitudeFt>
                </position>
                <position>
                    <lat>46.5975</lat>
                    <lon>21.6244</lon>
                    <date>2013-07-11T12:23:59+02:00</date>
                    <speedMph>424</speedMph>
                    <altitudeFt>35950</altitudeFt>
                </position>
                <position>
                    <lat>46.5151</lat>
                    <lon>21.7407</lon>
                    <date>2013-07-11T12:22:59+02:00</date>
                    <speedMph>420</speedMph>
                    <altitudeFt>35950</altitudeFt>
                </position>
                <position>
                    <lat>46.4295</lat>
                    <lon>21.8607</lon>
                    <date>2013-07-11T12:21:59+02:00</date>
                    <speedMph>420</speedMph>
                    <altitudeFt>35980</altitudeFt>
                </position>
                <position>
                    <lat>46.348</lat>
                    <lon>21.9751</lon>
                    <date>2013-07-11T12:20:59+02:00</date>
                    <speedMph>424</speedMph>
                    <altitudeFt>36000</altitudeFt>
                </position>
                <position>
                    <lat>46.2586</lat>
                    <lon>22.0989</lon>
                    <date>2013-07-11T12:19:59+02:00</date>
                    <speedMph>424</speedMph>
                    <altitudeFt>36030</altitudeFt>
                </position>
                <position>
                    <lat>46.1721</lat>
                    <lon>22.2182</lon>
                    <date>2013-07-11T12:18:59+02:00</date>
                    <speedMph>428</speedMph>
                    <altitudeFt>35980</altitudeFt>
                </position>
                <position>
                    <lat>46.0405</lat>
                    <lon>22.3942</lon>
                    <date>2013-07-11T12:17:59+02:00</date>
                    <speedMph>428</speedMph>
                    <altitudeFt>35980</altitudeFt>
                </position>
                <position>
                    <lat>45.8545</lat>
                    <lon>22.6516</lon>
                    <date>2013-07-11T12:16:59+02:00</date>
                    <speedMph>428</speedMph>
                    <altitudeFt>36000</altitudeFt>
                </position>
                <position>
                    <lat>45.8047</lat>
                    <lon>22.7201</lon>
                    <date>2013-07-11T12:14:39+02:00</date>
                    <speedMph>428</speedMph>
                    <altitudeFt>36000</altitudeFt>
                </position>
                <position>
                    <lat>45.7093</lat>
                    <lon>22.8488</lon>
                    <date>2013-07-11T12:13:39+02:00</date>
                    <speedMph>424</speedMph>
                    <altitudeFt>36000</altitudeFt>
                </position>
                <position>
                    <lat>45.6079</lat>
                    <lon>22.9853</lon>
                    <date>2013-07-11T12:12:39+02:00</date>
                    <speedMph>424</speedMph>
                    <altitudeFt>35980</altitudeFt>
                </position>
                <position>
                    <lat>45.4942</lat>
                    <lon>23.137</lon>
                    <date>2013-07-11T12:11:39+02:00</date>
                    <speedMph>424</speedMph>
                    <altitudeFt>35980</altitudeFt>
                </position>
                <position>
                    <lat>45.4422</lat>
                    <lon>23.2055</lon>
                    <date>2013-07-11T12:10:28+02:00</date>
                    <speedMph>424</speedMph>
                    <altitudeFt>35950</altitudeFt>
                </position>
                <position>
                    <lat>45.3622</lat>
                    <lon>23.3119</lon>
                    <date>2013-07-11T12:09:28+02:00</date>
                    <speedMph>424</speedMph>
                    <altitudeFt>36000</altitudeFt>
                </position>
                <position>
                    <lat>45.2781</lat>
                    <lon>23.4234</lon>
                    <date>2013-07-11T12:08:28+02:00</date>
                    <speedMph>428</speedMph>
                    <altitudeFt>36030</altitudeFt>
                </position>
                <position>
                    <lat>45.1834</lat>
                    <lon>23.5479</lon>
                    <date>2013-07-11T12:07:28+02:00</date>
                    <speedMph>432</speedMph>
                    <altitudeFt>36000</altitudeFt>
                </position>
                <position>
                    <lat>45.0978</lat>
                    <lon>23.6596</lon>
                    <date>2013-07-11T12:06:28+02:00</date>
                    <speedMph>432</speedMph>
                    <altitudeFt>36000</altitudeFt>
                </position>
                <position>
                    <lat>45.0117</lat>
                    <lon>23.7719</lon>
                    <date>2013-07-11T12:05:28+02:00</date>
                    <speedMph>432</speedMph>
                    <altitudeFt>36000</altitudeFt>
                </position>
                <position>
                    <lat>44.9217</lat>
                    <lon>23.888</lon>
                    <date>2013-07-11T12:04:28+02:00</date>
                    <speedMph>432</speedMph>
                    <altitudeFt>36000</altitudeFt>
                </position>
                <position>
                    <lat>44.8375</lat>
                    <lon>23.9972</lon>
                    <date>2013-07-11T12:03:28+02:00</date>
                    <speedMph>432</speedMph>
                    <altitudeFt>36030</altitudeFt>
                </position>
                <position>
                    <lat>44.7015</lat>
                    <lon>24.1694</lon>
                    <date>2013-07-11T12:02:28+02:00</date>
                    <speedMph>428</speedMph>
                    <altitudeFt>35980</altitudeFt>
                </position>
                <position>
                    <lat>44.5317</lat>
                    <lon>24.3882</lon>
                    <date>2013-07-11T12:00:56+02:00</date>
                    <speedMph>428</speedMph>
                    <altitudeFt>36030</altitudeFt>
                </position>
                <position>
                    <lat>44.5192</lat>
                    <lon>24.4041</lon>
                    <date>2013-07-11T11:59:52+02:00</date>
                    <speedMph>428</speedMph>
                    <altitudeFt>36030</altitudeFt>
                </position>
                <position>
                    <lat>44.4294</lat>
                    <lon>24.5171</lon>
                    <date>2013-07-11T11:58:52+02:00</date>
                    <speedMph>424</speedMph>
                    <altitudeFt>35980</altitudeFt>
                </position>
                <position>
                    <lat>44.3482</lat>
                    <lon>24.6192</lon>
                    <date>2013-07-11T11:57:52+02:00</date>
                    <speedMph>424</speedMph>
                    <altitudeFt>35950</altitudeFt>
                </position>
                <position>
                    <lat>44.2554</lat>
                    <lon>24.7367</lon>
                    <date>2013-07-11T11:56:52+02:00</date>
                    <speedMph>424</speedMph>
                    <altitudeFt>35950</altitudeFt>
                </position>
                <position>
                    <lat>44.1661</lat>
                    <lon>24.8483</lon>
                    <date>2013-07-11T11:55:52+02:00</date>
                    <speedMph>428</speedMph>
                    <altitudeFt>35980</altitudeFt>
                </position>
                <position>
                    <lat>44.0736</lat>
                    <lon>24.963</lon>
                    <date>2013-07-11T11:54:52+02:00</date>
                    <speedMph>432</speedMph>
                    <altitudeFt>36000</altitudeFt>
                </position>
                <position>
                    <lat>43.9874</lat>
                    <lon>25.0699</lon>
                    <date>2013-07-11T11:53:52+02:00</date>
                    <speedMph>432</speedMph>
                    <altitudeFt>36000</altitudeFt>
                </position>
                <position>
                    <lat>43.9074</lat>
                    <lon>25.1682</lon>
                    <date>2013-07-11T11:52:52+02:00</date>
                    <speedMph>436</speedMph>
                    <altitudeFt>35980</altitudeFt>
                </position>
                <position>
                    <lat>43.8175</lat>
                    <lon>25.279</lon>
                    <date>2013-07-11T11:51:52+02:00</date>
                    <speedMph>440</speedMph>
                    <altitudeFt>35980</altitudeFt>
                </position>
                <position>
                    <lat>43.7177</lat>
                    <lon>25.4015</lon>
                    <date>2013-07-11T11:50:52+02:00</date>
                    <speedMph>444</speedMph>
                    <altitudeFt>36030</altitudeFt>
                </position>
                <position>
                    <lat>43.6343</lat>
                    <lon>25.5031</lon>
                    <date>2013-07-11T11:49:52+02:00</date>
                    <speedMph>444</speedMph>
                    <altitudeFt>36030</altitudeFt>
                </position>
                <position>
                    <lat>43.5332</lat>
                    <lon>25.6259</lon>
                    <date>2013-07-11T11:48:52+02:00</date>
                    <speedMph>444</speedMph>
                    <altitudeFt>35980</altitudeFt>
                </position>
                <position>
                    <lat>43.4407</lat>
                    <lon>25.7376</lon>
                    <date>2013-07-11T11:47:52+02:00</date>
                    <speedMph>444</speedMph>
                    <altitudeFt>35980</altitudeFt>
                </position>
                <position>
                    <lat>43.343</lat>
                    <lon>25.8543</lon>
                    <date>2013-07-11T11:46:52+02:00</date>
                    <speedMph>444</speedMph>
                    <altitudeFt>36000</altitudeFt>
                </position>
                <position>
                    <lat>43.1708</lat>
                    <lon>26.0605</lon>
                    <date>2013-07-11T11:45:52+02:00</date>
                    <speedMph>440</speedMph>
                    <altitudeFt>35980</altitudeFt>
                </position>
                <position>
                    <lat>43.1291</lat>
                    <lon>26.11</lon>
                    <date>2013-07-11T11:44:31+02:00</date>
                    <speedMph>440</speedMph>
                    <altitudeFt>35980</altitudeFt>
                </position>
                <position>
                    <lat>43.0428</lat>
                    <lon>26.2125</lon>
                    <date>2013-07-11T11:43:31+02:00</date>
                    <speedMph>440</speedMph>
                    <altitudeFt>35980</altitudeFt>
                </position>
                <position>
                    <lat>42.9454</lat>
                    <lon>26.3279</lon>
                    <date>2013-07-11T11:42:31+02:00</date>
                    <speedMph>440</speedMph>
                    <altitudeFt>36000</altitudeFt>
                </position>
                <position>
                    <lat>42.8459</lat>
                    <lon>26.4453</lon>
                    <date>2013-07-11T11:41:31+02:00</date>
                    <speedMph>440</speedMph>
                    <altitudeFt>36030</altitudeFt>
                </position>
                <position>
                    <lat>42.7676</lat>
                    <lon>26.5362</lon>
                    <date>2013-07-11T11:40:31+02:00</date>
                    <speedMph>440</speedMph>
                    <altitudeFt>36030</altitudeFt>
                </position>
                <position>
                    <lat>42.6745</lat>
                    <lon>26.645</lon>
                    <date>2013-07-11T11:39:31+02:00</date>
                    <speedMph>440</speedMph>
                    <altitudeFt>36000</altitudeFt>
                </position>
                <position>
                    <lat>42.5805</lat>
                    <lon>26.7544</lon>
                    <date>2013-07-11T11:38:31+02:00</date>
                    <speedMph>436</speedMph>
                    <altitudeFt>35980</altitudeFt>
                </position>
                <position>
                    <lat>42.4936</lat>
                    <lon>26.8555</lon>
                    <date>2013-07-11T11:37:31+02:00</date>
                    <speedMph>432</speedMph>
                    <altitudeFt>35980</altitudeFt>
                </position>
                <position>
                    <lat>42.4022</lat>
                    <lon>26.9601</lon>
                    <date>2013-07-11T11:36:31+02:00</date>
                    <speedMph>436</speedMph>
                    <altitudeFt>35980</altitudeFt>
                </position>
                <position>
                    <lat>42.3028</lat>
                    <lon>27.0738</lon>
                    <date>2013-07-11T11:35:31+02:00</date>
                    <speedMph>440</speedMph>
                    <altitudeFt>35980</altitudeFt>
                </position>
                <position>
                    <lat>42.2122</lat>
                    <lon>27.1783</lon>
                    <date>2013-07-11T11:34:31+02:00</date>
                    <speedMph>440</speedMph>
                    <altitudeFt>35750</altitudeFt>
                </position>
                <position>
                    <lat>42.1208</lat>
                    <lon>27.2827</lon>
                    <date>2013-07-11T11:33:31+02:00</date>
                    <speedMph>440</speedMph>
                    <altitudeFt>34750</altitudeFt>
                </position>
                <position>
                    <lat>42.0289</lat>
                    <lon>27.3865</lon>
                    <date>2013-07-11T11:32:31+02:00</date>
                    <speedMph>444</speedMph>
                    <altitudeFt>33200</altitudeFt>
                </position>
                <position>
                    <lat>41.927</lat>
                    <lon>27.5001</lon>
                    <date>2013-07-11T11:31:31+02:00</date>
                    <speedMph>448</speedMph>
                    <altitudeFt>31630</altitudeFt>
                </position>
                <position>
                    <lat>41.8565</lat>
                    <lon>27.6318</lon>
                    <date>2013-07-11T11:30:31+02:00</date>
                    <speedMph>436</speedMph>
                    <altitudeFt>30300</altitudeFt>
                </position>
                <position>
                    <lat>41.7849</lat>
                    <lon>27.7729</lon>
                    <date>2013-07-11T11:29:31+02:00</date>
                    <speedMph>436</speedMph>
                    <altitudeFt>28580</altitudeFt>
                </position>
                <position>
                    <lat>41.7296</lat>
                    <lon>27.8804</lon>
                    <date>2013-07-11T11:28:31+02:00</date>
                    <speedMph>432</speedMph>
                    <altitudeFt>27250</altitudeFt>
                </position>
                <position>
                    <lat>41.652</lat>
                    <lon>28.0314</lon>
                    <date>2013-07-11T11:27:31+02:00</date>
                    <speedMph>412</speedMph>
                    <altitudeFt>25430</altitudeFt>
                </position>
                <position>
                    <lat>41.5912</lat>
                    <lon>28.1487</lon>
                    <date>2013-07-11T11:26:31+02:00</date>
                    <speedMph>404</speedMph>
                    <altitudeFt>23780</altitudeFt>
                </position>
                <position>
                    <lat>41.5199</lat>
                    <lon>28.2865</lon>
                    <date>2013-07-11T11:25:31+02:00</date>
                    <speedMph>404</speedMph>
                    <altitudeFt>20950</altitudeFt>
                </position>
                <position>
                    <lat>41.464</lat>
                    <lon>28.3939</lon>
                    <date>2013-07-11T11:24:31+02:00</date>
                    <speedMph>380</speedMph>
                    <altitudeFt>19450</altitudeFt>
                </position>
                <position>
                    <lat>41.4065</lat>
                    <lon>28.5042</lon>
                    <date>2013-07-11T11:23:31+02:00</date>
                    <speedMph>368</speedMph>
                    <altitudeFt>17130</altitudeFt>
                </position>
                <position>
                    <lat>41.3338</lat>
                    <lon>28.5923</lon>
                    <date>2013-07-11T11:22:31+02:00</date>
                    <speedMph>352</speedMph>
                    <altitudeFt>14550</altitudeFt>
                </position>
                <position>
                    <lat>41.2904</lat>
                    <lon>28.6289</lon>
                    <date>2013-07-11T11:22:01+02:00</date>
                    <speedMph>344</speedMph>
                    <altitudeFt>13180</altitudeFt>
                </position>
                <position>
                    <lat>41.2511</lat>
                    <lon>28.6618</lon>
                    <date>2013-07-11T11:21:31+02:00</date>
                    <speedMph>344</speedMph>
                    <altitudeFt>11630</altitudeFt>
                </position>
                <position>
                    <lat>41.208</lat>
                    <lon>28.6982</lon>
                    <date>2013-07-11T11:21:01+02:00</date>
                    <speedMph>292</speedMph>
                    <altitudeFt>10730</altitudeFt>
                </position>
                <position>
                    <lat>41.1735</lat>
                    <lon>28.7273</lon>
                    <date>2013-07-11T11:20:31+02:00</date>
                    <speedMph>284</speedMph>
                    <altitudeFt>9300</altitudeFt>
                </position>
                <position>
                    <lat>41.1606</lat>
                    <lon>28.7384</lon>
                    <date>2013-07-11T11:20:16+02:00</date>
                    <speedMph>276</speedMph>
                    <altitudeFt>8580</altitudeFt>
                </position>
                <position>
                    <lat>41.1412</lat>
                    <lon>28.7548</lon>
                    <date>2013-07-11T11:20:06+02:00</date>
                    <speedMph>288</speedMph>
                    <altitudeFt>7300</altitudeFt>
                </position>
                <position>
                    <lat>41.1347</lat>
                    <lon>28.7604</lon>
                    <date>2013-07-11T11:19:56+02:00</date>
                    <speedMph>288</speedMph>
                    <altitudeFt>6930</altitudeFt>
                </position>
                <position>
                    <lat>41.1203</lat>
                    <lon>28.7726</lon>
                    <date>2013-07-11T11:19:41+02:00</date>
                    <speedMph>272</speedMph>
                    <altitudeFt>6250</altitudeFt>
                </position>
                <position>
                    <lat>41.108</lat>
                    <lon>28.7831</lon>
                    <date>2013-07-11T11:19:31+02:00</date>
                    <speedMph>256</speedMph>
                    <altitudeFt>5780</altitudeFt>
                </position>
                <position>
                    <lat>41.1016</lat>
                    <lon>28.7885</lon>
                    <date>2013-07-11T11:19:21+02:00</date>
                    <speedMph>252</speedMph>
                    <altitudeFt>5600</altitudeFt>
                </position>
                <position>
                    <lat>41.0902</lat>
                    <lon>28.7977</lon>
                    <date>2013-07-11T11:19:11+02:00</date>
                    <speedMph>228</speedMph>
                    <altitudeFt>5200</altitudeFt>
                </position>
                <position>
                    <lat>41.0779</lat>
                    <lon>28.8046</lon>
                    <date>2013-07-11T11:19:01+02:00</date>
                    <speedMph>212</speedMph>
                    <altitudeFt>4650</altitudeFt>
                </position>
                <position>
                    <lat>41.0686</lat>
                    <lon>28.8058</lon>
                    <date>2013-07-11T11:18:51+02:00</date>
                    <speedMph>208</speedMph>
                    <altitudeFt>4150</altitudeFt>
                </position>
                <position>
                    <lat>41.0657</lat>
                    <lon>28.806</lon>
                    <date>2013-07-11T11:18:46+02:00</date>
                    <speedMph>208</speedMph>
                    <altitudeFt>3900</altitudeFt>
                </position>
                <position>
                    <lat>41.061</lat>
                    <lon>28.8063</lon>
                    <date>2013-07-11T11:18:41+02:00</date>
                    <speedMph>216</speedMph>
                    <altitudeFt>3650</altitudeFt>
                </position>
                <position>
                    <lat>41.0494</lat>
                    <lon>28.8069</lon>
                    <date>2013-07-11T11:18:31+02:00</date>
                    <speedMph>196</speedMph>
                    <altitudeFt>3130</altitudeFt>
                </position>
                <position>
                    <lat>41.0444</lat>
                    <lon>28.8072</lon>
                    <date>2013-07-11T11:18:26+02:00</date>
                    <speedMph>192</speedMph>
                    <altitudeFt>2900</altitudeFt>
                </position>
                <position>
                    <lat>41.0415</lat>
                    <lon>28.8074</lon>
                    <date>2013-07-11T11:18:21+02:00</date>
                    <speedMph>192</speedMph>
                    <altitudeFt>2800</altitudeFt>
                </position>
                <position>
                    <lat>41.0384</lat>
                    <lon>28.8076</lon>
                    <date>2013-07-11T11:18:16+02:00</date>
                    <speedMph>176</speedMph>
                    <altitudeFt>2730</altitudeFt>
                </position>
                <position>
                    <lat>41.0222</lat>
                    <lon>28.8079</lon>
                    <date>2013-07-11T11:18:11+02:00</date>
                    <speedMph>160</speedMph>
                    <altitudeFt>2180</altitudeFt>
                </position>
                <position>
                    <lat>40.9697</lat>
                    <lon>28.8102</lon>
                    <date>2013-07-11T11:13:38+02:00</date>
                    <speedMph>8</speedMph>
                    <altitudeFt>0</altitudeFt>
                </position>
                <position>
                    <lat>40.9728</lat>
                    <lon>28.8123</lon>
                    <date>2013-07-11T11:11:53+02:00</date>
                    <speedMph>12</speedMph>
                    <altitudeFt>0</altitudeFt>
                </position>
                <position>
                    <lat>40.9732</lat>
                    <lon>28.8123</lon>
                    <date>2013-07-11T11:11:48+02:00</date>
                    <speedMph>12</speedMph>
                    <altitudeFt>0</altitudeFt>
                </position>
            </positions>
        </flightTrack>
    </flightTracks>
</flightstatslog>
