<?xml version="1.0" encoding="UTF-8" standalone="yes"?>
<flightstatslog>
    <appendix>
        <airports>
            <airport>
                <fs>MAN</fs>
                <latitude>53.353744</latitude>
                <longitude>-2.27495</longitude>
                <city>Manchester</city>
            </airport>
            <airport>
                <fs>KRK</fs>
                <latitude>50.077731</latitude>
                <longitude>19.784836</longitude>
                <city>Krakow</city>
            </airport>
        </airports>
    </appendix>
    <flightTracks>
        <flightTrack>
            <flightId>5023309</flightId>
            <departureAirportFsCode>MAN</departureAirportFsCode>
            <arrivalAirportFsCode>KRK</arrivalAirportFsCode>
            <positions>
                <position>
                    <lat>50.0729</lat>
                    <lon>19.8002</lon>
                    <date>2013-07-11T12:42:48+02:00</date>
                    <speedMph>4</speedMph>
                    <altitudeFt>0</altitudeFt>
                </position>
                <position>
                    <lat>50.0729</lat>
                    <lon>19.8002</lon>
                    <date>2013-07-11T12:42:38+02:00</date>
                    <speedMph>12</speedMph>
                    <altitudeFt>0</altitudeFt>
                </position>
                <position>
                    <lat>50.073</lat>
                    <lon>19.8002</lon>
                    <date>2013-07-11T12:42:33+02:00</date>
                    <speedMph>16</speedMph>
                    <altitudeFt>0</altitudeFt>
                </position>
                <position>
                    <lat>50.0734</lat>
                    <lon>19.8001</lon>
                    <date>2013-07-11T12:42:23+02:00</date>
                    <speedMph>24</speedMph>
                    <altitudeFt>0</altitudeFt>
                </position>
                <position>
                    <lat>50.0745</lat>
                    <lon>19.7995</lon>
                    <date>2013-07-11T12:42:03+02:00</date>
                    <speedMph>16</speedMph>
                    <altitudeFt>0</altitudeFt>
                </position>
                <position>
                    <lat>50.0748</lat>
                    <lon>19.7994</lon>
                    <date>2013-07-11T12:41:58+02:00</date>
                    <speedMph>16</speedMph>
                    <altitudeFt>0</altitudeFt>
                </position>
                <position>
                    <lat>50.0751</lat>
                    <lon>19.7993</lon>
                    <date>2013-07-11T12:41:53+02:00</date>
                    <speedMph>16</speedMph>
                    <altitudeFt>0</altitudeFt>
                </position>
                <position>
                    <lat>50.0756</lat>
                    <lon>19.7991</lon>
                    <date>2013-07-11T12:41:48+02:00</date>
                    <speedMph>16</speedMph>
                    <altitudeFt>0</altitudeFt>
                </position>
                <position>
                    <lat>50.076</lat>
                    <lon>19.7983</lon>
                    <date>2013-07-11T12:41:43+02:00</date>
                    <speedMph>16</speedMph>
                    <altitudeFt>0</altitudeFt>
                </position>
                <position>
                    <lat>50.0768</lat>
                    <lon>19.7962</lon>
                    <date>2013-07-11T12:41:23+02:00</date>
                    <speedMph>16</speedMph>
                    <altitudeFt>0</altitudeFt>
                </position>
                <position>
                    <lat>50.0767</lat>
                    <lon>19.796</lon>
                    <date>2013-07-11T12:41:18+02:00</date>
                    <speedMph>16</speedMph>
                    <altitudeFt>0</altitudeFt>
                </position>
                <position>
                    <lat>50.0767</lat>
                    <lon>19.7955</lon>
                    <date>2013-07-11T12:41:13+02:00</date>
                    <speedMph>16</speedMph>
                    <altitudeFt>0</altitudeFt>
                </position>
                <position>
                    <lat>50.0766</lat>
                    <lon>19.795</lon>
                    <date>2013-07-11T12:41:08+02:00</date>
                    <speedMph>16</speedMph>
                    <altitudeFt>0</altitudeFt>
                </position>
                <position>
                    <lat>50.0765</lat>
                    <lon>19.7945</lon>
                    <date>2013-07-11T12:41:03+02:00</date>
                    <speedMph>20</speedMph>
                    <altitudeFt>0</altitudeFt>
                </position>
                <position>
                    <lat>50.0764</lat>
                    <lon>19.7934</lon>
                    <date>2013-07-11T12:40:58+02:00</date>
                    <speedMph>20</speedMph>
                    <altitudeFt>0</altitudeFt>
                </position>
                <position>
                    <lat>50.0763</lat>
                    <lon>19.7928</lon>
                    <date>2013-07-11T12:40:53+02:00</date>
                    <speedMph>24</speedMph>
                    <altitudeFt>0</altitudeFt>
                </position>
                <position>
                    <lat>50.0762</lat>
                    <lon>19.7922</lon>
                    <date>2013-07-11T12:40:48+02:00</date>
                    <speedMph>24</speedMph>
                    <altitudeFt>0</altitudeFt>
                </position>
                <position>
                    <lat>50.076</lat>
                    <lon>19.7907</lon>
                    <date>2013-07-11T12:40:43+02:00</date>
                    <speedMph>28</speedMph>
                    <altitudeFt>0</altitudeFt>
                </position>
                <position>
                    <lat>50.0759</lat>
                    <lon>19.7899</lon>
                    <date>2013-07-11T12:40:38+02:00</date>
                    <speedMph>28</speedMph>
                    <altitudeFt>0</altitudeFt>
                </position>
                <position>
                    <lat>50.0758</lat>
                    <lon>19.7891</lon>
                    <date>2013-07-11T12:40:33+02:00</date>
                    <speedMph>28</speedMph>
                    <altitudeFt>0</altitudeFt>
                </position>
                <position>
                    <lat>50.0757</lat>
                    <lon>19.7883</lon>
                    <date>2013-07-11T12:40:28+02:00</date>
                    <speedMph>28</speedMph>
                    <altitudeFt>0</altitudeFt>
                </position>
                <position>
                    <lat>50.0754</lat>
                    <lon>19.7866</lon>
                    <date>2013-07-11T12:40:23+02:00</date>
                    <speedMph>28</speedMph>
                    <altitudeFt>0</altitudeFt>
                </position>
                <position>
                    <lat>50.0753</lat>
                    <lon>19.7858</lon>
                    <date>2013-07-11T12:40:18+02:00</date>
                    <speedMph>28</speedMph>
                    <altitudeFt>0</altitudeFt>
                </position>
                <position>
                    <lat>50.0752</lat>
                    <lon>19.7849</lon>
                    <date>2013-07-11T12:40:13+02:00</date>
                    <speedMph>32</speedMph>
                    <altitudeFt>0</altitudeFt>
                </position>
                <position>
                    <lat>50.0751</lat>
                    <lon>19.7841</lon>
                    <date>2013-07-11T12:40:08+02:00</date>
                    <speedMph>32</speedMph>
                    <altitudeFt>0</altitudeFt>
                </position>
                <position>
                    <lat>50.0749</lat>
                    <lon>19.7825</lon>
                    <date>2013-07-11T12:40:03+02:00</date>
                    <speedMph>32</speedMph>
                    <altitudeFt>0</altitudeFt>
                </position>
                <position>
                    <lat>50.0747</lat>
                    <lon>19.7815</lon>
                    <date>2013-07-11T12:39:58+02:00</date>
                    <speedMph>32</speedMph>
                    <altitudeFt>0</altitudeFt>
                </position>
                <position>
                    <lat>50.0746</lat>
                    <lon>19.7807</lon>
                    <date>2013-07-11T12:39:53+02:00</date>
                    <speedMph>32</speedMph>
                    <altitudeFt>0</altitudeFt>
                </position>
                <position>
                    <lat>50.0744</lat>
                    <lon>19.7789</lon>
                    <date>2013-07-11T12:39:48+02:00</date>
                    <speedMph>32</speedMph>
                    <altitudeFt>0</altitudeFt>
                </position>
                <position>
                    <lat>50.0742</lat>
                    <lon>19.7781</lon>
                    <date>2013-07-11T12:39:43+02:00</date>
                    <speedMph>32</speedMph>
                    <altitudeFt>0</altitudeFt>
                </position>
                <position>
                    <lat>50.0741</lat>
                    <lon>19.7772</lon>
                    <date>2013-07-11T12:39:38+02:00</date>
                    <speedMph>32</speedMph>
                    <altitudeFt>0</altitudeFt>
                </position>
                <position>
                    <lat>50.074</lat>
                    <lon>19.7763</lon>
                    <date>2013-07-11T12:39:33+02:00</date>
                    <speedMph>32</speedMph>
                    <altitudeFt>0</altitudeFt>
                </position>
                <position>
                    <lat>50.0739</lat>
                    <lon>19.7755</lon>
                    <date>2013-07-11T12:39:28+02:00</date>
                    <speedMph>32</speedMph>
                    <altitudeFt>0</altitudeFt>
                </position>
                <position>
                    <lat>50.0738</lat>
                    <lon>19.7745</lon>
                    <date>2013-07-11T12:39:23+02:00</date>
                    <speedMph>28</speedMph>
                    <altitudeFt>0</altitudeFt>
                </position>
                <position>
                    <lat>50.0735</lat>
                    <lon>19.773</lon>
                    <date>2013-07-11T12:39:18+02:00</date>
                    <speedMph>28</speedMph>
                    <altitudeFt>0</altitudeFt>
                </position>
                <position>
                    <lat>50.0734</lat>
                    <lon>19.7722</lon>
                    <date>2013-07-11T12:39:13+02:00</date>
                    <speedMph>24</speedMph>
                    <altitudeFt>0</altitudeFt>
                </position>
                <position>
                    <lat>50.0731</lat>
                    <lon>19.7695</lon>
                    <date>2013-07-11T12:38:53+02:00</date>
                    <speedMph>28</speedMph>
                    <altitudeFt>0</altitudeFt>
                </position>
                <position>
                    <lat>50.0731</lat>
                    <lon>19.7694</lon>
                    <date>2013-07-11T12:38:48+02:00</date>
                    <speedMph>28</speedMph>
                    <altitudeFt>0</altitudeFt>
                </position>
                <position>
                    <lat>50.0734</lat>
                    <lon>19.769</lon>
                    <date>2013-07-11T12:38:43+02:00</date>
                    <speedMph>16</speedMph>
                    <altitudeFt>0</altitudeFt>
                </position>
                <position>
                    <lat>50.075</lat>
                    <lon>19.7684</lon>
                    <date>2013-07-11T12:38:23+02:00</date>
                    <speedMph>32</speedMph>
                    <altitudeFt>0</altitudeFt>
                </position>
                <position>
                    <lat>50.0751</lat>
                    <lon>19.7684</lon>
                    <date>2013-07-11T12:38:18+02:00</date>
                    <speedMph>32</speedMph>
                    <altitudeFt>0</altitudeFt>
                </position>
                <position>
                    <lat>50.0755</lat>
                    <lon>19.7688</lon>
                    <date>2013-07-11T12:38:13+02:00</date>
                    <speedMph>36</speedMph>
                    <altitudeFt>0</altitudeFt>
                </position>
                <position>
                    <lat>50.0755</lat>
                    <lon>19.769</lon>
                    <date>2013-07-11T12:38:08+02:00</date>
                    <speedMph>20</speedMph>
                    <altitudeFt>0</altitudeFt>
                </position>
                <position>
                    <lat>50.0756</lat>
                    <lon>19.7696</lon>
                    <date>2013-07-11T12:38:03+02:00</date>
                    <speedMph>28</speedMph>
                    <altitudeFt>0</altitudeFt>
                </position>
                <position>
                    <lat>50.0759</lat>
                    <lon>19.7714</lon>
                    <date>2013-07-11T12:37:58+02:00</date>
                    <speedMph>48</speedMph>
                    <altitudeFt>0</altitudeFt>
                </position>
                <position>
                    <lat>50.0761</lat>
                    <lon>19.7728</lon>
                    <date>2013-07-11T12:37:53+02:00</date>
                    <speedMph>60</speedMph>
                    <altitudeFt>0</altitudeFt>
                </position>
                <position>
                    <lat>50.0763</lat>
                    <lon>19.7747</lon>
                    <date>2013-07-11T12:37:48+02:00</date>
                    <speedMph>68</speedMph>
                    <altitudeFt>0</altitudeFt>
                </position>
                <position>
                    <lat>50.077</lat>
                    <lon>19.78</lon>
                    <date>2013-07-11T12:37:43+02:00</date>
                    <speedMph>92</speedMph>
                    <altitudeFt>0</altitudeFt>
                </position>
                <position>
                    <lat>50.0772</lat>
                    <lon>19.7813</lon>
                    <date>2013-07-11T12:37:38+02:00</date>
                    <speedMph>100</speedMph>
                    <altitudeFt>0</altitudeFt>
                </position>
                <position>
                    <lat>50.0778</lat>
                    <lon>19.7851</lon>
                    <date>2013-07-11T12:37:33+02:00</date>
                    <speedMph>116</speedMph>
                    <altitudeFt>0</altitudeFt>
                </position>
                <position>
                    <lat>50.078</lat>
                    <lon>19.7871</lon>
                    <date>2013-07-11T12:37:28+02:00</date>
                    <speedMph>124</speedMph>
                    <altitudeFt>0</altitudeFt>
                </position>
                <position>
                    <lat>50.0792</lat>
                    <lon>19.7954</lon>
                    <date>2013-07-11T12:37:23+02:00</date>
                    <speedMph>148</speedMph>
                    <altitudeFt>730</altitudeFt>
                </position>
                <position>
                    <lat>50.0797</lat>
                    <lon>19.799</lon>
                    <date>2013-07-11T12:37:18+02:00</date>
                    <speedMph>148</speedMph>
                    <altitudeFt>780</altitudeFt>
                </position>
                <position>
                    <lat>50.0803</lat>
                    <lon>19.8032</lon>
                    <date>2013-07-11T12:37:13+02:00</date>
                    <speedMph>148</speedMph>
                    <altitudeFt>830</altitudeFt>
                </position>
                <position>
                    <lat>50.0809</lat>
                    <lon>19.8076</lon>
                    <date>2013-07-11T12:37:08+02:00</date>
                    <speedMph>148</speedMph>
                    <altitudeFt>880</altitudeFt>
                </position>
                <position>
                    <lat>50.0815</lat>
                    <lon>19.8117</lon>
                    <date>2013-07-11T12:37:03+02:00</date>
                    <speedMph>144</speedMph>
                    <altitudeFt>930</altitudeFt>
                </position>
                <position>
                    <lat>50.0826</lat>
                    <lon>19.8203</lon>
                    <date>2013-07-11T12:36:58+02:00</date>
                    <speedMph>144</speedMph>
                    <altitudeFt>1030</altitudeFt>
                </position>
                <position>
                    <lat>50.0845</lat>
                    <lon>19.8339</lon>
                    <date>2013-07-11T12:36:43+02:00</date>
                    <speedMph>144</speedMph>
                    <altitudeFt>1200</altitudeFt>
                </position>
                <position>
                    <lat>50.0853</lat>
                    <lon>19.8398</lon>
                    <date>2013-07-11T12:36:38+02:00</date>
                    <speedMph>148</speedMph>
                    <altitudeFt>1280</altitudeFt>
                </position>
                <position>
                    <lat>50.0858</lat>
                    <lon>19.8435</lon>
                    <date>2013-07-11T12:36:33+02:00</date>
                    <speedMph>148</speedMph>
                    <altitudeFt>1330</altitudeFt>
                </position>
                <position>
                    <lat>50.0863</lat>
                    <lon>19.847</lon>
                    <date>2013-07-11T12:36:28+02:00</date>
                    <speedMph>148</speedMph>
                    <altitudeFt>1380</altitudeFt>
                </position>
                <position>
                    <lat>50.0874</lat>
                    <lon>19.855</lon>
                    <date>2013-07-11T12:36:23+02:00</date>
                    <speedMph>152</speedMph>
                    <altitudeFt>1480</altitudeFt>
                </position>
                <position>
                    <lat>50.0881</lat>
                    <lon>19.8602</lon>
                    <date>2013-07-11T12:36:18+02:00</date>
                    <speedMph>152</speedMph>
                    <altitudeFt>1530</altitudeFt>
                </position>
                <position>
                    <lat>50.0886</lat>
                    <lon>19.8636</lon>
                    <date>2013-07-11T12:36:13+02:00</date>
                    <speedMph>152</speedMph>
                    <altitudeFt>1580</altitudeFt>
                </position>
                <position>
                    <lat>50.0892</lat>
                    <lon>19.8679</lon>
                    <date>2013-07-11T12:36:08+02:00</date>
                    <speedMph>156</speedMph>
                    <altitudeFt>1630</altitudeFt>
                </position>
                <position>
                    <lat>50.0905</lat>
                    <lon>19.8775</lon>
                    <date>2013-07-11T12:36:03+02:00</date>
                    <speedMph>160</speedMph>
                    <altitudeFt>1750</altitudeFt>
                </position>
                <position>
                    <lat>50.0911</lat>
                    <lon>19.882</lon>
                    <date>2013-07-11T12:35:58+02:00</date>
                    <speedMph>164</speedMph>
                    <altitudeFt>1800</altitudeFt>
                </position>
                <position>
                    <lat>50.0918</lat>
                    <lon>19.8864</lon>
                    <date>2013-07-11T12:35:53+02:00</date>
                    <speedMph>168</speedMph>
                    <altitudeFt>1850</altitudeFt>
                </position>
                <position>
                    <lat>50.0924</lat>
                    <lon>19.8909</lon>
                    <date>2013-07-11T12:35:48+02:00</date>
                    <speedMph>172</speedMph>
                    <altitudeFt>1930</altitudeFt>
                </position>
                <position>
                    <lat>50.0931</lat>
                    <lon>19.8967</lon>
                    <date>2013-07-11T12:35:43+02:00</date>
                    <speedMph>176</speedMph>
                    <altitudeFt>1980</altitudeFt>
                </position>
                <position>
                    <lat>50.0944</lat>
                    <lon>19.9059</lon>
                    <date>2013-07-11T12:35:38+02:00</date>
                    <speedMph>180</speedMph>
                    <altitudeFt>2100</altitudeFt>
                </position>
                <position>
                    <lat>50.0951</lat>
                    <lon>19.9106</lon>
                    <date>2013-07-11T12:35:33+02:00</date>
                    <speedMph>180</speedMph>
                    <altitudeFt>2150</altitudeFt>
                </position>
                <position>
                    <lat>50.0965</lat>
                    <lon>19.9208</lon>
                    <date>2013-07-11T12:35:23+02:00</date>
                    <speedMph>184</speedMph>
                    <altitudeFt>2280</altitudeFt>
                </position>
                <position>
                    <lat>50.0981</lat>
                    <lon>19.9314</lon>
                    <date>2013-07-11T12:35:18+02:00</date>
                    <speedMph>188</speedMph>
                    <altitudeFt>2400</altitudeFt>
                </position>
                <position>
                    <lat>50.0988</lat>
                    <lon>19.9367</lon>
                    <date>2013-07-11T12:35:13+02:00</date>
                    <speedMph>188</speedMph>
                    <altitudeFt>2480</altitudeFt>
                </position>
                <position>
                    <lat>50.0996</lat>
                    <lon>19.9417</lon>
                    <date>2013-07-11T12:35:08+02:00</date>
                    <speedMph>188</speedMph>
                    <altitudeFt>2530</altitudeFt>
                </position>
                <position>
                    <lat>50.1005</lat>
                    <lon>19.9486</lon>
                    <date>2013-07-11T12:35:03+02:00</date>
                    <speedMph>188</speedMph>
                    <altitudeFt>2630</altitudeFt>
                </position>
                <position>
                    <lat>50.1011</lat>
                    <lon>19.9734</lon>
                    <date>2013-07-11T12:34:48+02:00</date>
                    <speedMph>192</speedMph>
                    <altitudeFt>2930</altitudeFt>
                </position>
                <position>
                    <lat>50.1012</lat>
                    <lon>19.9761</lon>
                    <date>2013-07-11T12:34:43+02:00</date>
                    <speedMph>192</speedMph>
                    <altitudeFt>2980</altitudeFt>
                </position>
                <position>
                    <lat>50.1034</lat>
                    <lon>19.9867</lon>
                    <date>2013-07-11T12:34:38+02:00</date>
                    <speedMph>200</speedMph>
                    <altitudeFt>3130</altitudeFt>
                </position>
                <position>
                    <lat>50.1194</lat>
                    <lon>20.0011</lon>
                    <date>2013-07-11T12:34:18+02:00</date>
                    <speedMph>220</speedMph>
                    <altitudeFt>3450</altitudeFt>
                </position>
                <position>
                    <lat>50.1241</lat>
                    <lon>20.0005</lon>
                    <date>2013-07-11T12:34:13+02:00</date>
                    <speedMph>220</speedMph>
                    <altitudeFt>3550</altitudeFt>
                </position>
                <position>
                    <lat>50.1316</lat>
                    <lon>19.997</lon>
                    <date>2013-07-11T12:34:08+02:00</date>
                    <speedMph>224</speedMph>
                    <altitudeFt>3700</altitudeFt>
                </position>
                <position>
                    <lat>50.1355</lat>
                    <lon>19.9947</lon>
                    <date>2013-07-11T12:34:03+02:00</date>
                    <speedMph>228</speedMph>
                    <altitudeFt>3780</altitudeFt>
                </position>
                <position>
                    <lat>50.1435</lat>
                    <lon>19.99</lon>
                    <date>2013-07-11T12:33:53+02:00</date>
                    <speedMph>228</speedMph>
                    <altitudeFt>3930</altitudeFt>
                </position>
                <position>
                    <lat>50.1516</lat>
                    <lon>19.985</lon>
                    <date>2013-07-11T12:33:48+02:00</date>
                    <speedMph>232</speedMph>
                    <altitudeFt>4080</altitudeFt>
                </position>
                <position>
                    <lat>50.1572</lat>
                    <lon>19.9816</lon>
                    <date>2013-07-11T12:33:43+02:00</date>
                    <speedMph>236</speedMph>
                    <altitudeFt>4200</altitudeFt>
                </position>
                <position>
                    <lat>50.16</lat>
                    <lon>19.9799</lon>
                    <date>2013-07-11T12:33:38+02:00</date>
                    <speedMph>236</speedMph>
                    <altitudeFt>4280</altitudeFt>
                </position>
                <position>
                    <lat>50.1661</lat>
                    <lon>19.9764</lon>
                    <date>2013-07-11T12:33:33+02:00</date>
                    <speedMph>232</speedMph>
                    <altitudeFt>4500</altitudeFt>
                </position>
                <position>
                    <lat>50.1678</lat>
                    <lon>19.9755</lon>
                    <date>2013-07-11T12:33:28+02:00</date>
                    <speedMph>236</speedMph>
                    <altitudeFt>4550</altitudeFt>
                </position>
                <position>
                    <lat>50.1725</lat>
                    <lon>19.9731</lon>
                    <date>2013-07-11T12:33:23+02:00</date>
                    <speedMph>232</speedMph>
                    <altitudeFt>4730</altitudeFt>
                </position>
                <position>
                    <lat>50.176</lat>
                    <lon>19.9716</lon>
                    <date>2013-07-11T12:33:18+02:00</date>
                    <speedMph>232</speedMph>
                    <altitudeFt>4850</altitudeFt>
                </position>
                <position>
                    <lat>50.1845</lat>
                    <lon>19.9684</lon>
                    <date>2013-07-11T12:33:13+02:00</date>
                    <speedMph>232</speedMph>
                    <altitudeFt>5150</altitudeFt>
                </position>
                <position>
                    <lat>50.1926</lat>
                    <lon>19.9643</lon>
                    <date>2013-07-11T12:33:03+02:00</date>
                    <speedMph>240</speedMph>
                    <altitudeFt>5330</altitudeFt>
                </position>
                <position>
                    <lat>50.2027</lat>
                    <lon>19.9507</lon>
                    <date>2013-07-11T12:32:53+02:00</date>
                    <speedMph>248</speedMph>
                    <altitudeFt>5680</altitudeFt>
                </position>
                <position>
                    <lat>50.2065</lat>
                    <lon>19.9403</lon>
                    <date>2013-07-11T12:32:43+02:00</date>
                    <speedMph>252</speedMph>
                    <altitudeFt>5800</altitudeFt>
                </position>
                <position>
                    <lat>50.2121</lat>
                    <lon>19.9211</lon>
                    <date>2013-07-11T12:32:33+02:00</date>
                    <speedMph>252</speedMph>
                    <altitudeFt>6030</altitudeFt>
                </position>
                <position>
                    <lat>50.2172</lat>
                    <lon>19.9035</lon>
                    <date>2013-07-11T12:32:23+02:00</date>
                    <speedMph>252</speedMph>
                    <altitudeFt>6230</altitudeFt>
                </position>
                <position>
                    <lat>50.2241</lat>
                    <lon>19.8795</lon>
                    <date>2013-07-11T12:32:13+02:00</date>
                    <speedMph>252</speedMph>
                    <altitudeFt>6500</altitudeFt>
                </position>
                <position>
                    <lat>50.227</lat>
                    <lon>19.8696</lon>
                    <date>2013-07-11T12:32:03+02:00</date>
                    <speedMph>252</speedMph>
                    <altitudeFt>6650</altitudeFt>
                </position>
                <position>
                    <lat>50.2308</lat>
                    <lon>19.8566</lon>
                    <date>2013-07-11T12:31:53+02:00</date>
                    <speedMph>256</speedMph>
                    <altitudeFt>6780</altitudeFt>
                </position>
                <position>
                    <lat>50.2367</lat>
                    <lon>19.8359</lon>
                    <date>2013-07-11T12:31:43+02:00</date>
                    <speedMph>264</speedMph>
                    <altitudeFt>6880</altitudeFt>
                </position>
                <position>
                    <lat>50.2406</lat>
                    <lon>19.8222</lon>
                    <date>2013-07-11T12:31:33+02:00</date>
                    <speedMph>268</speedMph>
                    <altitudeFt>6930</altitudeFt>
                </position>
                <position>
                    <lat>50.2469</lat>
                    <lon>19.8005</lon>
                    <date>2013-07-11T12:31:23+02:00</date>
                    <speedMph>276</speedMph>
                    <altitudeFt>7030</altitudeFt>
                </position>
                <position>
                    <lat>50.2546</lat>
                    <lon>19.7739</lon>
                    <date>2013-07-11T12:31:13+02:00</date>
                    <speedMph>288</speedMph>
                    <altitudeFt>7150</altitudeFt>
                </position>
                <position>
                    <lat>50.2577</lat>
                    <lon>19.7634</lon>
                    <date>2013-07-11T12:31:03+02:00</date>
                    <speedMph>288</speedMph>
                    <altitudeFt>7250</altitudeFt>
                </position>
                <position>
                    <lat>50.2719</lat>
                    <lon>19.7136</lon>
                    <date>2013-07-11T12:30:53+02:00</date>
                    <speedMph>296</speedMph>
                    <altitudeFt>7780</altitudeFt>
                </position>
                <position>
                    <lat>50.2818</lat>
                    <lon>19.6786</lon>
                    <date>2013-07-11T12:30:43+02:00</date>
                    <speedMph>292</speedMph>
                    <altitudeFt>8280</altitudeFt>
                </position>
                <position>
                    <lat>50.292</lat>
                    <lon>19.6426</lon>
                    <date>2013-07-11T12:30:33+02:00</date>
                    <speedMph>296</speedMph>
                    <altitudeFt>8750</altitudeFt>
                </position>
                <position>
                    <lat>50.2942</lat>
                    <lon>19.6349</lon>
                    <date>2013-07-11T12:29:59+02:00</date>
                    <speedMph>296</speedMph>
                    <altitudeFt>8850</altitudeFt>
                </position>
                <position>
                    <lat>50.2987</lat>
                    <lon>19.6194</lon>
                    <date>2013-07-11T12:29:49+02:00</date>
                    <speedMph>292</speedMph>
                    <altitudeFt>9080</altitudeFt>
                </position>
                <position>
                    <lat>50.3032</lat>
                    <lon>19.6035</lon>
                    <date>2013-07-11T12:29:39+02:00</date>
                    <speedMph>296</speedMph>
                    <altitudeFt>9280</altitudeFt>
                </position>
                <position>
                    <lat>50.3123</lat>
                    <lon>19.5721</lon>
                    <date>2013-07-11T12:29:29+02:00</date>
                    <speedMph>296</speedMph>
                    <altitudeFt>9650</altitudeFt>
                </position>
                <position>
                    <lat>50.3144</lat>
                    <lon>19.5646</lon>
                    <date>2013-07-11T12:29:19+02:00</date>
                    <speedMph>296</speedMph>
                    <altitudeFt>9730</altitudeFt>
                </position>
                <position>
                    <lat>50.3212</lat>
                    <lon>19.541</lon>
                    <date>2013-07-11T12:29:09+02:00</date>
                    <speedMph>304</speedMph>
                    <altitudeFt>9900</altitudeFt>
                </position>
                <position>
                    <lat>50.3259</lat>
                    <lon>19.5244</lon>
                    <date>2013-07-11T12:28:59+02:00</date>
                    <speedMph>308</speedMph>
                    <altitudeFt>10050</altitudeFt>
                </position>
                <position>
                    <lat>50.3448</lat>
                    <lon>19.4572</lon>
                    <date>2013-07-11T12:28:29+02:00</date>
                    <speedMph>328</speedMph>
                    <altitudeFt>10480</altitudeFt>
                </position>
                <position>
                    <lat>50.365</lat>
                    <lon>19.386</lon>
                    <date>2013-07-11T12:27:59+02:00</date>
                    <speedMph>324</speedMph>
                    <altitudeFt>11580</altitudeFt>
                </position>
                <position>
                    <lat>50.3814</lat>
                    <lon>19.3281</lon>
                    <date>2013-07-11T12:27:29+02:00</date>
                    <speedMph>320</speedMph>
                    <altitudeFt>12530</altitudeFt>
                </position>
                <position>
                    <lat>50.3985</lat>
                    <lon>19.2676</lon>
                    <date>2013-07-11T12:26:59+02:00</date>
                    <speedMph>328</speedMph>
                    <altitudeFt>13230</altitudeFt>
                </position>
                <position>
                    <lat>50.4184</lat>
                    <lon>19.1967</lon>
                    <date>2013-07-11T12:26:29+02:00</date>
                    <speedMph>332</speedMph>
                    <altitudeFt>14080</altitudeFt>
                </position>
                <position>
                    <lat>50.4383</lat>
                    <lon>19.1256</lon>
                    <date>2013-07-11T12:25:59+02:00</date>
                    <speedMph>336</speedMph>
                    <altitudeFt>14980</altitudeFt>
                </position>
                <position>
                    <lat>50.4758</lat>
                    <lon>18.9912</lon>
                    <date>2013-07-11T12:24:59+02:00</date>
                    <speedMph>344</speedMph>
                    <altitudeFt>16600</altitudeFt>
                </position>
                <position>
                    <lat>50.5143</lat>
                    <lon>18.8522</lon>
                    <date>2013-07-11T12:23:59+02:00</date>
                    <speedMph>352</speedMph>
                    <altitudeFt>18380</altitudeFt>
                </position>
                <position>
                    <lat>50.5504</lat>
                    <lon>18.7209</lon>
                    <date>2013-07-11T12:22:59+02:00</date>
                    <speedMph>344</speedMph>
                    <altitudeFt>20400</altitudeFt>
                </position>
                <position>
                    <lat>50.589</lat>
                    <lon>18.58</lon>
                    <date>2013-07-11T12:21:59+02:00</date>
                    <speedMph>348</speedMph>
                    <altitudeFt>22180</altitudeFt>
                </position>
                <position>
                    <lat>50.6275</lat>
                    <lon>18.4377</lon>
                    <date>2013-07-11T12:20:59+02:00</date>
                    <speedMph>356</speedMph>
                    <altitudeFt>23880</altitudeFt>
                </position>
                <position>
                    <lat>50.6676</lat>
                    <lon>18.2926</lon>
                    <date>2013-07-11T12:19:59+02:00</date>
                    <speedMph>368</speedMph>
                    <altitudeFt>25100</altitudeFt>
                </position>
                <position>
                    <lat>50.7066</lat>
                    <lon>18.1387</lon>
                    <date>2013-07-11T12:18:59+02:00</date>
                    <speedMph>392</speedMph>
                    <altitudeFt>26550</altitudeFt>
                </position>
                <position>
                    <lat>50.7587</lat>
                    <lon>17.9136</lon>
                    <date>2013-07-11T12:17:59+02:00</date>
                    <speedMph>420</speedMph>
                    <altitudeFt>28830</altitudeFt>
                </position>
                <position>
                    <lat>50.8597</lat>
                    <lon>17.4719</lon>
                    <date>2013-07-11T12:16:59+02:00</date>
                    <speedMph>448</speedMph>
                    <altitudeFt>34130</altitudeFt>
                </position>
                <position>
                    <lat>50.88</lat>
                    <lon>17.382</lon>
                    <date>2013-07-11T12:14:39+02:00</date>
                    <speedMph>452</speedMph>
                    <altitudeFt>35130</altitudeFt>
                </position>
                <position>
                    <lat>50.9212</lat>
                    <lon>17.1976</lon>
                    <date>2013-07-11T12:13:39+02:00</date>
                    <speedMph>464</speedMph>
                    <altitudeFt>36950</altitudeFt>
                </position>
                <position>
                    <lat>50.9645</lat>
                    <lon>17.0016</lon>
                    <date>2013-07-11T12:12:39+02:00</date>
                    <speedMph>464</speedMph>
                    <altitudeFt>37000</altitudeFt>
                </position>
                <position>
                    <lat>51.0333</lat>
                    <lon>16.6891</lon>
                    <date>2013-07-11T12:11:39+02:00</date>
                    <speedMph>464</speedMph>
                    <altitudeFt>37000</altitudeFt>
                </position>
                <position>
                    <lat>51.0626</lat>
                    <lon>16.554</lon>
                    <date>2013-07-11T12:10:28+02:00</date>
                    <speedMph>464</speedMph>
                    <altitudeFt>37000</altitudeFt>
                </position>
                <position>
                    <lat>51.0978</lat>
                    <lon>16.39</lon>
                    <date>2013-07-11T12:09:28+02:00</date>
                    <speedMph>460</speedMph>
                    <altitudeFt>37000</altitudeFt>
                </position>
                <position>
                    <lat>51.1385</lat>
                    <lon>16.1989</lon>
                    <date>2013-07-11T12:08:28+02:00</date>
                    <speedMph>460</speedMph>
                    <altitudeFt>37000</altitudeFt>
                </position>
                <position>
                    <lat>51.1804</lat>
                    <lon>16.0005</lon>
                    <date>2013-07-11T12:07:28+02:00</date>
                    <speedMph>460</speedMph>
                    <altitudeFt>37000</altitudeFt>
                </position>
                <position>
                    <lat>51.2192</lat>
                    <lon>15.8153</lon>
                    <date>2013-07-11T12:06:28+02:00</date>
                    <speedMph>460</speedMph>
                    <altitudeFt>37000</altitudeFt>
                </position>
                <position>
                    <lat>51.2618</lat>
                    <lon>15.6102</lon>
                    <date>2013-07-11T12:05:28+02:00</date>
                    <speedMph>460</speedMph>
                    <altitudeFt>37000</altitudeFt>
                </position>
                <position>
                    <lat>51.3007</lat>
                    <lon>15.4223</lon>
                    <date>2013-07-11T12:04:28+02:00</date>
                    <speedMph>460</speedMph>
                    <altitudeFt>37000</altitudeFt>
                </position>
                <position>
                    <lat>51.3406</lat>
                    <lon>15.2241</lon>
                    <date>2013-07-11T12:03:28+02:00</date>
                    <speedMph>460</speedMph>
                    <altitudeFt>37000</altitudeFt>
                </position>
                <position>
                    <lat>51.3881</lat>
                    <lon>14.9906</lon>
                    <date>2013-07-11T12:02:28+02:00</date>
                    <speedMph>456</speedMph>
                    <altitudeFt>37000</altitudeFt>
                </position>
                <position>
                    <lat>51.4734</lat>
                    <lon>14.5568</lon>
                    <date>2013-07-11T12:00:56+02:00</date>
                    <speedMph>452</speedMph>
                    <altitudeFt>37000</altitudeFt>
                </position>
                <position>
                    <lat>51.4796</lat>
                    <lon>14.5248</lon>
                    <date>2013-07-11T11:59:52+02:00</date>
                    <speedMph>452</speedMph>
                    <altitudeFt>37000</altitudeFt>
                </position>
                <position>
                    <lat>51.5165</lat>
                    <lon>14.3349</lon>
                    <date>2013-07-11T11:58:52+02:00</date>
                    <speedMph>452</speedMph>
                    <altitudeFt>37000</altitudeFt>
                </position>
                <position>
                    <lat>51.5528</lat>
                    <lon>14.1461</lon>
                    <date>2013-07-11T11:57:52+02:00</date>
                    <speedMph>452</speedMph>
                    <altitudeFt>37000</altitudeFt>
                </position>
                <position>
                    <lat>51.5894</lat>
                    <lon>13.9531</lon>
                    <date>2013-07-11T11:56:52+02:00</date>
                    <speedMph>452</speedMph>
                    <altitudeFt>37000</altitudeFt>
                </position>
                <position>
                    <lat>51.6237</lat>
                    <lon>13.7708</lon>
                    <date>2013-07-11T11:55:52+02:00</date>
                    <speedMph>456</speedMph>
                    <altitudeFt>37000</altitudeFt>
                </position>
                <position>
                    <lat>51.6608</lat>
                    <lon>13.5724</lon>
                    <date>2013-07-11T11:54:52+02:00</date>
                    <speedMph>460</speedMph>
                    <altitudeFt>37000</altitudeFt>
                </position>
                <position>
                    <lat>51.697</lat>
                    <lon>13.3776</lon>
                    <date>2013-07-11T11:53:52+02:00</date>
                    <speedMph>456</speedMph>
                    <altitudeFt>37000</altitudeFt>
                </position>
                <position>
                    <lat>51.7321</lat>
                    <lon>13.1838</lon>
                    <date>2013-07-11T11:52:52+02:00</date>
                    <speedMph>456</speedMph>
                    <altitudeFt>37000</altitudeFt>
                </position>
                <position>
                    <lat>51.7674</lat>
                    <lon>12.9897</lon>
                    <date>2013-07-11T11:51:52+02:00</date>
                    <speedMph>456</speedMph>
                    <altitudeFt>37000</altitudeFt>
                </position>
                <position>
                    <lat>51.804</lat>
                    <lon>12.7844</lon>
                    <date>2013-07-11T11:50:52+02:00</date>
                    <speedMph>456</speedMph>
                    <altitudeFt>37000</altitudeFt>
                </position>
                <position>
                    <lat>51.8372</lat>
                    <lon>12.5974</lon>
                    <date>2013-07-11T11:49:52+02:00</date>
                    <speedMph>452</speedMph>
                    <altitudeFt>37000</altitudeFt>
                </position>
                <position>
                    <lat>51.8712</lat>
                    <lon>12.4031</lon>
                    <date>2013-07-11T11:48:52+02:00</date>
                    <speedMph>448</speedMph>
                    <altitudeFt>37000</altitudeFt>
                </position>
                <position>
                    <lat>51.9048</lat>
                    <lon>12.209</lon>
                    <date>2013-07-11T11:47:52+02:00</date>
                    <speedMph>448</speedMph>
                    <altitudeFt>37000</altitudeFt>
                </position>
                <position>
                    <lat>51.937</lat>
                    <lon>12.0194</lon>
                    <date>2013-07-11T11:46:52+02:00</date>
                    <speedMph>448</speedMph>
                    <altitudeFt>37000</altitudeFt>
                </position>
                <position>
                    <lat>51.9982</lat>
                    <lon>11.6559</lon>
                    <date>2013-07-11T11:45:52+02:00</date>
                    <speedMph>448</speedMph>
                    <altitudeFt>37000</altitudeFt>
                </position>
                <position>
                    <lat>52.0063</lat>
                    <lon>11.607</lon>
                    <date>2013-07-11T11:44:46+02:00</date>
                    <speedMph>444</speedMph>
                    <altitudeFt>37000</altitudeFt>
                </position>
                <position>
                    <lat>52.0379</lat>
                    <lon>11.4166</lon>
                    <date>2013-07-11T11:43:46+02:00</date>
                    <speedMph>440</speedMph>
                    <altitudeFt>37000</altitudeFt>
                </position>
                <position>
                    <lat>52.0648</lat>
                    <lon>11.2199</lon>
                    <date>2013-07-11T11:42:46+02:00</date>
                    <speedMph>432</speedMph>
                    <altitudeFt>37000</altitudeFt>
                </position>
                <position>
                    <lat>52.0873</lat>
                    <lon>11.0302</lon>
                    <date>2013-07-11T11:41:46+02:00</date>
                    <speedMph>432</speedMph>
                    <altitudeFt>37000</altitudeFt>
                </position>
                <position>
                    <lat>52.1094</lat>
                    <lon>10.8412</lon>
                    <date>2013-07-11T11:40:46+02:00</date>
                    <speedMph>428</speedMph>
                    <altitudeFt>37000</altitudeFt>
                </position>
                <position>
                    <lat>52.1309</lat>
                    <lon>10.6538</lon>
                    <date>2013-07-11T11:39:46+02:00</date>
                    <speedMph>428</speedMph>
                    <altitudeFt>37000</altitudeFt>
                </position>
                <position>
                    <lat>52.1539</lat>
                    <lon>10.4482</lon>
                    <date>2013-07-11T11:38:46+02:00</date>
                    <speedMph>428</speedMph>
                    <altitudeFt>37000</altitudeFt>
                </position>
                <position>
                    <lat>52.1727</lat>
                    <lon>10.2795</lon>
                    <date>2013-07-11T11:37:46+02:00</date>
                    <speedMph>432</speedMph>
                    <altitudeFt>37000</altitudeFt>
                </position>
                <position>
                    <lat>52.1954</lat>
                    <lon>10.0731</lon>
                    <date>2013-07-11T11:36:46+02:00</date>
                    <speedMph>436</speedMph>
                    <altitudeFt>37000</altitudeFt>
                </position>
                <position>
                    <lat>52.2144</lat>
                    <lon>9.8949</lon>
                    <date>2013-07-11T11:35:46+02:00</date>
                    <speedMph>436</speedMph>
                    <altitudeFt>37000</altitudeFt>
                </position>
                <position>
                    <lat>52.2371</lat>
                    <lon>9.6833</lon>
                    <date>2013-07-11T11:34:46+02:00</date>
                    <speedMph>436</speedMph>
                    <altitudeFt>37000</altitudeFt>
                </position>
                <position>
                    <lat>52.2561</lat>
                    <lon>9.5007</lon>
                    <date>2013-07-11T11:33:46+02:00</date>
                    <speedMph>436</speedMph>
                    <altitudeFt>37000</altitudeFt>
                </position>
                <position>
                    <lat>52.2767</lat>
                    <lon>9.3015</lon>
                    <date>2013-07-11T11:32:46+02:00</date>
                    <speedMph>436</speedMph>
                    <altitudeFt>37000</altitudeFt>
                </position>
                <position>
                    <lat>52.299</lat>
                    <lon>9.0801</lon>
                    <date>2013-07-11T11:31:46+02:00</date>
                    <speedMph>436</speedMph>
                    <altitudeFt>37000</altitudeFt>
                </position>
                <position>
                    <lat>52.3143</lat>
                    <lon>8.9254</lon>
                    <date>2013-07-11T11:30:46+02:00</date>
                    <speedMph>436</speedMph>
                    <altitudeFt>37000</altitudeFt>
                </position>
                <position>
                    <lat>52.3333</lat>
                    <lon>8.7298</lon>
                    <date>2013-07-11T11:29:46+02:00</date>
                    <speedMph>436</speedMph>
                    <altitudeFt>37000</altitudeFt>
                </position>
                <position>
                    <lat>52.3531</lat>
                    <lon>8.5246</lon>
                    <date>2013-07-11T11:28:46+02:00</date>
                    <speedMph>436</speedMph>
                    <altitudeFt>37000</altitudeFt>
                </position>
                <position>
                    <lat>52.3705</lat>
                    <lon>8.3394</lon>
                    <date>2013-07-11T11:27:46+02:00</date>
                    <speedMph>436</speedMph>
                    <altitudeFt>37000</altitudeFt>
                </position>
                <position>
                    <lat>52.3898</lat>
                    <lon>8.13</lon>
                    <date>2013-07-11T11:26:46+02:00</date>
                    <speedMph>436</speedMph>
                    <altitudeFt>37000</altitudeFt>
                </position>
                <position>
                    <lat>52.406</lat>
                    <lon>7.9511</lon>
                    <date>2013-07-11T11:25:46+02:00</date>
                    <speedMph>432</speedMph>
                    <altitudeFt>37000</altitudeFt>
                </position>
                <position>
                    <lat>52.4251</lat>
                    <lon>7.7374</lon>
                    <date>2013-07-11T11:24:46+02:00</date>
                    <speedMph>432</speedMph>
                    <altitudeFt>37000</altitudeFt>
                </position>
                <position>
                    <lat>52.4411</lat>
                    <lon>7.5525</lon>
                    <date>2013-07-11T11:23:46+02:00</date>
                    <speedMph>432</speedMph>
                    <altitudeFt>37000</altitudeFt>
                </position>
                <position>
                    <lat>52.4578</lat>
                    <lon>7.3578</lon>
                    <date>2013-07-11T11:22:46+02:00</date>
                    <speedMph>432</speedMph>
                    <altitudeFt>37000</altitudeFt>
                </position>
                <position>
                    <lat>52.4739</lat>
                    <lon>7.1655</lon>
                    <date>2013-07-11T11:21:46+02:00</date>
                    <speedMph>428</speedMph>
                    <altitudeFt>37000</altitudeFt>
                </position>
                <position>
                    <lat>52.4891</lat>
                    <lon>6.9801</lon>
                    <date>2013-07-11T11:20:46+02:00</date>
                    <speedMph>428</speedMph>
                    <altitudeFt>37000</altitudeFt>
                </position>
                <position>
                    <lat>52.5051</lat>
                    <lon>6.7801</lon>
                    <date>2013-07-11T11:19:46+02:00</date>
                    <speedMph>432</speedMph>
                    <altitudeFt>37000</altitudeFt>
                </position>
                <position>
                    <lat>52.5196</lat>
                    <lon>6.5987</lon>
                    <date>2013-07-11T11:18:46+02:00</date>
                    <speedMph>432</speedMph>
                    <altitudeFt>37000</altitudeFt>
                </position>
                <position>
                    <lat>52.5496</lat>
                    <lon>6.2045</lon>
                    <date>2013-07-11T11:17:46+02:00</date>
                    <speedMph>428</speedMph>
                    <altitudeFt>37000</altitudeFt>
                </position>
                <position>
                    <lat>52.5733</lat>
                    <lon>5.8805</lon>
                    <date>2013-07-11T11:16:42+02:00</date>
                    <speedMph>424</speedMph>
                    <altitudeFt>37000</altitudeFt>
                </position>
                <position>
                    <lat>52.5737</lat>
                    <lon>5.8748</lon>
                    <date>2013-07-11T11:15:03+02:00</date>
                    <speedMph>424</speedMph>
                    <altitudeFt>37000</altitudeFt>
                </position>
                <position>
                    <lat>52.5882</lat>
                    <lon>5.6703</lon>
                    <date>2013-07-11T11:14:03+02:00</date>
                    <speedMph>428</speedMph>
                    <altitudeFt>37000</altitudeFt>
                </position>
                <position>
                    <lat>52.6009</lat>
                    <lon>5.487</lon>
                    <date>2013-07-11T11:13:03+02:00</date>
                    <speedMph>428</speedMph>
                    <altitudeFt>37000</altitudeFt>
                </position>
                <position>
                    <lat>52.6142</lat>
                    <lon>5.2885</lon>
                    <date>2013-07-11T11:12:03+02:00</date>
                    <speedMph>432</speedMph>
                    <altitudeFt>37000</altitudeFt>
                </position>
                <position>
                    <lat>52.6262</lat>
                    <lon>5.1066</lon>
                    <date>2013-07-11T11:11:03+02:00</date>
                    <speedMph>432</speedMph>
                    <altitudeFt>37000</altitudeFt>
                </position>
                <position>
                    <lat>52.6393</lat>
                    <lon>4.9038</lon>
                    <date>2013-07-11T11:10:03+02:00</date>
                    <speedMph>432</speedMph>
                    <altitudeFt>37000</altitudeFt>
                </position>
                <position>
                    <lat>52.6518</lat>
                    <lon>4.7062</lon>
                    <date>2013-07-11T11:09:03+02:00</date>
                    <speedMph>432</speedMph>
                    <altitudeFt>37000</altitudeFt>
                </position>
                <position>
                    <lat>52.6637</lat>
                    <lon>4.5162</lon>
                    <date>2013-07-11T11:08:03+02:00</date>
                    <speedMph>428</speedMph>
                    <altitudeFt>37000</altitudeFt>
                </position>
                <position>
                    <lat>52.6755</lat>
                    <lon>4.315</lon>
                    <date>2013-07-11T11:07:03+02:00</date>
                    <speedMph>424</speedMph>
                    <altitudeFt>37000</altitudeFt>
                </position>
                <position>
                    <lat>52.6865</lat>
                    <lon>4.1221</lon>
                    <date>2013-07-11T11:06:03+02:00</date>
                    <speedMph>424</speedMph>
                    <altitudeFt>37000</altitudeFt>
                </position>
                <position>
                    <lat>52.6987</lat>
                    <lon>3.9305</lon>
                    <date>2013-07-11T11:05:03+02:00</date>
                    <speedMph>428</speedMph>
                    <altitudeFt>36080</altitudeFt>
                </position>
                <position>
                    <lat>52.7127</lat>
                    <lon>3.6893</lon>
                    <date>2013-07-11T11:04:03+02:00</date>
                    <speedMph>428</speedMph>
                    <altitudeFt>35000</altitudeFt>
                </position>
                <position>
                    <lat>52.7347</lat>
                    <lon>3.2608</lon>
                    <date>2013-07-11T11:03:03+02:00</date>
                    <speedMph>428</speedMph>
                    <altitudeFt>35000</altitudeFt>
                </position>
                <position>
                    <lat>52.7378</lat>
                    <lon>3.1992</lon>
                    <date>2013-07-11T11:02:02+02:00</date>
                    <speedMph>428</speedMph>
                    <altitudeFt>35000</altitudeFt>
                </position>
                <position>
                    <lat>52.7495</lat>
                    <lon>2.9549</lon>
                    <date>2013-07-11T11:01:02+02:00</date>
                    <speedMph>428</speedMph>
                    <altitudeFt>35000</altitudeFt>
                </position>
                <position>
                    <lat>52.7498</lat>
                    <lon>2.9485</lon>
                    <date>2013-07-11T10:59:59+02:00</date>
                    <speedMph>428</speedMph>
                    <altitudeFt>35000</altitudeFt>
                </position>
                <position>
                    <lat>52.7619</lat>
                    <lon>2.7492</lon>
                    <date>2013-07-11T10:58:59+02:00</date>
                    <speedMph>432</speedMph>
                    <altitudeFt>35000</altitudeFt>
                </position>
                <position>
                    <lat>52.7848</lat>
                    <lon>2.5532</lon>
                    <date>2013-07-11T10:57:59+02:00</date>
                    <speedMph>432</speedMph>
                    <altitudeFt>35000</altitudeFt>
                </position>
                <position>
                    <lat>52.8064</lat>
                    <lon>2.3637</lon>
                    <date>2013-07-11T10:56:59+02:00</date>
                    <speedMph>432</speedMph>
                    <altitudeFt>35000</altitudeFt>
                </position>
                <position>
                    <lat>52.8293</lat>
                    <lon>2.1642</lon>
                    <date>2013-07-11T10:55:59+02:00</date>
                    <speedMph>432</speedMph>
                    <altitudeFt>35000</altitudeFt>
                </position>
                <position>
                    <lat>52.8512</lat>
                    <lon>1.9707</lon>
                    <date>2013-07-11T10:54:59+02:00</date>
                    <speedMph>432</speedMph>
                    <altitudeFt>35000</altitudeFt>
                </position>
                <position>
                    <lat>52.8709</lat>
                    <lon>1.7821</lon>
                    <date>2013-07-11T10:53:59+02:00</date>
                    <speedMph>436</speedMph>
                    <altitudeFt>35000</altitudeFt>
                </position>
                <position>
                    <lat>52.9083</lat>
                    <lon>1.5856</lon>
                    <date>2013-07-11T10:52:59+02:00</date>
                    <speedMph>436</speedMph>
                    <altitudeFt>35000</altitudeFt>
                </position>
                <position>
                    <lat>52.9463</lat>
                    <lon>1.3992</lon>
                    <date>2013-07-11T10:51:59+02:00</date>
                    <speedMph>436</speedMph>
                    <altitudeFt>35000</altitudeFt>
                </position>
                <position>
                    <lat>52.9848</lat>
                    <lon>1.2073</lon>
                    <date>2013-07-11T10:50:59+02:00</date>
                    <speedMph>436</speedMph>
                    <altitudeFt>35000</altitudeFt>
                </position>
                <position>
                    <lat>53.021</lat>
                    <lon>1.0265</lon>
                    <date>2013-07-11T10:49:59+02:00</date>
                    <speedMph>436</speedMph>
                    <altitudeFt>35000</altitudeFt>
                </position>
                <position>
                    <lat>53.0596</lat>
                    <lon>0.829</lon>
                    <date>2013-07-11T10:48:59+02:00</date>
                    <speedMph>440</speedMph>
                    <altitudeFt>35000</altitudeFt>
                </position>
                <position>
                    <lat>53.087</lat>
                    <lon>0.6332</lon>
                    <date>2013-07-11T10:47:59+02:00</date>
                    <speedMph>448</speedMph>
                    <altitudeFt>35000</altitudeFt>
                </position>
                <position>
                    <lat>53.1138</lat>
                    <lon>0.4302</lon>
                    <date>2013-07-11T10:46:59+02:00</date>
                    <speedMph>448</speedMph>
                    <altitudeFt>34380</altitudeFt>
                </position>
                <position>
                    <lat>53.1476</lat>
                    <lon>0.1728</lon>
                    <date>2013-07-11T10:45:59+02:00</date>
                    <speedMph>452</speedMph>
                    <altitudeFt>32430</altitudeFt>
                </position>
                <position>
                    <lat>53.1674</lat>
                    <lon>0.0254</lon>
                    <date>2013-07-11T10:44:59+02:00</date>
                    <speedMph>456</speedMph>
                    <altitudeFt>31180</altitudeFt>
                </position>
                <position>
                    <lat>53.1949</lat>
                    <lon>-0.1826</lon>
                    <date>2013-07-11T10:43:59+02:00</date>
                    <speedMph>456</speedMph>
                    <altitudeFt>29580</altitudeFt>
                </position>
                <position>
                    <lat>53.2232</lat>
                    <lon>-0.395</lon>
                    <date>2013-07-11T10:42:59+02:00</date>
                    <speedMph>448</speedMph>
                    <altitudeFt>28030</altitudeFt>
                </position>
                <position>
                    <lat>53.2486</lat>
                    <lon>-0.5802</lon>
                    <date>2013-07-11T10:41:59+02:00</date>
                    <speedMph>436</speedMph>
                    <altitudeFt>26750</altitudeFt>
                </position>
                <position>
                    <lat>53.2827</lat>
                    <lon>-0.7904</lon>
                    <date>2013-07-11T10:40:59+02:00</date>
                    <speedMph>432</speedMph>
                    <altitudeFt>25230</altitudeFt>
                </position>
                <position>
                    <lat>53.3104</lat>
                    <lon>-0.9631</lon>
                    <date>2013-07-11T10:39:59+02:00</date>
                    <speedMph>424</speedMph>
                    <altitudeFt>23350</altitudeFt>
                </position>
                <position>
                    <lat>53.3398</lat>
                    <lon>-1.1495</lon>
                    <date>2013-07-11T10:38:59+02:00</date>
                    <speedMph>404</speedMph>
                    <altitudeFt>21400</altitudeFt>
                </position>
                <position>
                    <lat>53.37</lat>
                    <lon>-1.344</lon>
                    <date>2013-07-11T10:37:59+02:00</date>
                    <speedMph>388</speedMph>
                    <altitudeFt>19000</altitudeFt>
                </position>
                <position>
                    <lat>53.3971</lat>
                    <lon>-1.5143</lon>
                    <date>2013-07-11T10:36:59+02:00</date>
                    <speedMph>372</speedMph>
                    <altitudeFt>16580</altitudeFt>
                </position>
                <position>
                    <lat>53.4083</lat>
                    <lon>-1.6761</lon>
                    <date>2013-07-11T10:35:59+02:00</date>
                    <speedMph>340</speedMph>
                    <altitudeFt>14230</altitudeFt>
                </position>
                <position>
                    <lat>53.4117</lat>
                    <lon>-1.7407</lon>
                    <date>2013-07-11T10:35:29+02:00</date>
                    <speedMph>332</speedMph>
                    <altitudeFt>13050</altitudeFt>
                </position>
                <position>
                    <lat>53.4167</lat>
                    <lon>-1.8314</lon>
                    <date>2013-07-11T10:34:59+02:00</date>
                    <speedMph>324</speedMph>
                    <altitudeFt>11330</altitudeFt>
                </position>
                <position>
                    <lat>53.4212</lat>
                    <lon>-1.9016</lon>
                    <date>2013-07-11T10:34:29+02:00</date>
                    <speedMph>280</speedMph>
                    <altitudeFt>10680</altitudeFt>
                </position>
                <position>
                    <lat>53.4254</lat>
                    <lon>-1.9631</lon>
                    <date>2013-07-11T10:33:59+02:00</date>
                    <speedMph>268</speedMph>
                    <altitudeFt>9250</altitudeFt>
                </position>
                <position>
                    <lat>53.4268</lat>
                    <lon>-1.9842</lon>
                    <date>2013-07-11T10:33:49+02:00</date>
                    <speedMph>268</speedMph>
                    <altitudeFt>8650</altitudeFt>
                </position>
                <position>
                    <lat>53.4282</lat>
                    <lon>-2.0044</lon>
                    <date>2013-07-11T10:33:39+02:00</date>
                    <speedMph>264</speedMph>
                    <altitudeFt>8080</altitudeFt>
                </position>
                <position>
                    <lat>53.4296</lat>
                    <lon>-2.0256</lon>
                    <date>2013-07-11T10:33:29+02:00</date>
                    <speedMph>264</speedMph>
                    <altitudeFt>7480</altitudeFt>
                </position>
                <position>
                    <lat>53.4309</lat>
                    <lon>-2.046</lon>
                    <date>2013-07-11T10:33:19+02:00</date>
                    <speedMph>264</speedMph>
                    <altitudeFt>6930</altitudeFt>
                </position>
                <position>
                    <lat>53.4331</lat>
                    <lon>-2.0862</lon>
                    <date>2013-07-11T10:33:04+02:00</date>
                    <speedMph>256</speedMph>
                    <altitudeFt>5850</altitudeFt>
                </position>
                <position>
                    <lat>53.4327</lat>
                    <lon>-2.096</lon>
                    <date>2013-07-11T10:32:54+02:00</date>
                    <speedMph>248</speedMph>
                    <altitudeFt>5580</altitudeFt>
                </position>
                <position>
                    <lat>53.4294</lat>
                    <lon>-2.1134</lon>
                    <date>2013-07-11T10:32:44+02:00</date>
                    <speedMph>240</speedMph>
                    <altitudeFt>5080</altitudeFt>
                </position>
                <position>
                    <lat>53.426</lat>
                    <lon>-2.1224</lon>
                    <date>2013-07-11T10:32:34+02:00</date>
                    <speedMph>228</speedMph>
                    <altitudeFt>4900</altitudeFt>
                </position>
                <position>
                    <lat>53.4231</lat>
                    <lon>-2.1286</lon>
                    <date>2013-07-11T10:32:29+02:00</date>
                    <speedMph>220</speedMph>
                    <altitudeFt>4830</altitudeFt>
                </position>
                <position>
                    <lat>53.4168</lat>
                    <lon>-2.1418</lon>
                    <date>2013-07-11T10:32:24+02:00</date>
                    <speedMph>208</speedMph>
                    <altitudeFt>4550</altitudeFt>
                </position>
                <position>
                    <lat>53.414</lat>
                    <lon>-2.1478</lon>
                    <date>2013-07-11T10:32:14+02:00</date>
                    <speedMph>208</speedMph>
                    <altitudeFt>4330</altitudeFt>
                </position>
                <position>
                    <lat>53.4109</lat>
                    <lon>-2.1544</lon>
                    <date>2013-07-11T10:32:09+02:00</date>
                    <speedMph>208</speedMph>
                    <altitudeFt>4030</altitudeFt>
                </position>
                <position>
                    <lat>53.4048</lat>
                    <lon>-2.1673</lon>
                    <date>2013-07-11T10:32:04+02:00</date>
                    <speedMph>212</speedMph>
                    <altitudeFt>3430</altitudeFt>
                </position>
                <position>
                    <lat>53.4018</lat>
                    <lon>-2.1734</lon>
                    <date>2013-07-11T10:31:54+02:00</date>
                    <speedMph>212</speedMph>
                    <altitudeFt>3130</altitudeFt>
                </position>
                <position>
                    <lat>53.3955</lat>
                    <lon>-2.187</lon>
                    <date>2013-07-11T10:31:49+02:00</date>
                    <speedMph>212</speedMph>
                    <altitudeFt>2500</altitudeFt>
                </position>
                <position>
                    <lat>53.3923</lat>
                    <lon>-2.1938</lon>
                    <date>2013-07-11T10:31:44+02:00</date>
                    <speedMph>212</speedMph>
                    <altitudeFt>2180</altitudeFt>
                </position>
                <position>
                    <lat>53.3894</lat>
                    <lon>-2.1999</lon>
                    <date>2013-07-11T10:31:34+02:00</date>
                    <speedMph>216</speedMph>
                    <altitudeFt>2000</altitudeFt>
                </position>
                <position>
                    <lat>53.3865</lat>
                    <lon>-2.2062</lon>
                    <date>2013-07-11T10:31:29+02:00</date>
                    <speedMph>212</speedMph>
                    <altitudeFt>1830</altitudeFt>
                </position>
                <position>
                    <lat>53.3806</lat>
                    <lon>-2.2191</lon>
                    <date>2013-07-11T10:31:24+02:00</date>
                    <speedMph>196</speedMph>
                    <altitudeFt>1550</altitudeFt>
                </position>
                <position>
                    <lat>53.3777</lat>
                    <lon>-2.2251</lon>
                    <date>2013-07-11T10:31:14+02:00</date>
                    <speedMph>188</speedMph>
                    <altitudeFt>1450</altitudeFt>
                </position>
                <position>
                    <lat>53.3721</lat>
                    <lon>-2.2367</lon>
                    <date>2013-07-11T10:31:09+02:00</date>
                    <speedMph>172</speedMph>
                    <altitudeFt>1250</altitudeFt>
                </position>
                <position>
                    <lat>53.3698</lat>
                    <lon>-2.2415</lon>
                    <date>2013-07-11T10:31:04+02:00</date>
                    <speedMph>164</speedMph>
                    <altitudeFt>1080</altitudeFt>
                </position>
                <position>
                    <lat>53.3674</lat>
                    <lon>-2.2466</lon>
                    <date>2013-07-11T10:30:59+02:00</date>
                    <speedMph>164</speedMph>
                    <altitudeFt>930</altitudeFt>
                </position>
                <position>
                    <lat>53.3651</lat>
                    <lon>-2.2515</lon>
                    <date>2013-07-11T10:30:54+02:00</date>
                    <speedMph>160</speedMph>
                    <altitudeFt>730</altitudeFt>
                </position>
                <position>
                    <lat>53.3628</lat>
                    <lon>-2.2564</lon>
                    <date>2013-07-11T10:30:49+02:00</date>
                    <speedMph>164</speedMph>
                    <altitudeFt>480</altitudeFt>
                </position>
                <position>
                    <lat>53.3602</lat>
                    <lon>-2.2617</lon>
                    <date>2013-07-11T10:30:44+02:00</date>
                    <speedMph>160</speedMph>
                    <altitudeFt>200</altitudeFt>
                </position>
                <position>
                    <lat>53.3574</lat>
                    <lon>-2.2673</lon>
                    <date>2013-07-11T10:30:34+02:00</date>
                    <speedMph>164</speedMph>
                    <altitudeFt>0</altitudeFt>
                </position>
                <position>
                    <lat>53.3557</lat>
                    <lon>-2.2708</lon>
                    <date>2013-07-11T10:30:29+02:00</date>
                    <speedMph>144</speedMph>
                    <altitudeFt>0</altitudeFt>
                </position>
                <position>
                    <lat>53.3509</lat>
                    <lon>-2.2807</lon>
                    <date>2013-07-11T10:30:24+02:00</date>
                    <speedMph>120</speedMph>
                    <altitudeFt>0</altitudeFt>
                </position>
                <position>
                    <lat>53.3494</lat>
                    <lon>-2.2839</lon>
                    <date>2013-07-11T10:30:19+02:00</date>
                    <speedMph>100</speedMph>
                    <altitudeFt>0</altitudeFt>
                </position>
                <position>
                    <lat>53.3476</lat>
                    <lon>-2.2875</lon>
                    <date>2013-07-11T10:30:09+02:00</date>
                    <speedMph>76</speedMph>
                    <altitudeFt>0</altitudeFt>
                </position>
                <position>
                    <lat>53.3462</lat>
                    <lon>-2.2906</lon>
                    <date>2013-07-11T10:30:04+02:00</date>
                    <speedMph>40</speedMph>
                    <altitudeFt>0</altitudeFt>
                </position>
                <position>
                    <lat>53.3453</lat>
                    <lon>-2.2925</lon>
                    <date>2013-07-11T10:29:39+02:00</date>
                    <speedMph>8</speedMph>
                    <altitudeFt>0</altitudeFt>
                </position>
                <position>
                    <lat>53.3465</lat>
                    <lon>-2.2934</lon>
                    <date>2013-07-11T10:29:14+02:00</date>
                    <speedMph>16</speedMph>
                    <altitudeFt>0</altitudeFt>
                </position>
                <position>
                    <lat>53.3472</lat>
                    <lon>-2.2928</lon>
                    <date>2013-07-11T10:29:09+02:00</date>
                    <speedMph>16</speedMph>
                    <altitudeFt>0</altitudeFt>
                </position>
                <position>
                    <lat>53.3477</lat>
                    <lon>-2.2919</lon>
                    <date>2013-07-11T10:29:04+02:00</date>
                    <speedMph>24</speedMph>
                    <altitudeFt>0</altitudeFt>
                </position>
                <position>
                    <lat>53.3482</lat>
                    <lon>-2.291</lon>
                    <date>2013-07-11T10:28:54+02:00</date>
                    <speedMph>28</speedMph>
                    <altitudeFt>0</altitudeFt>
                </position>
                <position>
                    <lat>53.3486</lat>
                    <lon>-2.2901</lon>
                    <date>2013-07-11T10:28:49+02:00</date>
                    <speedMph>24</speedMph>
                    <altitudeFt>0</altitudeFt>
                </position>
                <position>
                    <lat>53.349</lat>
                    <lon>-2.2895</lon>
                    <date>2013-07-11T10:28:39+02:00</date>
                    <speedMph>24</speedMph>
                    <altitudeFt>0</altitudeFt>
                </position>
                <position>
                    <lat>53.3494</lat>
                    <lon>-2.2887</lon>
                    <date>2013-07-11T10:28:34+02:00</date>
                    <speedMph>24</speedMph>
                    <altitudeFt>0</altitudeFt>
                </position>
                <position>
                    <lat>53.3502</lat>
                    <lon>-2.2874</lon>
                    <date>2013-07-11T10:28:29+02:00</date>
                    <speedMph>24</speedMph>
                    <altitudeFt>0</altitudeFt>
                </position>
                <position>
                    <lat>53.3505</lat>
                    <lon>-2.2867</lon>
                    <date>2013-07-11T10:28:19+02:00</date>
                    <speedMph>24</speedMph>
                    <altitudeFt>0</altitudeFt>
                </position>
                <position>
                    <lat>53.3514</lat>
                    <lon>-2.285</lon>
                    <date>2013-07-11T10:28:14+02:00</date>
                    <speedMph>24</speedMph>
                    <altitudeFt>0</altitudeFt>
                </position>
                <position>
                    <lat>53.3516</lat>
                    <lon>-2.2845</lon>
                    <date>2013-07-11T10:28:09+02:00</date>
                    <speedMph>24</speedMph>
                    <altitudeFt>0</altitudeFt>
                </position>
                <position>
                    <lat>53.352</lat>
                    <lon>-2.2837</lon>
                    <date>2013-07-11T10:28:04+02:00</date>
                    <speedMph>24</speedMph>
                    <altitudeFt>0</altitudeFt>
                </position>
                <position>
                    <lat>53.3523</lat>
                    <lon>-2.283</lon>
                    <date>2013-07-11T10:27:54+02:00</date>
                    <speedMph>24</speedMph>
                    <altitudeFt>0</altitudeFt>
                </position>
                <position>
                    <lat>53.3531</lat>
                    <lon>-2.2816</lon>
                    <date>2013-07-11T10:27:49+02:00</date>
                    <speedMph>24</speedMph>
                    <altitudeFt>0</altitudeFt>
                </position>
                <position>
                    <lat>53.3535</lat>
                    <lon>-2.281</lon>
                    <date>2013-07-11T10:27:39+02:00</date>
                    <speedMph>24</speedMph>
                    <altitudeFt>0</altitudeFt>
                </position>
                <position>
                    <lat>53.354</lat>
                    <lon>-2.2802</lon>
                    <date>2013-07-11T10:27:34+02:00</date>
                    <speedMph>24</speedMph>
                    <altitudeFt>0</altitudeFt>
                </position>
                <position>
                    <lat>53.3546</lat>
                    <lon>-2.2792</lon>
                    <date>2013-07-11T10:27:29+02:00</date>
                    <speedMph>20</speedMph>
                    <altitudeFt>0</altitudeFt>
                </position>
                <position>
                    <lat>53.3552</lat>
                    <lon>-2.2781</lon>
                    <date>2013-07-11T10:27:14+02:00</date>
                    <speedMph>20</speedMph>
                    <altitudeFt>0</altitudeFt>
                </position>
                <position>
                    <lat>53.3562</lat>
                    <lon>-2.2765</lon>
                    <date>2013-07-11T10:26:59+02:00</date>
                    <speedMph>20</speedMph>
                    <altitudeFt>0</altitudeFt>
                </position>
                <position>
                    <lat>53.357</lat>
                    <lon>-2.275</lon>
                    <date>2013-07-11T10:26:44+02:00</date>
                    <speedMph>16</speedMph>
                    <altitudeFt>0</altitudeFt>
                </position>
                <position>
                    <lat>53.3574</lat>
                    <lon>-2.2741</lon>
                    <date>2013-07-11T10:26:39+02:00</date>
                    <speedMph>16</speedMph>
                    <altitudeFt>0</altitudeFt>
                </position>
                <position>
                    <lat>53.3579</lat>
                    <lon>-2.2731</lon>
                    <date>2013-07-11T10:26:24+02:00</date>
                    <speedMph>12</speedMph>
                    <altitudeFt>0</altitudeFt>
                </position>
                <position>
                    <lat>53.358</lat>
                    <lon>-2.2716</lon>
                    <date>2013-07-11T10:26:04+02:00</date>
                    <speedMph>12</speedMph>
                    <altitudeFt>0</altitudeFt>
                </position>
                <position>
                    <lat>53.358</lat>
                    <lon>-2.2708</lon>
                    <date>2013-07-11T10:25:59+02:00</date>
                    <speedMph>12</speedMph>
                    <altitudeFt>0</altitudeFt>
                </position>
                <position>
                    <lat>53.3581</lat>
                    <lon>-2.2707</lon>
                    <date>2013-07-11T10:25:49+02:00</date>
                    <speedMph>12</speedMph>
                    <altitudeFt>0</altitudeFt>
                </position>
                <position>
                    <lat>53.3582</lat>
                    <lon>-2.2703</lon>
                    <date>2013-07-11T10:25:44+02:00</date>
                    <speedMph>12</speedMph>
                    <altitudeFt>0</altitudeFt>
                </position>
                <position>
                    <lat>53.3585</lat>
                    <lon>-2.2695</lon>
                    <date>2013-07-11T10:25:39+02:00</date>
                    <speedMph>12</speedMph>
                    <altitudeFt>0</altitudeFt>
                </position>
                <position>
                    <lat>53.3587</lat>
                    <lon>-2.2691</lon>
                    <date>2013-07-11T10:25:29+02:00</date>
                    <speedMph>12</speedMph>
                    <altitudeFt>0</altitudeFt>
                </position>
                <position>
                    <lat>53.3591</lat>
                    <lon>-2.2682</lon>
                    <date>2013-07-11T10:25:24+02:00</date>
                    <speedMph>12</speedMph>
                    <altitudeFt>0</altitudeFt>
                </position>
                <position>
                    <lat>53.3597</lat>
                    <lon>-2.2672</lon>
                    <date>2013-07-11T10:24:59+02:00</date>
                    <speedMph>20</speedMph>
                    <altitudeFt>0</altitudeFt>
                </position>
                <position>
                    <lat>53.3597</lat>
                    <lon>-2.2672</lon>
                    <date>2013-07-11T10:24:54+02:00</date>
                    <speedMph>20</speedMph>
                    <altitudeFt>0</altitudeFt>
                </position>
                <position>
                    <lat>53.36</lat>
                    <lon>-2.2675</lon>
                    <date>2013-07-11T10:24:44+02:00</date>
                    <speedMph>24</speedMph>
                    <altitudeFt>0</altitudeFt>
                </position>
                <position>
                    <lat>53.3602</lat>
                    <lon>-2.2674</lon>
                    <date>2013-07-11T10:24:39+02:00</date>
                    <speedMph>24</speedMph>
                    <altitudeFt>0</altitudeFt>
                </position>
                <position>
                    <lat>53.3606</lat>
                    <lon>-2.2668</lon>
                    <date>2013-07-11T10:24:29+02:00</date>
                    <speedMph>4</speedMph>
                    <altitudeFt>0</altitudeFt>
                </position>
                <position>
                    <lat>53.3607</lat>
                    <lon>-2.2666</lon>
                    <date>2013-07-11T10:24:19+02:00</date>
                    <speedMph>0</speedMph>
                    <altitudeFt>0</altitudeFt>
                </position>
                <position>
                    <lat>53.3607</lat>
                    <lon>-2.2665</lon>
                    <date>2013-07-11T10:21:09+02:00</date>
                    <speedMph>0</speedMph>
                    <altitudeFt>0</altitudeFt>
                </position>
                <position>
                    <lat>53.3606</lat>
                    <lon>-2.2669</lon>
                    <date>2013-07-11T10:20:44+02:00</date>
                    <speedMph>12</speedMph>
                    <altitudeFt>0</altitudeFt>
                </position>
                <position>
                    <lat>53.3606</lat>
                    <lon>-2.2675</lon>
                    <date>2013-07-11T10:20:29+02:00</date>
                    <speedMph>4</speedMph>
                    <altitudeFt>0</altitudeFt>
                </position>
                <position>
                    <lat>53.3606</lat>
                    <lon>-2.2675</lon>
                    <date>2013-07-11T10:20:24+02:00</date>
                    <speedMph>4</speedMph>
                    <altitudeFt>0</altitudeFt>
                </position>
                <position>
                    <lat>53.3607</lat>
                    <lon>-2.2676</lon>
                    <date>2013-07-11T10:20:14+02:00</date>
                    <speedMph>4</speedMph>
                    <altitudeFt>0</altitudeFt>
                </position>
                <position>
                    <lat>53.3608</lat>
                    <lon>-2.2678</lon>
                    <date>2013-07-11T10:20:09+02:00</date>
                    <speedMph>4</speedMph>
                    <altitudeFt>0</altitudeFt>
                </position>
                <position>
                    <lat>53.3608</lat>
                    <lon>-2.2678</lon>
                    <date>2013-07-11T10:20:04+02:00</date>
                    <speedMph>4</speedMph>
                    <altitudeFt>0</altitudeFt>
                </position>
                <position>
                    <lat>53.3609</lat>
                    <lon>-2.2679</lon>
                    <date>2013-07-11T10:19:59+02:00</date>
                    <speedMph>4</speedMph>
                    <altitudeFt>0</altitudeFt>
                </position>
                <position>
                    <lat>53.3609</lat>
                    <lon>-2.268</lon>
                    <date>2013-07-11T10:19:54+02:00</date>
                    <speedMph>0</speedMph>
                    <altitudeFt>0</altitudeFt>
                </position>
                <position>
                    <lat>53.3609</lat>
                    <lon>-2.268</lon>
                    <date>2013-07-11T10:19:19+02:00</date>
                    <speedMph>0</speedMph>
                    <altitudeFt>0</altitudeFt>
                </position>
            </positions>
        </flightTrack>
    </flightTracks>
</flightstatslog>
