<?xml version="1.0" encoding="UTF-8" standalone="yes"?>
<flightstatslog>
    <appendix>
        <airports>
            <airport>
                <fs>FCO</fs>
                <latitude>41.804475</latitude>
                <longitude>12.250797</longitude>
                <city>Rome</city>
            </airport>
            <airport>
                <fs>IST</fs>
                <latitude>40.976922</latitude>
                <longitude>28.814606</longitude>
                <city>Istanbul</city>
            </airport>
        </airports>
    </appendix>
    <flightTracks>
        <flightTrack>
            <flightId>4958802</flightId>
            <departureAirportFsCode>FCO</departureAirportFsCode>
            <arrivalAirportFsCode>IST</arrivalAirportFsCode>
            <positions>
                <position>
                    <lat>40.9753</lat>
                    <lon>28.8172</lon>
                    <date>2013-07-11T13:31:18+02:00</date>
                    <speedMph>12</speedMph>
                    <altitudeFt>0</altitudeFt>
                </position>
                <position>
                    <lat>40.9745</lat>
                    <lon>28.8143</lon>
                    <date>2013-07-11T13:30:53+02:00</date>
                    <speedMph>8</speedMph>
                    <altitudeFt>0</altitudeFt>
                </position>
                <position>
                    <lat>40.9745</lat>
                    <lon>28.8143</lon>
                    <date>2013-07-11T13:30:48+02:00</date>
                    <speedMph>8</speedMph>
                    <altitudeFt>0</altitudeFt>
                </position>
                <position>
                    <lat>40.974</lat>
                    <lon>28.8143</lon>
                    <date>2013-07-11T13:30:28+02:00</date>
                    <speedMph>4</speedMph>
                    <altitudeFt>0</altitudeFt>
                </position>
                <position>
                    <lat>40.9736</lat>
                    <lon>28.8144</lon>
                    <date>2013-07-11T13:29:47+02:00</date>
                    <speedMph>8</speedMph>
                    <altitudeFt>0</altitudeFt>
                </position>
                <position>
                    <lat>40.9723</lat>
                    <lon>28.8144</lon>
                    <date>2013-07-11T13:28:42+02:00</date>
                    <speedMph>0</speedMph>
                    <altitudeFt>0</altitudeFt>
                </position>
                <position>
                    <lat>40.9722</lat>
                    <lon>28.8144</lon>
                    <date>2013-07-11T13:28:32+02:00</date>
                    <speedMph>8</speedMph>
                    <altitudeFt>0</altitudeFt>
                </position>
                <position>
                    <lat>40.9712</lat>
                    <lon>28.8144</lon>
                    <date>2013-07-11T13:28:22+02:00</date>
                    <speedMph>16</speedMph>
                    <altitudeFt>0</altitudeFt>
                </position>
                <position>
                    <lat>40.9702</lat>
                    <lon>28.8154</lon>
                    <date>2013-07-11T13:27:57+02:00</date>
                    <speedMph>20</speedMph>
                    <altitudeFt>0</altitudeFt>
                </position>
                <position>
                    <lat>40.9725</lat>
                    <lon>28.8205</lon>
                    <date>2013-07-11T13:27:02+02:00</date>
                    <speedMph>20</speedMph>
                    <altitudeFt>0</altitudeFt>
                </position>
                <position>
                    <lat>40.9727</lat>
                    <lon>28.8211</lon>
                    <date>2013-07-11T13:26:57+02:00</date>
                    <speedMph>24</speedMph>
                    <altitudeFt>0</altitudeFt>
                </position>
                <position>
                    <lat>40.9734</lat>
                    <lon>28.8227</lon>
                    <date>2013-07-11T13:26:47+02:00</date>
                    <speedMph>28</speedMph>
                    <altitudeFt>0</altitudeFt>
                </position>
                <position>
                    <lat>40.9768</lat>
                    <lon>28.831</lon>
                    <date>2013-07-11T13:25:02+02:00</date>
                    <speedMph>16</speedMph>
                    <altitudeFt>0</altitudeFt>
                </position>
                <position>
                    <lat>40.9729</lat>
                    <lon>28.8256</lon>
                    <date>2013-07-11T13:24:27+02:00</date>
                    <speedMph>80</speedMph>
                    <altitudeFt>0</altitudeFt>
                </position>
                <position>
                    <lat>40.9569</lat>
                    <lon>28.7912</lon>
                    <date>2013-07-11T13:23:37+02:00</date>
                    <speedMph>128</speedMph>
                    <altitudeFt>550</altitudeFt>
                </position>
                <position>
                    <lat>40.9551</lat>
                    <lon>28.7874</lon>
                    <date>2013-07-11T13:23:27+02:00</date>
                    <speedMph>132</speedMph>
                    <altitudeFt>630</altitudeFt>
                </position>
                <position>
                    <lat>40.9515</lat>
                    <lon>28.7794</lon>
                    <date>2013-07-11T13:23:17+02:00</date>
                    <speedMph>132</speedMph>
                    <altitudeFt>750</altitudeFt>
                </position>
                <position>
                    <lat>40.9508</lat>
                    <lon>28.7779</lon>
                    <date>2013-07-11T13:23:12+02:00</date>
                    <speedMph>136</speedMph>
                    <altitudeFt>780</altitudeFt>
                </position>
                <position>
                    <lat>40.947</lat>
                    <lon>28.7696</lon>
                    <date>2013-07-11T13:23:02+02:00</date>
                    <speedMph>132</speedMph>
                    <altitudeFt>930</altitudeFt>
                </position>
                <position>
                    <lat>40.9429</lat>
                    <lon>28.7609</lon>
                    <date>2013-07-11T13:22:47+02:00</date>
                    <speedMph>132</speedMph>
                    <altitudeFt>1050</altitudeFt>
                </position>
                <position>
                    <lat>40.9399</lat>
                    <lon>28.7545</lon>
                    <date>2013-07-11T13:22:42+02:00</date>
                    <speedMph>132</speedMph>
                    <altitudeFt>1200</altitudeFt>
                </position>
                <position>
                    <lat>40.938</lat>
                    <lon>28.7504</lon>
                    <date>2013-07-11T13:22:32+02:00</date>
                    <speedMph>132</speedMph>
                    <altitudeFt>1280</altitudeFt>
                </position>
                <position>
                    <lat>40.9348</lat>
                    <lon>28.7435</lon>
                    <date>2013-07-11T13:22:27+02:00</date>
                    <speedMph>140</speedMph>
                    <altitudeFt>1380</altitudeFt>
                </position>
                <position>
                    <lat>40.928</lat>
                    <lon>28.7289</lon>
                    <date>2013-07-11T13:22:07+02:00</date>
                    <speedMph>140</speedMph>
                    <altitudeFt>1600</altitudeFt>
                </position>
                <position>
                    <lat>40.926</lat>
                    <lon>28.7246</lon>
                    <date>2013-07-11T13:22:02+02:00</date>
                    <speedMph>144</speedMph>
                    <altitudeFt>1680</altitudeFt>
                </position>
                <position>
                    <lat>40.9255</lat>
                    <lon>28.7235</lon>
                    <date>2013-07-11T13:21:57+02:00</date>
                    <speedMph>144</speedMph>
                    <altitudeFt>1700</altitudeFt>
                </position>
                <position>
                    <lat>40.9238</lat>
                    <lon>28.7199</lon>
                    <date>2013-07-11T13:21:52+02:00</date>
                    <speedMph>144</speedMph>
                    <altitudeFt>1780</altitudeFt>
                </position>
                <position>
                    <lat>40.9184</lat>
                    <lon>28.7081</lon>
                    <date>2013-07-11T13:21:37+02:00</date>
                    <speedMph>156</speedMph>
                    <altitudeFt>1980</altitudeFt>
                </position>
                <position>
                    <lat>40.9129</lat>
                    <lon>28.6964</lon>
                    <date>2013-07-11T13:21:22+02:00</date>
                    <speedMph>160</speedMph>
                    <altitudeFt>2180</altitudeFt>
                </position>
                <position>
                    <lat>40.9072</lat>
                    <lon>28.6842</lon>
                    <date>2013-07-11T13:21:12+02:00</date>
                    <speedMph>160</speedMph>
                    <altitudeFt>2380</altitudeFt>
                </position>
                <position>
                    <lat>40.9035</lat>
                    <lon>28.6761</lon>
                    <date>2013-07-11T13:20:57+02:00</date>
                    <speedMph>164</speedMph>
                    <altitudeFt>2500</altitudeFt>
                </position>
                <position>
                    <lat>40.9007</lat>
                    <lon>28.6702</lon>
                    <date>2013-07-11T13:20:52+02:00</date>
                    <speedMph>160</speedMph>
                    <altitudeFt>2600</altitudeFt>
                </position>
                <position>
                    <lat>40.8989</lat>
                    <lon>28.6663</lon>
                    <date>2013-07-11T13:20:47+02:00</date>
                    <speedMph>164</speedMph>
                    <altitudeFt>2680</altitudeFt>
                </position>
                <position>
                    <lat>40.8941</lat>
                    <lon>28.656</lon>
                    <date>2013-07-11T13:20:37+02:00</date>
                    <speedMph>160</speedMph>
                    <altitudeFt>2850</altitudeFt>
                </position>
                <position>
                    <lat>40.8929</lat>
                    <lon>28.6535</lon>
                    <date>2013-07-11T13:20:32+02:00</date>
                    <speedMph>160</speedMph>
                    <altitudeFt>2900</altitudeFt>
                </position>
                <position>
                    <lat>40.8916</lat>
                    <lon>28.6506</lon>
                    <date>2013-07-11T13:20:27+02:00</date>
                    <speedMph>164</speedMph>
                    <altitudeFt>2950</altitudeFt>
                </position>
                <position>
                    <lat>40.8869</lat>
                    <lon>28.6406</lon>
                    <date>2013-07-11T13:20:17+02:00</date>
                    <speedMph>164</speedMph>
                    <altitudeFt>3150</altitudeFt>
                </position>
                <position>
                    <lat>40.8823</lat>
                    <lon>28.6309</lon>
                    <date>2013-07-11T13:20:12+02:00</date>
                    <speedMph>164</speedMph>
                    <altitudeFt>3300</altitudeFt>
                </position>
                <position>
                    <lat>40.8772</lat>
                    <lon>28.6198</lon>
                    <date>2013-07-11T13:19:52+02:00</date>
                    <speedMph>160</speedMph>
                    <altitudeFt>3480</altitudeFt>
                </position>
                <position>
                    <lat>40.8725</lat>
                    <lon>28.6098</lon>
                    <date>2013-07-11T13:19:42+02:00</date>
                    <speedMph>164</speedMph>
                    <altitudeFt>3630</altitudeFt>
                </position>
                <position>
                    <lat>40.8711</lat>
                    <lon>28.6068</lon>
                    <date>2013-07-11T13:19:37+02:00</date>
                    <speedMph>164</speedMph>
                    <altitudeFt>3680</altitudeFt>
                </position>
                <position>
                    <lat>40.8685</lat>
                    <lon>28.6011</lon>
                    <date>2013-07-11T13:19:32+02:00</date>
                    <speedMph>164</speedMph>
                    <altitudeFt>3800</altitudeFt>
                </position>
                <position>
                    <lat>40.867</lat>
                    <lon>28.5978</lon>
                    <date>2013-07-11T13:19:27+02:00</date>
                    <speedMph>164</speedMph>
                    <altitudeFt>3850</altitudeFt>
                </position>
                <position>
                    <lat>40.8635</lat>
                    <lon>28.5902</lon>
                    <date>2013-07-11T13:19:17+02:00</date>
                    <speedMph>172</speedMph>
                    <altitudeFt>3980</altitudeFt>
                </position>
                <position>
                    <lat>40.861</lat>
                    <lon>28.5848</lon>
                    <date>2013-07-11T13:19:12+02:00</date>
                    <speedMph>180</speedMph>
                    <altitudeFt>4050</altitudeFt>
                </position>
                <position>
                    <lat>40.8556</lat>
                    <lon>28.5734</lon>
                    <date>2013-07-11T13:19:02+02:00</date>
                    <speedMph>188</speedMph>
                    <altitudeFt>4280</altitudeFt>
                </position>
                <position>
                    <lat>40.8528</lat>
                    <lon>28.5675</lon>
                    <date>2013-07-11T13:18:52+02:00</date>
                    <speedMph>200</speedMph>
                    <altitudeFt>4400</altitudeFt>
                </position>
                <position>
                    <lat>40.8469</lat>
                    <lon>28.5548</lon>
                    <date>2013-07-11T13:18:42+02:00</date>
                    <speedMph>208</speedMph>
                    <altitudeFt>4600</altitudeFt>
                </position>
                <position>
                    <lat>40.8373</lat>
                    <lon>28.5344</lon>
                    <date>2013-07-11T13:18:27+02:00</date>
                    <speedMph>216</speedMph>
                    <altitudeFt>5000</altitudeFt>
                </position>
                <position>
                    <lat>40.8345</lat>
                    <lon>28.5283</lon>
                    <date>2013-07-11T13:18:17+02:00</date>
                    <speedMph>220</speedMph>
                    <altitudeFt>5150</altitudeFt>
                </position>
                <position>
                    <lat>40.8281</lat>
                    <lon>28.5146</lon>
                    <date>2013-07-11T13:18:07+02:00</date>
                    <speedMph>224</speedMph>
                    <altitudeFt>5400</altitudeFt>
                </position>
                <position>
                    <lat>40.8229</lat>
                    <lon>28.5035</lon>
                    <date>2013-07-11T13:17:57+02:00</date>
                    <speedMph>224</speedMph>
                    <altitudeFt>5580</altitudeFt>
                </position>
                <position>
                    <lat>40.8189</lat>
                    <lon>28.4948</lon>
                    <date>2013-07-11T13:17:47+02:00</date>
                    <speedMph>228</speedMph>
                    <altitudeFt>5700</altitudeFt>
                </position>
                <position>
                    <lat>40.8086</lat>
                    <lon>28.4729</lon>
                    <date>2013-07-11T13:17:37+02:00</date>
                    <speedMph>232</speedMph>
                    <altitudeFt>6050</altitudeFt>
                </position>
                <position>
                    <lat>40.8042</lat>
                    <lon>28.4636</lon>
                    <date>2013-07-11T13:17:27+02:00</date>
                    <speedMph>236</speedMph>
                    <altitudeFt>6180</altitudeFt>
                </position>
                <position>
                    <lat>40.8001</lat>
                    <lon>28.4549</lon>
                    <date>2013-07-11T13:17:17+02:00</date>
                    <speedMph>236</speedMph>
                    <altitudeFt>6280</altitudeFt>
                </position>
                <position>
                    <lat>40.7907</lat>
                    <lon>28.4346</lon>
                    <date>2013-07-11T13:17:07+02:00</date>
                    <speedMph>244</speedMph>
                    <altitudeFt>6600</altitudeFt>
                </position>
                <position>
                    <lat>40.7868</lat>
                    <lon>28.4266</lon>
                    <date>2013-07-11T13:16:57+02:00</date>
                    <speedMph>240</speedMph>
                    <altitudeFt>6750</altitudeFt>
                </position>
                <position>
                    <lat>40.7799</lat>
                    <lon>28.4118</lon>
                    <date>2013-07-11T13:16:47+02:00</date>
                    <speedMph>240</speedMph>
                    <altitudeFt>7030</altitudeFt>
                </position>
                <position>
                    <lat>40.7728</lat>
                    <lon>28.396</lon>
                    <date>2013-07-11T13:16:37+02:00</date>
                    <speedMph>240</speedMph>
                    <altitudeFt>7300</altitudeFt>
                </position>
                <position>
                    <lat>40.7723</lat>
                    <lon>28.3947</lon>
                    <date>2013-07-11T13:16:27+02:00</date>
                    <speedMph>244</speedMph>
                    <altitudeFt>7300</altitudeFt>
                </position>
                <position>
                    <lat>40.7667</lat>
                    <lon>28.3811</lon>
                    <date>2013-07-11T13:16:17+02:00</date>
                    <speedMph>240</speedMph>
                    <altitudeFt>7530</altitudeFt>
                </position>
                <position>
                    <lat>40.7611</lat>
                    <lon>28.3635</lon>
                    <date>2013-07-11T13:16:07+02:00</date>
                    <speedMph>248</speedMph>
                    <altitudeFt>7730</altitudeFt>
                </position>
                <position>
                    <lat>40.7579</lat>
                    <lon>28.3479</lon>
                    <date>2013-07-11T13:15:57+02:00</date>
                    <speedMph>260</speedMph>
                    <altitudeFt>7850</altitudeFt>
                </position>
                <position>
                    <lat>40.7586</lat>
                    <lon>28.3169</lon>
                    <date>2013-07-11T13:15:47+02:00</date>
                    <speedMph>280</speedMph>
                    <altitudeFt>8030</altitudeFt>
                </position>
                <position>
                    <lat>40.7646</lat>
                    <lon>28.3001</lon>
                    <date>2013-07-11T13:15:37+02:00</date>
                    <speedMph>280</speedMph>
                    <altitudeFt>8150</altitudeFt>
                </position>
                <position>
                    <lat>40.7807</lat>
                    <lon>28.2808</lon>
                    <date>2013-07-11T13:15:27+02:00</date>
                    <speedMph>280</speedMph>
                    <altitudeFt>8380</altitudeFt>
                </position>
                <position>
                    <lat>40.7893</lat>
                    <lon>28.2753</lon>
                    <date>2013-07-11T13:15:02+02:00</date>
                    <speedMph>288</speedMph>
                    <altitudeFt>8550</altitudeFt>
                </position>
                <position>
                    <lat>40.8161</lat>
                    <lon>28.2706</lon>
                    <date>2013-07-11T13:14:42+02:00</date>
                    <speedMph>280</speedMph>
                    <altitudeFt>9080</altitudeFt>
                </position>
                <position>
                    <lat>40.8247</lat>
                    <lon>28.2731</lon>
                    <date>2013-07-11T13:14:32+02:00</date>
                    <speedMph>280</speedMph>
                    <altitudeFt>9250</altitudeFt>
                </position>
                <position>
                    <lat>40.8527</lat>
                    <lon>28.2897</lon>
                    <date>2013-07-11T13:14:17+02:00</date>
                    <speedMph>288</speedMph>
                    <altitudeFt>9980</altitudeFt>
                </position>
                <position>
                    <lat>40.8571</lat>
                    <lon>28.2924</lon>
                    <date>2013-07-11T13:14:07+02:00</date>
                    <speedMph>288</speedMph>
                    <altitudeFt>10080</altitudeFt>
                </position>
                <position>
                    <lat>40.9081</lat>
                    <lon>28.3157</lon>
                    <date>2013-07-11T13:13:37+02:00</date>
                    <speedMph>300</speedMph>
                    <altitudeFt>10850</altitudeFt>
                </position>
                <position>
                    <lat>40.9314</lat>
                    <lon>28.3061</lon>
                    <date>2013-07-11T13:13:07+02:00</date>
                    <speedMph>312</speedMph>
                    <altitudeFt>11180</altitudeFt>
                </position>
                <position>
                    <lat>40.963</lat>
                    <lon>28.2624</lon>
                    <date>2013-07-11T13:12:37+02:00</date>
                    <speedMph>328</speedMph>
                    <altitudeFt>12100</altitudeFt>
                </position>
                <position>
                    <lat>41.0314</lat>
                    <lon>28.1393</lon>
                    <date>2013-07-11T13:12:07+02:00</date>
                    <speedMph>388</speedMph>
                    <altitudeFt>15030</altitudeFt>
                </position>
                <position>
                    <lat>41.038</lat>
                    <lon>28.0611</lon>
                    <date>2013-07-11T13:11:04+02:00</date>
                    <speedMph>396</speedMph>
                    <altitudeFt>17030</altitudeFt>
                </position>
                <position>
                    <lat>41.0408</lat>
                    <lon>27.9198</lon>
                    <date>2013-07-11T13:10:04+02:00</date>
                    <speedMph>404</speedMph>
                    <altitudeFt>20580</altitudeFt>
                </position>
                <position>
                    <lat>41.0219</lat>
                    <lon>27.7812</lon>
                    <date>2013-07-11T13:09:04+02:00</date>
                    <speedMph>412</speedMph>
                    <altitudeFt>21050</altitudeFt>
                </position>
                <position>
                    <lat>41.0014</lat>
                    <lon>27.6352</lon>
                    <date>2013-07-11T13:08:04+02:00</date>
                    <speedMph>416</speedMph>
                    <altitudeFt>22050</altitudeFt>
                </position>
                <position>
                    <lat>40.9806</lat>
                    <lon>27.485</lon>
                    <date>2013-07-11T13:07:04+02:00</date>
                    <speedMph>436</speedMph>
                    <altitudeFt>23350</altitudeFt>
                </position>
                <position>
                    <lat>40.9596</lat>
                    <lon>27.3384</lon>
                    <date>2013-07-11T13:06:04+02:00</date>
                    <speedMph>452</speedMph>
                    <altitudeFt>25150</altitudeFt>
                </position>
                <position>
                    <lat>40.9369</lat>
                    <lon>27.1601</lon>
                    <date>2013-07-11T13:05:04+02:00</date>
                    <speedMph>464</speedMph>
                    <altitudeFt>27630</altitudeFt>
                </position>
                <position>
                    <lat>40.9263</lat>
                    <lon>26.9789</lon>
                    <date>2013-07-11T13:04:04+02:00</date>
                    <speedMph>492</speedMph>
                    <altitudeFt>29200</altitudeFt>
                </position>
                <position>
                    <lat>40.9144</lat>
                    <lon>26.7746</lon>
                    <date>2013-07-11T13:03:04+02:00</date>
                    <speedMph>512</speedMph>
                    <altitudeFt>31330</altitudeFt>
                </position>
                <position>
                    <lat>40.9037</lat>
                    <lon>26.5943</lon>
                    <date>2013-07-11T13:02:04+02:00</date>
                    <speedMph>500</speedMph>
                    <altitudeFt>34100</altitudeFt>
                </position>
                <position>
                    <lat>40.891</lat>
                    <lon>26.3912</lon>
                    <date>2013-07-11T13:01:04+02:00</date>
                    <speedMph>500</speedMph>
                    <altitudeFt>35000</altitudeFt>
                </position>
                <position>
                    <lat>40.8822</lat>
                    <lon>26.2482</lon>
                    <date>2013-07-11T13:00:03+02:00</date>
                    <speedMph>524</speedMph>
                    <altitudeFt>34980</altitudeFt>
                </position>
                <position>
                    <lat>40.8723</lat>
                    <lon>26.0611</lon>
                    <date>2013-07-11T12:59:03+02:00</date>
                    <speedMph>532</speedMph>
                    <altitudeFt>34980</altitudeFt>
                </position>
                <position>
                    <lat>40.8591</lat>
                    <lon>25.8172</lon>
                    <date>2013-07-11T12:58:03+02:00</date>
                    <speedMph>532</speedMph>
                    <altitudeFt>34980</altitudeFt>
                </position>
                <position>
                    <lat>40.8502</lat>
                    <lon>25.6594</lon>
                    <date>2013-07-11T12:57:03+02:00</date>
                    <speedMph>532</speedMph>
                    <altitudeFt>34980</altitudeFt>
                </position>
                <position>
                    <lat>40.8385</lat>
                    <lon>25.4474</lon>
                    <date>2013-07-11T12:56:03+02:00</date>
                    <speedMph>532</speedMph>
                    <altitudeFt>34980</altitudeFt>
                </position>
                <position>
                    <lat>40.8284</lat>
                    <lon>25.2852</lon>
                    <date>2013-07-11T12:55:03+02:00</date>
                    <speedMph>532</speedMph>
                    <altitudeFt>35000</altitudeFt>
                </position>
                <position>
                    <lat>40.8165</lat>
                    <lon>25.0893</lon>
                    <date>2013-07-11T12:54:03+02:00</date>
                    <speedMph>532</speedMph>
                    <altitudeFt>35000</altitudeFt>
                </position>
                <position>
                    <lat>40.8018</lat>
                    <lon>24.8549</lon>
                    <date>2013-07-11T12:53:03+02:00</date>
                    <speedMph>532</speedMph>
                    <altitudeFt>35000</altitudeFt>
                </position>
                <position>
                    <lat>40.7925</lat>
                    <lon>24.7104</lon>
                    <date>2013-07-11T12:52:03+02:00</date>
                    <speedMph>528</speedMph>
                    <altitudeFt>35000</altitudeFt>
                </position>
                <position>
                    <lat>40.7795</lat>
                    <lon>24.5138</lon>
                    <date>2013-07-11T12:51:03+02:00</date>
                    <speedMph>528</speedMph>
                    <altitudeFt>34980</altitudeFt>
                </position>
                <position>
                    <lat>40.7667</lat>
                    <lon>24.3257</lon>
                    <date>2013-07-11T12:50:03+02:00</date>
                    <speedMph>528</speedMph>
                    <altitudeFt>34980</altitudeFt>
                </position>
                <position>
                    <lat>40.7539</lat>
                    <lon>24.1445</lon>
                    <date>2013-07-11T12:49:03+02:00</date>
                    <speedMph>524</speedMph>
                    <altitudeFt>34980</altitudeFt>
                </position>
                <position>
                    <lat>40.7402</lat>
                    <lon>23.9524</lon>
                    <date>2013-07-11T12:48:03+02:00</date>
                    <speedMph>524</speedMph>
                    <altitudeFt>34980</altitudeFt>
                </position>
                <position>
                    <lat>40.7264</lat>
                    <lon>23.7598</lon>
                    <date>2013-07-11T12:47:03+02:00</date>
                    <speedMph>524</speedMph>
                    <altitudeFt>34980</altitudeFt>
                </position>
                <position>
                    <lat>40.7119</lat>
                    <lon>23.5659</lon>
                    <date>2013-07-11T12:46:03+02:00</date>
                    <speedMph>524</speedMph>
                    <altitudeFt>35000</altitudeFt>
                </position>
                <position>
                    <lat>40.6974</lat>
                    <lon>23.3761</lon>
                    <date>2013-07-11T12:45:03+02:00</date>
                    <speedMph>528</speedMph>
                    <altitudeFt>35000</altitudeFt>
                </position>
                <position>
                    <lat>40.6824</lat>
                    <lon>23.1844</lon>
                    <date>2013-07-11T12:44:03+02:00</date>
                    <speedMph>528</speedMph>
                    <altitudeFt>35000</altitudeFt>
                </position>
                <position>
                    <lat>40.6676</lat>
                    <lon>22.9927</lon>
                    <date>2013-07-11T12:43:03+02:00</date>
                    <speedMph>524</speedMph>
                    <altitudeFt>35000</altitudeFt>
                </position>
                <position>
                    <lat>40.6522</lat>
                    <lon>22.8019</lon>
                    <date>2013-07-11T12:42:03+02:00</date>
                    <speedMph>524</speedMph>
                    <altitudeFt>35000</altitudeFt>
                </position>
                <position>
                    <lat>40.637</lat>
                    <lon>22.6222</lon>
                    <date>2013-07-11T12:41:03+02:00</date>
                    <speedMph>524</speedMph>
                    <altitudeFt>34980</altitudeFt>
                </position>
                <position>
                    <lat>40.6201</lat>
                    <lon>22.4229</lon>
                    <date>2013-07-11T12:40:03+02:00</date>
                    <speedMph>528</speedMph>
                    <altitudeFt>35100</altitudeFt>
                </position>
                <position>
                    <lat>40.6035</lat>
                    <lon>22.2303</lon>
                    <date>2013-07-11T12:39:03+02:00</date>
                    <speedMph>532</speedMph>
                    <altitudeFt>36080</altitudeFt>
                </position>
                <position>
                    <lat>40.5875</lat>
                    <lon>22.0478</lon>
                    <date>2013-07-11T12:38:03+02:00</date>
                    <speedMph>532</speedMph>
                    <altitudeFt>36950</altitudeFt>
                </position>
                <position>
                    <lat>40.5698</lat>
                    <lon>21.8515</lon>
                    <date>2013-07-11T12:37:03+02:00</date>
                    <speedMph>536</speedMph>
                    <altitudeFt>37030</altitudeFt>
                </position>
                <position>
                    <lat>40.5513</lat>
                    <lon>21.6485</lon>
                    <date>2013-07-11T12:36:03+02:00</date>
                    <speedMph>536</speedMph>
                    <altitudeFt>37000</altitudeFt>
                </position>
                <position>
                    <lat>40.5346</lat>
                    <lon>21.4663</lon>
                    <date>2013-07-11T12:35:03+02:00</date>
                    <speedMph>532</speedMph>
                    <altitudeFt>37000</altitudeFt>
                </position>
                <position>
                    <lat>40.5152</lat>
                    <lon>21.2635</lon>
                    <date>2013-07-11T12:34:03+02:00</date>
                    <speedMph>532</speedMph>
                    <altitudeFt>36980</altitudeFt>
                </position>
                <position>
                    <lat>40.4975</lat>
                    <lon>21.0823</lon>
                    <date>2013-07-11T12:33:03+02:00</date>
                    <speedMph>532</speedMph>
                    <altitudeFt>36980</altitudeFt>
                </position>
                <position>
                    <lat>40.4856</lat>
                    <lon>20.8856</lon>
                    <date>2013-07-11T12:32:03+02:00</date>
                    <speedMph>524</speedMph>
                    <altitudeFt>36950</altitudeFt>
                </position>
                <position>
                    <lat>40.4985</lat>
                    <lon>20.6998</lon>
                    <date>2013-07-11T12:31:03+02:00</date>
                    <speedMph>520</speedMph>
                    <altitudeFt>36980</altitudeFt>
                </position>
                <position>
                    <lat>40.512</lat>
                    <lon>20.4916</lon>
                    <date>2013-07-11T12:29:59+02:00</date>
                    <speedMph>520</speedMph>
                    <altitudeFt>37000</altitudeFt>
                </position>
                <position>
                    <lat>40.523</lat>
                    <lon>20.319</lon>
                    <date>2013-07-11T12:28:59+02:00</date>
                    <speedMph>520</speedMph>
                    <altitudeFt>37000</altitudeFt>
                </position>
                <position>
                    <lat>40.5356</lat>
                    <lon>20.1114</lon>
                    <date>2013-07-11T12:27:59+02:00</date>
                    <speedMph>520</speedMph>
                    <altitudeFt>37000</altitudeFt>
                </position>
                <position>
                    <lat>40.5463</lat>
                    <lon>19.9368</lon>
                    <date>2013-07-11T12:26:59+02:00</date>
                    <speedMph>520</speedMph>
                    <altitudeFt>37030</altitudeFt>
                </position>
                <position>
                    <lat>40.5581</lat>
                    <lon>19.7342</lon>
                    <date>2013-07-11T12:25:59+02:00</date>
                    <speedMph>516</speedMph>
                    <altitudeFt>37000</altitudeFt>
                </position>
                <position>
                    <lat>40.5689</lat>
                    <lon>19.5456</lon>
                    <date>2013-07-11T12:24:59+02:00</date>
                    <speedMph>512</speedMph>
                    <altitudeFt>37030</altitudeFt>
                </position>
                <position>
                    <lat>40.5786</lat>
                    <lon>19.3672</lon>
                    <date>2013-07-11T12:23:59+02:00</date>
                    <speedMph>508</speedMph>
                    <altitudeFt>37000</altitudeFt>
                </position>
                <position>
                    <lat>40.5889</lat>
                    <lon>19.1836</lon>
                    <date>2013-07-11T12:22:59+02:00</date>
                    <speedMph>504</speedMph>
                    <altitudeFt>36980</altitudeFt>
                </position>
                <position>
                    <lat>40.5982</lat>
                    <lon>19.0044</lon>
                    <date>2013-07-11T12:21:59+02:00</date>
                    <speedMph>500</speedMph>
                    <altitudeFt>36980</altitudeFt>
                </position>
                <position>
                    <lat>40.6035</lat>
                    <lon>18.8254</lon>
                    <date>2013-07-11T12:20:59+02:00</date>
                    <speedMph>496</speedMph>
                    <altitudeFt>36950</altitudeFt>
                </position>
                <position>
                    <lat>40.6084</lat>
                    <lon>18.6454</lon>
                    <date>2013-07-11T12:19:59+02:00</date>
                    <speedMph>496</speedMph>
                    <altitudeFt>36980</altitudeFt>
                </position>
                <position>
                    <lat>40.613</lat>
                    <lon>18.4643</lon>
                    <date>2013-07-11T12:18:59+02:00</date>
                    <speedMph>496</speedMph>
                    <altitudeFt>37000</altitudeFt>
                </position>
                <position>
                    <lat>40.6188</lat>
                    <lon>18.2151</lon>
                    <date>2013-07-11T12:17:59+02:00</date>
                    <speedMph>500</speedMph>
                    <altitudeFt>37000</altitudeFt>
                </position>
                <position>
                    <lat>40.6281</lat>
                    <lon>17.7615</lon>
                    <date>2013-07-11T12:16:59+02:00</date>
                    <speedMph>500</speedMph>
                    <altitudeFt>37000</altitudeFt>
                </position>
                <position>
                    <lat>40.6297</lat>
                    <lon>17.6794</lon>
                    <date>2013-07-11T12:14:39+02:00</date>
                    <speedMph>500</speedMph>
                    <altitudeFt>37000</altitudeFt>
                </position>
                <position>
                    <lat>40.6327</lat>
                    <lon>17.5011</lon>
                    <date>2013-07-11T12:13:39+02:00</date>
                    <speedMph>500</speedMph>
                    <altitudeFt>37000</altitudeFt>
                </position>
                <position>
                    <lat>40.6358</lat>
                    <lon>17.3179</lon>
                    <date>2013-07-11T12:12:39+02:00</date>
                    <speedMph>496</speedMph>
                    <altitudeFt>36980</altitudeFt>
                </position>
                <position>
                    <lat>40.6398</lat>
                    <lon>17.0271</lon>
                    <date>2013-07-11T12:11:39+02:00</date>
                    <speedMph>496</speedMph>
                    <altitudeFt>37000</altitudeFt>
                </position>
                <position>
                    <lat>40.6413</lat>
                    <lon>16.9139</lon>
                    <date>2013-07-11T12:10:28+02:00</date>
                    <speedMph>496</speedMph>
                    <altitudeFt>36980</altitudeFt>
                </position>
                <position>
                    <lat>40.643</lat>
                    <lon>16.7507</lon>
                    <date>2013-07-11T12:09:28+02:00</date>
                    <speedMph>492</speedMph>
                    <altitudeFt>36980</altitudeFt>
                </position>
                <position>
                    <lat>40.6445</lat>
                    <lon>16.5713</lon>
                    <date>2013-07-11T12:08:28+02:00</date>
                    <speedMph>492</speedMph>
                    <altitudeFt>37000</altitudeFt>
                </position>
                <position>
                    <lat>40.646</lat>
                    <lon>16.3778</lon>
                    <date>2013-07-11T12:07:28+02:00</date>
                    <speedMph>492</speedMph>
                    <altitudeFt>37000</altitudeFt>
                </position>
                <position>
                    <lat>40.647</lat>
                    <lon>16.2087</lon>
                    <date>2013-07-11T12:06:28+02:00</date>
                    <speedMph>492</speedMph>
                    <altitudeFt>37000</altitudeFt>
                </position>
                <position>
                    <lat>40.6479</lat>
                    <lon>16.0251</lon>
                    <date>2013-07-11T12:05:28+02:00</date>
                    <speedMph>496</speedMph>
                    <altitudeFt>37000</altitudeFt>
                </position>
                <position>
                    <lat>40.6484</lat>
                    <lon>15.8457</lon>
                    <date>2013-07-11T12:04:28+02:00</date>
                    <speedMph>496</speedMph>
                    <altitudeFt>37000</altitudeFt>
                </position>
                <position>
                    <lat>40.6485</lat>
                    <lon>15.6493</lon>
                    <date>2013-07-11T12:03:28+02:00</date>
                    <speedMph>496</speedMph>
                    <altitudeFt>36980</altitudeFt>
                </position>
                <position>
                    <lat>40.6493</lat>
                    <lon>15.422</lon>
                    <date>2013-07-11T12:02:28+02:00</date>
                    <speedMph>492</speedMph>
                    <altitudeFt>36980</altitudeFt>
                </position>
                <position>
                    <lat>40.6742</lat>
                    <lon>15.0658</lon>
                    <date>2013-07-11T12:01:21+02:00</date>
                    <speedMph>472</speedMph>
                    <altitudeFt>36950</altitudeFt>
                </position>
                <position>
                    <lat>40.6763</lat>
                    <lon>15.0534</lon>
                    <date>2013-07-11T12:00:02+02:00</date>
                    <speedMph>472</speedMph>
                    <altitudeFt>36930</altitudeFt>
                </position>
                <position>
                    <lat>40.7026</lat>
                    <lon>14.8972</lon>
                    <date>2013-07-11T11:59:02+02:00</date>
                    <speedMph>468</speedMph>
                    <altitudeFt>36680</altitudeFt>
                </position>
                <position>
                    <lat>40.7324</lat>
                    <lon>14.7224</lon>
                    <date>2013-07-11T11:58:02+02:00</date>
                    <speedMph>460</speedMph>
                    <altitudeFt>36330</altitudeFt>
                </position>
                <position>
                    <lat>40.7595</lat>
                    <lon>14.5597</lon>
                    <date>2013-07-11T11:57:02+02:00</date>
                    <speedMph>464</speedMph>
                    <altitudeFt>35400</altitudeFt>
                </position>
                <position>
                    <lat>40.7873</lat>
                    <lon>14.3903</lon>
                    <date>2013-07-11T11:56:02+02:00</date>
                    <speedMph>460</speedMph>
                    <altitudeFt>34830</altitudeFt>
                </position>
                <position>
                    <lat>40.8134</lat>
                    <lon>14.2308</lon>
                    <date>2013-07-11T11:55:02+02:00</date>
                    <speedMph>460</speedMph>
                    <altitudeFt>34080</altitudeFt>
                </position>
                <position>
                    <lat>40.8401</lat>
                    <lon>14.0672</lon>
                    <date>2013-07-11T11:54:02+02:00</date>
                    <speedMph>452</speedMph>
                    <altitudeFt>33350</altitudeFt>
                </position>
                <position>
                    <lat>40.8655</lat>
                    <lon>13.9085</lon>
                    <date>2013-07-11T11:53:02+02:00</date>
                    <speedMph>448</speedMph>
                    <altitudeFt>32580</altitudeFt>
                </position>
                <position>
                    <lat>40.8908</lat>
                    <lon>13.7498</lon>
                    <date>2013-07-11T11:52:02+02:00</date>
                    <speedMph>456</speedMph>
                    <altitudeFt>31250</altitudeFt>
                </position>
                <position>
                    <lat>40.9169</lat>
                    <lon>13.5849</lon>
                    <date>2013-07-11T11:51:02+02:00</date>
                    <speedMph>452</speedMph>
                    <altitudeFt>30130</altitudeFt>
                </position>
                <position>
                    <lat>40.9438</lat>
                    <lon>13.4127</lon>
                    <date>2013-07-11T11:50:02+02:00</date>
                    <speedMph>452</speedMph>
                    <altitudeFt>28850</altitudeFt>
                </position>
                <position>
                    <lat>40.968</lat>
                    <lon>13.2566</lon>
                    <date>2013-07-11T11:49:02+02:00</date>
                    <speedMph>436</speedMph>
                    <altitudeFt>27950</altitudeFt>
                </position>
                <position>
                    <lat>40.9904</lat>
                    <lon>13.1107</lon>
                    <date>2013-07-11T11:48:02+02:00</date>
                    <speedMph>428</speedMph>
                    <altitudeFt>26830</altitudeFt>
                </position>
                <position>
                    <lat>41.0138</lat>
                    <lon>12.9564</lon>
                    <date>2013-07-11T11:47:02+02:00</date>
                    <speedMph>420</speedMph>
                    <altitudeFt>25400</altitudeFt>
                </position>
                <position>
                    <lat>41.05</lat>
                    <lon>12.7127</lon>
                    <date>2013-07-11T11:46:02+02:00</date>
                    <speedMph>404</speedMph>
                    <altitudeFt>23000</altitudeFt>
                </position>
                <position>
                    <lat>41.0578</lat>
                    <lon>12.6543</lon>
                    <date>2013-07-11T11:45:01+02:00</date>
                    <speedMph>400</speedMph>
                    <altitudeFt>22200</altitudeFt>
                </position>
                <position>
                    <lat>41.0935</lat>
                    <lon>12.5334</lon>
                    <date>2013-07-11T11:44:01+02:00</date>
                    <speedMph>388</speedMph>
                    <altitudeFt>20650</altitudeFt>
                </position>
                <position>
                    <lat>41.196</lat>
                    <lon>12.4744</lon>
                    <date>2013-07-11T11:43:01+02:00</date>
                    <speedMph>372</speedMph>
                    <altitudeFt>18800</altitudeFt>
                </position>
                <position>
                    <lat>41.2852</lat>
                    <lon>12.4299</lon>
                    <date>2013-07-11T11:42:01+02:00</date>
                    <speedMph>360</speedMph>
                    <altitudeFt>16780</altitudeFt>
                </position>
                <position>
                    <lat>41.381</lat>
                    <lon>12.3822</lon>
                    <date>2013-07-11T11:41:01+02:00</date>
                    <speedMph>348</speedMph>
                    <altitudeFt>14400</altitudeFt>
                </position>
                <position>
                    <lat>41.4263</lat>
                    <lon>12.3596</lon>
                    <date>2013-07-11T11:40:31+02:00</date>
                    <speedMph>340</speedMph>
                    <altitudeFt>13200</altitudeFt>
                </position>
                <position>
                    <lat>41.473</lat>
                    <lon>12.3363</lon>
                    <date>2013-07-11T11:40:01+02:00</date>
                    <speedMph>344</speedMph>
                    <altitudeFt>11600</altitudeFt>
                </position>
                <position>
                    <lat>41.5146</lat>
                    <lon>12.3153</lon>
                    <date>2013-07-11T11:39:31+02:00</date>
                    <speedMph>320</speedMph>
                    <altitudeFt>10750</altitudeFt>
                </position>
                <position>
                    <lat>41.5567</lat>
                    <lon>12.2941</lon>
                    <date>2013-07-11T11:39:01+02:00</date>
                    <speedMph>296</speedMph>
                    <altitudeFt>9880</altitudeFt>
                </position>
                <position>
                    <lat>41.5674</lat>
                    <lon>12.2887</lon>
                    <date>2013-07-11T11:38:51+02:00</date>
                    <speedMph>292</speedMph>
                    <altitudeFt>9550</altitudeFt>
                </position>
                <position>
                    <lat>41.5846</lat>
                    <lon>12.28</lon>
                    <date>2013-07-11T11:38:41+02:00</date>
                    <speedMph>292</speedMph>
                    <altitudeFt>8880</altitudeFt>
                </position>
                <position>
                    <lat>41.5917</lat>
                    <lon>12.2765</lon>
                    <date>2013-07-11T11:38:31+02:00</date>
                    <speedMph>292</speedMph>
                    <altitudeFt>8630</altitudeFt>
                </position>
                <position>
                    <lat>41.6086</lat>
                    <lon>12.268</lon>
                    <date>2013-07-11T11:38:21+02:00</date>
                    <speedMph>288</speedMph>
                    <altitudeFt>8030</altitudeFt>
                </position>
                <position>
                    <lat>41.6276</lat>
                    <lon>12.2584</lon>
                    <date>2013-07-11T11:38:11+02:00</date>
                    <speedMph>288</speedMph>
                    <altitudeFt>7250</altitudeFt>
                </position>
                <position>
                    <lat>41.6328</lat>
                    <lon>12.2559</lon>
                    <date>2013-07-11T11:38:01+02:00</date>
                    <speedMph>284</speedMph>
                    <altitudeFt>7050</altitudeFt>
                </position>
                <position>
                    <lat>41.6431</lat>
                    <lon>12.2508</lon>
                    <date>2013-07-11T11:37:51+02:00</date>
                    <speedMph>284</speedMph>
                    <altitudeFt>6680</altitudeFt>
                </position>
                <position>
                    <lat>41.6573</lat>
                    <lon>12.2436</lon>
                    <date>2013-07-11T11:37:41+02:00</date>
                    <speedMph>280</speedMph>
                    <altitudeFt>6100</altitudeFt>
                </position>
                <position>
                    <lat>41.6677</lat>
                    <lon>12.2384</lon>
                    <date>2013-07-11T11:37:31+02:00</date>
                    <speedMph>280</speedMph>
                    <altitudeFt>5700</altitudeFt>
                </position>
                <position>
                    <lat>41.6814</lat>
                    <lon>12.2315</lon>
                    <date>2013-07-11T11:37:21+02:00</date>
                    <speedMph>272</speedMph>
                    <altitudeFt>5200</altitudeFt>
                </position>
                <position>
                    <lat>41.6905</lat>
                    <lon>12.2268</lon>
                    <date>2013-07-11T11:37:11+02:00</date>
                    <speedMph>268</speedMph>
                    <altitudeFt>4900</altitudeFt>
                </position>
                <position>
                    <lat>41.6959</lat>
                    <lon>12.2241</lon>
                    <date>2013-07-11T11:37:06+02:00</date>
                    <speedMph>264</speedMph>
                    <altitudeFt>4730</altitudeFt>
                </position>
                <position>
                    <lat>41.7048</lat>
                    <lon>12.2195</lon>
                    <date>2013-07-11T11:37:01+02:00</date>
                    <speedMph>252</speedMph>
                    <altitudeFt>4500</altitudeFt>
                </position>
                <position>
                    <lat>41.7089</lat>
                    <lon>12.2174</lon>
                    <date>2013-07-11T11:36:56+02:00</date>
                    <speedMph>248</speedMph>
                    <altitudeFt>4430</altitudeFt>
                </position>
                <position>
                    <lat>41.7135</lat>
                    <lon>12.2149</lon>
                    <date>2013-07-11T11:36:51+02:00</date>
                    <speedMph>244</speedMph>
                    <altitudeFt>4300</altitudeFt>
                </position>
                <position>
                    <lat>41.7228</lat>
                    <lon>12.2099</lon>
                    <date>2013-07-11T11:36:46+02:00</date>
                    <speedMph>228</speedMph>
                    <altitudeFt>4150</altitudeFt>
                </position>
                <position>
                    <lat>41.727</lat>
                    <lon>12.2077</lon>
                    <date>2013-07-11T11:36:41+02:00</date>
                    <speedMph>224</speedMph>
                    <altitudeFt>4100</altitudeFt>
                </position>
                <position>
                    <lat>41.7295</lat>
                    <lon>12.2064</lon>
                    <date>2013-07-11T11:36:36+02:00</date>
                    <speedMph>220</speedMph>
                    <altitudeFt>4030</altitudeFt>
                </position>
                <position>
                    <lat>41.7334</lat>
                    <lon>12.2043</lon>
                    <date>2013-07-11T11:36:31+02:00</date>
                    <speedMph>216</speedMph>
                    <altitudeFt>3950</altitudeFt>
                </position>
                <position>
                    <lat>41.741</lat>
                    <lon>12.2003</lon>
                    <date>2013-07-11T11:36:26+02:00</date>
                    <speedMph>204</speedMph>
                    <altitudeFt>3800</altitudeFt>
                </position>
                <position>
                    <lat>41.744</lat>
                    <lon>12.1988</lon>
                    <date>2013-07-11T11:36:21+02:00</date>
                    <speedMph>200</speedMph>
                    <altitudeFt>3730</altitudeFt>
                </position>
                <position>
                    <lat>41.7474</lat>
                    <lon>12.1971</lon>
                    <date>2013-07-11T11:36:16+02:00</date>
                    <speedMph>196</speedMph>
                    <altitudeFt>3650</altitudeFt>
                </position>
                <position>
                    <lat>41.766</lat>
                    <lon>12.1905</lon>
                    <date>2013-07-11T11:35:56+02:00</date>
                    <speedMph>172</speedMph>
                    <altitudeFt>3180</altitudeFt>
                </position>
                <position>
                    <lat>41.7674</lat>
                    <lon>12.1905</lon>
                    <date>2013-07-11T11:35:51+02:00</date>
                    <speedMph>172</speedMph>
                    <altitudeFt>3150</altitudeFt>
                </position>
                <position>
                    <lat>41.7697</lat>
                    <lon>12.191</lon>
                    <date>2013-07-11T11:35:46+02:00</date>
                    <speedMph>168</speedMph>
                    <altitudeFt>3030</altitudeFt>
                </position>
                <position>
                    <lat>41.7773</lat>
                    <lon>12.1941</lon>
                    <date>2013-07-11T11:35:41+02:00</date>
                    <speedMph>172</speedMph>
                    <altitudeFt>2680</altitudeFt>
                </position>
                <position>
                    <lat>41.7808</lat>
                    <lon>12.196</lon>
                    <date>2013-07-11T11:35:36+02:00</date>
                    <speedMph>172</speedMph>
                    <altitudeFt>2530</altitudeFt>
                </position>
                <position>
                    <lat>41.7838</lat>
                    <lon>12.1979</lon>
                    <date>2013-07-11T11:35:31+02:00</date>
                    <speedMph>172</speedMph>
                    <altitudeFt>2380</altitudeFt>
                </position>
                <position>
                    <lat>41.7852</lat>
                    <lon>12.199</lon>
                    <date>2013-07-11T11:35:26+02:00</date>
                    <speedMph>168</speedMph>
                    <altitudeFt>2330</altitudeFt>
                </position>
                <position>
                    <lat>41.7872</lat>
                    <lon>12.2008</lon>
                    <date>2013-07-11T11:35:21+02:00</date>
                    <speedMph>168</speedMph>
                    <altitudeFt>2200</altitudeFt>
                </position>
                <position>
                    <lat>41.792</lat>
                    <lon>12.2075</lon>
                    <date>2013-07-11T11:35:16+02:00</date>
                    <speedMph>164</speedMph>
                    <altitudeFt>2000</altitudeFt>
                </position>
                <position>
                    <lat>41.7935</lat>
                    <lon>12.2113</lon>
                    <date>2013-07-11T11:35:11+02:00</date>
                    <speedMph>164</speedMph>
                    <altitudeFt>1900</altitudeFt>
                </position>
                <position>
                    <lat>41.7944</lat>
                    <lon>12.2143</lon>
                    <date>2013-07-11T11:35:06+02:00</date>
                    <speedMph>164</speedMph>
                    <altitudeFt>1780</altitudeFt>
                </position>
                <position>
                    <lat>41.7964</lat>
                    <lon>12.2215</lon>
                    <date>2013-07-11T11:35:01+02:00</date>
                    <speedMph>160</speedMph>
                    <altitudeFt>1450</altitudeFt>
                </position>
                <position>
                    <lat>41.7974</lat>
                    <lon>12.2254</lon>
                    <date>2013-07-11T11:34:56+02:00</date>
                    <speedMph>160</speedMph>
                    <altitudeFt>1250</altitudeFt>
                </position>
                <position>
                    <lat>41.7984</lat>
                    <lon>12.2293</lon>
                    <date>2013-07-11T11:34:51+02:00</date>
                    <speedMph>160</speedMph>
                    <altitudeFt>1050</altitudeFt>
                </position>
                <position>
                    <lat>41.8002</lat>
                    <lon>12.2353</lon>
                    <date>2013-07-11T11:34:46+02:00</date>
                    <speedMph>164</speedMph>
                    <altitudeFt>730</altitudeFt>
                </position>
                <position>
                    <lat>41.8025</lat>
                    <lon>12.2433</lon>
                    <date>2013-07-11T11:34:41+02:00</date>
                    <speedMph>168</speedMph>
                    <altitudeFt>250</altitudeFt>
                </position>
                <position>
                    <lat>41.8028</lat>
                    <lon>12.2448</lon>
                    <date>2013-07-11T11:34:36+02:00</date>
                    <speedMph>168</speedMph>
                    <altitudeFt>200</altitudeFt>
                </position>
                <position>
                    <lat>41.8038</lat>
                    <lon>12.2484</lon>
                    <date>2013-07-11T11:34:31+02:00</date>
                    <speedMph>164</speedMph>
                    <altitudeFt>0</altitudeFt>
                </position>
                <position>
                    <lat>41.8055</lat>
                    <lon>12.2543</lon>
                    <date>2013-07-11T11:34:26+02:00</date>
                    <speedMph>144</speedMph>
                    <altitudeFt>0</altitudeFt>
                </position>
                <position>
                    <lat>41.806</lat>
                    <lon>12.2562</lon>
                    <date>2013-07-11T11:34:21+02:00</date>
                    <speedMph>140</speedMph>
                    <altitudeFt>0</altitudeFt>
                </position>
                <position>
                    <lat>41.808</lat>
                    <lon>12.2634</lon>
                    <date>2013-07-11T11:34:16+02:00</date>
                    <speedMph>96</speedMph>
                    <altitudeFt>0</altitudeFt>
                </position>
                <position>
                    <lat>41.8081</lat>
                    <lon>12.264</lon>
                    <date>2013-07-11T11:34:11+02:00</date>
                    <speedMph>84</speedMph>
                    <altitudeFt>0</altitudeFt>
                </position>
                <position>
                    <lat>41.8087</lat>
                    <lon>12.266</lon>
                    <date>2013-07-11T11:34:06+02:00</date>
                    <speedMph>64</speedMph>
                    <altitudeFt>0</altitudeFt>
                </position>
                <position>
                    <lat>41.8094</lat>
                    <lon>12.2686</lon>
                    <date>2013-07-11T11:34:01+02:00</date>
                    <speedMph>16</speedMph>
                    <altitudeFt>0</altitudeFt>
                </position>
                <position>
                    <lat>41.8095</lat>
                    <lon>12.269</lon>
                    <date>2013-07-11T11:33:51+02:00</date>
                    <speedMph>4</speedMph>
                    <altitudeFt>0</altitudeFt>
                </position>
                <position>
                    <lat>41.8095</lat>
                    <lon>12.269</lon>
                    <date>2013-07-11T11:33:36+02:00</date>
                    <speedMph>0</speedMph>
                    <altitudeFt>0</altitudeFt>
                </position>
                <position>
                    <lat>41.8096</lat>
                    <lon>12.2694</lon>
                    <date>2013-07-11T11:33:16+02:00</date>
                    <speedMph>24</speedMph>
                    <altitudeFt>0</altitudeFt>
                </position>
                <position>
                    <lat>41.8096</lat>
                    <lon>12.2696</lon>
                    <date>2013-07-11T11:33:11+02:00</date>
                    <speedMph>24</speedMph>
                    <altitudeFt>0</altitudeFt>
                </position>
                <position>
                    <lat>41.8095</lat>
                    <lon>12.2697</lon>
                    <date>2013-07-11T11:33:06+02:00</date>
                    <speedMph>20</speedMph>
                    <altitudeFt>0</altitudeFt>
                </position>
                <position>
                    <lat>41.8093</lat>
                    <lon>12.2698</lon>
                    <date>2013-07-11T11:33:01+02:00</date>
                    <speedMph>20</speedMph>
                    <altitudeFt>0</altitudeFt>
                </position>
                <position>
                    <lat>41.8091</lat>
                    <lon>12.2699</lon>
                    <date>2013-07-11T11:32:56+02:00</date>
                    <speedMph>16</speedMph>
                    <altitudeFt>0</altitudeFt>
                </position>
                <position>
                    <lat>41.809</lat>
                    <lon>12.2699</lon>
                    <date>2013-07-11T11:32:51+02:00</date>
                    <speedMph>16</speedMph>
                    <altitudeFt>0</altitudeFt>
                </position>
                <position>
                    <lat>41.8089</lat>
                    <lon>12.27</lon>
                    <date>2013-07-11T11:32:46+02:00</date>
                    <speedMph>12</speedMph>
                    <altitudeFt>0</altitudeFt>
                </position>
                <position>
                    <lat>41.8088</lat>
                    <lon>12.2701</lon>
                    <date>2013-07-11T11:32:36+02:00</date>
                    <speedMph>4</speedMph>
                    <altitudeFt>0</altitudeFt>
                </position>
                <position>
                    <lat>41.8088</lat>
                    <lon>12.2701</lon>
                    <date>2013-07-11T11:32:16+02:00</date>
                    <speedMph>0</speedMph>
                    <altitudeFt>0</altitudeFt>
                </position>
                <position>
                    <lat>41.8088</lat>
                    <lon>12.2701</lon>
                    <date>2013-07-11T11:32:11+02:00</date>
                    <speedMph>0</speedMph>
                    <altitudeFt>0</altitudeFt>
                </position>
                <position>
                    <lat>41.8088</lat>
                    <lon>12.27</lon>
                    <date>2013-07-11T11:31:51+02:00</date>
                    <speedMph>0</speedMph>
                    <altitudeFt>0</altitudeFt>
                </position>
                <position>
                    <lat>41.8088</lat>
                    <lon>12.2701</lon>
                    <date>2013-07-11T11:31:46+02:00</date>
                    <speedMph>4</speedMph>
                    <altitudeFt>0</altitudeFt>
                </position>
                <position>
                    <lat>41.8086</lat>
                    <lon>12.2702</lon>
                    <date>2013-07-11T11:31:36+02:00</date>
                    <speedMph>24</speedMph>
                    <altitudeFt>0</altitudeFt>
                </position>
                <position>
                    <lat>41.8078</lat>
                    <lon>12.2705</lon>
                    <date>2013-07-11T11:31:16+02:00</date>
                    <speedMph>28</speedMph>
                    <altitudeFt>0</altitudeFt>
                </position>
                <position>
                    <lat>41.8076</lat>
                    <lon>12.2704</lon>
                    <date>2013-07-11T11:31:11+02:00</date>
                    <speedMph>24</speedMph>
                    <altitudeFt>0</altitudeFt>
                </position>
                <position>
                    <lat>41.8074</lat>
                    <lon>12.2701</lon>
                    <date>2013-07-11T11:31:06+02:00</date>
                    <speedMph>20</speedMph>
                    <altitudeFt>0</altitudeFt>
                </position>
                <position>
                    <lat>41.8074</lat>
                    <lon>12.2701</lon>
                    <date>2013-07-11T11:31:01+02:00</date>
                    <speedMph>20</speedMph>
                    <altitudeFt>0</altitudeFt>
                </position>
                <position>
                    <lat>41.8073</lat>
                    <lon>12.2697</lon>
                    <date>2013-07-11T11:30:56+02:00</date>
                    <speedMph>16</speedMph>
                    <altitudeFt>0</altitudeFt>
                </position>
                <position>
                    <lat>41.8072</lat>
                    <lon>12.2695</lon>
                    <date>2013-07-11T11:30:51+02:00</date>
                    <speedMph>12</speedMph>
                    <altitudeFt>0</altitudeFt>
                </position>
                <position>
                    <lat>41.8072</lat>
                    <lon>12.2694</lon>
                    <date>2013-07-11T11:30:46+02:00</date>
                    <speedMph>4</speedMph>
                    <altitudeFt>0</altitudeFt>
                </position>
                <position>
                    <lat>41.8072</lat>
                    <lon>12.2694</lon>
                    <date>2013-07-11T11:30:21+02:00</date>
                    <speedMph>0</speedMph>
                    <altitudeFt>0</altitudeFt>
                </position>
                <position>
                    <lat>41.8072</lat>
                    <lon>12.2694</lon>
                    <date>2013-07-11T11:29:56+02:00</date>
                    <speedMph>0</speedMph>
                    <altitudeFt>0</altitudeFt>
                </position>
                <position>
                    <lat>41.8072</lat>
                    <lon>12.2694</lon>
                    <date>2013-07-11T11:29:31+02:00</date>
                    <speedMph>4</speedMph>
                    <altitudeFt>0</altitudeFt>
                </position>
                <position>
                    <lat>41.8072</lat>
                    <lon>12.2693</lon>
                    <date>2013-07-11T11:29:26+02:00</date>
                    <speedMph>16</speedMph>
                    <altitudeFt>0</altitudeFt>
                </position>
                <position>
                    <lat>41.8072</lat>
                    <lon>12.2692</lon>
                    <date>2013-07-11T11:29:21+02:00</date>
                    <speedMph>24</speedMph>
                    <altitudeFt>0</altitudeFt>
                </position>
                <position>
                    <lat>41.8071</lat>
                    <lon>12.269</lon>
                    <date>2013-07-11T11:29:16+02:00</date>
                    <speedMph>32</speedMph>
                    <altitudeFt>0</altitudeFt>
                </position>
                <position>
                    <lat>41.807</lat>
                    <lon>12.2687</lon>
                    <date>2013-07-11T11:29:11+02:00</date>
                    <speedMph>20</speedMph>
                    <altitudeFt>0</altitudeFt>
                </position>
                <position>
                    <lat>41.8067</lat>
                    <lon>12.2676</lon>
                    <date>2013-07-11T11:29:06+02:00</date>
                    <speedMph>28</speedMph>
                    <altitudeFt>0</altitudeFt>
                </position>
                <position>
                    <lat>41.8065</lat>
                    <lon>12.267</lon>
                    <date>2013-07-11T11:29:01+02:00</date>
                    <speedMph>24</speedMph>
                    <altitudeFt>0</altitudeFt>
                </position>
                <position>
                    <lat>41.8064</lat>
                    <lon>12.2665</lon>
                    <date>2013-07-11T11:28:56+02:00</date>
                    <speedMph>24</speedMph>
                    <altitudeFt>0</altitudeFt>
                </position>
                <position>
                    <lat>41.8061</lat>
                    <lon>12.2654</lon>
                    <date>2013-07-11T11:28:51+02:00</date>
                    <speedMph>24</speedMph>
                    <altitudeFt>0</altitudeFt>
                </position>
                <position>
                    <lat>41.8059</lat>
                    <lon>12.2647</lon>
                    <date>2013-07-11T11:28:46+02:00</date>
                    <speedMph>24</speedMph>
                    <altitudeFt>0</altitudeFt>
                </position>
                <position>
                    <lat>41.8057</lat>
                    <lon>12.264</lon>
                    <date>2013-07-11T11:28:41+02:00</date>
                    <speedMph>24</speedMph>
                    <altitudeFt>0</altitudeFt>
                </position>
                <position>
                    <lat>41.8056</lat>
                    <lon>12.2636</lon>
                    <date>2013-07-11T11:28:36+02:00</date>
                    <speedMph>28</speedMph>
                    <altitudeFt>0</altitudeFt>
                </position>
                <position>
                    <lat>41.8055</lat>
                    <lon>12.2634</lon>
                    <date>2013-07-11T11:28:31+02:00</date>
                    <speedMph>28</speedMph>
                    <altitudeFt>0</altitudeFt>
                </position>
                <position>
                    <lat>41.8052</lat>
                    <lon>12.2621</lon>
                    <date>2013-07-11T11:28:26+02:00</date>
                    <speedMph>24</speedMph>
                    <altitudeFt>0</altitudeFt>
                </position>
                <position>
                    <lat>41.8051</lat>
                    <lon>12.2616</lon>
                    <date>2013-07-11T11:28:21+02:00</date>
                    <speedMph>28</speedMph>
                    <altitudeFt>0</altitudeFt>
                </position>
                <position>
                    <lat>41.8049</lat>
                    <lon>12.2609</lon>
                    <date>2013-07-11T11:28:16+02:00</date>
                    <speedMph>24</speedMph>
                    <altitudeFt>0</altitudeFt>
                </position>
                <position>
                    <lat>41.8047</lat>
                    <lon>12.2604</lon>
                    <date>2013-07-11T11:28:11+02:00</date>
                    <speedMph>24</speedMph>
                    <altitudeFt>0</altitudeFt>
                </position>
                <position>
                    <lat>41.8044</lat>
                    <lon>12.2592</lon>
                    <date>2013-07-11T11:28:06+02:00</date>
                    <speedMph>24</speedMph>
                    <altitudeFt>0</altitudeFt>
                </position>
                <position>
                    <lat>41.8042</lat>
                    <lon>12.2585</lon>
                    <date>2013-07-11T11:28:01+02:00</date>
                    <speedMph>24</speedMph>
                    <altitudeFt>0</altitudeFt>
                </position>
                <position>
                    <lat>41.8039</lat>
                    <lon>12.2575</lon>
                    <date>2013-07-11T11:27:56+02:00</date>
                    <speedMph>24</speedMph>
                    <altitudeFt>0</altitudeFt>
                </position>
                <position>
                    <lat>41.8038</lat>
                    <lon>12.2571</lon>
                    <date>2013-07-11T11:27:51+02:00</date>
                    <speedMph>24</speedMph>
                    <altitudeFt>0</altitudeFt>
                </position>
                <position>
                    <lat>41.8036</lat>
                    <lon>12.2564</lon>
                    <date>2013-07-11T11:27:46+02:00</date>
                    <speedMph>24</speedMph>
                    <altitudeFt>0</altitudeFt>
                </position>
                <position>
                    <lat>41.8035</lat>
                    <lon>12.256</lon>
                    <date>2013-07-11T11:27:41+02:00</date>
                    <speedMph>24</speedMph>
                    <altitudeFt>0</altitudeFt>
                </position>
                <position>
                    <lat>41.8033</lat>
                    <lon>12.2553</lon>
                    <date>2013-07-11T11:27:36+02:00</date>
                    <speedMph>24</speedMph>
                    <altitudeFt>0</altitudeFt>
                </position>
                <position>
                    <lat>41.803</lat>
                    <lon>12.2542</lon>
                    <date>2013-07-11T11:27:26+02:00</date>
                    <speedMph>24</speedMph>
                    <altitudeFt>0</altitudeFt>
                </position>
                <position>
                    <lat>41.8021</lat>
                    <lon>12.2505</lon>
                    <date>2013-07-11T11:27:11+02:00</date>
                    <speedMph>32</speedMph>
                    <altitudeFt>0</altitudeFt>
                </position>
                <position>
                    <lat>41.8021</lat>
                    <lon>12.2497</lon>
                    <date>2013-07-11T11:27:06+02:00</date>
                    <speedMph>32</speedMph>
                    <altitudeFt>0</altitudeFt>
                </position>
                <position>
                    <lat>41.8021</lat>
                    <lon>12.2495</lon>
                    <date>2013-07-11T11:27:01+02:00</date>
                    <speedMph>32</speedMph>
                    <altitudeFt>0</altitudeFt>
                </position>
                <position>
                    <lat>41.802</lat>
                    <lon>12.2486</lon>
                    <date>2013-07-11T11:26:56+02:00</date>
                    <speedMph>28</speedMph>
                    <altitudeFt>0</altitudeFt>
                </position>
                <position>
                    <lat>41.8019</lat>
                    <lon>12.248</lon>
                    <date>2013-07-11T11:26:51+02:00</date>
                    <speedMph>28</speedMph>
                    <altitudeFt>0</altitudeFt>
                </position>
                <position>
                    <lat>41.8014</lat>
                    <lon>12.2463</lon>
                    <date>2013-07-11T11:26:46+02:00</date>
                    <speedMph>28</speedMph>
                    <altitudeFt>0</altitudeFt>
                </position>
                <position>
                    <lat>41.8012</lat>
                    <lon>12.2457</lon>
                    <date>2013-07-11T11:26:41+02:00</date>
                    <speedMph>28</speedMph>
                    <altitudeFt>0</altitudeFt>
                </position>
                <position>
                    <lat>41.8012</lat>
                    <lon>12.2456</lon>
                    <date>2013-07-11T11:26:36+02:00</date>
                    <speedMph>28</speedMph>
                    <altitudeFt>0</altitudeFt>
                </position>
                <position>
                    <lat>41.801</lat>
                    <lon>12.2449</lon>
                    <date>2013-07-11T11:26:31+02:00</date>
                    <speedMph>24</speedMph>
                    <altitudeFt>0</altitudeFt>
                </position>
                <position>
                    <lat>41.8009</lat>
                    <lon>12.2444</lon>
                    <date>2013-07-11T11:26:26+02:00</date>
                    <speedMph>24</speedMph>
                    <altitudeFt>0</altitudeFt>
                </position>
                <position>
                    <lat>41.8005</lat>
                    <lon>12.2432</lon>
                    <date>2013-07-11T11:26:21+02:00</date>
                    <speedMph>24</speedMph>
                    <altitudeFt>0</altitudeFt>
                </position>
                <position>
                    <lat>41.8003</lat>
                    <lon>12.2424</lon>
                    <date>2013-07-11T11:26:16+02:00</date>
                    <speedMph>20</speedMph>
                    <altitudeFt>0</altitudeFt>
                </position>
                <position>
                    <lat>41.8003</lat>
                    <lon>12.2423</lon>
                    <date>2013-07-11T11:26:11+02:00</date>
                    <speedMph>20</speedMph>
                    <altitudeFt>0</altitudeFt>
                </position>
                <position>
                    <lat>41.8</lat>
                    <lon>12.2413</lon>
                    <date>2013-07-11T11:26:06+02:00</date>
                    <speedMph>20</speedMph>
                    <altitudeFt>0</altitudeFt>
                </position>
                <position>
                    <lat>41.7999</lat>
                    <lon>12.2411</lon>
                    <date>2013-07-11T11:26:01+02:00</date>
                    <speedMph>20</speedMph>
                    <altitudeFt>0</altitudeFt>
                </position>
                <position>
                    <lat>41.7998</lat>
                    <lon>12.2407</lon>
                    <date>2013-07-11T11:25:56+02:00</date>
                    <speedMph>20</speedMph>
                    <altitudeFt>0</altitudeFt>
                </position>
                <position>
                    <lat>41.7996</lat>
                    <lon>12.2404</lon>
                    <date>2013-07-11T11:25:51+02:00</date>
                    <speedMph>20</speedMph>
                    <altitudeFt>0</altitudeFt>
                </position>
                <position>
                    <lat>41.7991</lat>
                    <lon>12.2398</lon>
                    <date>2013-07-11T11:25:46+02:00</date>
                    <speedMph>20</speedMph>
                    <altitudeFt>0</altitudeFt>
                </position>
                <position>
                    <lat>41.7988</lat>
                    <lon>12.2388</lon>
                    <date>2013-07-11T11:25:36+02:00</date>
                    <speedMph>20</speedMph>
                    <altitudeFt>0</altitudeFt>
                </position>
                <position>
                    <lat>41.798</lat>
                    <lon>12.2371</lon>
                    <date>2013-07-11T11:25:16+02:00</date>
                    <speedMph>16</speedMph>
                    <altitudeFt>0</altitudeFt>
                </position>
                <position>
                    <lat>41.7976</lat>
                    <lon>12.2372</lon>
                    <date>2013-07-11T11:25:11+02:00</date>
                    <speedMph>16</speedMph>
                    <altitudeFt>0</altitudeFt>
                </position>
                <position>
                    <lat>41.7957</lat>
                    <lon>12.238</lon>
                    <date>2013-07-11T11:24:46+02:00</date>
                    <speedMph>20</speedMph>
                    <altitudeFt>0</altitudeFt>
                </position>
                <position>
                    <lat>41.7955</lat>
                    <lon>12.2381</lon>
                    <date>2013-07-11T11:24:41+02:00</date>
                    <speedMph>16</speedMph>
                    <altitudeFt>0</altitudeFt>
                </position>
                <position>
                    <lat>41.7951</lat>
                    <lon>12.2382</lon>
                    <date>2013-07-11T11:24:36+02:00</date>
                    <speedMph>16</speedMph>
                    <altitudeFt>0</altitudeFt>
                </position>
                <position>
                    <lat>41.7946</lat>
                    <lon>12.2384</lon>
                    <date>2013-07-11T11:24:31+02:00</date>
                    <speedMph>16</speedMph>
                    <altitudeFt>0</altitudeFt>
                </position>
                <position>
                    <lat>41.7943</lat>
                    <lon>12.2385</lon>
                    <date>2013-07-11T11:24:26+02:00</date>
                    <speedMph>16</speedMph>
                    <altitudeFt>0</altitudeFt>
                </position>
                <position>
                    <lat>41.794</lat>
                    <lon>12.2387</lon>
                    <date>2013-07-11T11:24:21+02:00</date>
                    <speedMph>32</speedMph>
                    <altitudeFt>0</altitudeFt>
                </position>
                <position>
                    <lat>41.7938</lat>
                    <lon>12.2388</lon>
                    <date>2013-07-11T11:24:16+02:00</date>
                    <speedMph>32</speedMph>
                    <altitudeFt>0</altitudeFt>
                </position>
                <position>
                    <lat>41.7935</lat>
                    <lon>12.2389</lon>
                    <date>2013-07-11T11:24:11+02:00</date>
                    <speedMph>28</speedMph>
                    <altitudeFt>0</altitudeFt>
                </position>
                <position>
                    <lat>41.7926</lat>
                    <lon>12.2397</lon>
                    <date>2013-07-11T11:23:51+02:00</date>
                    <speedMph>24</speedMph>
                    <altitudeFt>0</altitudeFt>
                </position>
                <position>
                    <lat>41.7926</lat>
                    <lon>12.2397</lon>
                    <date>2013-07-11T11:23:46+02:00</date>
                    <speedMph>24</speedMph>
                    <altitudeFt>0</altitudeFt>
                </position>
                <position>
                    <lat>41.7926</lat>
                    <lon>12.24</lon>
                    <date>2013-07-11T11:23:41+02:00</date>
                    <speedMph>32</speedMph>
                    <altitudeFt>0</altitudeFt>
                </position>
                <position>
                    <lat>41.7928</lat>
                    <lon>12.2406</lon>
                    <date>2013-07-11T11:23:36+02:00</date>
                    <speedMph>36</speedMph>
                    <altitudeFt>0</altitudeFt>
                </position>
                <position>
                    <lat>41.7932</lat>
                    <lon>12.2422</lon>
                    <date>2013-07-11T11:23:11+02:00</date>
                    <speedMph>28</speedMph>
                    <altitudeFt>0</altitudeFt>
                </position>
                <position>
                    <lat>41.7932</lat>
                    <lon>12.2429</lon>
                    <date>2013-07-11T11:23:06+02:00</date>
                    <speedMph>24</speedMph>
                    <altitudeFt>0</altitudeFt>
                </position>
                <position>
                    <lat>41.7932</lat>
                    <lon>12.2429</lon>
                    <date>2013-07-11T11:23:01+02:00</date>
                    <speedMph>24</speedMph>
                    <altitudeFt>0</altitudeFt>
                </position>
                <position>
                    <lat>41.793</lat>
                    <lon>12.2442</lon>
                    <date>2013-07-11T11:22:41+02:00</date>
                    <speedMph>24</speedMph>
                    <altitudeFt>0</altitudeFt>
                </position>
                <position>
                    <lat>41.793</lat>
                    <lon>12.2445</lon>
                    <date>2013-07-11T11:22:31+02:00</date>
                    <speedMph>24</speedMph>
                    <altitudeFt>0</altitudeFt>
                </position>
                <position>
                    <lat>41.7931</lat>
                    <lon>12.245</lon>
                    <date>2013-07-11T11:22:26+02:00</date>
                    <speedMph>24</speedMph>
                    <altitudeFt>0</altitudeFt>
                </position>
            </positions>
        </flightTrack>
    </flightTracks>
</flightstatslog>
