<?xml version="1.0" encoding="UTF-8" standalone="yes"?>
<flightstatslog>
    <appendix>
        <airports>
            <airport>
                <fs>MUC</fs>
                <latitude>48.353783</latitude>
                <longitude>11.786086</longitude>
                <city>Munich</city>
            </airport>
            <airport>
                <fs>SKG</fs>
                <latitude>40.519725</latitude>
                <longitude>22.97095</longitude>
                <city>Thessaloniki</city>
            </airport>
        </airports>
    </appendix>
    <flightTracks>
        <flightTrack>
            <flightId>3950954</flightId>
            <departureAirportFsCode>MUC</departureAirportFsCode>
            <arrivalAirportFsCode>SKG</arrivalAirportFsCode>
            <positions>
                <position>
                    <lat>40.5263</lat>
                    <lon>22.9689</lon>
                    <date>2013-07-11T14:32:08+02:00</date>
                    <speedMph>32</speedMph>
                    <altitudeFt>0</altitudeFt>
                </position>
                <position>
                    <lat>40.5262</lat>
                    <lon>22.9689</lon>
                    <date>2013-07-11T14:32:03+02:00</date>
                    <speedMph>32</speedMph>
                    <altitudeFt>0</altitudeFt>
                </position>
                <position>
                    <lat>40.5234</lat>
                    <lon>22.9698</lon>
                    <date>2013-07-11T14:31:43+02:00</date>
                    <speedMph>56</speedMph>
                    <altitudeFt>0</altitudeFt>
                </position>
                <position>
                    <lat>40.5222</lat>
                    <lon>22.9702</lon>
                    <date>2013-07-11T14:31:38+02:00</date>
                    <speedMph>72</speedMph>
                    <altitudeFt>0</altitudeFt>
                </position>
                <position>
                    <lat>40.5203</lat>
                    <lon>22.9708</lon>
                    <date>2013-07-11T14:31:33+02:00</date>
                    <speedMph>100</speedMph>
                    <altitudeFt>0</altitudeFt>
                </position>
                <position>
                    <lat>40.5189</lat>
                    <lon>22.9713</lon>
                    <date>2013-07-11T14:31:28+02:00</date>
                    <speedMph>112</speedMph>
                    <altitudeFt>0</altitudeFt>
                </position>
                <position>
                    <lat>40.5162</lat>
                    <lon>22.9721</lon>
                    <date>2013-07-11T14:31:23+02:00</date>
                    <speedMph>136</speedMph>
                    <altitudeFt>0</altitudeFt>
                </position>
                <position>
                    <lat>40.4043</lat>
                    <lon>22.9902</lon>
                    <date>2013-07-11T14:28:50+02:00</date>
                    <speedMph>200</speedMph>
                    <altitudeFt>2500</altitudeFt>
                </position>
                <position>
                    <lat>40.3928</lat>
                    <lon>22.9546</lon>
                    <date>2013-07-11T14:28:20+02:00</date>
                    <speedMph>248</speedMph>
                    <altitudeFt>2750</altitudeFt>
                </position>
                <position>
                    <lat>40.3942</lat>
                    <lon>22.9399</lon>
                    <date>2013-07-11T14:28:10+02:00</date>
                    <speedMph>256</speedMph>
                    <altitudeFt>2730</altitudeFt>
                </position>
                <position>
                    <lat>40.3949</lat>
                    <lon>22.9307</lon>
                    <date>2013-07-11T14:28:05+02:00</date>
                    <speedMph>256</speedMph>
                    <altitudeFt>2800</altitudeFt>
                </position>
                <position>
                    <lat>40.3952</lat>
                    <lon>22.9276</lon>
                    <date>2013-07-11T14:28:00+02:00</date>
                    <speedMph>256</speedMph>
                    <altitudeFt>2880</altitudeFt>
                </position>
                <position>
                    <lat>40.3958</lat>
                    <lon>22.9213</lon>
                    <date>2013-07-11T14:27:55+02:00</date>
                    <speedMph>256</speedMph>
                    <altitudeFt>3000</altitudeFt>
                </position>
                <position>
                    <lat>40.3976</lat>
                    <lon>22.9092</lon>
                    <date>2013-07-11T14:27:50+02:00</date>
                    <speedMph>260</speedMph>
                    <altitudeFt>3180</altitudeFt>
                </position>
                <position>
                    <lat>40.3989</lat>
                    <lon>22.9032</lon>
                    <date>2013-07-11T14:27:45+02:00</date>
                    <speedMph>260</speedMph>
                    <altitudeFt>3250</altitudeFt>
                </position>
                <position>
                    <lat>40.4012</lat>
                    <lon>22.8973</lon>
                    <date>2013-07-11T14:27:40+02:00</date>
                    <speedMph>264</speedMph>
                    <altitudeFt>3350</altitudeFt>
                </position>
                <position>
                    <lat>40.4033</lat>
                    <lon>22.8917</lon>
                    <date>2013-07-11T14:27:35+02:00</date>
                    <speedMph>264</speedMph>
                    <altitudeFt>3430</altitudeFt>
                </position>
                <position>
                    <lat>40.4061</lat>
                    <lon>22.8863</lon>
                    <date>2013-07-11T14:27:30+02:00</date>
                    <speedMph>268</speedMph>
                    <altitudeFt>3500</altitudeFt>
                </position>
                <position>
                    <lat>40.4109</lat>
                    <lon>22.8769</lon>
                    <date>2013-07-11T14:27:25+02:00</date>
                    <speedMph>272</speedMph>
                    <altitudeFt>3600</altitudeFt>
                </position>
                <position>
                    <lat>40.4137</lat>
                    <lon>22.8714</lon>
                    <date>2013-07-11T14:27:20+02:00</date>
                    <speedMph>276</speedMph>
                    <altitudeFt>3680</altitudeFt>
                </position>
                <position>
                    <lat>40.4222</lat>
                    <lon>22.8546</lon>
                    <date>2013-07-11T14:27:10+02:00</date>
                    <speedMph>276</speedMph>
                    <altitudeFt>4000</altitudeFt>
                </position>
                <position>
                    <lat>40.4252</lat>
                    <lon>22.8491</lon>
                    <date>2013-07-11T14:27:05+02:00</date>
                    <speedMph>280</speedMph>
                    <altitudeFt>4100</altitudeFt>
                </position>
                <position>
                    <lat>40.4289</lat>
                    <lon>22.842</lon>
                    <date>2013-07-11T14:27:00+02:00</date>
                    <speedMph>280</speedMph>
                    <altitudeFt>4250</altitudeFt>
                </position>
                <position>
                    <lat>40.4313</lat>
                    <lon>22.8378</lon>
                    <date>2013-07-11T14:26:55+02:00</date>
                    <speedMph>280</speedMph>
                    <altitudeFt>4350</altitudeFt>
                </position>
                <position>
                    <lat>40.4349</lat>
                    <lon>22.8307</lon>
                    <date>2013-07-11T14:26:50+02:00</date>
                    <speedMph>280</speedMph>
                    <altitudeFt>4500</altitudeFt>
                </position>
                <position>
                    <lat>40.4405</lat>
                    <lon>22.8195</lon>
                    <date>2013-07-11T14:26:45+02:00</date>
                    <speedMph>280</speedMph>
                    <altitudeFt>4730</altitudeFt>
                </position>
                <position>
                    <lat>40.4435</lat>
                    <lon>22.8138</lon>
                    <date>2013-07-11T14:26:40+02:00</date>
                    <speedMph>284</speedMph>
                    <altitudeFt>4850</altitudeFt>
                </position>
                <position>
                    <lat>40.4465</lat>
                    <lon>22.8082</lon>
                    <date>2013-07-11T14:26:35+02:00</date>
                    <speedMph>284</speedMph>
                    <altitudeFt>4980</altitudeFt>
                </position>
                <position>
                    <lat>40.4495</lat>
                    <lon>22.8024</lon>
                    <date>2013-07-11T14:26:30+02:00</date>
                    <speedMph>284</speedMph>
                    <altitudeFt>5100</altitudeFt>
                </position>
                <position>
                    <lat>40.4584</lat>
                    <lon>22.7854</lon>
                    <date>2013-07-11T14:26:20+02:00</date>
                    <speedMph>284</speedMph>
                    <altitudeFt>5450</altitudeFt>
                </position>
                <position>
                    <lat>40.4667</lat>
                    <lon>22.7699</lon>
                    <date>2013-07-11T14:26:10+02:00</date>
                    <speedMph>284</speedMph>
                    <altitudeFt>5780</altitudeFt>
                </position>
                <position>
                    <lat>40.4727</lat>
                    <lon>22.7584</lon>
                    <date>2013-07-11T14:26:00+02:00</date>
                    <speedMph>284</speedMph>
                    <altitudeFt>6000</altitudeFt>
                </position>
                <position>
                    <lat>40.4824</lat>
                    <lon>22.7397</lon>
                    <date>2013-07-11T14:25:50+02:00</date>
                    <speedMph>288</speedMph>
                    <altitudeFt>6400</altitudeFt>
                </position>
                <position>
                    <lat>40.4882</lat>
                    <lon>22.7281</lon>
                    <date>2013-07-11T14:25:40+02:00</date>
                    <speedMph>288</speedMph>
                    <altitudeFt>6630</altitudeFt>
                </position>
                <position>
                    <lat>40.4945</lat>
                    <lon>22.7165</lon>
                    <date>2013-07-11T14:25:30+02:00</date>
                    <speedMph>292</speedMph>
                    <altitudeFt>6830</altitudeFt>
                </position>
                <position>
                    <lat>40.5037</lat>
                    <lon>22.699</lon>
                    <date>2013-07-11T14:25:20+02:00</date>
                    <speedMph>292</speedMph>
                    <altitudeFt>7150</altitudeFt>
                </position>
                <position>
                    <lat>40.513</lat>
                    <lon>22.6813</lon>
                    <date>2013-07-11T14:25:10+02:00</date>
                    <speedMph>296</speedMph>
                    <altitudeFt>7450</altitudeFt>
                </position>
                <position>
                    <lat>40.5195</lat>
                    <lon>22.6701</lon>
                    <date>2013-07-11T14:25:00+02:00</date>
                    <speedMph>296</speedMph>
                    <altitudeFt>7630</altitudeFt>
                </position>
                <position>
                    <lat>40.5304</lat>
                    <lon>22.6557</lon>
                    <date>2013-07-11T14:24:50+02:00</date>
                    <speedMph>296</speedMph>
                    <altitudeFt>7900</altitudeFt>
                </position>
                <position>
                    <lat>40.5376</lat>
                    <lon>22.6453</lon>
                    <date>2013-07-11T14:24:40+02:00</date>
                    <speedMph>300</speedMph>
                    <altitudeFt>8050</altitudeFt>
                </position>
                <position>
                    <lat>40.5456</lat>
                    <lon>22.6348</lon>
                    <date>2013-07-11T14:24:30+02:00</date>
                    <speedMph>300</speedMph>
                    <altitudeFt>8250</altitudeFt>
                </position>
                <position>
                    <lat>40.5592</lat>
                    <lon>22.6165</lon>
                    <date>2013-07-11T14:24:20+02:00</date>
                    <speedMph>300</speedMph>
                    <altitudeFt>8630</altitudeFt>
                </position>
                <position>
                    <lat>40.565</lat>
                    <lon>22.6087</lon>
                    <date>2013-07-11T14:24:10+02:00</date>
                    <speedMph>300</speedMph>
                    <altitudeFt>8780</altitudeFt>
                </position>
                <position>
                    <lat>40.5768</lat>
                    <lon>22.5929</lon>
                    <date>2013-07-11T14:24:00+02:00</date>
                    <speedMph>300</speedMph>
                    <altitudeFt>9080</altitudeFt>
                </position>
                <position>
                    <lat>40.5851</lat>
                    <lon>22.5812</lon>
                    <date>2013-07-11T14:23:50+02:00</date>
                    <speedMph>300</speedMph>
                    <altitudeFt>9300</altitudeFt>
                </position>
                <position>
                    <lat>40.5968</lat>
                    <lon>22.5654</lon>
                    <date>2013-07-11T14:23:40+02:00</date>
                    <speedMph>300</speedMph>
                    <altitudeFt>9600</altitudeFt>
                </position>
                <position>
                    <lat>40.6053</lat>
                    <lon>22.5549</lon>
                    <date>2013-07-11T14:23:30+02:00</date>
                    <speedMph>304</speedMph>
                    <altitudeFt>9800</altitudeFt>
                </position>
                <position>
                    <lat>40.6295</lat>
                    <lon>22.522</lon>
                    <date>2013-07-11T14:23:05+02:00</date>
                    <speedMph>304</speedMph>
                    <altitudeFt>10400</altitudeFt>
                </position>
                <position>
                    <lat>40.6605</lat>
                    <lon>22.4805</lon>
                    <date>2013-07-11T14:22:35+02:00</date>
                    <speedMph>308</speedMph>
                    <altitudeFt>11180</altitudeFt>
                </position>
                <position>
                    <lat>40.6945</lat>
                    <lon>22.4343</lon>
                    <date>2013-07-11T14:22:05+02:00</date>
                    <speedMph>312</speedMph>
                    <altitudeFt>11930</altitudeFt>
                </position>
                <position>
                    <lat>40.7219</lat>
                    <lon>22.3972</lon>
                    <date>2013-07-11T14:21:35+02:00</date>
                    <speedMph>316</speedMph>
                    <altitudeFt>12650</altitudeFt>
                </position>
                <position>
                    <lat>40.749</lat>
                    <lon>22.3602</lon>
                    <date>2013-07-11T14:21:05+02:00</date>
                    <speedMph>312</speedMph>
                    <altitudeFt>13450</altitudeFt>
                </position>
                <position>
                    <lat>40.7853</lat>
                    <lon>22.3117</lon>
                    <date>2013-07-11T14:20:35+02:00</date>
                    <speedMph>324</speedMph>
                    <altitudeFt>14380</altitudeFt>
                </position>
                <position>
                    <lat>40.817</lat>
                    <lon>22.2685</lon>
                    <date>2013-07-11T14:20:05+02:00</date>
                    <speedMph>328</speedMph>
                    <altitudeFt>15330</altitudeFt>
                </position>
                <position>
                    <lat>40.8804</lat>
                    <lon>22.1779</lon>
                    <date>2013-07-11T14:19:05+02:00</date>
                    <speedMph>340</speedMph>
                    <altitudeFt>17300</altitudeFt>
                </position>
                <position>
                    <lat>40.9471</lat>
                    <lon>22.0845</lon>
                    <date>2013-07-11T14:18:05+02:00</date>
                    <speedMph>368</speedMph>
                    <altitudeFt>18880</altitudeFt>
                </position>
                <position>
                    <lat>41.0157</lat>
                    <lon>21.9944</lon>
                    <date>2013-07-11T14:17:05+02:00</date>
                    <speedMph>384</speedMph>
                    <altitudeFt>20900</altitudeFt>
                </position>
                <position>
                    <lat>41.103</lat>
                    <lon>21.8782</lon>
                    <date>2013-07-11T14:16:05+02:00</date>
                    <speedMph>392</speedMph>
                    <altitudeFt>23080</altitudeFt>
                </position>
                <position>
                    <lat>41.1761</lat>
                    <lon>21.778</lon>
                    <date>2013-07-11T14:15:04+02:00</date>
                    <speedMph>404</speedMph>
                    <altitudeFt>24880</altitudeFt>
                </position>
                <position>
                    <lat>41.2494</lat>
                    <lon>21.6744</lon>
                    <date>2013-07-11T14:14:04+02:00</date>
                    <speedMph>428</speedMph>
                    <altitudeFt>26380</altitudeFt>
                </position>
                <position>
                    <lat>41.3443</lat>
                    <lon>21.5421</lon>
                    <date>2013-07-11T14:13:04+02:00</date>
                    <speedMph>444</speedMph>
                    <altitudeFt>28730</altitudeFt>
                </position>
                <position>
                    <lat>41.4229</lat>
                    <lon>21.4304</lon>
                    <date>2013-07-11T14:12:03+02:00</date>
                    <speedMph>456</speedMph>
                    <altitudeFt>30850</altitudeFt>
                </position>
                <position>
                    <lat>41.5393</lat>
                    <lon>21.2648</lon>
                    <date>2013-07-11T14:10:39+02:00</date>
                    <speedMph>468</speedMph>
                    <altitudeFt>34050</altitudeFt>
                </position>
                <position>
                    <lat>41.6314</lat>
                    <lon>21.1331</lon>
                    <date>2013-07-11T14:09:38+02:00</date>
                    <speedMph>464</speedMph>
                    <altitudeFt>36800</altitudeFt>
                </position>
                <position>
                    <lat>41.7192</lat>
                    <lon>21.0074</lon>
                    <date>2013-07-11T14:08:38+02:00</date>
                    <speedMph>476</speedMph>
                    <altitudeFt>37000</altitudeFt>
                </position>
                <position>
                    <lat>41.8133</lat>
                    <lon>20.8717</lon>
                    <date>2013-07-11T14:07:38+02:00</date>
                    <speedMph>476</speedMph>
                    <altitudeFt>37000</altitudeFt>
                </position>
                <position>
                    <lat>41.9029</lat>
                    <lon>20.7431</lon>
                    <date>2013-07-11T14:06:38+02:00</date>
                    <speedMph>480</speedMph>
                    <altitudeFt>37000</altitudeFt>
                </position>
                <position>
                    <lat>41.991</lat>
                    <lon>20.6136</lon>
                    <date>2013-07-11T14:05:38+02:00</date>
                    <speedMph>480</speedMph>
                    <altitudeFt>37000</altitudeFt>
                </position>
                <position>
                    <lat>42.0853</lat>
                    <lon>20.4768</lon>
                    <date>2013-07-11T14:04:38+02:00</date>
                    <speedMph>480</speedMph>
                    <altitudeFt>37000</altitudeFt>
                </position>
                <position>
                    <lat>42.1756</lat>
                    <lon>20.3442</lon>
                    <date>2013-07-11T14:03:38+02:00</date>
                    <speedMph>480</speedMph>
                    <altitudeFt>37000</altitudeFt>
                </position>
                <position>
                    <lat>42.2656</lat>
                    <lon>20.2117</lon>
                    <date>2013-07-11T14:02:38+02:00</date>
                    <speedMph>480</speedMph>
                    <altitudeFt>37000</altitudeFt>
                </position>
                <position>
                    <lat>42.348</lat>
                    <lon>20.0893</lon>
                    <date>2013-07-11T14:01:38+02:00</date>
                    <speedMph>480</speedMph>
                    <altitudeFt>37000</altitudeFt>
                </position>
                <position>
                    <lat>42.4443</lat>
                    <lon>19.9447</lon>
                    <date>2013-07-11T14:00:38+02:00</date>
                    <speedMph>480</speedMph>
                    <altitudeFt>37000</altitudeFt>
                </position>
                <position>
                    <lat>42.5338</lat>
                    <lon>19.8115</lon>
                    <date>2013-07-11T13:59:38+02:00</date>
                    <speedMph>480</speedMph>
                    <altitudeFt>37000</altitudeFt>
                </position>
                <position>
                    <lat>42.618</lat>
                    <lon>19.6878</lon>
                    <date>2013-07-11T13:58:38+02:00</date>
                    <speedMph>476</speedMph>
                    <altitudeFt>37000</altitudeFt>
                </position>
                <position>
                    <lat>42.7049</lat>
                    <lon>19.5429</lon>
                    <date>2013-07-11T13:57:38+02:00</date>
                    <speedMph>480</speedMph>
                    <altitudeFt>37000</altitudeFt>
                </position>
                <position>
                    <lat>42.7848</lat>
                    <lon>19.402</lon>
                    <date>2013-07-11T13:56:38+02:00</date>
                    <speedMph>480</speedMph>
                    <altitudeFt>37000</altitudeFt>
                </position>
                <position>
                    <lat>42.8691</lat>
                    <lon>19.2562</lon>
                    <date>2013-07-11T13:55:38+02:00</date>
                    <speedMph>484</speedMph>
                    <altitudeFt>37000</altitudeFt>
                </position>
                <position>
                    <lat>42.9496</lat>
                    <lon>19.1184</lon>
                    <date>2013-07-11T13:54:38+02:00</date>
                    <speedMph>480</speedMph>
                    <altitudeFt>37000</altitudeFt>
                </position>
                <position>
                    <lat>43.0392</lat>
                    <lon>18.9638</lon>
                    <date>2013-07-11T13:53:38+02:00</date>
                    <speedMph>480</speedMph>
                    <altitudeFt>37000</altitudeFt>
                </position>
                <position>
                    <lat>43.1243</lat>
                    <lon>18.8249</lon>
                    <date>2013-07-11T13:52:38+02:00</date>
                    <speedMph>472</speedMph>
                    <altitudeFt>37000</altitudeFt>
                </position>
                <position>
                    <lat>43.224</lat>
                    <lon>18.704</lon>
                    <date>2013-07-11T13:51:38+02:00</date>
                    <speedMph>472</speedMph>
                    <altitudeFt>37000</altitudeFt>
                </position>
                <position>
                    <lat>43.3215</lat>
                    <lon>18.5863</lon>
                    <date>2013-07-11T13:50:38+02:00</date>
                    <speedMph>476</speedMph>
                    <altitudeFt>37000</altitudeFt>
                </position>
                <position>
                    <lat>43.4109</lat>
                    <lon>18.4761</lon>
                    <date>2013-07-11T13:49:38+02:00</date>
                    <speedMph>472</speedMph>
                    <altitudeFt>37000</altitudeFt>
                </position>
                <position>
                    <lat>43.5176</lat>
                    <lon>18.3455</lon>
                    <date>2013-07-11T13:48:38+02:00</date>
                    <speedMph>476</speedMph>
                    <altitudeFt>37000</altitudeFt>
                </position>
                <position>
                    <lat>43.6147</lat>
                    <lon>18.2245</lon>
                    <date>2013-07-11T13:47:38+02:00</date>
                    <speedMph>476</speedMph>
                    <altitudeFt>37000</altitudeFt>
                </position>
                <position>
                    <lat>43.7125</lat>
                    <lon>18.102</lon>
                    <date>2013-07-11T13:46:38+02:00</date>
                    <speedMph>476</speedMph>
                    <altitudeFt>37030</altitudeFt>
                </position>
                <position>
                    <lat>43.8101</lat>
                    <lon>17.9809</lon>
                    <date>2013-07-11T13:45:38+02:00</date>
                    <speedMph>464</speedMph>
                    <altitudeFt>37030</altitudeFt>
                </position>
                <position>
                    <lat>43.9063</lat>
                    <lon>17.8612</lon>
                    <date>2013-07-11T13:44:38+02:00</date>
                    <speedMph>460</speedMph>
                    <altitudeFt>37000</altitudeFt>
                </position>
                <position>
                    <lat>44.0019</lat>
                    <lon>17.738</lon>
                    <date>2013-07-11T13:43:38+02:00</date>
                    <speedMph>468</speedMph>
                    <altitudeFt>37000</altitudeFt>
                </position>
                <position>
                    <lat>44.0953</lat>
                    <lon>17.6134</lon>
                    <date>2013-07-11T13:42:38+02:00</date>
                    <speedMph>468</speedMph>
                    <altitudeFt>37000</altitudeFt>
                </position>
                <position>
                    <lat>44.1904</lat>
                    <lon>17.4893</lon>
                    <date>2013-07-11T13:41:38+02:00</date>
                    <speedMph>472</speedMph>
                    <altitudeFt>37000</altitudeFt>
                </position>
                <position>
                    <lat>44.2858</lat>
                    <lon>17.3626</lon>
                    <date>2013-07-11T13:40:38+02:00</date>
                    <speedMph>464</speedMph>
                    <altitudeFt>37000</altitudeFt>
                </position>
                <position>
                    <lat>44.3779</lat>
                    <lon>17.2402</lon>
                    <date>2013-07-11T13:39:38+02:00</date>
                    <speedMph>468</speedMph>
                    <altitudeFt>37000</altitudeFt>
                </position>
                <position>
                    <lat>44.4634</lat>
                    <lon>17.1156</lon>
                    <date>2013-07-11T13:38:38+02:00</date>
                    <speedMph>464</speedMph>
                    <altitudeFt>37000</altitudeFt>
                </position>
                <position>
                    <lat>44.5624</lat>
                    <lon>16.9573</lon>
                    <date>2013-07-11T13:37:38+02:00</date>
                    <speedMph>468</speedMph>
                    <altitudeFt>37000</altitudeFt>
                </position>
                <position>
                    <lat>44.64</lat>
                    <lon>16.8328</lon>
                    <date>2013-07-11T13:36:38+02:00</date>
                    <speedMph>468</speedMph>
                    <altitudeFt>37000</altitudeFt>
                </position>
                <position>
                    <lat>44.7275</lat>
                    <lon>16.694</lon>
                    <date>2013-07-11T13:35:38+02:00</date>
                    <speedMph>472</speedMph>
                    <altitudeFt>37000</altitudeFt>
                </position>
                <position>
                    <lat>44.8236</lat>
                    <lon>16.5385</lon>
                    <date>2013-07-11T13:34:38+02:00</date>
                    <speedMph>472</speedMph>
                    <altitudeFt>37000</altitudeFt>
                </position>
                <position>
                    <lat>44.9176</lat>
                    <lon>16.3851</lon>
                    <date>2013-07-11T13:33:38+02:00</date>
                    <speedMph>472</speedMph>
                    <altitudeFt>37000</altitudeFt>
                </position>
                <position>
                    <lat>45.0118</lat>
                    <lon>16.2331</lon>
                    <date>2013-07-11T13:32:38+02:00</date>
                    <speedMph>472</speedMph>
                    <altitudeFt>37000</altitudeFt>
                </position>
                <position>
                    <lat>45.0699</lat>
                    <lon>16.1373</lon>
                    <date>2013-07-11T13:31:38+02:00</date>
                    <speedMph>472</speedMph>
                    <altitudeFt>37000</altitudeFt>
                </position>
                <position>
                    <lat>45.1721</lat>
                    <lon>15.9696</lon>
                    <date>2013-07-11T13:30:38+02:00</date>
                    <speedMph>484</speedMph>
                    <altitudeFt>37000</altitudeFt>
                </position>
                <position>
                    <lat>45.2486</lat>
                    <lon>15.8438</lon>
                    <date>2013-07-11T13:29:37+02:00</date>
                    <speedMph>484</speedMph>
                    <altitudeFt>37000</altitudeFt>
                </position>
                <position>
                    <lat>45.335</lat>
                    <lon>15.6995</lon>
                    <date>2013-07-11T13:28:37+02:00</date>
                    <speedMph>484</speedMph>
                    <altitudeFt>37000</altitudeFt>
                </position>
                <position>
                    <lat>45.4263</lat>
                    <lon>15.5465</lon>
                    <date>2013-07-11T13:27:37+02:00</date>
                    <speedMph>488</speedMph>
                    <altitudeFt>37000</altitudeFt>
                </position>
                <position>
                    <lat>45.5178</lat>
                    <lon>15.3931</lon>
                    <date>2013-07-11T13:26:37+02:00</date>
                    <speedMph>488</speedMph>
                    <altitudeFt>36980</altitudeFt>
                </position>
                <position>
                    <lat>45.5917</lat>
                    <lon>15.2732</lon>
                    <date>2013-07-11T13:25:37+02:00</date>
                    <speedMph>484</speedMph>
                    <altitudeFt>37000</altitudeFt>
                </position>
                <position>
                    <lat>45.6949</lat>
                    <lon>15.1336</lon>
                    <date>2013-07-11T13:24:37+02:00</date>
                    <speedMph>488</speedMph>
                    <altitudeFt>37000</altitudeFt>
                </position>
                <position>
                    <lat>45.7945</lat>
                    <lon>14.9974</lon>
                    <date>2013-07-11T13:23:37+02:00</date>
                    <speedMph>488</speedMph>
                    <altitudeFt>37000</altitudeFt>
                </position>
                <position>
                    <lat>45.8925</lat>
                    <lon>14.8624</lon>
                    <date>2013-07-11T13:22:37+02:00</date>
                    <speedMph>488</speedMph>
                    <altitudeFt>37000</altitudeFt>
                </position>
                <position>
                    <lat>45.993</lat>
                    <lon>14.7258</lon>
                    <date>2013-07-11T13:21:37+02:00</date>
                    <speedMph>492</speedMph>
                    <altitudeFt>37000</altitudeFt>
                </position>
                <position>
                    <lat>46.1094</lat>
                    <lon>14.5638</lon>
                    <date>2013-07-11T13:20:37+02:00</date>
                    <speedMph>488</speedMph>
                    <altitudeFt>37000</altitudeFt>
                </position>
                <position>
                    <lat>46.187</lat>
                    <lon>14.458</lon>
                    <date>2013-07-11T13:19:37+02:00</date>
                    <speedMph>488</speedMph>
                    <altitudeFt>37000</altitudeFt>
                </position>
                <position>
                    <lat>46.2851</lat>
                    <lon>14.3201</lon>
                    <date>2013-07-11T13:18:37+02:00</date>
                    <speedMph>480</speedMph>
                    <altitudeFt>37000</altitudeFt>
                </position>
                <position>
                    <lat>46.3822</lat>
                    <lon>14.1838</lon>
                    <date>2013-07-11T13:17:37+02:00</date>
                    <speedMph>484</speedMph>
                    <altitudeFt>37000</altitudeFt>
                </position>
                <position>
                    <lat>46.4797</lat>
                    <lon>14.0469</lon>
                    <date>2013-07-11T13:16:37+02:00</date>
                    <speedMph>480</speedMph>
                    <altitudeFt>36950</altitudeFt>
                </position>
                <position>
                    <lat>46.5949</lat>
                    <lon>13.8816</lon>
                    <date>2013-07-11T13:15:37+02:00</date>
                    <speedMph>476</speedMph>
                    <altitudeFt>36080</altitudeFt>
                </position>
                <position>
                    <lat>46.671</lat>
                    <lon>13.773</lon>
                    <date>2013-07-11T13:14:37+02:00</date>
                    <speedMph>480</speedMph>
                    <altitudeFt>35380</altitudeFt>
                </position>
                <position>
                    <lat>46.7567</lat>
                    <lon>13.6502</lon>
                    <date>2013-07-11T13:13:37+02:00</date>
                    <speedMph>480</speedMph>
                    <altitudeFt>34280</altitudeFt>
                </position>
                <position>
                    <lat>46.8549</lat>
                    <lon>13.5086</lon>
                    <date>2013-07-11T13:12:37+02:00</date>
                    <speedMph>492</speedMph>
                    <altitudeFt>33000</altitudeFt>
                </position>
                <position>
                    <lat>47.0144</lat>
                    <lon>13.3029</lon>
                    <date>2013-07-11T13:11:34+02:00</date>
                    <speedMph>496</speedMph>
                    <altitudeFt>32100</altitudeFt>
                </position>
                <position>
                    <lat>47.1096</lat>
                    <lon>13.1806</lon>
                    <date>2013-07-11T13:10:09+02:00</date>
                    <speedMph>492</speedMph>
                    <altitudeFt>30950</altitudeFt>
                </position>
                <position>
                    <lat>47.2094</lat>
                    <lon>13.0506</lon>
                    <date>2013-07-11T13:09:09+02:00</date>
                    <speedMph>484</speedMph>
                    <altitudeFt>29830</altitudeFt>
                </position>
                <position>
                    <lat>47.3176</lat>
                    <lon>12.9092</lon>
                    <date>2013-07-11T13:08:09+02:00</date>
                    <speedMph>476</speedMph>
                    <altitudeFt>28330</altitudeFt>
                </position>
                <position>
                    <lat>47.4151</lat>
                    <lon>12.7798</lon>
                    <date>2013-07-11T13:07:09+02:00</date>
                    <speedMph>472</speedMph>
                    <altitudeFt>26730</altitudeFt>
                </position>
                <position>
                    <lat>47.504</lat>
                    <lon>12.6622</lon>
                    <date>2013-07-11T13:06:09+02:00</date>
                    <speedMph>464</speedMph>
                    <altitudeFt>25200</altitudeFt>
                </position>
                <position>
                    <lat>47.5989</lat>
                    <lon>12.537</lon>
                    <date>2013-07-11T13:05:09+02:00</date>
                    <speedMph>448</speedMph>
                    <altitudeFt>23550</altitudeFt>
                </position>
                <position>
                    <lat>47.6896</lat>
                    <lon>12.4152</lon>
                    <date>2013-07-11T13:04:09+02:00</date>
                    <speedMph>436</speedMph>
                    <altitudeFt>21700</altitudeFt>
                </position>
                <position>
                    <lat>47.7911</lat>
                    <lon>12.2991</lon>
                    <date>2013-07-11T13:03:09+02:00</date>
                    <speedMph>420</speedMph>
                    <altitudeFt>19250</altitudeFt>
                </position>
                <position>
                    <lat>47.8782</lat>
                    <lon>12.2105</lon>
                    <date>2013-07-11T13:02:09+02:00</date>
                    <speedMph>408</speedMph>
                    <altitudeFt>17080</altitudeFt>
                </position>
                <position>
                    <lat>48.0314</lat>
                    <lon>12.0546</lon>
                    <date>2013-07-11T13:01:09+02:00</date>
                    <speedMph>372</speedMph>
                    <altitudeFt>12900</altitudeFt>
                </position>
                <position>
                    <lat>48.0707</lat>
                    <lon>12.0097</lon>
                    <date>2013-07-11T13:00:39+02:00</date>
                    <speedMph>364</speedMph>
                    <altitudeFt>11550</altitudeFt>
                </position>
                <position>
                    <lat>48.0849</lat>
                    <lon>11.9879</lon>
                    <date>2013-07-11T12:59:48+02:00</date>
                    <speedMph>360</speedMph>
                    <altitudeFt>11000</altitudeFt>
                </position>
                <position>
                    <lat>48.1221</lat>
                    <lon>11.9209</lon>
                    <date>2013-07-11T12:59:18+02:00</date>
                    <speedMph>344</speedMph>
                    <altitudeFt>9780</altitudeFt>
                </position>
                <position>
                    <lat>48.1241</lat>
                    <lon>11.9172</lon>
                    <date>2013-07-11T12:59:08+02:00</date>
                    <speedMph>340</speedMph>
                    <altitudeFt>9730</altitudeFt>
                </position>
                <position>
                    <lat>48.1342</lat>
                    <lon>11.8988</lon>
                    <date>2013-07-11T12:58:58+02:00</date>
                    <speedMph>340</speedMph>
                    <altitudeFt>9450</altitudeFt>
                </position>
                <position>
                    <lat>48.1444</lat>
                    <lon>11.881</lon>
                    <date>2013-07-11T12:58:48+02:00</date>
                    <speedMph>332</speedMph>
                    <altitudeFt>9030</altitudeFt>
                </position>
                <position>
                    <lat>48.1596</lat>
                    <lon>11.8523</lon>
                    <date>2013-07-11T12:58:38+02:00</date>
                    <speedMph>328</speedMph>
                    <altitudeFt>8350</altitudeFt>
                </position>
                <position>
                    <lat>48.1655</lat>
                    <lon>11.8417</lon>
                    <date>2013-07-11T12:58:28+02:00</date>
                    <speedMph>328</speedMph>
                    <altitudeFt>8080</altitudeFt>
                </position>
                <position>
                    <lat>48.1782</lat>
                    <lon>11.8201</lon>
                    <date>2013-07-11T12:58:18+02:00</date>
                    <speedMph>316</speedMph>
                    <altitudeFt>7480</altitudeFt>
                </position>
                <position>
                    <lat>48.184</lat>
                    <lon>11.8126</lon>
                    <date>2013-07-11T12:58:08+02:00</date>
                    <speedMph>320</speedMph>
                    <altitudeFt>7300</altitudeFt>
                </position>
                <position>
                    <lat>48.2019</lat>
                    <lon>11.7931</lon>
                    <date>2013-07-11T12:57:58+02:00</date>
                    <speedMph>296</speedMph>
                    <altitudeFt>6900</altitudeFt>
                </position>
                <position>
                    <lat>48.2132</lat>
                    <lon>11.7816</lon>
                    <date>2013-07-11T12:57:48+02:00</date>
                    <speedMph>288</speedMph>
                    <altitudeFt>6730</altitudeFt>
                </position>
                <position>
                    <lat>48.2189</lat>
                    <lon>11.7761</lon>
                    <date>2013-07-11T12:57:38+02:00</date>
                    <speedMph>276</speedMph>
                    <altitudeFt>6630</altitudeFt>
                </position>
                <position>
                    <lat>48.2301</lat>
                    <lon>11.7643</lon>
                    <date>2013-07-11T12:57:28+02:00</date>
                    <speedMph>268</speedMph>
                    <altitudeFt>6450</altitudeFt>
                </position>
                <position>
                    <lat>48.2441</lat>
                    <lon>11.7504</lon>
                    <date>2013-07-11T12:57:18+02:00</date>
                    <speedMph>240</speedMph>
                    <altitudeFt>6230</altitudeFt>
                </position>
                <position>
                    <lat>48.2499</lat>
                    <lon>11.7447</lon>
                    <date>2013-07-11T12:57:08+02:00</date>
                    <speedMph>240</speedMph>
                    <altitudeFt>6100</altitudeFt>
                </position>
                <position>
                    <lat>48.2584</lat>
                    <lon>11.7364</lon>
                    <date>2013-07-11T12:56:58+02:00</date>
                    <speedMph>236</speedMph>
                    <altitudeFt>5680</altitudeFt>
                </position>
                <position>
                    <lat>48.268</lat>
                    <lon>11.726</lon>
                    <date>2013-07-11T12:56:48+02:00</date>
                    <speedMph>236</speedMph>
                    <altitudeFt>5200</altitudeFt>
                </position>
                <position>
                    <lat>48.2775</lat>
                    <lon>11.7166</lon>
                    <date>2013-07-11T12:56:38+02:00</date>
                    <speedMph>228</speedMph>
                    <altitudeFt>4600</altitudeFt>
                </position>
                <position>
                    <lat>48.2811</lat>
                    <lon>11.7136</lon>
                    <date>2013-07-11T12:56:33+02:00</date>
                    <speedMph>228</speedMph>
                    <altitudeFt>4430</altitudeFt>
                </position>
                <position>
                    <lat>48.2864</lat>
                    <lon>11.7107</lon>
                    <date>2013-07-11T12:56:28+02:00</date>
                    <speedMph>232</speedMph>
                    <altitudeFt>4230</altitudeFt>
                </position>
                <position>
                    <lat>48.2922</lat>
                    <lon>11.7083</lon>
                    <date>2013-07-11T12:56:23+02:00</date>
                    <speedMph>232</speedMph>
                    <altitudeFt>4030</altitudeFt>
                </position>
                <position>
                    <lat>48.3145</lat>
                    <lon>11.706</lon>
                    <date>2013-07-11T12:56:08+02:00</date>
                    <speedMph>212</speedMph>
                    <altitudeFt>3250</altitudeFt>
                </position>
                <position>
                    <lat>48.3202</lat>
                    <lon>11.7063</lon>
                    <date>2013-07-11T12:55:58+02:00</date>
                    <speedMph>204</speedMph>
                    <altitudeFt>3130</altitudeFt>
                </position>
                <position>
                    <lat>48.3226</lat>
                    <lon>11.707</lon>
                    <date>2013-07-11T12:55:53+02:00</date>
                    <speedMph>208</speedMph>
                    <altitudeFt>3080</altitudeFt>
                </position>
                <position>
                    <lat>48.3317</lat>
                    <lon>11.7139</lon>
                    <date>2013-07-11T12:55:43+02:00</date>
                    <speedMph>188</speedMph>
                    <altitudeFt>2850</altitudeFt>
                </position>
                <position>
                    <lat>48.3344</lat>
                    <lon>11.7177</lon>
                    <date>2013-07-11T12:55:38+02:00</date>
                    <speedMph>184</speedMph>
                    <altitudeFt>2730</altitudeFt>
                </position>
                <position>
                    <lat>48.3368</lat>
                    <lon>11.7232</lon>
                    <date>2013-07-11T12:55:33+02:00</date>
                    <speedMph>184</speedMph>
                    <altitudeFt>2550</altitudeFt>
                </position>
                <position>
                    <lat>48.3386</lat>
                    <lon>11.7292</lon>
                    <date>2013-07-11T12:55:28+02:00</date>
                    <speedMph>184</speedMph>
                    <altitudeFt>2330</altitudeFt>
                </position>
                <position>
                    <lat>48.3394</lat>
                    <lon>11.7354</lon>
                    <date>2013-07-11T12:55:23+02:00</date>
                    <speedMph>176</speedMph>
                    <altitudeFt>2150</altitudeFt>
                </position>
                <position>
                    <lat>48.3404</lat>
                    <lon>11.7487</lon>
                    <date>2013-07-11T12:55:18+02:00</date>
                    <speedMph>176</speedMph>
                    <altitudeFt>1700</altitudeFt>
                </position>
                <position>
                    <lat>48.3408</lat>
                    <lon>11.7536</lon>
                    <date>2013-07-11T12:55:08+02:00</date>
                    <speedMph>176</speedMph>
                    <altitudeFt>1480</altitudeFt>
                </position>
                <position>
                    <lat>48.3414</lat>
                    <lon>11.7609</lon>
                    <date>2013-07-11T12:55:03+02:00</date>
                    <speedMph>136</speedMph>
                    <altitudeFt>1380</altitudeFt>
                </position>
                <position>
                    <lat>48.3423</lat>
                    <lon>11.7718</lon>
                    <date>2013-07-11T12:54:58+02:00</date>
                    <speedMph>136</speedMph>
                    <altitudeFt>0</altitudeFt>
                </position>
                <position>
                    <lat>48.3427</lat>
                    <lon>11.7772</lon>
                    <date>2013-07-11T12:54:53+02:00</date>
                    <speedMph>116</speedMph>
                    <altitudeFt>0</altitudeFt>
                </position>
                <position>
                    <lat>48.3428</lat>
                    <lon>11.7796</lon>
                    <date>2013-07-11T12:54:43+02:00</date>
                    <speedMph>104</speedMph>
                    <altitudeFt>0</altitudeFt>
                </position>
                <position>
                    <lat>48.3431</lat>
                    <lon>11.7831</lon>
                    <date>2013-07-11T12:54:38+02:00</date>
                    <speedMph>88</speedMph>
                    <altitudeFt>0</altitudeFt>
                </position>
                <position>
                    <lat>48.3435</lat>
                    <lon>11.7881</lon>
                    <date>2013-07-11T12:54:28+02:00</date>
                    <speedMph>40</speedMph>
                    <altitudeFt>0</altitudeFt>
                </position>
                <position>
                    <lat>48.3436</lat>
                    <lon>11.7893</lon>
                    <date>2013-07-11T12:54:23+02:00</date>
                    <speedMph>24</speedMph>
                    <altitudeFt>0</altitudeFt>
                </position>
                <position>
                    <lat>48.3437</lat>
                    <lon>11.7899</lon>
                    <date>2013-07-11T12:54:18+02:00</date>
                    <speedMph>20</speedMph>
                    <altitudeFt>0</altitudeFt>
                </position>
                <position>
                    <lat>48.3445</lat>
                    <lon>11.7919</lon>
                    <date>2013-07-11T12:54:03+02:00</date>
                    <speedMph>20</speedMph>
                    <altitudeFt>0</altitudeFt>
                </position>
                <position>
                    <lat>48.3447</lat>
                    <lon>11.7924</lon>
                    <date>2013-07-11T12:53:58+02:00</date>
                    <speedMph>24</speedMph>
                    <altitudeFt>0</altitudeFt>
                </position>
                <position>
                    <lat>48.3453</lat>
                    <lon>11.7937</lon>
                    <date>2013-07-11T12:53:53+02:00</date>
                    <speedMph>20</speedMph>
                    <altitudeFt>0</altitudeFt>
                </position>
                <position>
                    <lat>48.3467</lat>
                    <lon>11.7945</lon>
                    <date>2013-07-11T12:53:18+02:00</date>
                    <speedMph>16</speedMph>
                    <altitudeFt>0</altitudeFt>
                </position>
                <position>
                    <lat>48.3467</lat>
                    <lon>11.7935</lon>
                    <date>2013-07-11T12:53:13+02:00</date>
                    <speedMph>24</speedMph>
                    <altitudeFt>0</altitudeFt>
                </position>
                <position>
                    <lat>48.3466</lat>
                    <lon>11.7927</lon>
                    <date>2013-07-11T12:53:03+02:00</date>
                    <speedMph>28</speedMph>
                    <altitudeFt>0</altitudeFt>
                </position>
                <position>
                    <lat>48.3465</lat>
                    <lon>11.7915</lon>
                    <date>2013-07-11T12:52:58+02:00</date>
                    <speedMph>28</speedMph>
                    <altitudeFt>0</altitudeFt>
                </position>
                <position>
                    <lat>48.3463</lat>
                    <lon>11.7893</lon>
                    <date>2013-07-11T12:52:53+02:00</date>
                    <speedMph>28</speedMph>
                    <altitudeFt>0</altitudeFt>
                </position>
                <position>
                    <lat>48.3461</lat>
                    <lon>11.7863</lon>
                    <date>2013-07-11T12:52:38+02:00</date>
                    <speedMph>28</speedMph>
                    <altitudeFt>0</altitudeFt>
                </position>
                <position>
                    <lat>48.3458</lat>
                    <lon>11.7817</lon>
                    <date>2013-07-11T12:52:13+02:00</date>
                    <speedMph>16</speedMph>
                    <altitudeFt>0</altitudeFt>
                </position>
                <position>
                    <lat>48.3458</lat>
                    <lon>11.7814</lon>
                    <date>2013-07-11T12:52:03+02:00</date>
                    <speedMph>16</speedMph>
                    <altitudeFt>0</altitudeFt>
                </position>
                <position>
                    <lat>48.3459</lat>
                    <lon>11.781</lon>
                    <date>2013-07-11T12:51:58+02:00</date>
                    <speedMph>12</speedMph>
                    <altitudeFt>0</altitudeFt>
                </position>
                <position>
                    <lat>48.3461</lat>
                    <lon>11.7808</lon>
                    <date>2013-07-11T12:51:53+02:00</date>
                    <speedMph>12</speedMph>
                    <altitudeFt>0</altitudeFt>
                </position>
                <position>
                    <lat>48.3468</lat>
                    <lon>11.7806</lon>
                    <date>2013-07-11T12:51:43+02:00</date>
                    <speedMph>20</speedMph>
                    <altitudeFt>0</altitudeFt>
                </position>
                <position>
                    <lat>48.3473</lat>
                    <lon>11.7805</lon>
                    <date>2013-07-11T12:51:38+02:00</date>
                    <speedMph>20</speedMph>
                    <altitudeFt>0</altitudeFt>
                </position>
                <position>
                    <lat>48.3481</lat>
                    <lon>11.7804</lon>
                    <date>2013-07-11T12:51:28+02:00</date>
                    <speedMph>12</speedMph>
                    <altitudeFt>0</altitudeFt>
                </position>
                <position>
                    <lat>48.3484</lat>
                    <lon>11.7804</lon>
                    <date>2013-07-11T12:51:23+02:00</date>
                    <speedMph>12</speedMph>
                    <altitudeFt>0</altitudeFt>
                </position>
                <position>
                    <lat>48.3486</lat>
                    <lon>11.7805</lon>
                    <date>2013-07-11T12:51:18+02:00</date>
                    <speedMph>12</speedMph>
                    <altitudeFt>0</altitudeFt>
                </position>
                <position>
                    <lat>48.3488</lat>
                    <lon>11.7813</lon>
                    <date>2013-07-11T12:51:08+02:00</date>
                    <speedMph>12</speedMph>
                    <altitudeFt>0</altitudeFt>
                </position>
                <position>
                    <lat>48.3488</lat>
                    <lon>11.7816</lon>
                    <date>2013-07-11T12:51:03+02:00</date>
                    <speedMph>12</speedMph>
                    <altitudeFt>0</altitudeFt>
                </position>
                <position>
                    <lat>48.3489</lat>
                    <lon>11.782</lon>
                    <date>2013-07-11T12:50:58+02:00</date>
                    <speedMph>12</speedMph>
                    <altitudeFt>0</altitudeFt>
                </position>
                <position>
                    <lat>48.3493</lat>
                    <lon>11.7823</lon>
                    <date>2013-07-11T12:50:53+02:00</date>
                    <speedMph>12</speedMph>
                    <altitudeFt>0</altitudeFt>
                </position>
                <position>
                    <lat>48.3495</lat>
                    <lon>11.7823</lon>
                    <date>2013-07-11T12:50:43+02:00</date>
                    <speedMph>12</speedMph>
                    <altitudeFt>0</altitudeFt>
                </position>
                <position>
                    <lat>48.3499</lat>
                    <lon>11.7823</lon>
                    <date>2013-07-11T12:50:38+02:00</date>
                    <speedMph>16</speedMph>
                    <altitudeFt>0</altitudeFt>
                </position>
                <position>
                    <lat>48.3507</lat>
                    <lon>11.7821</lon>
                    <date>2013-07-11T12:50:33+02:00</date>
                    <speedMph>20</speedMph>
                    <altitudeFt>0</altitudeFt>
                </position>
                <position>
                    <lat>48.3538</lat>
                    <lon>11.7816</lon>
                    <date>2013-07-11T12:49:58+02:00</date>
                    <speedMph>20</speedMph>
                    <altitudeFt>0</altitudeFt>
                </position>
                <position>
                    <lat>48.355</lat>
                    <lon>11.7813</lon>
                    <date>2013-07-11T12:49:43+02:00</date>
                    <speedMph>16</speedMph>
                    <altitudeFt>0</altitudeFt>
                </position>
                <position>
                    <lat>48.3554</lat>
                    <lon>11.7813</lon>
                    <date>2013-07-11T12:49:38+02:00</date>
                    <speedMph>16</speedMph>
                    <altitudeFt>0</altitudeFt>
                </position>
                <position>
                    <lat>48.3563</lat>
                    <lon>11.781</lon>
                    <date>2013-07-11T12:49:23+02:00</date>
                    <speedMph>12</speedMph>
                    <altitudeFt>0</altitudeFt>
                </position>
                <position>
                    <lat>48.3567</lat>
                    <lon>11.7808</lon>
                    <date>2013-07-11T12:49:03+02:00</date>
                    <speedMph>0</speedMph>
                    <altitudeFt>0</altitudeFt>
                </position>
                <position>
                    <lat>48.3567</lat>
                    <lon>11.7808</lon>
                    <date>2013-07-11T12:48:58+02:00</date>
                    <speedMph>0</speedMph>
                    <altitudeFt>0</altitudeFt>
                </position>
                <position>
                    <lat>48.3567</lat>
                    <lon>11.7808</lon>
                    <date>2013-07-11T12:48:18+02:00</date>
                    <speedMph>0</speedMph>
                    <altitudeFt>0</altitudeFt>
                </position>
                <position>
                    <lat>48.3567</lat>
                    <lon>11.7808</lon>
                    <date>2013-07-11T12:47:53+02:00</date>
                    <speedMph>0</speedMph>
                    <altitudeFt>0</altitudeFt>
                </position>
                <position>
                    <lat>48.3565</lat>
                    <lon>11.7811</lon>
                    <date>2013-07-11T12:47:28+02:00</date>
                    <speedMph>4</speedMph>
                    <altitudeFt>0</altitudeFt>
                </position>
                <position>
                    <lat>48.3565</lat>
                    <lon>11.7812</lon>
                    <date>2013-07-11T12:47:18+02:00</date>
                    <speedMph>4</speedMph>
                    <altitudeFt>0</altitudeFt>
                </position>
                <position>
                    <lat>48.3565</lat>
                    <lon>11.7814</lon>
                    <date>2013-07-11T12:47:13+02:00</date>
                    <speedMph>4</speedMph>
                    <altitudeFt>0</altitudeFt>
                </position>
                <position>
                    <lat>48.3566</lat>
                    <lon>11.7815</lon>
                    <date>2013-07-11T12:47:08+02:00</date>
                    <speedMph>4</speedMph>
                    <altitudeFt>0</altitudeFt>
                </position>
                <position>
                    <lat>48.3566</lat>
                    <lon>11.7817</lon>
                    <date>2013-07-11T12:46:58+02:00</date>
                    <speedMph>4</speedMph>
                    <altitudeFt>0</altitudeFt>
                </position>
                <position>
                    <lat>48.3566</lat>
                    <lon>11.7818</lon>
                    <date>2013-07-11T12:46:53+02:00</date>
                    <speedMph>4</speedMph>
                    <altitudeFt>0</altitudeFt>
                </position>
            </positions>
        </flightTrack>
    </flightTracks>
</flightstatslog>
