<?xml version="1.0" encoding="UTF-8" standalone="yes"?>
<flightstatslog>
    <appendix>
        <airports>
            <airport>
                <fs>LIS</fs>
                <latitude>38.781311</latitude>
                <longitude>-9.135919</longitude>
                <city>Lisbon</city>
            </airport>
            <airport>
                <fs>IST</fs>
                <latitude>40.976922</latitude>
                <longitude>28.814606</longitude>
                <city>Istanbul</city>
            </airport>
        </airports>
    </appendix>
    <flightTracks>
        <flightTrack>
            <flightId>4958790</flightId>
            <departureAirportFsCode>LIS</departureAirportFsCode>
            <arrivalAirportFsCode>IST</arrivalAirportFsCode>
            <positions>
                <position>
                    <lat>40.9769</lat>
                    <lon>28.827</lon>
                    <date>2013-07-11T20:16:22+02:00</date>
                    <speedMph>4</speedMph>
                    <altitudeFt>0</altitudeFt>
                </position>
                <position>
                    <lat>40.9769</lat>
                    <lon>28.8272</lon>
                    <date>2013-07-11T20:16:17+02:00</date>
                    <speedMph>4</speedMph>
                    <altitudeFt>0</altitudeFt>
                </position>
                <position>
                    <lat>40.975</lat>
                    <lon>28.8273</lon>
                    <date>2013-07-11T20:14:57+02:00</date>
                    <speedMph>4</speedMph>
                    <altitudeFt>0</altitudeFt>
                </position>
                <position>
                    <lat>40.9569</lat>
                    <lon>28.7911</lon>
                    <date>2013-07-11T20:13:22+02:00</date>
                    <speedMph>132</speedMph>
                    <altitudeFt>580</altitudeFt>
                </position>
                <position>
                    <lat>40.9548</lat>
                    <lon>28.7866</lon>
                    <date>2013-07-11T20:13:12+02:00</date>
                    <speedMph>132</speedMph>
                    <altitudeFt>650</altitudeFt>
                </position>
                <position>
                    <lat>40.9513</lat>
                    <lon>28.7791</lon>
                    <date>2013-07-11T20:13:02+02:00</date>
                    <speedMph>132</speedMph>
                    <altitudeFt>780</altitudeFt>
                </position>
                <position>
                    <lat>40.9472</lat>
                    <lon>28.7701</lon>
                    <date>2013-07-11T20:12:47+02:00</date>
                    <speedMph>132</speedMph>
                    <altitudeFt>930</altitudeFt>
                </position>
                <position>
                    <lat>40.9432</lat>
                    <lon>28.7618</lon>
                    <date>2013-07-11T20:12:37+02:00</date>
                    <speedMph>132</speedMph>
                    <altitudeFt>1050</altitudeFt>
                </position>
                <position>
                    <lat>40.9422</lat>
                    <lon>28.7593</lon>
                    <date>2013-07-11T20:12:32+02:00</date>
                    <speedMph>132</speedMph>
                    <altitudeFt>1100</altitudeFt>
                </position>
                <position>
                    <lat>40.94</lat>
                    <lon>28.7549</lon>
                    <date>2013-07-11T20:12:27+02:00</date>
                    <speedMph>136</speedMph>
                    <altitudeFt>1180</altitudeFt>
                </position>
                <position>
                    <lat>40.9359</lat>
                    <lon>28.7459</lon>
                    <date>2013-07-11T20:12:17+02:00</date>
                    <speedMph>132</speedMph>
                    <altitudeFt>1330</altitudeFt>
                </position>
                <position>
                    <lat>40.9347</lat>
                    <lon>28.7432</lon>
                    <date>2013-07-11T20:12:12+02:00</date>
                    <speedMph>136</speedMph>
                    <altitudeFt>1380</altitudeFt>
                </position>
                <position>
                    <lat>40.9319</lat>
                    <lon>28.7372</lon>
                    <date>2013-07-11T20:12:02+02:00</date>
                    <speedMph>136</speedMph>
                    <altitudeFt>1480</altitudeFt>
                </position>
                <position>
                    <lat>40.9281</lat>
                    <lon>28.7289</lon>
                    <date>2013-07-11T20:11:52+02:00</date>
                    <speedMph>140</speedMph>
                    <altitudeFt>1630</altitudeFt>
                </position>
                <position>
                    <lat>40.9239</lat>
                    <lon>28.7201</lon>
                    <date>2013-07-11T20:11:47+02:00</date>
                    <speedMph>144</speedMph>
                    <altitudeFt>1800</altitudeFt>
                </position>
                <position>
                    <lat>40.9218</lat>
                    <lon>28.7169</lon>
                    <date>2013-07-11T20:11:37+02:00</date>
                    <speedMph>168</speedMph>
                    <altitudeFt>2200</altitudeFt>
                </position>
                <position>
                    <lat>40.9096</lat>
                    <lon>28.6892</lon>
                    <date>2013-07-11T20:11:00+02:00</date>
                    <speedMph>184</speedMph>
                    <altitudeFt>2350</altitudeFt>
                </position>
                <position>
                    <lat>40.904</lat>
                    <lon>28.6774</lon>
                    <date>2013-07-11T20:10:55+02:00</date>
                    <speedMph>188</speedMph>
                    <altitudeFt>2580</altitudeFt>
                </position>
                <position>
                    <lat>40.9009</lat>
                    <lon>28.6706</lon>
                    <date>2013-07-11T20:10:50+02:00</date>
                    <speedMph>188</speedMph>
                    <altitudeFt>2730</altitudeFt>
                </position>
                <position>
                    <lat>40.9007</lat>
                    <lon>28.6702</lon>
                    <date>2013-07-11T20:10:40+02:00</date>
                    <speedMph>188</speedMph>
                    <altitudeFt>2750</altitudeFt>
                </position>
                <position>
                    <lat>40.8962</lat>
                    <lon>28.6606</lon>
                    <date>2013-07-11T20:10:35+02:00</date>
                    <speedMph>184</speedMph>
                    <altitudeFt>3030</altitudeFt>
                </position>
                <position>
                    <lat>40.8933</lat>
                    <lon>28.6543</lon>
                    <date>2013-07-11T20:10:30+02:00</date>
                    <speedMph>180</speedMph>
                    <altitudeFt>3130</altitudeFt>
                </position>
                <position>
                    <lat>40.8904</lat>
                    <lon>28.6481</lon>
                    <date>2013-07-11T20:10:20+02:00</date>
                    <speedMph>180</speedMph>
                    <altitudeFt>3130</altitudeFt>
                </position>
                <position>
                    <lat>40.8894</lat>
                    <lon>28.6459</lon>
                    <date>2013-07-11T20:10:15+02:00</date>
                    <speedMph>180</speedMph>
                    <altitudeFt>3130</altitudeFt>
                </position>
                <position>
                    <lat>40.8802</lat>
                    <lon>28.6262</lon>
                    <date>2013-07-11T20:09:55+02:00</date>
                    <speedMph>180</speedMph>
                    <altitudeFt>3130</altitudeFt>
                </position>
                <position>
                    <lat>40.876</lat>
                    <lon>28.6171</lon>
                    <date>2013-07-11T20:09:50+02:00</date>
                    <speedMph>180</speedMph>
                    <altitudeFt>3130</altitudeFt>
                </position>
                <position>
                    <lat>40.8742</lat>
                    <lon>28.6133</lon>
                    <date>2013-07-11T20:09:40+02:00</date>
                    <speedMph>184</speedMph>
                    <altitudeFt>3130</altitudeFt>
                </position>
                <position>
                    <lat>40.8699</lat>
                    <lon>28.604</lon>
                    <date>2013-07-11T20:09:35+02:00</date>
                    <speedMph>184</speedMph>
                    <altitudeFt>3100</altitudeFt>
                </position>
                <position>
                    <lat>40.8675</lat>
                    <lon>28.5989</lon>
                    <date>2013-07-11T20:09:30+02:00</date>
                    <speedMph>184</speedMph>
                    <altitudeFt>3100</altitudeFt>
                </position>
                <position>
                    <lat>40.8618</lat>
                    <lon>28.5867</lon>
                    <date>2013-07-11T20:09:15+02:00</date>
                    <speedMph>180</speedMph>
                    <altitudeFt>3130</altitudeFt>
                </position>
                <position>
                    <lat>40.859</lat>
                    <lon>28.5807</lon>
                    <date>2013-07-11T20:09:10+02:00</date>
                    <speedMph>180</speedMph>
                    <altitudeFt>3130</altitudeFt>
                </position>
                <position>
                    <lat>40.8541</lat>
                    <lon>28.5702</lon>
                    <date>2013-07-11T20:08:55+02:00</date>
                    <speedMph>176</speedMph>
                    <altitudeFt>3130</altitudeFt>
                </position>
                <position>
                    <lat>40.8485</lat>
                    <lon>28.5583</lon>
                    <date>2013-07-11T20:08:50+02:00</date>
                    <speedMph>176</speedMph>
                    <altitudeFt>3230</altitudeFt>
                </position>
                <position>
                    <lat>40.8464</lat>
                    <lon>28.5537</lon>
                    <date>2013-07-11T20:08:45+02:00</date>
                    <speedMph>180</speedMph>
                    <altitudeFt>3300</altitudeFt>
                </position>
                <position>
                    <lat>40.8448</lat>
                    <lon>28.5504</lon>
                    <date>2013-07-11T20:08:35+02:00</date>
                    <speedMph>180</speedMph>
                    <altitudeFt>3350</altitudeFt>
                </position>
                <position>
                    <lat>40.8408</lat>
                    <lon>28.5417</lon>
                    <date>2013-07-11T20:08:30+02:00</date>
                    <speedMph>184</speedMph>
                    <altitudeFt>3500</altitudeFt>
                </position>
                <position>
                    <lat>40.8371</lat>
                    <lon>28.5337</lon>
                    <date>2013-07-11T20:08:20+02:00</date>
                    <speedMph>188</speedMph>
                    <altitudeFt>3600</altitudeFt>
                </position>
                <position>
                    <lat>40.8299</lat>
                    <lon>28.5184</lon>
                    <date>2013-07-11T20:08:05+02:00</date>
                    <speedMph>196</speedMph>
                    <altitudeFt>3780</altitudeFt>
                </position>
                <position>
                    <lat>40.8239</lat>
                    <lon>28.5054</lon>
                    <date>2013-07-11T20:07:55+02:00</date>
                    <speedMph>200</speedMph>
                    <altitudeFt>3930</altitudeFt>
                </position>
                <position>
                    <lat>40.8216</lat>
                    <lon>28.5005</lon>
                    <date>2013-07-11T20:07:50+02:00</date>
                    <speedMph>200</speedMph>
                    <altitudeFt>3980</altitudeFt>
                </position>
                <position>
                    <lat>40.8201</lat>
                    <lon>28.4974</lon>
                    <date>2013-07-11T20:07:45+02:00</date>
                    <speedMph>200</speedMph>
                    <altitudeFt>4000</altitudeFt>
                </position>
                <position>
                    <lat>40.8181</lat>
                    <lon>28.4932</lon>
                    <date>2013-07-11T20:07:35+02:00</date>
                    <speedMph>204</speedMph>
                    <altitudeFt>4050</altitudeFt>
                </position>
                <position>
                    <lat>40.8118</lat>
                    <lon>28.4797</lon>
                    <date>2013-07-11T20:07:30+02:00</date>
                    <speedMph>204</speedMph>
                    <altitudeFt>4280</altitudeFt>
                </position>
                <position>
                    <lat>40.8102</lat>
                    <lon>28.4762</lon>
                    <date>2013-07-11T20:07:25+02:00</date>
                    <speedMph>204</speedMph>
                    <altitudeFt>4300</altitudeFt>
                </position>
                <position>
                    <lat>40.8065</lat>
                    <lon>28.4684</lon>
                    <date>2013-07-11T20:07:15+02:00</date>
                    <speedMph>212</speedMph>
                    <altitudeFt>4400</altitudeFt>
                </position>
                <position>
                    <lat>40.8021</lat>
                    <lon>28.459</lon>
                    <date>2013-07-11T20:07:10+02:00</date>
                    <speedMph>216</speedMph>
                    <altitudeFt>4500</altitudeFt>
                </position>
                <position>
                    <lat>40.8003</lat>
                    <lon>28.4551</lon>
                    <date>2013-07-11T20:07:05+02:00</date>
                    <speedMph>224</speedMph>
                    <altitudeFt>4530</altitudeFt>
                </position>
                <position>
                    <lat>40.7925</lat>
                    <lon>28.4387</lon>
                    <date>2013-07-11T20:06:50+02:00</date>
                    <speedMph>224</speedMph>
                    <altitudeFt>4680</altitudeFt>
                </position>
                <position>
                    <lat>40.7872</lat>
                    <lon>28.4271</lon>
                    <date>2013-07-11T20:06:45+02:00</date>
                    <speedMph>228</speedMph>
                    <altitudeFt>4850</altitudeFt>
                </position>
                <position>
                    <lat>40.786</lat>
                    <lon>28.4246</lon>
                    <date>2013-07-11T20:06:40+02:00</date>
                    <speedMph>228</speedMph>
                    <altitudeFt>4880</altitudeFt>
                </position>
                <position>
                    <lat>40.7837</lat>
                    <lon>28.4195</lon>
                    <date>2013-07-11T20:06:35+02:00</date>
                    <speedMph>228</speedMph>
                    <altitudeFt>4950</altitudeFt>
                </position>
                <position>
                    <lat>40.7812</lat>
                    <lon>28.4138</lon>
                    <date>2013-07-11T20:06:30+02:00</date>
                    <speedMph>228</speedMph>
                    <altitudeFt>5050</altitudeFt>
                </position>
                <position>
                    <lat>40.7758</lat>
                    <lon>28.4007</lon>
                    <date>2013-07-11T20:06:20+02:00</date>
                    <speedMph>228</speedMph>
                    <altitudeFt>5280</altitudeFt>
                </position>
                <position>
                    <lat>40.7716</lat>
                    <lon>28.3851</lon>
                    <date>2013-07-11T20:06:10+02:00</date>
                    <speedMph>232</speedMph>
                    <altitudeFt>5480</altitudeFt>
                </position>
                <position>
                    <lat>40.771</lat>
                    <lon>28.3715</lon>
                    <date>2013-07-11T20:06:00+02:00</date>
                    <speedMph>240</speedMph>
                    <altitudeFt>5650</altitudeFt>
                </position>
                <position>
                    <lat>40.773</lat>
                    <lon>28.3618</lon>
                    <date>2013-07-11T20:05:50+02:00</date>
                    <speedMph>240</speedMph>
                    <altitudeFt>5800</altitudeFt>
                </position>
                <position>
                    <lat>40.7797</lat>
                    <lon>28.3425</lon>
                    <date>2013-07-11T20:05:40+02:00</date>
                    <speedMph>244</speedMph>
                    <altitudeFt>6080</altitudeFt>
                </position>
                <position>
                    <lat>40.7828</lat>
                    <lon>28.3338</lon>
                    <date>2013-07-11T20:05:30+02:00</date>
                    <speedMph>244</speedMph>
                    <altitudeFt>6200</altitudeFt>
                </position>
                <position>
                    <lat>40.7885</lat>
                    <lon>28.3175</lon>
                    <date>2013-07-11T20:05:20+02:00</date>
                    <speedMph>244</speedMph>
                    <altitudeFt>6450</altitudeFt>
                </position>
                <position>
                    <lat>40.7923</lat>
                    <lon>28.3068</lon>
                    <date>2013-07-11T20:05:10+02:00</date>
                    <speedMph>244</speedMph>
                    <altitudeFt>6600</altitudeFt>
                </position>
                <position>
                    <lat>40.7978</lat>
                    <lon>28.2913</lon>
                    <date>2013-07-11T20:05:00+02:00</date>
                    <speedMph>244</speedMph>
                    <altitudeFt>6850</altitudeFt>
                </position>
                <position>
                    <lat>40.8001</lat>
                    <lon>28.2849</lon>
                    <date>2013-07-11T20:04:50+02:00</date>
                    <speedMph>244</speedMph>
                    <altitudeFt>6930</altitudeFt>
                </position>
                <position>
                    <lat>40.8161</lat>
                    <lon>28.2394</lon>
                    <date>2013-07-11T20:04:25+02:00</date>
                    <speedMph>0</speedMph>
                    <altitudeFt>7750</altitudeFt>
                </position>
                <position>
                    <lat>40.8205</lat>
                    <lon>28.227</lon>
                    <date>2013-07-11T20:04:15+02:00</date>
                    <speedMph>0</speedMph>
                    <altitudeFt>7930</altitudeFt>
                </position>
                <position>
                    <lat>40.8537</lat>
                    <lon>28.1322</lon>
                    <date>2013-07-11T20:03:10+02:00</date>
                    <speedMph>292</speedMph>
                    <altitudeFt>9100</altitudeFt>
                </position>
                <position>
                    <lat>40.8637</lat>
                    <lon>28.104</lon>
                    <date>2013-07-11T20:02:55+02:00</date>
                    <speedMph>292</speedMph>
                    <altitudeFt>9350</altitudeFt>
                </position>
                <position>
                    <lat>40.8681</lat>
                    <lon>28.0916</lon>
                    <date>2013-07-11T20:02:45+02:00</date>
                    <speedMph>292</speedMph>
                    <altitudeFt>9480</altitudeFt>
                </position>
                <position>
                    <lat>40.8729</lat>
                    <lon>28.0779</lon>
                    <date>2013-07-11T20:02:35+02:00</date>
                    <speedMph>304</speedMph>
                    <altitudeFt>9630</altitudeFt>
                </position>
                <position>
                    <lat>40.8802</lat>
                    <lon>28.057</lon>
                    <date>2013-07-11T20:02:25+02:00</date>
                    <speedMph>312</speedMph>
                    <altitudeFt>9830</altitudeFt>
                </position>
                <position>
                    <lat>40.8808</lat>
                    <lon>28.0555</lon>
                    <date>2013-07-11T20:02:15+02:00</date>
                    <speedMph>312</speedMph>
                    <altitudeFt>9850</altitudeFt>
                </position>
                <position>
                    <lat>40.8954</lat>
                    <lon>28.0138</lon>
                    <date>2013-07-11T20:02:05+02:00</date>
                    <speedMph>336</speedMph>
                    <altitudeFt>10330</altitudeFt>
                </position>
                <position>
                    <lat>40.912</lat>
                    <lon>27.9664</lon>
                    <date>2013-07-11T20:01:35+02:00</date>
                    <speedMph>364</speedMph>
                    <altitudeFt>11050</altitudeFt>
                </position>
                <position>
                    <lat>40.929</lat>
                    <lon>27.9187</lon>
                    <date>2013-07-11T20:01:05+02:00</date>
                    <speedMph>368</speedMph>
                    <altitudeFt>12580</altitudeFt>
                </position>
                <position>
                    <lat>40.9499</lat>
                    <lon>27.8465</lon>
                    <date>2013-07-11T20:00:35+02:00</date>
                    <speedMph>384</speedMph>
                    <altitudeFt>14730</altitudeFt>
                </position>
                <position>
                    <lat>40.9512</lat>
                    <lon>27.7739</lon>
                    <date>2013-07-11T20:00:05+02:00</date>
                    <speedMph>400</speedMph>
                    <altitudeFt>16530</altitudeFt>
                </position>
                <position>
                    <lat>40.9513</lat>
                    <lon>27.6235</lon>
                    <date>2013-07-11T19:59:05+02:00</date>
                    <speedMph>428</speedMph>
                    <altitudeFt>20130</altitudeFt>
                </position>
                <position>
                    <lat>40.9516</lat>
                    <lon>27.4665</lon>
                    <date>2013-07-11T19:58:05+02:00</date>
                    <speedMph>432</speedMph>
                    <altitudeFt>22750</altitudeFt>
                </position>
                <position>
                    <lat>40.9445</lat>
                    <lon>27.3035</lon>
                    <date>2013-07-11T19:57:05+02:00</date>
                    <speedMph>424</speedMph>
                    <altitudeFt>25550</altitudeFt>
                </position>
                <position>
                    <lat>40.937</lat>
                    <lon>27.165</lon>
                    <date>2013-07-11T19:56:05+02:00</date>
                    <speedMph>464</speedMph>
                    <altitudeFt>26300</altitudeFt>
                </position>
                <position>
                    <lat>40.927</lat>
                    <lon>26.987</lon>
                    <date>2013-07-11T19:55:05+02:00</date>
                    <speedMph>488</speedMph>
                    <altitudeFt>28200</altitudeFt>
                </position>
                <position>
                    <lat>40.9168</lat>
                    <lon>26.8136</lon>
                    <date>2013-07-11T19:54:05+02:00</date>
                    <speedMph>500</speedMph>
                    <altitudeFt>30450</altitudeFt>
                </position>
                <position>
                    <lat>40.904</lat>
                    <lon>26.5994</lon>
                    <date>2013-07-11T19:53:05+02:00</date>
                    <speedMph>508</speedMph>
                    <altitudeFt>32980</altitudeFt>
                </position>
                <position>
                    <lat>40.8933</lat>
                    <lon>26.4188</lon>
                    <date>2013-07-11T19:52:05+02:00</date>
                    <speedMph>544</speedMph>
                    <altitudeFt>32980</altitudeFt>
                </position>
                <position>
                    <lat>40.8812</lat>
                    <lon>26.2331</lon>
                    <date>2013-07-11T19:51:05+02:00</date>
                    <speedMph>536</speedMph>
                    <altitudeFt>35430</altitudeFt>
                </position>
                <position>
                    <lat>40.8669</lat>
                    <lon>26.0254</lon>
                    <date>2013-07-11T19:50:05+02:00</date>
                    <speedMph>528</speedMph>
                    <altitudeFt>36980</altitudeFt>
                </position>
                <position>
                    <lat>40.8536</lat>
                    <lon>25.8378</lon>
                    <date>2013-07-11T19:49:05+02:00</date>
                    <speedMph>528</speedMph>
                    <altitudeFt>36980</altitudeFt>
                </position>
                <position>
                    <lat>40.8363</lat>
                    <lon>25.5988</lon>
                    <date>2013-07-11T19:48:05+02:00</date>
                    <speedMph>532</speedMph>
                    <altitudeFt>37000</altitudeFt>
                </position>
                <position>
                    <lat>40.8228</lat>
                    <lon>25.4186</lon>
                    <date>2013-07-11T19:47:05+02:00</date>
                    <speedMph>532</speedMph>
                    <altitudeFt>37000</altitudeFt>
                </position>
                <position>
                    <lat>40.8095</lat>
                    <lon>25.2421</lon>
                    <date>2013-07-11T19:46:05+02:00</date>
                    <speedMph>520</speedMph>
                    <altitudeFt>37000</altitudeFt>
                </position>
                <position>
                    <lat>40.7974</lat>
                    <lon>25.0873</lon>
                    <date>2013-07-11T19:45:05+02:00</date>
                    <speedMph>520</speedMph>
                    <altitudeFt>37000</altitudeFt>
                </position>
                <position>
                    <lat>40.7779</lat>
                    <lon>24.8425</lon>
                    <date>2013-07-11T19:44:05+02:00</date>
                    <speedMph>524</speedMph>
                    <altitudeFt>37050</altitudeFt>
                </position>
                <position>
                    <lat>40.7647</lat>
                    <lon>24.6796</lon>
                    <date>2013-07-11T19:43:05+02:00</date>
                    <speedMph>524</speedMph>
                    <altitudeFt>37030</altitudeFt>
                </position>
                <position>
                    <lat>40.7466</lat>
                    <lon>24.459</lon>
                    <date>2013-07-11T19:42:05+02:00</date>
                    <speedMph>524</speedMph>
                    <altitudeFt>37030</altitudeFt>
                </position>
                <position>
                    <lat>40.7357</lat>
                    <lon>24.33</lon>
                    <date>2013-07-11T19:41:05+02:00</date>
                    <speedMph>520</speedMph>
                    <altitudeFt>37000</altitudeFt>
                </position>
                <position>
                    <lat>40.7193</lat>
                    <lon>24.1393</lon>
                    <date>2013-07-11T19:40:05+02:00</date>
                    <speedMph>520</speedMph>
                    <altitudeFt>36980</altitudeFt>
                </position>
                <position>
                    <lat>40.7027</lat>
                    <lon>23.9487</lon>
                    <date>2013-07-11T19:39:05+02:00</date>
                    <speedMph>516</speedMph>
                    <altitudeFt>36980</altitudeFt>
                </position>
                <position>
                    <lat>40.6859</lat>
                    <lon>23.7604</lon>
                    <date>2013-07-11T19:38:05+02:00</date>
                    <speedMph>520</speedMph>
                    <altitudeFt>37000</altitudeFt>
                </position>
                <position>
                    <lat>40.6688</lat>
                    <lon>23.573</lon>
                    <date>2013-07-11T19:37:05+02:00</date>
                    <speedMph>520</speedMph>
                    <altitudeFt>37030</altitudeFt>
                </position>
                <position>
                    <lat>40.6516</lat>
                    <lon>23.3853</lon>
                    <date>2013-07-11T19:36:05+02:00</date>
                    <speedMph>520</speedMph>
                    <altitudeFt>37030</altitudeFt>
                </position>
                <position>
                    <lat>40.634</lat>
                    <lon>23.1978</lon>
                    <date>2013-07-11T19:35:05+02:00</date>
                    <speedMph>520</speedMph>
                    <altitudeFt>37000</altitudeFt>
                </position>
                <position>
                    <lat>40.616</lat>
                    <lon>23.0103</lon>
                    <date>2013-07-11T19:34:05+02:00</date>
                    <speedMph>516</speedMph>
                    <altitudeFt>36980</altitudeFt>
                </position>
                <position>
                    <lat>40.5977</lat>
                    <lon>22.8223</lon>
                    <date>2013-07-11T19:33:05+02:00</date>
                    <speedMph>516</speedMph>
                    <altitudeFt>36950</altitudeFt>
                </position>
                <position>
                    <lat>40.5792</lat>
                    <lon>22.6383</lon>
                    <date>2013-07-11T19:32:05+02:00</date>
                    <speedMph>516</speedMph>
                    <altitudeFt>37030</altitudeFt>
                </position>
                <position>
                    <lat>40.5601</lat>
                    <lon>22.448</lon>
                    <date>2013-07-11T19:31:05+02:00</date>
                    <speedMph>520</speedMph>
                    <altitudeFt>37050</altitudeFt>
                </position>
                <position>
                    <lat>40.5408</lat>
                    <lon>22.2615</lon>
                    <date>2013-07-11T19:30:05+02:00</date>
                    <speedMph>520</speedMph>
                    <altitudeFt>36980</altitudeFt>
                </position>
                <position>
                    <lat>40.5215</lat>
                    <lon>22.0759</lon>
                    <date>2013-07-11T19:29:05+02:00</date>
                    <speedMph>524</speedMph>
                    <altitudeFt>37000</altitudeFt>
                </position>
                <position>
                    <lat>40.5016</lat>
                    <lon>21.8892</lon>
                    <date>2013-07-11T19:28:05+02:00</date>
                    <speedMph>524</speedMph>
                    <altitudeFt>36980</altitudeFt>
                </position>
                <position>
                    <lat>40.4815</lat>
                    <lon>21.6711</lon>
                    <date>2013-07-11T19:27:04+02:00</date>
                    <speedMph>516</speedMph>
                    <altitudeFt>36980</altitudeFt>
                </position>
                <position>
                    <lat>40.4835</lat>
                    <lon>21.5025</lon>
                    <date>2013-07-11T19:26:04+02:00</date>
                    <speedMph>516</speedMph>
                    <altitudeFt>37000</altitudeFt>
                </position>
                <position>
                    <lat>40.4855</lat>
                    <lon>21.3237</lon>
                    <date>2013-07-11T19:25:04+02:00</date>
                    <speedMph>516</speedMph>
                    <altitudeFt>37000</altitudeFt>
                </position>
                <position>
                    <lat>40.4874</lat>
                    <lon>21.1282</lon>
                    <date>2013-07-11T19:24:04+02:00</date>
                    <speedMph>516</speedMph>
                    <altitudeFt>37050</altitudeFt>
                </position>
                <position>
                    <lat>40.4863</lat>
                    <lon>20.9035</lon>
                    <date>2013-07-11T19:23:04+02:00</date>
                    <speedMph>516</speedMph>
                    <altitudeFt>37050</altitudeFt>
                </position>
                <position>
                    <lat>40.4929</lat>
                    <lon>20.7675</lon>
                    <date>2013-07-11T19:22:04+02:00</date>
                    <speedMph>508</speedMph>
                    <altitudeFt>37050</altitudeFt>
                </position>
                <position>
                    <lat>40.5051</lat>
                    <lon>20.5721</lon>
                    <date>2013-07-11T19:21:04+02:00</date>
                    <speedMph>500</speedMph>
                    <altitudeFt>37000</altitudeFt>
                </position>
                <position>
                    <lat>40.516</lat>
                    <lon>20.3945</lon>
                    <date>2013-07-11T19:20:04+02:00</date>
                    <speedMph>492</speedMph>
                    <altitudeFt>36950</altitudeFt>
                </position>
                <position>
                    <lat>40.5264</lat>
                    <lon>20.2213</lon>
                    <date>2013-07-11T19:19:04+02:00</date>
                    <speedMph>484</speedMph>
                    <altitudeFt>36950</altitudeFt>
                </position>
                <position>
                    <lat>40.5365</lat>
                    <lon>20.0483</lon>
                    <date>2013-07-11T19:18:04+02:00</date>
                    <speedMph>484</speedMph>
                    <altitudeFt>37000</altitudeFt>
                </position>
                <position>
                    <lat>40.5466</lat>
                    <lon>19.8683</lon>
                    <date>2013-07-11T19:17:04+02:00</date>
                    <speedMph>484</speedMph>
                    <altitudeFt>37000</altitudeFt>
                </position>
                <position>
                    <lat>40.5572</lat>
                    <lon>19.6752</lon>
                    <date>2013-07-11T19:16:04+02:00</date>
                    <speedMph>484</speedMph>
                    <altitudeFt>37000</altitudeFt>
                </position>
                <position>
                    <lat>40.5664</lat>
                    <lon>19.5029</lon>
                    <date>2013-07-11T19:15:03+02:00</date>
                    <speedMph>488</speedMph>
                    <altitudeFt>37000</altitudeFt>
                </position>
                <position>
                    <lat>40.5752</lat>
                    <lon>19.3326</lon>
                    <date>2013-07-11T19:14:03+02:00</date>
                    <speedMph>496</speedMph>
                    <altitudeFt>37000</altitudeFt>
                </position>
                <position>
                    <lat>40.584</lat>
                    <lon>19.16</lon>
                    <date>2013-07-11T19:13:03+02:00</date>
                    <speedMph>492</speedMph>
                    <altitudeFt>37000</altitudeFt>
                </position>
                <position>
                    <lat>40.5949</lat>
                    <lon>18.9357</lon>
                    <date>2013-07-11T19:12:03+02:00</date>
                    <speedMph>492</speedMph>
                    <altitudeFt>36980</altitudeFt>
                </position>
                <position>
                    <lat>40.6027</lat>
                    <lon>18.7878</lon>
                    <date>2013-07-11T19:11:03+02:00</date>
                    <speedMph>492</speedMph>
                    <altitudeFt>37000</altitudeFt>
                </position>
                <position>
                    <lat>40.6071</lat>
                    <lon>18.6177</lon>
                    <date>2013-07-11T19:10:03+02:00</date>
                    <speedMph>496</speedMph>
                    <altitudeFt>37030</altitudeFt>
                </position>
                <position>
                    <lat>40.6108</lat>
                    <lon>18.4405</lon>
                    <date>2013-07-11T19:09:03+02:00</date>
                    <speedMph>496</speedMph>
                    <altitudeFt>37050</altitudeFt>
                </position>
                <position>
                    <lat>40.6143</lat>
                    <lon>18.259</lon>
                    <date>2013-07-11T19:08:03+02:00</date>
                    <speedMph>496</speedMph>
                    <altitudeFt>37050</altitudeFt>
                </position>
                <position>
                    <lat>40.6172</lat>
                    <lon>18.0922</lon>
                    <date>2013-07-11T19:07:03+02:00</date>
                    <speedMph>496</speedMph>
                    <altitudeFt>37000</altitudeFt>
                </position>
                <position>
                    <lat>40.6201</lat>
                    <lon>17.8975</lon>
                    <date>2013-07-11T19:06:03+02:00</date>
                    <speedMph>492</speedMph>
                    <altitudeFt>37000</altitudeFt>
                </position>
                <position>
                    <lat>40.623</lat>
                    <lon>17.7128</lon>
                    <date>2013-07-11T19:05:03+02:00</date>
                    <speedMph>492</speedMph>
                    <altitudeFt>36980</altitudeFt>
                </position>
                <position>
                    <lat>40.6256</lat>
                    <lon>17.5157</lon>
                    <date>2013-07-11T19:04:03+02:00</date>
                    <speedMph>492</speedMph>
                    <altitudeFt>36950</altitudeFt>
                </position>
                <position>
                    <lat>40.6273</lat>
                    <lon>17.3603</lon>
                    <date>2013-07-11T19:03:03+02:00</date>
                    <speedMph>492</speedMph>
                    <altitudeFt>37000</altitudeFt>
                </position>
                <position>
                    <lat>40.6291</lat>
                    <lon>17.1758</lon>
                    <date>2013-07-11T19:02:03+02:00</date>
                    <speedMph>496</speedMph>
                    <altitudeFt>37030</altitudeFt>
                </position>
                <position>
                    <lat>40.6306</lat>
                    <lon>17.0002</lon>
                    <date>2013-07-11T19:01:03+02:00</date>
                    <speedMph>500</speedMph>
                    <altitudeFt>37030</altitudeFt>
                </position>
                <position>
                    <lat>40.6317</lat>
                    <lon>16.8261</lon>
                    <date>2013-07-11T19:00:03+02:00</date>
                    <speedMph>500</speedMph>
                    <altitudeFt>37030</altitudeFt>
                </position>
                <position>
                    <lat>40.6326</lat>
                    <lon>16.6431</lon>
                    <date>2013-07-11T18:59:03+02:00</date>
                    <speedMph>500</speedMph>
                    <altitudeFt>37000</altitudeFt>
                </position>
                <position>
                    <lat>40.6333</lat>
                    <lon>16.4498</lon>
                    <date>2013-07-11T18:58:03+02:00</date>
                    <speedMph>500</speedMph>
                    <altitudeFt>37030</altitudeFt>
                </position>
                <position>
                    <lat>40.6337</lat>
                    <lon>16.2721</lon>
                    <date>2013-07-11T18:57:03+02:00</date>
                    <speedMph>500</speedMph>
                    <altitudeFt>37000</altitudeFt>
                </position>
                <position>
                    <lat>40.6336</lat>
                    <lon>16.0973</lon>
                    <date>2013-07-11T18:56:03+02:00</date>
                    <speedMph>496</speedMph>
                    <altitudeFt>37000</altitudeFt>
                </position>
                <position>
                    <lat>40.6334</lat>
                    <lon>15.9139</lon>
                    <date>2013-07-11T18:55:03+02:00</date>
                    <speedMph>492</speedMph>
                    <altitudeFt>36980</altitudeFt>
                </position>
                <position>
                    <lat>40.6329</lat>
                    <lon>15.7326</lon>
                    <date>2013-07-11T18:54:03+02:00</date>
                    <speedMph>492</speedMph>
                    <altitudeFt>36980</altitudeFt>
                </position>
                <position>
                    <lat>40.6322</lat>
                    <lon>15.5605</lon>
                    <date>2013-07-11T18:53:03+02:00</date>
                    <speedMph>488</speedMph>
                    <altitudeFt>37030</altitudeFt>
                </position>
                <position>
                    <lat>40.6312</lat>
                    <lon>15.3788</lon>
                    <date>2013-07-11T18:52:03+02:00</date>
                    <speedMph>492</speedMph>
                    <altitudeFt>37000</altitudeFt>
                </position>
                <position>
                    <lat>40.6294</lat>
                    <lon>15.1806</lon>
                    <date>2013-07-11T18:51:03+02:00</date>
                    <speedMph>488</speedMph>
                    <altitudeFt>37000</altitudeFt>
                </position>
                <position>
                    <lat>40.6414</lat>
                    <lon>15.0117</lon>
                    <date>2013-07-11T18:50:03+02:00</date>
                    <speedMph>484</speedMph>
                    <altitudeFt>37030</altitudeFt>
                </position>
                <position>
                    <lat>40.6547</lat>
                    <lon>14.8444</lon>
                    <date>2013-07-11T18:49:03+02:00</date>
                    <speedMph>484</speedMph>
                    <altitudeFt>37000</altitudeFt>
                </position>
                <position>
                    <lat>40.6684</lat>
                    <lon>14.6669</lon>
                    <date>2013-07-11T18:48:03+02:00</date>
                    <speedMph>484</speedMph>
                    <altitudeFt>37000</altitudeFt>
                </position>
                <position>
                    <lat>40.6811</lat>
                    <lon>14.4956</lon>
                    <date>2013-07-11T18:47:03+02:00</date>
                    <speedMph>480</speedMph>
                    <altitudeFt>37000</altitudeFt>
                </position>
                <position>
                    <lat>40.6955</lat>
                    <lon>14.3016</lon>
                    <date>2013-07-11T18:46:03+02:00</date>
                    <speedMph>480</speedMph>
                    <altitudeFt>37000</altitudeFt>
                </position>
                <position>
                    <lat>40.7063</lat>
                    <lon>14.1509</lon>
                    <date>2013-07-11T18:45:03+02:00</date>
                    <speedMph>480</speedMph>
                    <altitudeFt>37000</altitudeFt>
                </position>
                <position>
                    <lat>40.7188</lat>
                    <lon>13.9712</lon>
                    <date>2013-07-11T18:44:03+02:00</date>
                    <speedMph>480</speedMph>
                    <altitudeFt>37000</altitudeFt>
                </position>
                <position>
                    <lat>40.7298</lat>
                    <lon>13.8102</lon>
                    <date>2013-07-11T18:43:03+02:00</date>
                    <speedMph>480</speedMph>
                    <altitudeFt>36980</altitudeFt>
                </position>
                <position>
                    <lat>40.7421</lat>
                    <lon>13.631</lon>
                    <date>2013-07-11T18:42:03+02:00</date>
                    <speedMph>476</speedMph>
                    <altitudeFt>37030</altitudeFt>
                </position>
                <position>
                    <lat>40.7539</lat>
                    <lon>13.454</lon>
                    <date>2013-07-11T18:41:03+02:00</date>
                    <speedMph>480</speedMph>
                    <altitudeFt>37030</altitudeFt>
                </position>
                <position>
                    <lat>40.7655</lat>
                    <lon>13.2741</lon>
                    <date>2013-07-11T18:40:03+02:00</date>
                    <speedMph>480</speedMph>
                    <altitudeFt>37050</altitudeFt>
                </position>
                <position>
                    <lat>40.7765</lat>
                    <lon>13.1</lon>
                    <date>2013-07-11T18:39:03+02:00</date>
                    <speedMph>480</speedMph>
                    <altitudeFt>37050</altitudeFt>
                </position>
                <position>
                    <lat>40.787</lat>
                    <lon>12.9262</lon>
                    <date>2013-07-11T18:38:03+02:00</date>
                    <speedMph>476</speedMph>
                    <altitudeFt>37000</altitudeFt>
                </position>
                <position>
                    <lat>40.7969</lat>
                    <lon>12.7663</lon>
                    <date>2013-07-11T18:37:03+02:00</date>
                    <speedMph>472</speedMph>
                    <altitudeFt>36950</altitudeFt>
                </position>
                <position>
                    <lat>40.8074</lat>
                    <lon>12.587</lon>
                    <date>2013-07-11T18:36:03+02:00</date>
                    <speedMph>468</speedMph>
                    <altitudeFt>36980</altitudeFt>
                </position>
                <position>
                    <lat>40.8168</lat>
                    <lon>12.4182</lon>
                    <date>2013-07-11T18:35:03+02:00</date>
                    <speedMph>468</speedMph>
                    <altitudeFt>36980</altitudeFt>
                </position>
                <position>
                    <lat>40.8263</lat>
                    <lon>12.2446</lon>
                    <date>2013-07-11T18:34:03+02:00</date>
                    <speedMph>468</speedMph>
                    <altitudeFt>37000</altitudeFt>
                </position>
                <position>
                    <lat>40.8352</lat>
                    <lon>12.0803</lon>
                    <date>2013-07-11T18:33:03+02:00</date>
                    <speedMph>472</speedMph>
                    <altitudeFt>37000</altitudeFt>
                </position>
                <position>
                    <lat>40.8445</lat>
                    <lon>11.9011</lon>
                    <date>2013-07-11T18:32:03+02:00</date>
                    <speedMph>472</speedMph>
                    <altitudeFt>37000</altitudeFt>
                </position>
                <position>
                    <lat>40.8547</lat>
                    <lon>11.7061</lon>
                    <date>2013-07-11T18:31:03+02:00</date>
                    <speedMph>476</speedMph>
                    <altitudeFt>37000</altitudeFt>
                </position>
                <position>
                    <lat>40.8483</lat>
                    <lon>11.564</lon>
                    <date>2013-07-11T18:30:03+02:00</date>
                    <speedMph>472</speedMph>
                    <altitudeFt>36700</altitudeFt>
                </position>
                <position>
                    <lat>40.8392</lat>
                    <lon>11.3909</lon>
                    <date>2013-07-11T18:29:03+02:00</date>
                    <speedMph>476</speedMph>
                    <altitudeFt>36030</altitudeFt>
                </position>
                <position>
                    <lat>40.8295</lat>
                    <lon>11.2122</lon>
                    <date>2013-07-11T18:28:03+02:00</date>
                    <speedMph>472</speedMph>
                    <altitudeFt>35980</altitudeFt>
                </position>
                <position>
                    <lat>40.82</lat>
                    <lon>11.0414</lon>
                    <date>2013-07-11T18:27:03+02:00</date>
                    <speedMph>468</speedMph>
                    <altitudeFt>35980</altitudeFt>
                </position>
                <position>
                    <lat>40.8102</lat>
                    <lon>10.8706</lon>
                    <date>2013-07-11T18:26:03+02:00</date>
                    <speedMph>468</speedMph>
                    <altitudeFt>36000</altitudeFt>
                </position>
                <position>
                    <lat>40.8003</lat>
                    <lon>10.6979</lon>
                    <date>2013-07-11T18:25:03+02:00</date>
                    <speedMph>468</speedMph>
                    <altitudeFt>36000</altitudeFt>
                </position>
                <position>
                    <lat>40.79</lat>
                    <lon>10.5293</lon>
                    <date>2013-07-11T18:24:03+02:00</date>
                    <speedMph>472</speedMph>
                    <altitudeFt>36030</altitudeFt>
                </position>
                <position>
                    <lat>40.7771</lat>
                    <lon>10.3198</lon>
                    <date>2013-07-11T18:23:03+02:00</date>
                    <speedMph>476</speedMph>
                    <altitudeFt>36000</altitudeFt>
                </position>
                <position>
                    <lat>40.7686</lat>
                    <lon>10.1845</lon>
                    <date>2013-07-11T18:22:03+02:00</date>
                    <speedMph>480</speedMph>
                    <altitudeFt>36000</altitudeFt>
                </position>
                <position>
                    <lat>40.7572</lat>
                    <lon>10.0092</lon>
                    <date>2013-07-11T18:21:03+02:00</date>
                    <speedMph>472</speedMph>
                    <altitudeFt>36000</altitudeFt>
                </position>
                <position>
                    <lat>40.7451</lat>
                    <lon>9.824</lon>
                    <date>2013-07-11T18:20:03+02:00</date>
                    <speedMph>472</speedMph>
                    <altitudeFt>36000</altitudeFt>
                </position>
                <position>
                    <lat>40.7343</lat>
                    <lon>9.6648</lon>
                    <date>2013-07-11T18:19:03+02:00</date>
                    <speedMph>472</speedMph>
                    <altitudeFt>36030</altitudeFt>
                </position>
                <position>
                    <lat>40.7224</lat>
                    <lon>9.4933</lon>
                    <date>2013-07-11T18:18:03+02:00</date>
                    <speedMph>472</speedMph>
                    <altitudeFt>36030</altitudeFt>
                </position>
                <position>
                    <lat>40.709</lat>
                    <lon>9.3066</lon>
                    <date>2013-07-11T18:17:03+02:00</date>
                    <speedMph>472</speedMph>
                    <altitudeFt>36030</altitudeFt>
                </position>
                <position>
                    <lat>40.6975</lat>
                    <lon>9.1487</lon>
                    <date>2013-07-11T18:16:03+02:00</date>
                    <speedMph>472</speedMph>
                    <altitudeFt>36030</altitudeFt>
                </position>
                <position>
                    <lat>40.684</lat>
                    <lon>8.965</lon>
                    <date>2013-07-11T18:15:03+02:00</date>
                    <speedMph>468</speedMph>
                    <altitudeFt>36030</altitudeFt>
                </position>
                <position>
                    <lat>40.6726</lat>
                    <lon>8.8102</lon>
                    <date>2013-07-11T18:14:03+02:00</date>
                    <speedMph>464</speedMph>
                    <altitudeFt>36000</altitudeFt>
                </position>
                <position>
                    <lat>40.6596</lat>
                    <lon>8.64</lon>
                    <date>2013-07-11T18:13:03+02:00</date>
                    <speedMph>464</speedMph>
                    <altitudeFt>35980</altitudeFt>
                </position>
                <position>
                    <lat>40.6463</lat>
                    <lon>8.473</lon>
                    <date>2013-07-11T18:12:03+02:00</date>
                    <speedMph>460</speedMph>
                    <altitudeFt>35980</altitudeFt>
                </position>
                <position>
                    <lat>40.6266</lat>
                    <lon>8.2222</lon>
                    <date>2013-07-11T18:10:40+02:00</date>
                    <speedMph>460</speedMph>
                    <altitudeFt>36000</altitudeFt>
                </position>
                <position>
                    <lat>40.6152</lat>
                    <lon>8.0854</lon>
                    <date>2013-07-11T18:09:40+02:00</date>
                    <speedMph>460</speedMph>
                    <altitudeFt>36000</altitudeFt>
                </position>
                <position>
                    <lat>40.5998</lat>
                    <lon>7.903</lon>
                    <date>2013-07-11T18:08:40+02:00</date>
                    <speedMph>460</speedMph>
                    <altitudeFt>36000</altitudeFt>
                </position>
                <position>
                    <lat>40.5854</lat>
                    <lon>7.7359</lon>
                    <date>2013-07-11T18:07:40+02:00</date>
                    <speedMph>460</speedMph>
                    <altitudeFt>36000</altitudeFt>
                </position>
                <position>
                    <lat>40.5714</lat>
                    <lon>7.5685</lon>
                    <date>2013-07-11T18:06:40+02:00</date>
                    <speedMph>460</speedMph>
                    <altitudeFt>36000</altitudeFt>
                </position>
                <position>
                    <lat>40.5507</lat>
                    <lon>7.418</lon>
                    <date>2013-07-11T18:05:40+02:00</date>
                    <speedMph>456</speedMph>
                    <altitudeFt>36000</altitudeFt>
                </position>
                <position>
                    <lat>40.5149</lat>
                    <lon>7.2425</lon>
                    <date>2013-07-11T18:04:40+02:00</date>
                    <speedMph>464</speedMph>
                    <altitudeFt>35980</altitudeFt>
                </position>
                <position>
                    <lat>40.4846</lat>
                    <lon>7.0934</lon>
                    <date>2013-07-11T18:03:40+02:00</date>
                    <speedMph>468</speedMph>
                    <altitudeFt>35980</altitudeFt>
                </position>
                <position>
                    <lat>40.4474</lat>
                    <lon>6.9149</lon>
                    <date>2013-07-11T18:02:40+02:00</date>
                    <speedMph>468</speedMph>
                    <altitudeFt>36030</altitudeFt>
                </position>
                <position>
                    <lat>40.4131</lat>
                    <lon>6.7502</lon>
                    <date>2013-07-11T18:01:40+02:00</date>
                    <speedMph>472</speedMph>
                    <altitudeFt>36030</altitudeFt>
                </position>
                <position>
                    <lat>40.3775</lat>
                    <lon>6.5812</lon>
                    <date>2013-07-11T18:00:40+02:00</date>
                    <speedMph>476</speedMph>
                    <altitudeFt>35980</altitudeFt>
                </position>
                <position>
                    <lat>40.3272</lat>
                    <lon>6.3447</lon>
                    <date>2013-07-11T17:59:15+02:00</date>
                    <speedMph>476</speedMph>
                    <altitudeFt>36000</altitudeFt>
                </position>
                <position>
                    <lat>40.2913</lat>
                    <lon>6.1767</lon>
                    <date>2013-07-11T17:58:15+02:00</date>
                    <speedMph>476</speedMph>
                    <altitudeFt>36000</altitudeFt>
                </position>
                <position>
                    <lat>40.2593</lat>
                    <lon>6.0283</lon>
                    <date>2013-07-11T17:57:15+02:00</date>
                    <speedMph>480</speedMph>
                    <altitudeFt>36000</altitudeFt>
                </position>
                <position>
                    <lat>40.2215</lat>
                    <lon>5.8553</lon>
                    <date>2013-07-11T17:56:15+02:00</date>
                    <speedMph>484</speedMph>
                    <altitudeFt>36000</altitudeFt>
                </position>
                <position>
                    <lat>40.1834</lat>
                    <lon>5.6816</lon>
                    <date>2013-07-11T17:55:15+02:00</date>
                    <speedMph>484</speedMph>
                    <altitudeFt>36000</altitudeFt>
                </position>
                <position>
                    <lat>40.1454</lat>
                    <lon>5.5095</lon>
                    <date>2013-07-11T17:54:15+02:00</date>
                    <speedMph>484</speedMph>
                    <altitudeFt>35980</altitudeFt>
                </position>
                <position>
                    <lat>40.11</lat>
                    <lon>5.3512</lon>
                    <date>2013-07-11T17:53:15+02:00</date>
                    <speedMph>480</speedMph>
                    <altitudeFt>36000</altitudeFt>
                </position>
                <position>
                    <lat>40.0735</lat>
                    <lon>5.1882</lon>
                    <date>2013-07-11T17:52:15+02:00</date>
                    <speedMph>484</speedMph>
                    <altitudeFt>36000</altitudeFt>
                </position>
                <position>
                    <lat>40.0359</lat>
                    <lon>5.0223</lon>
                    <date>2013-07-11T17:51:15+02:00</date>
                    <speedMph>480</speedMph>
                    <altitudeFt>36030</altitudeFt>
                </position>
                <position>
                    <lat>39.9949</lat>
                    <lon>4.8501</lon>
                    <date>2013-07-11T17:50:15+02:00</date>
                    <speedMph>484</speedMph>
                    <altitudeFt>36030</altitudeFt>
                </position>
                <position>
                    <lat>39.9571</lat>
                    <lon>4.6681</lon>
                    <date>2013-07-11T17:49:15+02:00</date>
                    <speedMph>484</speedMph>
                    <altitudeFt>36030</altitudeFt>
                </position>
                <position>
                    <lat>39.9226</lat>
                    <lon>4.4996</lon>
                    <date>2013-07-11T17:48:15+02:00</date>
                    <speedMph>480</speedMph>
                    <altitudeFt>36000</altitudeFt>
                </position>
                <position>
                    <lat>39.8876</lat>
                    <lon>4.33</lon>
                    <date>2013-07-11T17:47:15+02:00</date>
                    <speedMph>476</speedMph>
                    <altitudeFt>36000</altitudeFt>
                </position>
                <position>
                    <lat>39.8471</lat>
                    <lon>4.1846</lon>
                    <date>2013-07-11T17:46:15+02:00</date>
                    <speedMph>476</speedMph>
                    <altitudeFt>35980</altitudeFt>
                </position>
                <position>
                    <lat>39.7759</lat>
                    <lon>4.0206</lon>
                    <date>2013-07-11T17:45:15+02:00</date>
                    <speedMph>468</speedMph>
                    <altitudeFt>35950</altitudeFt>
                </position>
                <position>
                    <lat>39.7167</lat>
                    <lon>3.8898</lon>
                    <date>2013-07-11T17:44:15+02:00</date>
                    <speedMph>472</speedMph>
                    <altitudeFt>35980</altitudeFt>
                </position>
                <position>
                    <lat>39.6335</lat>
                    <lon>3.7065</lon>
                    <date>2013-07-11T17:43:15+02:00</date>
                    <speedMph>476</speedMph>
                    <altitudeFt>36000</altitudeFt>
                </position>
                <position>
                    <lat>39.5692</lat>
                    <lon>3.5654</lon>
                    <date>2013-07-11T17:42:15+02:00</date>
                    <speedMph>480</speedMph>
                    <altitudeFt>36030</altitudeFt>
                </position>
                <position>
                    <lat>39.5116</lat>
                    <lon>3.4393</lon>
                    <date>2013-07-11T17:41:15+02:00</date>
                    <speedMph>484</speedMph>
                    <altitudeFt>36050</altitudeFt>
                </position>
                <position>
                    <lat>39.4574</lat>
                    <lon>3.2839</lon>
                    <date>2013-07-11T17:40:15+02:00</date>
                    <speedMph>488</speedMph>
                    <altitudeFt>36030</altitudeFt>
                </position>
                <position>
                    <lat>39.4239</lat>
                    <lon>3.0749</lon>
                    <date>2013-07-11T17:39:15+02:00</date>
                    <speedMph>492</speedMph>
                    <altitudeFt>35980</altitudeFt>
                </position>
                <position>
                    <lat>39.42</lat>
                    <lon>2.9442</lon>
                    <date>2013-07-11T17:38:15+02:00</date>
                    <speedMph>488</speedMph>
                    <altitudeFt>36000</altitudeFt>
                </position>
                <position>
                    <lat>39.4158</lat>
                    <lon>2.7689</lon>
                    <date>2013-07-11T17:37:15+02:00</date>
                    <speedMph>488</speedMph>
                    <altitudeFt>36000</altitudeFt>
                </position>
                <position>
                    <lat>39.4105</lat>
                    <lon>2.574</lon>
                    <date>2013-07-11T17:36:15+02:00</date>
                    <speedMph>488</speedMph>
                    <altitudeFt>36000</altitudeFt>
                </position>
                <position>
                    <lat>39.4056</lat>
                    <lon>2.4009</lon>
                    <date>2013-07-11T17:35:15+02:00</date>
                    <speedMph>488</speedMph>
                    <altitudeFt>36000</altitudeFt>
                </position>
                <position>
                    <lat>39.4006</lat>
                    <lon>2.231</lon>
                    <date>2013-07-11T17:34:15+02:00</date>
                    <speedMph>488</speedMph>
                    <altitudeFt>35980</altitudeFt>
                </position>
                <position>
                    <lat>39.3951</lat>
                    <lon>2.057</lon>
                    <date>2013-07-11T17:33:15+02:00</date>
                    <speedMph>488</speedMph>
                    <altitudeFt>36000</altitudeFt>
                </position>
                <position>
                    <lat>39.3893</lat>
                    <lon>1.8815</lon>
                    <date>2013-07-11T17:32:15+02:00</date>
                    <speedMph>488</speedMph>
                    <altitudeFt>36000</altitudeFt>
                </position>
                <position>
                    <lat>39.3837</lat>
                    <lon>1.7166</lon>
                    <date>2013-07-11T17:31:15+02:00</date>
                    <speedMph>488</speedMph>
                    <altitudeFt>36000</altitudeFt>
                </position>
                <position>
                    <lat>39.3776</lat>
                    <lon>1.545</lon>
                    <date>2013-07-11T17:30:15+02:00</date>
                    <speedMph>488</speedMph>
                    <altitudeFt>36000</altitudeFt>
                </position>
                <position>
                    <lat>39.3714</lat>
                    <lon>1.3792</lon>
                    <date>2013-07-11T17:29:15+02:00</date>
                    <speedMph>484</speedMph>
                    <altitudeFt>36030</altitudeFt>
                </position>
                <position>
                    <lat>39.3647</lat>
                    <lon>1.2055</lon>
                    <date>2013-07-11T17:28:15+02:00</date>
                    <speedMph>484</speedMph>
                    <altitudeFt>36030</altitudeFt>
                </position>
                <position>
                    <lat>39.3557</lat>
                    <lon>0.9876</lon>
                    <date>2013-07-11T17:27:15+02:00</date>
                    <speedMph>484</speedMph>
                    <altitudeFt>36000</altitudeFt>
                </position>
                <position>
                    <lat>39.3505</lat>
                    <lon>0.8616</lon>
                    <date>2013-07-11T17:26:15+02:00</date>
                    <speedMph>480</speedMph>
                    <altitudeFt>36000</altitudeFt>
                </position>
                <position>
                    <lat>39.3425</lat>
                    <lon>0.6754</lon>
                    <date>2013-07-11T17:25:15+02:00</date>
                    <speedMph>480</speedMph>
                    <altitudeFt>35980</altitudeFt>
                </position>
                <position>
                    <lat>39.3349</lat>
                    <lon>0.507</lon>
                    <date>2013-07-11T17:24:15+02:00</date>
                    <speedMph>480</speedMph>
                    <altitudeFt>36000</altitudeFt>
                </position>
                <position>
                    <lat>39.3271</lat>
                    <lon>0.3394</lon>
                    <date>2013-07-11T17:23:15+02:00</date>
                    <speedMph>480</speedMph>
                    <altitudeFt>36000</altitudeFt>
                </position>
                <position>
                    <lat>39.3191</lat>
                    <lon>0.1691</lon>
                    <date>2013-07-11T17:22:15+02:00</date>
                    <speedMph>480</speedMph>
                    <altitudeFt>36000</altitudeFt>
                </position>
                <position>
                    <lat>39.3115</lat>
                    <lon>0.011</lon>
                    <date>2013-07-11T17:21:15+02:00</date>
                    <speedMph>480</speedMph>
                    <altitudeFt>36000</altitudeFt>
                </position>
                <position>
                    <lat>39.3026</lat>
                    <lon>-0.1678</lon>
                    <date>2013-07-11T17:20:15+02:00</date>
                    <speedMph>480</speedMph>
                    <altitudeFt>36000</altitudeFt>
                </position>
                <position>
                    <lat>39.2944</lat>
                    <lon>-0.3505</lon>
                    <date>2013-07-11T17:19:15+02:00</date>
                    <speedMph>484</speedMph>
                    <altitudeFt>36000</altitudeFt>
                </position>
                <position>
                    <lat>39.3062</lat>
                    <lon>-0.51</lon>
                    <date>2013-07-11T17:18:15+02:00</date>
                    <speedMph>484</speedMph>
                    <altitudeFt>36000</altitudeFt>
                </position>
                <position>
                    <lat>39.3468</lat>
                    <lon>-0.6794</lon>
                    <date>2013-07-11T17:17:15+02:00</date>
                    <speedMph>480</speedMph>
                    <altitudeFt>36030</altitudeFt>
                </position>
                <position>
                    <lat>39.4099</lat>
                    <lon>-0.8322</lon>
                    <date>2013-07-11T17:16:15+02:00</date>
                    <speedMph>480</speedMph>
                    <altitudeFt>36030</altitudeFt>
                </position>
                <position>
                    <lat>39.4753</lat>
                    <lon>-0.9807</lon>
                    <date>2013-07-11T17:15:15+02:00</date>
                    <speedMph>480</speedMph>
                    <altitudeFt>36030</altitudeFt>
                </position>
                <position>
                    <lat>39.5435</lat>
                    <lon>-1.1233</lon>
                    <date>2013-07-11T17:14:15+02:00</date>
                    <speedMph>476</speedMph>
                    <altitudeFt>36000</altitudeFt>
                </position>
                <position>
                    <lat>39.6355</lat>
                    <lon>-1.2512</lon>
                    <date>2013-07-11T17:13:15+02:00</date>
                    <speedMph>472</speedMph>
                    <altitudeFt>36000</altitudeFt>
                </position>
                <position>
                    <lat>39.7283</lat>
                    <lon>-1.3633</lon>
                    <date>2013-07-11T17:12:15+02:00</date>
                    <speedMph>472</speedMph>
                    <altitudeFt>36000</altitudeFt>
                </position>
                <position>
                    <lat>39.7847</lat>
                    <lon>-1.5467</lon>
                    <date>2013-07-11T17:11:13+02:00</date>
                    <speedMph>476</speedMph>
                    <altitudeFt>36000</altitudeFt>
                </position>
                <position>
                    <lat>39.8237</lat>
                    <lon>-1.6984</lon>
                    <date>2013-07-11T17:10:07+02:00</date>
                    <speedMph>480</speedMph>
                    <altitudeFt>36000</altitudeFt>
                </position>
                <position>
                    <lat>39.8727</lat>
                    <lon>-1.889</lon>
                    <date>2013-07-11T17:09:07+02:00</date>
                    <speedMph>476</speedMph>
                    <altitudeFt>36000</altitudeFt>
                </position>
                <position>
                    <lat>39.9113</lat>
                    <lon>-2.0386</lon>
                    <date>2013-07-11T17:08:07+02:00</date>
                    <speedMph>476</speedMph>
                    <altitudeFt>35450</altitudeFt>
                </position>
                <position>
                    <lat>39.9508</lat>
                    <lon>-2.2061</lon>
                    <date>2013-07-11T17:07:07+02:00</date>
                    <speedMph>476</speedMph>
                    <altitudeFt>34650</altitudeFt>
                </position>
                <position>
                    <lat>39.9869</lat>
                    <lon>-2.3652</lon>
                    <date>2013-07-11T17:06:07+02:00</date>
                    <speedMph>472</speedMph>
                    <altitudeFt>34100</altitudeFt>
                </position>
                <position>
                    <lat>39.9987</lat>
                    <lon>-2.5375</lon>
                    <date>2013-07-11T17:05:07+02:00</date>
                    <speedMph>472</speedMph>
                    <altitudeFt>34000</altitudeFt>
                </position>
                <position>
                    <lat>40.0028</lat>
                    <lon>-2.7069</lon>
                    <date>2013-07-11T17:04:07+02:00</date>
                    <speedMph>472</speedMph>
                    <altitudeFt>34000</altitudeFt>
                </position>
                <position>
                    <lat>40.0068</lat>
                    <lon>-2.8746</lon>
                    <date>2013-07-11T17:03:07+02:00</date>
                    <speedMph>472</speedMph>
                    <altitudeFt>34000</altitudeFt>
                </position>
                <position>
                    <lat>40.0105</lat>
                    <lon>-3.0444</lon>
                    <date>2013-07-11T17:02:07+02:00</date>
                    <speedMph>472</speedMph>
                    <altitudeFt>33980</altitudeFt>
                </position>
                <position>
                    <lat>40.014</lat>
                    <lon>-3.2216</lon>
                    <date>2013-07-11T17:01:07+02:00</date>
                    <speedMph>472</speedMph>
                    <altitudeFt>33980</altitudeFt>
                </position>
                <position>
                    <lat>40.0172</lat>
                    <lon>-3.3852</lon>
                    <date>2013-07-11T17:00:07+02:00</date>
                    <speedMph>472</speedMph>
                    <altitudeFt>34000</altitudeFt>
                </position>
                <position>
                    <lat>40.0202</lat>
                    <lon>-3.5562</lon>
                    <date>2013-07-11T16:59:07+02:00</date>
                    <speedMph>476</speedMph>
                    <altitudeFt>34030</altitudeFt>
                </position>
                <position>
                    <lat>40.023</lat>
                    <lon>-3.7311</lon>
                    <date>2013-07-11T16:58:07+02:00</date>
                    <speedMph>476</speedMph>
                    <altitudeFt>34030</altitudeFt>
                </position>
                <position>
                    <lat>40.0255</lat>
                    <lon>-3.9028</lon>
                    <date>2013-07-11T16:57:07+02:00</date>
                    <speedMph>480</speedMph>
                    <altitudeFt>34000</altitudeFt>
                </position>
                <position>
                    <lat>40.0276</lat>
                    <lon>-4.0721</lon>
                    <date>2013-07-11T16:56:07+02:00</date>
                    <speedMph>480</speedMph>
                    <altitudeFt>34000</altitudeFt>
                </position>
                <position>
                    <lat>40.0299</lat>
                    <lon>-4.2505</lon>
                    <date>2013-07-11T16:55:07+02:00</date>
                    <speedMph>476</speedMph>
                    <altitudeFt>34000</altitudeFt>
                </position>
                <position>
                    <lat>40.0331</lat>
                    <lon>-4.4332</lon>
                    <date>2013-07-11T16:54:07+02:00</date>
                    <speedMph>480</speedMph>
                    <altitudeFt>34000</altitudeFt>
                </position>
                <position>
                    <lat>40.0291</lat>
                    <lon>-4.5923</lon>
                    <date>2013-07-11T16:53:07+02:00</date>
                    <speedMph>476</speedMph>
                    <altitudeFt>34000</altitudeFt>
                </position>
                <position>
                    <lat>40.0231</lat>
                    <lon>-4.7761</lon>
                    <date>2013-07-11T16:52:07+02:00</date>
                    <speedMph>476</speedMph>
                    <altitudeFt>34000</altitudeFt>
                </position>
                <position>
                    <lat>40.0176</lat>
                    <lon>-4.9388</lon>
                    <date>2013-07-11T16:51:07+02:00</date>
                    <speedMph>476</speedMph>
                    <altitudeFt>34000</altitudeFt>
                </position>
                <position>
                    <lat>40.0119</lat>
                    <lon>-5.095</lon>
                    <date>2013-07-11T16:50:07+02:00</date>
                    <speedMph>480</speedMph>
                    <altitudeFt>33980</altitudeFt>
                </position>
                <position>
                    <lat>40.0054</lat>
                    <lon>-5.2645</lon>
                    <date>2013-07-11T16:49:07+02:00</date>
                    <speedMph>476</speedMph>
                    <altitudeFt>33980</altitudeFt>
                </position>
                <position>
                    <lat>39.9997</lat>
                    <lon>-5.451</lon>
                    <date>2013-07-11T16:48:07+02:00</date>
                    <speedMph>476</speedMph>
                    <altitudeFt>34000</altitudeFt>
                </position>
                <position>
                    <lat>39.9949</lat>
                    <lon>-5.6219</lon>
                    <date>2013-07-11T16:47:07+02:00</date>
                    <speedMph>480</speedMph>
                    <altitudeFt>34050</altitudeFt>
                </position>
                <position>
                    <lat>39.9904</lat>
                    <lon>-5.7931</lon>
                    <date>2013-07-11T16:46:07+02:00</date>
                    <speedMph>480</speedMph>
                    <altitudeFt>34030</altitudeFt>
                </position>
                <position>
                    <lat>39.9856</lat>
                    <lon>-5.957</lon>
                    <date>2013-07-11T16:45:07+02:00</date>
                    <speedMph>476</speedMph>
                    <altitudeFt>34000</altitudeFt>
                </position>
                <position>
                    <lat>39.9489</lat>
                    <lon>-6.1254</lon>
                    <date>2013-07-11T16:44:07+02:00</date>
                    <speedMph>476</speedMph>
                    <altitudeFt>34000</altitudeFt>
                </position>
                <position>
                    <lat>39.8977</lat>
                    <lon>-6.281</lon>
                    <date>2013-07-11T16:43:07+02:00</date>
                    <speedMph>472</speedMph>
                    <altitudeFt>34000</altitudeFt>
                </position>
                <position>
                    <lat>39.8458</lat>
                    <lon>-6.4326</lon>
                    <date>2013-07-11T16:42:07+02:00</date>
                    <speedMph>468</speedMph>
                    <altitudeFt>33180</altitudeFt>
                </position>
                <position>
                    <lat>39.7902</lat>
                    <lon>-6.5888</lon>
                    <date>2013-07-11T16:41:07+02:00</date>
                    <speedMph>476</speedMph>
                    <altitudeFt>32030</altitudeFt>
                </position>
                <position>
                    <lat>39.7322</lat>
                    <lon>-6.7509</lon>
                    <date>2013-07-11T16:40:07+02:00</date>
                    <speedMph>480</speedMph>
                    <altitudeFt>31680</altitudeFt>
                </position>
                <position>
                    <lat>39.6766</lat>
                    <lon>-6.9056</lon>
                    <date>2013-07-11T16:39:07+02:00</date>
                    <speedMph>480</speedMph>
                    <altitudeFt>30600</altitudeFt>
                </position>
                <position>
                    <lat>39.6204</lat>
                    <lon>-7.061</lon>
                    <date>2013-07-11T16:38:07+02:00</date>
                    <speedMph>484</speedMph>
                    <altitudeFt>29300</altitudeFt>
                </position>
                <position>
                    <lat>39.5587</lat>
                    <lon>-7.2309</lon>
                    <date>2013-07-11T16:37:07+02:00</date>
                    <speedMph>480</speedMph>
                    <altitudeFt>28000</altitudeFt>
                </position>
                <position>
                    <lat>39.5063</lat>
                    <lon>-7.374</lon>
                    <date>2013-07-11T16:36:07+02:00</date>
                    <speedMph>472</speedMph>
                    <altitudeFt>27080</altitudeFt>
                </position>
                <position>
                    <lat>39.4505</lat>
                    <lon>-7.5254</lon>
                    <date>2013-07-11T16:35:07+02:00</date>
                    <speedMph>460</speedMph>
                    <altitudeFt>26000</altitudeFt>
                </position>
                <position>
                    <lat>39.3953</lat>
                    <lon>-7.6749</lon>
                    <date>2013-07-11T16:34:07+02:00</date>
                    <speedMph>456</speedMph>
                    <altitudeFt>24830</altitudeFt>
                </position>
                <position>
                    <lat>39.3414</lat>
                    <lon>-7.8204</lon>
                    <date>2013-07-11T16:33:07+02:00</date>
                    <speedMph>444</speedMph>
                    <altitudeFt>23550</altitudeFt>
                </position>
                <position>
                    <lat>39.289</lat>
                    <lon>-7.9612</lon>
                    <date>2013-07-11T16:32:07+02:00</date>
                    <speedMph>428</speedMph>
                    <altitudeFt>22080</altitudeFt>
                </position>
                <position>
                    <lat>39.2366</lat>
                    <lon>-8.1009</lon>
                    <date>2013-07-11T16:31:07+02:00</date>
                    <speedMph>416</speedMph>
                    <altitudeFt>20480</altitudeFt>
                </position>
                <position>
                    <lat>39.1861</lat>
                    <lon>-8.2355</lon>
                    <date>2013-07-11T16:30:07+02:00</date>
                    <speedMph>412</speedMph>
                    <altitudeFt>18700</altitudeFt>
                </position>
                <position>
                    <lat>39.1375</lat>
                    <lon>-8.3645</lon>
                    <date>2013-07-11T16:29:07+02:00</date>
                    <speedMph>404</speedMph>
                    <altitudeFt>16750</altitudeFt>
                </position>
                <position>
                    <lat>39.0887</lat>
                    <lon>-8.4929</lon>
                    <date>2013-07-11T16:28:07+02:00</date>
                    <speedMph>388</speedMph>
                    <altitudeFt>14900</altitudeFt>
                </position>
                <position>
                    <lat>39.0646</lat>
                    <lon>-8.5567</lon>
                    <date>2013-07-11T16:27:37+02:00</date>
                    <speedMph>380</speedMph>
                    <altitudeFt>13930</altitudeFt>
                </position>
                <position>
                    <lat>39.0422</lat>
                    <lon>-8.616</lon>
                    <date>2013-07-11T16:27:07+02:00</date>
                    <speedMph>372</speedMph>
                    <altitudeFt>12930</altitudeFt>
                </position>
                <position>
                    <lat>39.0192</lat>
                    <lon>-8.6747</lon>
                    <date>2013-07-11T16:26:37+02:00</date>
                    <speedMph>364</speedMph>
                    <altitudeFt>11850</altitudeFt>
                </position>
                <position>
                    <lat>38.9953</lat>
                    <lon>-8.7341</lon>
                    <date>2013-07-11T16:26:07+02:00</date>
                    <speedMph>348</speedMph>
                    <altitudeFt>11130</altitudeFt>
                </position>
                <position>
                    <lat>38.9743</lat>
                    <lon>-8.7864</lon>
                    <date>2013-07-11T16:25:37+02:00</date>
                    <speedMph>316</speedMph>
                    <altitudeFt>10680</altitudeFt>
                </position>
                <position>
                    <lat>38.9553</lat>
                    <lon>-8.8336</lon>
                    <date>2013-07-11T16:25:07+02:00</date>
                    <speedMph>296</speedMph>
                    <altitudeFt>9880</altitudeFt>
                </position>
                <position>
                    <lat>38.9518</lat>
                    <lon>-8.8422</lon>
                    <date>2013-07-11T16:24:57+02:00</date>
                    <speedMph>292</speedMph>
                    <altitudeFt>9650</altitudeFt>
                </position>
                <position>
                    <lat>38.9423</lat>
                    <lon>-8.8659</lon>
                    <date>2013-07-11T16:24:47+02:00</date>
                    <speedMph>292</speedMph>
                    <altitudeFt>9100</altitudeFt>
                </position>
                <position>
                    <lat>38.9361</lat>
                    <lon>-8.8813</lon>
                    <date>2013-07-11T16:24:37+02:00</date>
                    <speedMph>288</speedMph>
                    <altitudeFt>8730</altitudeFt>
                </position>
                <position>
                    <lat>38.9304</lat>
                    <lon>-8.8955</lon>
                    <date>2013-07-11T16:24:27+02:00</date>
                    <speedMph>288</speedMph>
                    <altitudeFt>8380</altitudeFt>
                </position>
                <position>
                    <lat>38.9276</lat>
                    <lon>-8.9026</lon>
                    <date>2013-07-11T16:24:17+02:00</date>
                    <speedMph>288</speedMph>
                    <altitudeFt>8150</altitudeFt>
                </position>
                <position>
                    <lat>38.9186</lat>
                    <lon>-8.9253</lon>
                    <date>2013-07-11T16:24:07+02:00</date>
                    <speedMph>284</speedMph>
                    <altitudeFt>7500</altitudeFt>
                </position>
                <position>
                    <lat>38.9147</lat>
                    <lon>-8.9352</lon>
                    <date>2013-07-11T16:23:57+02:00</date>
                    <speedMph>284</speedMph>
                    <altitudeFt>7280</altitudeFt>
                </position>
                <position>
                    <lat>38.9064</lat>
                    <lon>-8.9565</lon>
                    <date>2013-07-11T16:23:47+02:00</date>
                    <speedMph>280</speedMph>
                    <altitudeFt>6630</altitudeFt>
                </position>
                <position>
                    <lat>38.9005</lat>
                    <lon>-8.9725</lon>
                    <date>2013-07-11T16:23:37+02:00</date>
                    <speedMph>280</speedMph>
                    <altitudeFt>6180</altitudeFt>
                </position>
                <position>
                    <lat>38.895</lat>
                    <lon>-8.9876</lon>
                    <date>2013-07-11T16:23:27+02:00</date>
                    <speedMph>280</speedMph>
                    <altitudeFt>5780</altitudeFt>
                </position>
                <position>
                    <lat>38.8925</lat>
                    <lon>-8.9948</lon>
                    <date>2013-07-11T16:23:17+02:00</date>
                    <speedMph>280</speedMph>
                    <altitudeFt>5600</altitudeFt>
                </position>
                <position>
                    <lat>38.8847</lat>
                    <lon>-9.0179</lon>
                    <date>2013-07-11T16:23:07+02:00</date>
                    <speedMph>268</speedMph>
                    <altitudeFt>5000</altitudeFt>
                </position>
                <position>
                    <lat>38.8823</lat>
                    <lon>-9.0251</lon>
                    <date>2013-07-11T16:22:57+02:00</date>
                    <speedMph>268</speedMph>
                    <altitudeFt>4800</altitudeFt>
                </position>
                <position>
                    <lat>38.8771</lat>
                    <lon>-9.0397</lon>
                    <date>2013-07-11T16:22:47+02:00</date>
                    <speedMph>272</speedMph>
                    <altitudeFt>4330</altitudeFt>
                </position>
                <position>
                    <lat>38.8742</lat>
                    <lon>-9.0474</lon>
                    <date>2013-07-11T16:22:42+02:00</date>
                    <speedMph>268</speedMph>
                    <altitudeFt>4030</altitudeFt>
                </position>
                <position>
                    <lat>38.8683</lat>
                    <lon>-9.062</lon>
                    <date>2013-07-11T16:22:37+02:00</date>
                    <speedMph>264</speedMph>
                    <altitudeFt>3580</altitudeFt>
                </position>
                <position>
                    <lat>38.8651</lat>
                    <lon>-9.0687</lon>
                    <date>2013-07-11T16:22:27+02:00</date>
                    <speedMph>264</speedMph>
                    <altitudeFt>3430</altitudeFt>
                </position>
                <position>
                    <lat>38.8608</lat>
                    <lon>-9.0765</lon>
                    <date>2013-07-11T16:22:22+02:00</date>
                    <speedMph>252</speedMph>
                    <altitudeFt>3280</altitudeFt>
                </position>
                <position>
                    <lat>38.8542</lat>
                    <lon>-9.0866</lon>
                    <date>2013-07-11T16:22:17+02:00</date>
                    <speedMph>240</speedMph>
                    <altitudeFt>3030</altitudeFt>
                </position>
                <position>
                    <lat>38.8497</lat>
                    <lon>-9.0921</lon>
                    <date>2013-07-11T16:22:12+02:00</date>
                    <speedMph>236</speedMph>
                    <altitudeFt>2900</altitudeFt>
                </position>
                <position>
                    <lat>38.8463</lat>
                    <lon>-9.0957</lon>
                    <date>2013-07-11T16:22:07+02:00</date>
                    <speedMph>224</speedMph>
                    <altitudeFt>2780</altitudeFt>
                </position>
                <position>
                    <lat>38.8419</lat>
                    <lon>-9.0998</lon>
                    <date>2013-07-11T16:21:57+02:00</date>
                    <speedMph>216</speedMph>
                    <altitudeFt>2680</altitudeFt>
                </position>
                <position>
                    <lat>38.833</lat>
                    <lon>-9.1065</lon>
                    <date>2013-07-11T16:21:52+02:00</date>
                    <speedMph>200</speedMph>
                    <altitudeFt>2480</altitudeFt>
                </position>
                <position>
                    <lat>38.8288</lat>
                    <lon>-9.1091</lon>
                    <date>2013-07-11T16:21:42+02:00</date>
                    <speedMph>196</speedMph>
                    <altitudeFt>2350</altitudeFt>
                </position>
                <position>
                    <lat>38.824</lat>
                    <lon>-9.1118</lon>
                    <date>2013-07-11T16:21:37+02:00</date>
                    <speedMph>192</speedMph>
                    <altitudeFt>2200</altitudeFt>
                </position>
                <position>
                    <lat>38.8161</lat>
                    <lon>-9.116</lon>
                    <date>2013-07-11T16:21:32+02:00</date>
                    <speedMph>184</speedMph>
                    <altitudeFt>1980</altitudeFt>
                </position>
                <position>
                    <lat>38.8111</lat>
                    <lon>-9.1189</lon>
                    <date>2013-07-11T16:21:22+02:00</date>
                    <speedMph>184</speedMph>
                    <altitudeFt>1850</altitudeFt>
                </position>
                <position>
                    <lat>38.8074</lat>
                    <lon>-9.121</lon>
                    <date>2013-07-11T16:21:17+02:00</date>
                    <speedMph>180</speedMph>
                    <altitudeFt>1730</altitudeFt>
                </position>
                <position>
                    <lat>38.8</lat>
                    <lon>-9.1253</lon>
                    <date>2013-07-11T16:21:12+02:00</date>
                    <speedMph>180</speedMph>
                    <altitudeFt>1280</altitudeFt>
                </position>
                <position>
                    <lat>38.7963</lat>
                    <lon>-9.1276</lon>
                    <date>2013-07-11T16:21:02+02:00</date>
                    <speedMph>184</speedMph>
                    <altitudeFt>1000</altitudeFt>
                </position>
                <position>
                    <lat>38.7658</lat>
                    <lon>-9.144</lon>
                    <date>2013-07-11T16:19:37+02:00</date>
                    <speedMph>0</speedMph>
                    <altitudeFt>0</altitudeFt>
                </position>
                <position>
                    <lat>38.7657</lat>
                    <lon>-9.1421</lon>
                    <date>2013-07-11T16:17:07+02:00</date>
                    <speedMph>0</speedMph>
                    <altitudeFt>0</altitudeFt>
                </position>
                <position>
                    <lat>38.766</lat>
                    <lon>-9.1418</lon>
                    <date>2013-07-11T16:15:52+02:00</date>
                    <speedMph>0</speedMph>
                    <altitudeFt>0</altitudeFt>
                </position>
                <position>
                    <lat>38.7663</lat>
                    <lon>-9.1417</lon>
                    <date>2013-07-11T16:14:57+02:00</date>
                    <speedMph>0</speedMph>
                    <altitudeFt>0</altitudeFt>
                </position>
                <position>
                    <lat>38.7662</lat>
                    <lon>-9.1417</lon>
                    <date>2013-07-11T16:08:25+02:00</date>
                    <speedMph>0</speedMph>
                    <altitudeFt>0</altitudeFt>
                </position>
                <position>
                    <lat>38.7663</lat>
                    <lon>-9.1417</lon>
                    <date>2013-07-11T16:07:10+02:00</date>
                    <speedMph>0</speedMph>
                    <altitudeFt>0</altitudeFt>
                </position>
                <position>
                    <lat>38.7667</lat>
                    <lon>-9.1415</lon>
                    <date>2013-07-11T16:06:40+02:00</date>
                    <speedMph>0</speedMph>
                    <altitudeFt>0</altitudeFt>
                </position>
                <position>
                    <lat>38.7725</lat>
                    <lon>-9.1379</lon>
                    <date>2013-07-11T16:04:25+02:00</date>
                    <speedMph>0</speedMph>
                    <altitudeFt>0</altitudeFt>
                </position>
                <position>
                    <lat>38.7726</lat>
                    <lon>-9.1377</lon>
                    <date>2013-07-11T16:04:05+02:00</date>
                    <speedMph>0</speedMph>
                    <altitudeFt>0</altitudeFt>
                </position>
            </positions>
        </flightTrack>
    </flightTracks>
</flightstatslog>
