<?xml version="1.0" encoding="UTF-8" standalone="yes"?>
<flightstatslog>
    <appendix>
        <airports>
            <airport>
                <fs>LIS</fs>
                <latitude>38.781311</latitude>
                <longitude>-9.135919</longitude>
                <city>Lisbon</city>
            </airport>
            <airport>
                <fs>AMS</fs>
                <latitude>52.308613</latitude>
                <longitude>4.763889</longitude>
                <city>Amsterdam</city>
            </airport>
        </airports>
    </appendix>
    <flightTracks>
        <flightTrack>
            <flightId>4805252</flightId>
            <departureAirportFsCode>LIS</departureAirportFsCode>
            <arrivalAirportFsCode>AMS</arrivalAirportFsCode>
            <positions>
                <position>
                    <lat>52.3034</lat>
                    <lon>4.7642</lon>
                    <date>2013-07-11T18:25:33+02:00</date>
                    <speedMph>0</speedMph>
                    <altitudeFt>0</altitudeFt>
                </position>
                <position>
                    <lat>52.3023</lat>
                    <lon>4.7662</lon>
                    <date>2013-07-11T18:24:23+02:00</date>
                    <speedMph>20</speedMph>
                    <altitudeFt>0</altitudeFt>
                </position>
                <position>
                    <lat>52.3023</lat>
                    <lon>4.766</lon>
                    <date>2013-07-11T18:24:13+02:00</date>
                    <speedMph>20</speedMph>
                    <altitudeFt>0</altitudeFt>
                </position>
                <position>
                    <lat>52.3017</lat>
                    <lon>4.7646</lon>
                    <date>2013-07-11T18:24:08+02:00</date>
                    <speedMph>24</speedMph>
                    <altitudeFt>0</altitudeFt>
                </position>
                <position>
                    <lat>52.3015</lat>
                    <lon>4.7641</lon>
                    <date>2013-07-11T18:24:03+02:00</date>
                    <speedMph>24</speedMph>
                    <altitudeFt>0</altitudeFt>
                </position>
                <position>
                    <lat>52.3013</lat>
                    <lon>4.7634</lon>
                    <date>2013-07-11T18:23:58+02:00</date>
                    <speedMph>24</speedMph>
                    <altitudeFt>0</altitudeFt>
                </position>
                <position>
                    <lat>52.301</lat>
                    <lon>4.7627</lon>
                    <date>2013-07-11T18:23:53+02:00</date>
                    <speedMph>24</speedMph>
                    <altitudeFt>0</altitudeFt>
                </position>
                <position>
                    <lat>52.3004</lat>
                    <lon>4.7612</lon>
                    <date>2013-07-11T18:23:43+02:00</date>
                    <speedMph>24</speedMph>
                    <altitudeFt>0</altitudeFt>
                </position>
                <position>
                    <lat>52.3002</lat>
                    <lon>4.7607</lon>
                    <date>2013-07-11T18:23:38+02:00</date>
                    <speedMph>20</speedMph>
                    <altitudeFt>0</altitudeFt>
                </position>
                <position>
                    <lat>52.2999</lat>
                    <lon>4.7599</lon>
                    <date>2013-07-11T18:23:33+02:00</date>
                    <speedMph>20</speedMph>
                    <altitudeFt>0</altitudeFt>
                </position>
                <position>
                    <lat>52.2994</lat>
                    <lon>4.7594</lon>
                    <date>2013-07-11T18:23:28+02:00</date>
                    <speedMph>20</speedMph>
                    <altitudeFt>0</altitudeFt>
                </position>
                <position>
                    <lat>52.2985</lat>
                    <lon>4.7587</lon>
                    <date>2013-07-11T18:23:18+02:00</date>
                    <speedMph>20</speedMph>
                    <altitudeFt>0</altitudeFt>
                </position>
                <position>
                    <lat>52.2965</lat>
                    <lon>4.7564</lon>
                    <date>2013-07-11T18:22:58+02:00</date>
                    <speedMph>48</speedMph>
                    <altitudeFt>0</altitudeFt>
                </position>
                <position>
                    <lat>52.2955</lat>
                    <lon>4.7537</lon>
                    <date>2013-07-11T18:22:53+02:00</date>
                    <speedMph>84</speedMph>
                    <altitudeFt>0</altitudeFt>
                </position>
                <position>
                    <lat>52.2943</lat>
                    <lon>4.7508</lon>
                    <date>2013-07-11T18:22:48+02:00</date>
                    <speedMph>96</speedMph>
                    <altitudeFt>0</altitudeFt>
                </position>
                <position>
                    <lat>52.2878</lat>
                    <lon>4.7337</lon>
                    <date>2013-07-11T18:22:23+02:00</date>
                    <speedMph>124</speedMph>
                    <altitudeFt>0</altitudeFt>
                </position>
                <position>
                    <lat>52.2859</lat>
                    <lon>4.7289</lon>
                    <date>2013-07-11T18:22:18+02:00</date>
                    <speedMph>124</speedMph>
                    <altitudeFt>0</altitudeFt>
                </position>
                <position>
                    <lat>52.285</lat>
                    <lon>4.7266</lon>
                    <date>2013-07-11T18:22:13+02:00</date>
                    <speedMph>124</speedMph>
                    <altitudeFt>0</altitudeFt>
                </position>
                <position>
                    <lat>52.2841</lat>
                    <lon>4.7241</lon>
                    <date>2013-07-11T18:22:08+02:00</date>
                    <speedMph>124</speedMph>
                    <altitudeFt>0</altitudeFt>
                </position>
                <position>
                    <lat>52.2822</lat>
                    <lon>4.7193</lon>
                    <date>2013-07-11T18:22:03+02:00</date>
                    <speedMph>124</speedMph>
                    <altitudeFt>0</altitudeFt>
                </position>
                <position>
                    <lat>52.2789</lat>
                    <lon>4.7108</lon>
                    <date>2013-07-11T18:21:53+02:00</date>
                    <speedMph>124</speedMph>
                    <altitudeFt>130</altitudeFt>
                </position>
                <position>
                    <lat>52.2765</lat>
                    <lon>4.7047</lon>
                    <date>2013-07-11T18:21:48+02:00</date>
                    <speedMph>124</speedMph>
                    <altitudeFt>200</altitudeFt>
                </position>
                <position>
                    <lat>52.2757</lat>
                    <lon>4.7024</lon>
                    <date>2013-07-11T18:21:43+02:00</date>
                    <speedMph>124</speedMph>
                    <altitudeFt>250</altitudeFt>
                </position>
                <position>
                    <lat>52.2729</lat>
                    <lon>4.6951</lon>
                    <date>2013-07-11T18:21:33+02:00</date>
                    <speedMph>124</speedMph>
                    <altitudeFt>350</altitudeFt>
                </position>
                <position>
                    <lat>52.2713</lat>
                    <lon>4.6908</lon>
                    <date>2013-07-11T18:21:28+02:00</date>
                    <speedMph>124</speedMph>
                    <altitudeFt>400</altitudeFt>
                </position>
                <position>
                    <lat>52.2695</lat>
                    <lon>4.686</lon>
                    <date>2013-07-11T18:21:23+02:00</date>
                    <speedMph>124</speedMph>
                    <altitudeFt>450</altitudeFt>
                </position>
                <position>
                    <lat>52.2682</lat>
                    <lon>4.6828</lon>
                    <date>2013-07-11T18:21:18+02:00</date>
                    <speedMph>124</speedMph>
                    <altitudeFt>500</altitudeFt>
                </position>
                <position>
                    <lat>52.2664</lat>
                    <lon>4.6781</lon>
                    <date>2013-07-11T18:21:13+02:00</date>
                    <speedMph>124</speedMph>
                    <altitudeFt>550</altitudeFt>
                </position>
                <position>
                    <lat>52.2658</lat>
                    <lon>4.6766</lon>
                    <date>2013-07-11T18:21:08+02:00</date>
                    <speedMph>124</speedMph>
                    <altitudeFt>600</altitudeFt>
                </position>
                <position>
                    <lat>52.2646</lat>
                    <lon>4.6735</lon>
                    <date>2013-07-11T18:21:03+02:00</date>
                    <speedMph>124</speedMph>
                    <altitudeFt>650</altitudeFt>
                </position>
                <position>
                    <lat>52.2622</lat>
                    <lon>4.6672</lon>
                    <date>2013-07-11T18:20:58+02:00</date>
                    <speedMph>124</speedMph>
                    <altitudeFt>730</altitudeFt>
                </position>
                <position>
                    <lat>52.261</lat>
                    <lon>4.664</lon>
                    <date>2013-07-11T18:20:53+02:00</date>
                    <speedMph>124</speedMph>
                    <altitudeFt>780</altitudeFt>
                </position>
                <position>
                    <lat>52.2591</lat>
                    <lon>4.6592</lon>
                    <date>2013-07-11T18:20:48+02:00</date>
                    <speedMph>128</speedMph>
                    <altitudeFt>850</altitudeFt>
                </position>
                <position>
                    <lat>52.2558</lat>
                    <lon>4.651</lon>
                    <date>2013-07-11T18:20:38+02:00</date>
                    <speedMph>136</speedMph>
                    <altitudeFt>950</altitudeFt>
                </position>
                <position>
                    <lat>52.2547</lat>
                    <lon>4.648</lon>
                    <date>2013-07-11T18:20:33+02:00</date>
                    <speedMph>140</speedMph>
                    <altitudeFt>1030</altitudeFt>
                </position>
                <position>
                    <lat>52.2531</lat>
                    <lon>4.6439</lon>
                    <date>2013-07-11T18:20:28+02:00</date>
                    <speedMph>148</speedMph>
                    <altitudeFt>1080</altitudeFt>
                </position>
                <position>
                    <lat>52.2516</lat>
                    <lon>4.64</lon>
                    <date>2013-07-11T18:20:23+02:00</date>
                    <speedMph>152</speedMph>
                    <altitudeFt>1130</altitudeFt>
                </position>
                <position>
                    <lat>52.2486</lat>
                    <lon>4.6322</lon>
                    <date>2013-07-11T18:20:18+02:00</date>
                    <speedMph>160</speedMph>
                    <altitudeFt>1200</altitudeFt>
                </position>
                <position>
                    <lat>52.247</lat>
                    <lon>4.628</lon>
                    <date>2013-07-11T18:20:13+02:00</date>
                    <speedMph>164</speedMph>
                    <altitudeFt>1250</altitudeFt>
                </position>
                <position>
                    <lat>52.2404</lat>
                    <lon>4.611</lon>
                    <date>2013-07-11T18:20:03+02:00</date>
                    <speedMph>176</speedMph>
                    <altitudeFt>1480</altitudeFt>
                </position>
                <position>
                    <lat>52.2393</lat>
                    <lon>4.6083</lon>
                    <date>2013-07-11T18:19:58+02:00</date>
                    <speedMph>176</speedMph>
                    <altitudeFt>1530</altitudeFt>
                </position>
                <position>
                    <lat>52.2377</lat>
                    <lon>4.604</lon>
                    <date>2013-07-11T18:19:53+02:00</date>
                    <speedMph>180</speedMph>
                    <altitudeFt>1580</altitudeFt>
                </position>
                <position>
                    <lat>52.236</lat>
                    <lon>4.5997</lon>
                    <date>2013-07-11T18:19:48+02:00</date>
                    <speedMph>180</speedMph>
                    <altitudeFt>1650</altitudeFt>
                </position>
                <position>
                    <lat>52.2313</lat>
                    <lon>4.5873</lon>
                    <date>2013-07-11T18:19:38+02:00</date>
                    <speedMph>184</speedMph>
                    <altitudeFt>1830</altitudeFt>
                </position>
                <position>
                    <lat>52.2279</lat>
                    <lon>4.5786</lon>
                    <date>2013-07-11T18:19:33+02:00</date>
                    <speedMph>184</speedMph>
                    <altitudeFt>1950</altitudeFt>
                </position>
                <position>
                    <lat>52.226</lat>
                    <lon>4.5739</lon>
                    <date>2013-07-11T18:19:28+02:00</date>
                    <speedMph>184</speedMph>
                    <altitudeFt>2030</altitudeFt>
                </position>
                <position>
                    <lat>52.2239</lat>
                    <lon>4.5684</lon>
                    <date>2013-07-11T18:19:23+02:00</date>
                    <speedMph>184</speedMph>
                    <altitudeFt>2100</altitudeFt>
                </position>
                <position>
                    <lat>52.2197</lat>
                    <lon>4.5575</lon>
                    <date>2013-07-11T18:19:18+02:00</date>
                    <speedMph>184</speedMph>
                    <altitudeFt>2280</altitudeFt>
                </position>
                <position>
                    <lat>52.2185</lat>
                    <lon>4.5545</lon>
                    <date>2013-07-11T18:19:13+02:00</date>
                    <speedMph>184</speedMph>
                    <altitudeFt>2330</altitudeFt>
                </position>
                <position>
                    <lat>52.217</lat>
                    <lon>4.5506</lon>
                    <date>2013-07-11T18:19:08+02:00</date>
                    <speedMph>184</speedMph>
                    <altitudeFt>2380</altitudeFt>
                </position>
                <position>
                    <lat>52.2151</lat>
                    <lon>4.5459</lon>
                    <date>2013-07-11T18:19:03+02:00</date>
                    <speedMph>188</speedMph>
                    <altitudeFt>2430</altitudeFt>
                </position>
                <position>
                    <lat>52.2133</lat>
                    <lon>4.5415</lon>
                    <date>2013-07-11T18:18:58+02:00</date>
                    <speedMph>188</speedMph>
                    <altitudeFt>2500</altitudeFt>
                </position>
                <position>
                    <lat>52.2089</lat>
                    <lon>4.5309</lon>
                    <date>2013-07-11T18:18:53+02:00</date>
                    <speedMph>188</speedMph>
                    <altitudeFt>2650</altitudeFt>
                </position>
                <position>
                    <lat>52.2051</lat>
                    <lon>4.5223</lon>
                    <date>2013-07-11T18:18:43+02:00</date>
                    <speedMph>188</speedMph>
                    <altitudeFt>2750</altitudeFt>
                </position>
                <position>
                    <lat>52.2029</lat>
                    <lon>4.5177</lon>
                    <date>2013-07-11T18:18:38+02:00</date>
                    <speedMph>192</speedMph>
                    <altitudeFt>2830</altitudeFt>
                </position>
                <position>
                    <lat>52.2008</lat>
                    <lon>4.5137</lon>
                    <date>2013-07-11T18:18:33+02:00</date>
                    <speedMph>192</speedMph>
                    <altitudeFt>2880</altitudeFt>
                </position>
                <position>
                    <lat>52.1916</lat>
                    <lon>4.4999</lon>
                    <date>2013-07-11T18:18:23+02:00</date>
                    <speedMph>200</speedMph>
                    <altitudeFt>3030</altitudeFt>
                </position>
                <position>
                    <lat>52.1856</lat>
                    <lon>4.4915</lon>
                    <date>2013-07-11T18:18:18+02:00</date>
                    <speedMph>200</speedMph>
                    <altitudeFt>3100</altitudeFt>
                </position>
                <position>
                    <lat>52.1819</lat>
                    <lon>4.4863</lon>
                    <date>2013-07-11T18:18:08+02:00</date>
                    <speedMph>204</speedMph>
                    <altitudeFt>3150</altitudeFt>
                </position>
                <position>
                    <lat>52.173</lat>
                    <lon>4.4738</lon>
                    <date>2013-07-11T18:17:58+02:00</date>
                    <speedMph>216</speedMph>
                    <altitudeFt>3250</altitudeFt>
                </position>
                <position>
                    <lat>52.1691</lat>
                    <lon>4.4684</lon>
                    <date>2013-07-11T18:17:53+02:00</date>
                    <speedMph>224</speedMph>
                    <altitudeFt>3300</altitudeFt>
                </position>
                <position>
                    <lat>52.1624</lat>
                    <lon>4.4586</lon>
                    <date>2013-07-11T18:17:48+02:00</date>
                    <speedMph>220</speedMph>
                    <altitudeFt>3450</altitudeFt>
                </position>
                <position>
                    <lat>52.1594</lat>
                    <lon>4.4544</lon>
                    <date>2013-07-11T18:17:38+02:00</date>
                    <speedMph>220</speedMph>
                    <altitudeFt>3550</altitudeFt>
                </position>
                <position>
                    <lat>52.1554</lat>
                    <lon>4.4487</lon>
                    <date>2013-07-11T18:17:33+02:00</date>
                    <speedMph>220</speedMph>
                    <altitudeFt>3680</altitudeFt>
                </position>
                <position>
                    <lat>52.1513</lat>
                    <lon>4.4428</lon>
                    <date>2013-07-11T18:17:28+02:00</date>
                    <speedMph>216</speedMph>
                    <altitudeFt>3780</altitudeFt>
                </position>
                <position>
                    <lat>52.1473</lat>
                    <lon>4.437</lon>
                    <date>2013-07-11T18:17:23+02:00</date>
                    <speedMph>220</speedMph>
                    <altitudeFt>3900</altitudeFt>
                </position>
                <position>
                    <lat>52.1394</lat>
                    <lon>4.4254</lon>
                    <date>2013-07-11T18:17:13+02:00</date>
                    <speedMph>220</speedMph>
                    <altitudeFt>4130</altitudeFt>
                </position>
                <position>
                    <lat>52.1363</lat>
                    <lon>4.4209</lon>
                    <date>2013-07-11T18:17:08+02:00</date>
                    <speedMph>220</speedMph>
                    <altitudeFt>4200</altitudeFt>
                </position>
                <position>
                    <lat>52.1322</lat>
                    <lon>4.415</lon>
                    <date>2013-07-11T18:17:03+02:00</date>
                    <speedMph>220</speedMph>
                    <altitudeFt>4300</altitudeFt>
                </position>
                <position>
                    <lat>52.1283</lat>
                    <lon>4.4094</lon>
                    <date>2013-07-11T18:16:58+02:00</date>
                    <speedMph>220</speedMph>
                    <altitudeFt>4430</altitudeFt>
                </position>
                <position>
                    <lat>52.1244</lat>
                    <lon>4.4037</lon>
                    <date>2013-07-11T18:16:53+02:00</date>
                    <speedMph>220</speedMph>
                    <altitudeFt>4530</altitudeFt>
                </position>
                <position>
                    <lat>52.1206</lat>
                    <lon>4.3983</lon>
                    <date>2013-07-11T18:16:48+02:00</date>
                    <speedMph>220</speedMph>
                    <altitudeFt>4630</altitudeFt>
                </position>
                <position>
                    <lat>52.112</lat>
                    <lon>4.3858</lon>
                    <date>2013-07-11T18:16:38+02:00</date>
                    <speedMph>224</speedMph>
                    <altitudeFt>4880</altitudeFt>
                </position>
                <position>
                    <lat>52.1084</lat>
                    <lon>4.3807</lon>
                    <date>2013-07-11T18:16:33+02:00</date>
                    <speedMph>220</speedMph>
                    <altitudeFt>4980</altitudeFt>
                </position>
                <position>
                    <lat>52.1004</lat>
                    <lon>4.3694</lon>
                    <date>2013-07-11T18:16:23+02:00</date>
                    <speedMph>228</speedMph>
                    <altitudeFt>5180</altitudeFt>
                </position>
                <position>
                    <lat>52.0862</lat>
                    <lon>4.3549</lon>
                    <date>2013-07-11T18:16:13+02:00</date>
                    <speedMph>224</speedMph>
                    <altitudeFt>5450</altitudeFt>
                </position>
                <position>
                    <lat>52.0815</lat>
                    <lon>4.3521</lon>
                    <date>2013-07-11T18:16:03+02:00</date>
                    <speedMph>224</speedMph>
                    <altitudeFt>5530</altitudeFt>
                </position>
                <position>
                    <lat>52.0738</lat>
                    <lon>4.3476</lon>
                    <date>2013-07-11T18:15:53+02:00</date>
                    <speedMph>224</speedMph>
                    <altitudeFt>5650</altitudeFt>
                </position>
                <position>
                    <lat>52.0603</lat>
                    <lon>4.3394</lon>
                    <date>2013-07-11T18:15:43+02:00</date>
                    <speedMph>224</speedMph>
                    <altitudeFt>5880</altitudeFt>
                </position>
                <position>
                    <lat>52.0523</lat>
                    <lon>4.3337</lon>
                    <date>2013-07-11T18:15:33+02:00</date>
                    <speedMph>224</speedMph>
                    <altitudeFt>6000</altitudeFt>
                </position>
                <position>
                    <lat>52.0435</lat>
                    <lon>4.3236</lon>
                    <date>2013-07-11T18:15:23+02:00</date>
                    <speedMph>228</speedMph>
                    <altitudeFt>6230</altitudeFt>
                </position>
                <position>
                    <lat>52.0308</lat>
                    <lon>4.3051</lon>
                    <date>2013-07-11T18:15:13+02:00</date>
                    <speedMph>236</speedMph>
                    <altitudeFt>6550</altitudeFt>
                </position>
                <position>
                    <lat>52.0272</lat>
                    <lon>4.2998</lon>
                    <date>2013-07-11T18:15:03+02:00</date>
                    <speedMph>236</speedMph>
                    <altitudeFt>6630</altitudeFt>
                </position>
                <position>
                    <lat>52.0188</lat>
                    <lon>4.2873</lon>
                    <date>2013-07-11T18:14:53+02:00</date>
                    <speedMph>244</speedMph>
                    <altitudeFt>6750</altitudeFt>
                </position>
                <position>
                    <lat>52.0113</lat>
                    <lon>4.2763</lon>
                    <date>2013-07-11T18:14:43+02:00</date>
                    <speedMph>244</speedMph>
                    <altitudeFt>6800</altitudeFt>
                </position>
                <position>
                    <lat>52.0022</lat>
                    <lon>4.2628</lon>
                    <date>2013-07-11T18:14:33+02:00</date>
                    <speedMph>252</speedMph>
                    <altitudeFt>6900</altitudeFt>
                </position>
                <position>
                    <lat>51.9932</lat>
                    <lon>4.2496</lon>
                    <date>2013-07-11T18:14:23+02:00</date>
                    <speedMph>264</speedMph>
                    <altitudeFt>6980</altitudeFt>
                </position>
                <position>
                    <lat>51.984</lat>
                    <lon>4.236</lon>
                    <date>2013-07-11T18:14:13+02:00</date>
                    <speedMph>264</speedMph>
                    <altitudeFt>7000</altitudeFt>
                </position>
                <position>
                    <lat>51.9747</lat>
                    <lon>4.2223</lon>
                    <date>2013-07-11T18:14:03+02:00</date>
                    <speedMph>264</speedMph>
                    <altitudeFt>7000</altitudeFt>
                </position>
                <position>
                    <lat>51.9655</lat>
                    <lon>4.2086</lon>
                    <date>2013-07-11T18:13:53+02:00</date>
                    <speedMph>264</speedMph>
                    <altitudeFt>7000</altitudeFt>
                </position>
                <position>
                    <lat>51.9558</lat>
                    <lon>4.1943</lon>
                    <date>2013-07-11T18:13:43+02:00</date>
                    <speedMph>264</speedMph>
                    <altitudeFt>7000</altitudeFt>
                </position>
                <position>
                    <lat>51.9464</lat>
                    <lon>4.1805</lon>
                    <date>2013-07-11T18:13:33+02:00</date>
                    <speedMph>264</speedMph>
                    <altitudeFt>7000</altitudeFt>
                </position>
                <position>
                    <lat>51.938</lat>
                    <lon>4.1682</lon>
                    <date>2013-07-11T18:13:23+02:00</date>
                    <speedMph>264</speedMph>
                    <altitudeFt>7000</altitudeFt>
                </position>
                <position>
                    <lat>51.924</lat>
                    <lon>4.148</lon>
                    <date>2013-07-11T18:13:13+02:00</date>
                    <speedMph>264</speedMph>
                    <altitudeFt>7000</altitudeFt>
                </position>
                <position>
                    <lat>51.9187</lat>
                    <lon>4.1404</lon>
                    <date>2013-07-11T18:13:03+02:00</date>
                    <speedMph>272</speedMph>
                    <altitudeFt>7000</altitudeFt>
                </position>
                <position>
                    <lat>51.9088</lat>
                    <lon>4.129</lon>
                    <date>2013-07-11T18:12:53+02:00</date>
                    <speedMph>264</speedMph>
                    <altitudeFt>7000</altitudeFt>
                </position>
                <position>
                    <lat>51.8908</lat>
                    <lon>4.1126</lon>
                    <date>2013-07-11T18:12:43+02:00</date>
                    <speedMph>260</speedMph>
                    <altitudeFt>7030</altitudeFt>
                </position>
                <position>
                    <lat>51.8866</lat>
                    <lon>4.1089</lon>
                    <date>2013-07-11T18:12:33+02:00</date>
                    <speedMph>260</speedMph>
                    <altitudeFt>7080</altitudeFt>
                </position>
                <position>
                    <lat>51.8758</lat>
                    <lon>4.0993</lon>
                    <date>2013-07-11T18:12:23+02:00</date>
                    <speedMph>260</speedMph>
                    <altitudeFt>7230</altitudeFt>
                </position>
                <position>
                    <lat>51.8655</lat>
                    <lon>4.0901</lon>
                    <date>2013-07-11T18:12:13+02:00</date>
                    <speedMph>260</speedMph>
                    <altitudeFt>7380</altitudeFt>
                </position>
                <position>
                    <lat>51.8547</lat>
                    <lon>4.0805</lon>
                    <date>2013-07-11T18:12:03+02:00</date>
                    <speedMph>264</speedMph>
                    <altitudeFt>7530</altitudeFt>
                </position>
                <position>
                    <lat>51.7924</lat>
                    <lon>4.0251</lon>
                    <date>2013-07-11T18:11:05+02:00</date>
                    <speedMph>276</speedMph>
                    <altitudeFt>8450</altitudeFt>
                </position>
                <position>
                    <lat>51.7743</lat>
                    <lon>4.009</lon>
                    <date>2013-07-11T18:10:55+02:00</date>
                    <speedMph>280</speedMph>
                    <altitudeFt>8730</altitudeFt>
                </position>
                <position>
                    <lat>51.7692</lat>
                    <lon>4.0045</lon>
                    <date>2013-07-11T18:10:45+02:00</date>
                    <speedMph>280</speedMph>
                    <altitudeFt>8800</altitudeFt>
                </position>
                <position>
                    <lat>51.7505</lat>
                    <lon>3.9879</lon>
                    <date>2013-07-11T18:10:35+02:00</date>
                    <speedMph>280</speedMph>
                    <altitudeFt>9080</altitudeFt>
                </position>
                <position>
                    <lat>51.7451</lat>
                    <lon>3.9831</lon>
                    <date>2013-07-11T18:10:25+02:00</date>
                    <speedMph>280</speedMph>
                    <altitudeFt>9150</altitudeFt>
                </position>
                <position>
                    <lat>51.7272</lat>
                    <lon>3.9673</lon>
                    <date>2013-07-11T18:10:15+02:00</date>
                    <speedMph>280</speedMph>
                    <altitudeFt>9400</altitudeFt>
                </position>
                <position>
                    <lat>51.7208</lat>
                    <lon>3.9617</lon>
                    <date>2013-07-11T18:10:05+02:00</date>
                    <speedMph>284</speedMph>
                    <altitudeFt>9500</altitudeFt>
                </position>
                <position>
                    <lat>51.7029</lat>
                    <lon>3.9459</lon>
                    <date>2013-07-11T18:09:55+02:00</date>
                    <speedMph>292</speedMph>
                    <altitudeFt>9880</altitudeFt>
                </position>
                <position>
                    <lat>51.6811</lat>
                    <lon>3.9267</lon>
                    <date>2013-07-11T18:09:35+02:00</date>
                    <speedMph>292</speedMph>
                    <altitudeFt>10450</altitudeFt>
                </position>
                <position>
                    <lat>51.6447</lat>
                    <lon>3.8946</lon>
                    <date>2013-07-11T18:09:05+02:00</date>
                    <speedMph>296</speedMph>
                    <altitudeFt>11330</altitudeFt>
                </position>
                <position>
                    <lat>51.6147</lat>
                    <lon>3.8684</lon>
                    <date>2013-07-11T18:08:35+02:00</date>
                    <speedMph>292</speedMph>
                    <altitudeFt>11980</altitudeFt>
                </position>
                <position>
                    <lat>51.5721</lat>
                    <lon>3.8306</lon>
                    <date>2013-07-11T18:08:05+02:00</date>
                    <speedMph>300</speedMph>
                    <altitudeFt>12900</altitudeFt>
                </position>
                <position>
                    <lat>51.5339</lat>
                    <lon>3.797</lon>
                    <date>2013-07-11T18:07:35+02:00</date>
                    <speedMph>300</speedMph>
                    <altitudeFt>13850</altitudeFt>
                </position>
                <position>
                    <lat>51.4965</lat>
                    <lon>3.7644</lon>
                    <date>2013-07-11T18:07:05+02:00</date>
                    <speedMph>312</speedMph>
                    <altitudeFt>14630</altitudeFt>
                </position>
                <position>
                    <lat>51.4565</lat>
                    <lon>3.7296</lon>
                    <date>2013-07-11T18:06:35+02:00</date>
                    <speedMph>312</speedMph>
                    <altitudeFt>15450</altitudeFt>
                </position>
                <position>
                    <lat>51.3791</lat>
                    <lon>3.662</lon>
                    <date>2013-07-11T18:05:35+02:00</date>
                    <speedMph>316</speedMph>
                    <altitudeFt>17330</altitudeFt>
                </position>
                <position>
                    <lat>51.2986</lat>
                    <lon>3.5919</lon>
                    <date>2013-07-11T18:04:35+02:00</date>
                    <speedMph>328</speedMph>
                    <altitudeFt>18980</altitudeFt>
                </position>
                <position>
                    <lat>51.2169</lat>
                    <lon>3.5214</lon>
                    <date>2013-07-11T18:03:35+02:00</date>
                    <speedMph>348</speedMph>
                    <altitudeFt>20750</altitudeFt>
                </position>
                <position>
                    <lat>51.1307</lat>
                    <lon>3.4483</lon>
                    <date>2013-07-11T18:02:35+02:00</date>
                    <speedMph>348</speedMph>
                    <altitudeFt>22650</altitudeFt>
                </position>
                <position>
                    <lat>51.0439</lat>
                    <lon>3.389</lon>
                    <date>2013-07-11T18:01:35+02:00</date>
                    <speedMph>368</speedMph>
                    <altitudeFt>24050</altitudeFt>
                </position>
                <position>
                    <lat>50.9417</lat>
                    <lon>3.3197</lon>
                    <date>2013-07-11T18:00:35+02:00</date>
                    <speedMph>376</speedMph>
                    <altitudeFt>25480</altitudeFt>
                </position>
                <position>
                    <lat>50.8581</lat>
                    <lon>3.2316</lon>
                    <date>2013-07-11T17:59:35+02:00</date>
                    <speedMph>388</speedMph>
                    <altitudeFt>27000</altitudeFt>
                </position>
                <position>
                    <lat>50.7738</lat>
                    <lon>3.1379</lon>
                    <date>2013-07-11T17:58:35+02:00</date>
                    <speedMph>396</speedMph>
                    <altitudeFt>28000</altitudeFt>
                </position>
                <position>
                    <lat>50.6859</lat>
                    <lon>3.0407</lon>
                    <date>2013-07-11T17:57:35+02:00</date>
                    <speedMph>400</speedMph>
                    <altitudeFt>29180</altitudeFt>
                </position>
                <position>
                    <lat>50.5829</lat>
                    <lon>2.9271</lon>
                    <date>2013-07-11T17:56:35+02:00</date>
                    <speedMph>404</speedMph>
                    <altitudeFt>30530</altitudeFt>
                </position>
                <position>
                    <lat>50.4934</lat>
                    <lon>2.8294</lon>
                    <date>2013-07-11T17:55:35+02:00</date>
                    <speedMph>420</speedMph>
                    <altitudeFt>31700</altitudeFt>
                </position>
                <position>
                    <lat>50.389</lat>
                    <lon>2.7155</lon>
                    <date>2013-07-11T17:54:35+02:00</date>
                    <speedMph>452</speedMph>
                    <altitudeFt>32950</altitudeFt>
                </position>
                <position>
                    <lat>50.2892</lat>
                    <lon>2.6078</lon>
                    <date>2013-07-11T17:53:35+02:00</date>
                    <speedMph>444</speedMph>
                    <altitudeFt>34400</altitudeFt>
                </position>
                <position>
                    <lat>50.1936</lat>
                    <lon>2.5049</lon>
                    <date>2013-07-11T17:52:35+02:00</date>
                    <speedMph>440</speedMph>
                    <altitudeFt>36000</altitudeFt>
                </position>
                <position>
                    <lat>50.0844</lat>
                    <lon>2.3879</lon>
                    <date>2013-07-11T17:51:35+02:00</date>
                    <speedMph>436</speedMph>
                    <altitudeFt>37450</altitudeFt>
                </position>
                <position>
                    <lat>49.9942</lat>
                    <lon>2.2913</lon>
                    <date>2013-07-11T17:50:35+02:00</date>
                    <speedMph>440</speedMph>
                    <altitudeFt>38000</altitudeFt>
                </position>
                <position>
                    <lat>49.8795</lat>
                    <lon>2.1692</lon>
                    <date>2013-07-11T17:49:35+02:00</date>
                    <speedMph>440</speedMph>
                    <altitudeFt>38000</altitudeFt>
                </position>
                <position>
                    <lat>49.795</lat>
                    <lon>2.0802</lon>
                    <date>2013-07-11T17:48:35+02:00</date>
                    <speedMph>440</speedMph>
                    <altitudeFt>38030</altitudeFt>
                </position>
                <position>
                    <lat>49.6918</lat>
                    <lon>1.9721</lon>
                    <date>2013-07-11T17:47:35+02:00</date>
                    <speedMph>440</speedMph>
                    <altitudeFt>38000</altitudeFt>
                </position>
                <position>
                    <lat>49.5847</lat>
                    <lon>1.8598</lon>
                    <date>2013-07-11T17:46:35+02:00</date>
                    <speedMph>436</speedMph>
                    <altitudeFt>38000</altitudeFt>
                </position>
                <position>
                    <lat>49.4884</lat>
                    <lon>1.7594</lon>
                    <date>2013-07-11T17:45:35+02:00</date>
                    <speedMph>436</speedMph>
                    <altitudeFt>37980</altitudeFt>
                </position>
                <position>
                    <lat>49.3881</lat>
                    <lon>1.656</lon>
                    <date>2013-07-11T17:44:35+02:00</date>
                    <speedMph>436</speedMph>
                    <altitudeFt>37980</altitudeFt>
                </position>
                <position>
                    <lat>49.2903</lat>
                    <lon>1.5551</lon>
                    <date>2013-07-11T17:43:35+02:00</date>
                    <speedMph>436</speedMph>
                    <altitudeFt>38030</altitudeFt>
                </position>
                <position>
                    <lat>49.1902</lat>
                    <lon>1.4519</lon>
                    <date>2013-07-11T17:42:35+02:00</date>
                    <speedMph>440</speedMph>
                    <altitudeFt>38030</altitudeFt>
                </position>
                <position>
                    <lat>49.0823</lat>
                    <lon>1.3413</lon>
                    <date>2013-07-11T17:41:35+02:00</date>
                    <speedMph>440</speedMph>
                    <altitudeFt>38000</altitudeFt>
                </position>
                <position>
                    <lat>49.0102</lat>
                    <lon>1.1905</lon>
                    <date>2013-07-11T17:40:35+02:00</date>
                    <speedMph>440</speedMph>
                    <altitudeFt>38000</altitudeFt>
                </position>
                <position>
                    <lat>48.9418</lat>
                    <lon>1.044</lon>
                    <date>2013-07-11T17:39:35+02:00</date>
                    <speedMph>440</speedMph>
                    <altitudeFt>37980</altitudeFt>
                </position>
                <position>
                    <lat>48.8731</lat>
                    <lon>0.903</lon>
                    <date>2013-07-11T17:38:35+02:00</date>
                    <speedMph>440</speedMph>
                    <altitudeFt>37980</altitudeFt>
                </position>
                <position>
                    <lat>48.7998</lat>
                    <lon>0.7524</lon>
                    <date>2013-07-11T17:37:35+02:00</date>
                    <speedMph>440</speedMph>
                    <altitudeFt>38030</altitudeFt>
                </position>
                <position>
                    <lat>48.7213</lat>
                    <lon>0.6136</lon>
                    <date>2013-07-11T17:36:35+02:00</date>
                    <speedMph>444</speedMph>
                    <altitudeFt>38030</altitudeFt>
                </position>
                <position>
                    <lat>48.636</lat>
                    <lon>0.4682</lon>
                    <date>2013-07-11T17:35:35+02:00</date>
                    <speedMph>444</speedMph>
                    <altitudeFt>38000</altitudeFt>
                </position>
                <position>
                    <lat>48.552</lat>
                    <lon>0.3259</lon>
                    <date>2013-07-11T17:34:35+02:00</date>
                    <speedMph>440</speedMph>
                    <altitudeFt>38000</altitudeFt>
                </position>
                <position>
                    <lat>48.4732</lat>
                    <lon>0.1926</lon>
                    <date>2013-07-11T17:33:35+02:00</date>
                    <speedMph>440</speedMph>
                    <altitudeFt>37980</altitudeFt>
                </position>
                <position>
                    <lat>48.3931</lat>
                    <lon>0.0583</lon>
                    <date>2013-07-11T17:32:35+02:00</date>
                    <speedMph>440</speedMph>
                    <altitudeFt>38030</altitudeFt>
                </position>
                <position>
                    <lat>48.3134</lat>
                    <lon>-0.0746</lon>
                    <date>2013-07-11T17:31:35+02:00</date>
                    <speedMph>440</speedMph>
                    <altitudeFt>38030</altitudeFt>
                </position>
                <position>
                    <lat>48.2249</lat>
                    <lon>-0.2215</lon>
                    <date>2013-07-11T17:30:35+02:00</date>
                    <speedMph>440</speedMph>
                    <altitudeFt>38030</altitudeFt>
                </position>
                <position>
                    <lat>48.148</lat>
                    <lon>-0.3485</lon>
                    <date>2013-07-11T17:29:35+02:00</date>
                    <speedMph>440</speedMph>
                    <altitudeFt>38030</altitudeFt>
                </position>
                <position>
                    <lat>48.0683</lat>
                    <lon>-0.4791</lon>
                    <date>2013-07-11T17:28:35+02:00</date>
                    <speedMph>440</speedMph>
                    <altitudeFt>38000</altitudeFt>
                </position>
                <position>
                    <lat>47.9839</lat>
                    <lon>-0.6163</lon>
                    <date>2013-07-11T17:27:35+02:00</date>
                    <speedMph>432</speedMph>
                    <altitudeFt>38000</altitudeFt>
                </position>
                <position>
                    <lat>47.8987</lat>
                    <lon>-0.7512</lon>
                    <date>2013-07-11T17:26:35+02:00</date>
                    <speedMph>440</speedMph>
                    <altitudeFt>38030</altitudeFt>
                </position>
                <position>
                    <lat>47.7989</lat>
                    <lon>-0.8464</lon>
                    <date>2013-07-11T17:25:35+02:00</date>
                    <speedMph>452</speedMph>
                    <altitudeFt>38000</altitudeFt>
                </position>
                <position>
                    <lat>47.6917</lat>
                    <lon>-0.947</lon>
                    <date>2013-07-11T17:24:35+02:00</date>
                    <speedMph>460</speedMph>
                    <altitudeFt>37980</altitudeFt>
                </position>
                <position>
                    <lat>47.583</lat>
                    <lon>-1.0477</lon>
                    <date>2013-07-11T17:23:35+02:00</date>
                    <speedMph>460</speedMph>
                    <altitudeFt>38000</altitudeFt>
                </position>
                <position>
                    <lat>47.4719</lat>
                    <lon>-1.1501</lon>
                    <date>2013-07-11T17:22:35+02:00</date>
                    <speedMph>464</speedMph>
                    <altitudeFt>38000</altitudeFt>
                </position>
                <position>
                    <lat>47.3704</lat>
                    <lon>-1.2426</lon>
                    <date>2013-07-11T17:21:35+02:00</date>
                    <speedMph>460</speedMph>
                    <altitudeFt>38000</altitudeFt>
                </position>
                <position>
                    <lat>47.261</lat>
                    <lon>-1.3441</lon>
                    <date>2013-07-11T17:20:35+02:00</date>
                    <speedMph>460</speedMph>
                    <altitudeFt>38000</altitudeFt>
                </position>
                <position>
                    <lat>47.1505</lat>
                    <lon>-1.4485</lon>
                    <date>2013-07-11T17:19:35+02:00</date>
                    <speedMph>460</speedMph>
                    <altitudeFt>38000</altitudeFt>
                </position>
                <position>
                    <lat>47.0437</lat>
                    <lon>-1.5503</lon>
                    <date>2013-07-11T17:18:35+02:00</date>
                    <speedMph>460</speedMph>
                    <altitudeFt>37980</altitudeFt>
                </position>
                <position>
                    <lat>46.9362</lat>
                    <lon>-1.6534</lon>
                    <date>2013-07-11T17:17:35+02:00</date>
                    <speedMph>460</speedMph>
                    <altitudeFt>38000</altitudeFt>
                </position>
                <position>
                    <lat>46.8302</lat>
                    <lon>-1.7541</lon>
                    <date>2013-07-11T17:16:35+02:00</date>
                    <speedMph>460</speedMph>
                    <altitudeFt>38000</altitudeFt>
                </position>
                <position>
                    <lat>46.7272</lat>
                    <lon>-1.8518</lon>
                    <date>2013-07-11T17:15:35+02:00</date>
                    <speedMph>460</speedMph>
                    <altitudeFt>38000</altitudeFt>
                </position>
                <position>
                    <lat>46.618</lat>
                    <lon>-1.9548</lon>
                    <date>2013-07-11T17:14:35+02:00</date>
                    <speedMph>464</speedMph>
                    <altitudeFt>38000</altitudeFt>
                </position>
                <position>
                    <lat>46.5079</lat>
                    <lon>-2.0573</lon>
                    <date>2013-07-11T17:13:35+02:00</date>
                    <speedMph>460</speedMph>
                    <altitudeFt>38000</altitudeFt>
                </position>
                <position>
                    <lat>46.3984</lat>
                    <lon>-2.1585</lon>
                    <date>2013-07-11T17:12:35+02:00</date>
                    <speedMph>460</speedMph>
                    <altitudeFt>38000</altitudeFt>
                </position>
                <position>
                    <lat>46.235</lat>
                    <lon>-2.307</lon>
                    <date>2013-07-11T17:11:35+02:00</date>
                    <speedMph>464</speedMph>
                    <altitudeFt>38000</altitudeFt>
                </position>
                <position>
                    <lat>46.17</lat>
                    <lon>-2.366</lon>
                    <date>2013-07-11T17:10:27+02:00</date>
                    <speedMph>464</speedMph>
                    <altitudeFt>38000</altitudeFt>
                </position>
                <position>
                    <lat>46.0596</lat>
                    <lon>-2.4652</lon>
                    <date>2013-07-11T17:09:27+02:00</date>
                    <speedMph>468</speedMph>
                    <altitudeFt>38000</altitudeFt>
                </position>
                <position>
                    <lat>45.951</lat>
                    <lon>-2.5627</lon>
                    <date>2013-07-11T17:08:27+02:00</date>
                    <speedMph>464</speedMph>
                    <altitudeFt>38000</altitudeFt>
                </position>
                <position>
                    <lat>45.8355</lat>
                    <lon>-2.6657</lon>
                    <date>2013-07-11T17:07:27+02:00</date>
                    <speedMph>468</speedMph>
                    <altitudeFt>38000</altitudeFt>
                </position>
                <position>
                    <lat>45.7349</lat>
                    <lon>-2.7552</lon>
                    <date>2013-07-11T17:06:27+02:00</date>
                    <speedMph>468</speedMph>
                    <altitudeFt>38000</altitudeFt>
                </position>
                <position>
                    <lat>45.6112</lat>
                    <lon>-2.8642</lon>
                    <date>2013-07-11T17:05:27+02:00</date>
                    <speedMph>464</speedMph>
                    <altitudeFt>38030</altitudeFt>
                </position>
                <position>
                    <lat>45.4982</lat>
                    <lon>-2.9639</lon>
                    <date>2013-07-11T17:04:27+02:00</date>
                    <speedMph>468</speedMph>
                    <altitudeFt>38000</altitudeFt>
                </position>
                <position>
                    <lat>45.3838</lat>
                    <lon>-3.064</lon>
                    <date>2013-07-11T17:03:27+02:00</date>
                    <speedMph>468</speedMph>
                    <altitudeFt>38000</altitudeFt>
                </position>
                <position>
                    <lat>45.279</lat>
                    <lon>-3.155</lon>
                    <date>2013-07-11T17:02:27+02:00</date>
                    <speedMph>464</speedMph>
                    <altitudeFt>38000</altitudeFt>
                </position>
                <position>
                    <lat>45.1787</lat>
                    <lon>-3.242</lon>
                    <date>2013-07-11T17:01:27+02:00</date>
                    <speedMph>464</speedMph>
                    <altitudeFt>38000</altitudeFt>
                </position>
                <position>
                    <lat>45.0659</lat>
                    <lon>-3.3394</lon>
                    <date>2013-07-11T17:00:27+02:00</date>
                    <speedMph>468</speedMph>
                    <altitudeFt>38000</altitudeFt>
                </position>
                <position>
                    <lat>44.9569</lat>
                    <lon>-3.4336</lon>
                    <date>2013-07-11T16:59:27+02:00</date>
                    <speedMph>464</speedMph>
                    <altitudeFt>38000</altitudeFt>
                </position>
                <position>
                    <lat>44.842</lat>
                    <lon>-3.5318</lon>
                    <date>2013-07-11T16:58:27+02:00</date>
                    <speedMph>468</speedMph>
                    <altitudeFt>38030</altitudeFt>
                </position>
                <position>
                    <lat>44.7315</lat>
                    <lon>-3.6254</lon>
                    <date>2013-07-11T16:57:27+02:00</date>
                    <speedMph>468</speedMph>
                    <altitudeFt>37980</altitudeFt>
                </position>
                <position>
                    <lat>44.6085</lat>
                    <lon>-3.7299</lon>
                    <date>2013-07-11T16:56:27+02:00</date>
                    <speedMph>468</speedMph>
                    <altitudeFt>38000</altitudeFt>
                </position>
                <position>
                    <lat>44.5062</lat>
                    <lon>-3.8165</lon>
                    <date>2013-07-11T16:55:27+02:00</date>
                    <speedMph>472</speedMph>
                    <altitudeFt>38000</altitudeFt>
                </position>
                <position>
                    <lat>44.3949</lat>
                    <lon>-3.9099</lon>
                    <date>2013-07-11T16:54:27+02:00</date>
                    <speedMph>468</speedMph>
                    <altitudeFt>38030</altitudeFt>
                </position>
                <position>
                    <lat>44.2831</lat>
                    <lon>-4.0039</lon>
                    <date>2013-07-11T16:53:27+02:00</date>
                    <speedMph>472</speedMph>
                    <altitudeFt>38000</altitudeFt>
                </position>
                <position>
                    <lat>44.163</lat>
                    <lon>-4.0906</lon>
                    <date>2013-07-11T16:52:27+02:00</date>
                    <speedMph>468</speedMph>
                    <altitudeFt>38000</altitudeFt>
                </position>
                <position>
                    <lat>44.0449</lat>
                    <lon>-4.163</lon>
                    <date>2013-07-11T16:51:27+02:00</date>
                    <speedMph>464</speedMph>
                    <altitudeFt>38000</altitudeFt>
                </position>
                <position>
                    <lat>43.8894</lat>
                    <lon>-4.2584</lon>
                    <date>2013-07-11T16:50:27+02:00</date>
                    <speedMph>464</speedMph>
                    <altitudeFt>38000</altitudeFt>
                </position>
                <position>
                    <lat>43.8234</lat>
                    <lon>-4.2985</lon>
                    <date>2013-07-11T16:49:27+02:00</date>
                    <speedMph>468</speedMph>
                    <altitudeFt>38000</altitudeFt>
                </position>
                <position>
                    <lat>43.6752</lat>
                    <lon>-4.3884</lon>
                    <date>2013-07-11T16:48:27+02:00</date>
                    <speedMph>472</speedMph>
                    <altitudeFt>37980</altitudeFt>
                </position>
                <position>
                    <lat>43.5757</lat>
                    <lon>-4.4488</lon>
                    <date>2013-07-11T16:47:27+02:00</date>
                    <speedMph>472</speedMph>
                    <altitudeFt>38000</altitudeFt>
                </position>
                <position>
                    <lat>43.4671</lat>
                    <lon>-4.5144</lon>
                    <date>2013-07-11T16:46:27+02:00</date>
                    <speedMph>472</speedMph>
                    <altitudeFt>37980</altitudeFt>
                </position>
                <position>
                    <lat>43.3291</lat>
                    <lon>-4.5967</lon>
                    <date>2013-07-11T16:45:27+02:00</date>
                    <speedMph>480</speedMph>
                    <altitudeFt>38000</altitudeFt>
                </position>
                <position>
                    <lat>43.215</lat>
                    <lon>-4.6649</lon>
                    <date>2013-07-11T16:44:27+02:00</date>
                    <speedMph>468</speedMph>
                    <altitudeFt>38000</altitudeFt>
                </position>
                <position>
                    <lat>43.093</lat>
                    <lon>-4.7377</lon>
                    <date>2013-07-11T16:43:27+02:00</date>
                    <speedMph>464</speedMph>
                    <altitudeFt>38030</altitudeFt>
                </position>
                <position>
                    <lat>42.99</lat>
                    <lon>-4.7991</lon>
                    <date>2013-07-11T16:42:27+02:00</date>
                    <speedMph>464</speedMph>
                    <altitudeFt>38000</altitudeFt>
                </position>
                <position>
                    <lat>42.8683</lat>
                    <lon>-4.8708</lon>
                    <date>2013-07-11T16:41:27+02:00</date>
                    <speedMph>476</speedMph>
                    <altitudeFt>38000</altitudeFt>
                </position>
                <position>
                    <lat>42.7478</lat>
                    <lon>-4.9403</lon>
                    <date>2013-07-11T16:40:27+02:00</date>
                    <speedMph>476</speedMph>
                    <altitudeFt>38000</altitudeFt>
                </position>
                <position>
                    <lat>42.6298</lat>
                    <lon>-5.0174</lon>
                    <date>2013-07-11T16:39:27+02:00</date>
                    <speedMph>476</speedMph>
                    <altitudeFt>38000</altitudeFt>
                </position>
                <position>
                    <lat>42.5065</lat>
                    <lon>-5.1136</lon>
                    <date>2013-07-11T16:38:27+02:00</date>
                    <speedMph>480</speedMph>
                    <altitudeFt>38000</altitudeFt>
                </position>
                <position>
                    <lat>42.4004</lat>
                    <lon>-5.196</lon>
                    <date>2013-07-11T16:37:27+02:00</date>
                    <speedMph>476</speedMph>
                    <altitudeFt>38000</altitudeFt>
                </position>
                <position>
                    <lat>42.2745</lat>
                    <lon>-5.2927</lon>
                    <date>2013-07-11T16:36:27+02:00</date>
                    <speedMph>476</speedMph>
                    <altitudeFt>38000</altitudeFt>
                </position>
                <position>
                    <lat>42.1608</lat>
                    <lon>-5.3801</lon>
                    <date>2013-07-11T16:35:27+02:00</date>
                    <speedMph>476</speedMph>
                    <altitudeFt>38000</altitudeFt>
                </position>
                <position>
                    <lat>42.0452</lat>
                    <lon>-5.4684</lon>
                    <date>2013-07-11T16:34:27+02:00</date>
                    <speedMph>472</speedMph>
                    <altitudeFt>38000</altitudeFt>
                </position>
                <position>
                    <lat>41.9303</lat>
                    <lon>-5.556</lon>
                    <date>2013-07-11T16:33:27+02:00</date>
                    <speedMph>476</speedMph>
                    <altitudeFt>38030</altitudeFt>
                </position>
                <position>
                    <lat>41.8142</lat>
                    <lon>-5.6442</lon>
                    <date>2013-07-11T16:32:27+02:00</date>
                    <speedMph>480</speedMph>
                    <altitudeFt>38000</altitudeFt>
                </position>
                <position>
                    <lat>41.6956</lat>
                    <lon>-5.7335</lon>
                    <date>2013-07-11T16:31:27+02:00</date>
                    <speedMph>476</speedMph>
                    <altitudeFt>38000</altitudeFt>
                </position>
                <position>
                    <lat>41.5941</lat>
                    <lon>-5.8099</lon>
                    <date>2013-07-11T16:30:27+02:00</date>
                    <speedMph>480</speedMph>
                    <altitudeFt>38000</altitudeFt>
                </position>
                <position>
                    <lat>41.4679</lat>
                    <lon>-5.9046</lon>
                    <date>2013-07-11T16:29:27+02:00</date>
                    <speedMph>480</speedMph>
                    <altitudeFt>38000</altitudeFt>
                </position>
                <position>
                    <lat>41.3604</lat>
                    <lon>-5.9844</lon>
                    <date>2013-07-11T16:28:27+02:00</date>
                    <speedMph>480</speedMph>
                    <altitudeFt>38000</altitudeFt>
                </position>
                <position>
                    <lat>41.2379</lat>
                    <lon>-6.0764</lon>
                    <date>2013-07-11T16:27:27+02:00</date>
                    <speedMph>484</speedMph>
                    <altitudeFt>38000</altitudeFt>
                </position>
                <position>
                    <lat>41.127</lat>
                    <lon>-6.1591</lon>
                    <date>2013-07-11T16:26:27+02:00</date>
                    <speedMph>480</speedMph>
                    <altitudeFt>38000</altitudeFt>
                </position>
                <position>
                    <lat>41.0046</lat>
                    <lon>-6.2708</lon>
                    <date>2013-07-11T16:25:27+02:00</date>
                    <speedMph>484</speedMph>
                    <altitudeFt>38000</altitudeFt>
                </position>
                <position>
                    <lat>40.9127</lat>
                    <lon>-6.3875</lon>
                    <date>2013-07-11T16:24:27+02:00</date>
                    <speedMph>484</speedMph>
                    <altitudeFt>38000</altitudeFt>
                </position>
                <position>
                    <lat>40.8159</lat>
                    <lon>-6.5096</lon>
                    <date>2013-07-11T16:23:27+02:00</date>
                    <speedMph>484</speedMph>
                    <altitudeFt>38000</altitudeFt>
                </position>
                <position>
                    <lat>40.7149</lat>
                    <lon>-6.6365</lon>
                    <date>2013-07-11T16:22:27+02:00</date>
                    <speedMph>484</speedMph>
                    <altitudeFt>37630</altitudeFt>
                </position>
                <position>
                    <lat>40.6218</lat>
                    <lon>-6.7532</lon>
                    <date>2013-07-11T16:21:27+02:00</date>
                    <speedMph>484</speedMph>
                    <altitudeFt>36900</altitudeFt>
                </position>
                <position>
                    <lat>40.5248</lat>
                    <lon>-6.8738</lon>
                    <date>2013-07-11T16:20:27+02:00</date>
                    <speedMph>488</speedMph>
                    <altitudeFt>35980</altitudeFt>
                </position>
                <position>
                    <lat>40.4243</lat>
                    <lon>-6.9987</lon>
                    <date>2013-07-11T16:19:27+02:00</date>
                    <speedMph>488</speedMph>
                    <altitudeFt>35550</altitudeFt>
                </position>
                <position>
                    <lat>40.3273</lat>
                    <lon>-7.1186</lon>
                    <date>2013-07-11T16:18:27+02:00</date>
                    <speedMph>492</speedMph>
                    <altitudeFt>34450</altitudeFt>
                </position>
                <position>
                    <lat>40.2247</lat>
                    <lon>-7.2449</lon>
                    <date>2013-07-11T16:17:27+02:00</date>
                    <speedMph>496</speedMph>
                    <altitudeFt>33000</altitudeFt>
                </position>
                <position>
                    <lat>40.1261</lat>
                    <lon>-7.366</lon>
                    <date>2013-07-11T16:16:27+02:00</date>
                    <speedMph>496</speedMph>
                    <altitudeFt>31750</altitudeFt>
                </position>
                <position>
                    <lat>40.0236</lat>
                    <lon>-7.4914</lon>
                    <date>2013-07-11T16:15:27+02:00</date>
                    <speedMph>504</speedMph>
                    <altitudeFt>30250</altitudeFt>
                </position>
                <position>
                    <lat>39.9234</lat>
                    <lon>-7.613</lon>
                    <date>2013-07-11T16:14:27+02:00</date>
                    <speedMph>504</speedMph>
                    <altitudeFt>28850</altitudeFt>
                </position>
                <position>
                    <lat>39.8177</lat>
                    <lon>-7.7407</lon>
                    <date>2013-07-11T16:13:27+02:00</date>
                    <speedMph>500</speedMph>
                    <altitudeFt>27650</altitudeFt>
                </position>
                <position>
                    <lat>39.7028</lat>
                    <lon>-7.8791</lon>
                    <date>2013-07-11T16:12:27+02:00</date>
                    <speedMph>488</speedMph>
                    <altitudeFt>26350</altitudeFt>
                </position>
                <position>
                    <lat>39.6191</lat>
                    <lon>-7.979</lon>
                    <date>2013-07-11T16:11:27+02:00</date>
                    <speedMph>464</speedMph>
                    <altitudeFt>24930</altitudeFt>
                </position>
                <position>
                    <lat>39.5209</lat>
                    <lon>-8.0969</lon>
                    <date>2013-07-11T16:10:25+02:00</date>
                    <speedMph>464</speedMph>
                    <altitudeFt>23830</altitudeFt>
                </position>
                <position>
                    <lat>39.4202</lat>
                    <lon>-8.2169</lon>
                    <date>2013-07-11T16:09:25+02:00</date>
                    <speedMph>444</speedMph>
                    <altitudeFt>22050</altitudeFt>
                </position>
                <position>
                    <lat>39.3366</lat>
                    <lon>-8.316</lon>
                    <date>2013-07-11T16:08:25+02:00</date>
                    <speedMph>440</speedMph>
                    <altitudeFt>20480</altitudeFt>
                </position>
                <position>
                    <lat>39.2454</lat>
                    <lon>-8.4235</lon>
                    <date>2013-07-11T16:07:25+02:00</date>
                    <speedMph>420</speedMph>
                    <altitudeFt>18450</altitudeFt>
                </position>
                <position>
                    <lat>39.1594</lat>
                    <lon>-8.5248</lon>
                    <date>2013-07-11T16:06:25+02:00</date>
                    <speedMph>416</speedMph>
                    <altitudeFt>16280</altitudeFt>
                </position>
                <position>
                    <lat>39.0774</lat>
                    <lon>-8.625</lon>
                    <date>2013-07-11T16:05:25+02:00</date>
                    <speedMph>400</speedMph>
                    <altitudeFt>14280</altitudeFt>
                </position>
                <position>
                    <lat>39.0461</lat>
                    <lon>-8.6879</lon>
                    <date>2013-07-11T16:04:55+02:00</date>
                    <speedMph>396</speedMph>
                    <altitudeFt>13100</altitudeFt>
                </position>
                <position>
                    <lat>39.0185</lat>
                    <lon>-8.7438</lon>
                    <date>2013-07-11T16:04:25+02:00</date>
                    <speedMph>376</speedMph>
                    <altitudeFt>12280</altitudeFt>
                </position>
                <position>
                    <lat>38.9909</lat>
                    <lon>-8.7992</lon>
                    <date>2013-07-11T16:03:55+02:00</date>
                    <speedMph>348</speedMph>
                    <altitudeFt>11600</altitudeFt>
                </position>
                <position>
                    <lat>38.965</lat>
                    <lon>-8.8509</lon>
                    <date>2013-07-11T16:03:25+02:00</date>
                    <speedMph>316</speedMph>
                    <altitudeFt>10900</altitudeFt>
                </position>
                <position>
                    <lat>38.9422</lat>
                    <lon>-8.8962</lon>
                    <date>2013-07-11T16:02:55+02:00</date>
                    <speedMph>296</speedMph>
                    <altitudeFt>9930</altitudeFt>
                </position>
                <position>
                    <lat>38.9348</lat>
                    <lon>-8.9112</lon>
                    <date>2013-07-11T16:02:45+02:00</date>
                    <speedMph>288</speedMph>
                    <altitudeFt>9450</altitudeFt>
                </position>
                <position>
                    <lat>38.9283</lat>
                    <lon>-8.9244</lon>
                    <date>2013-07-11T16:02:35+02:00</date>
                    <speedMph>284</speedMph>
                    <altitudeFt>9050</altitudeFt>
                </position>
                <position>
                    <lat>38.921</lat>
                    <lon>-8.9393</lon>
                    <date>2013-07-11T16:02:25+02:00</date>
                    <speedMph>284</speedMph>
                    <altitudeFt>8550</altitudeFt>
                </position>
                <position>
                    <lat>38.9141</lat>
                    <lon>-8.9536</lon>
                    <date>2013-07-11T16:02:14+02:00</date>
                    <speedMph>280</speedMph>
                    <altitudeFt>8030</altitudeFt>
                </position>
                <position>
                    <lat>38.9067</lat>
                    <lon>-8.9686</lon>
                    <date>2013-07-11T16:02:04+02:00</date>
                    <speedMph>284</speedMph>
                    <altitudeFt>7450</altitudeFt>
                </position>
                <position>
                    <lat>38.8998</lat>
                    <lon>-8.9829</lon>
                    <date>2013-07-11T16:01:54+02:00</date>
                    <speedMph>280</speedMph>
                    <altitudeFt>6900</altitudeFt>
                </position>
                <position>
                    <lat>38.8927</lat>
                    <lon>-8.9972</lon>
                    <date>2013-07-11T16:01:44+02:00</date>
                    <speedMph>280</speedMph>
                    <altitudeFt>6380</altitudeFt>
                </position>
                <position>
                    <lat>38.8862</lat>
                    <lon>-9.0105</lon>
                    <date>2013-07-11T16:01:34+02:00</date>
                    <speedMph>276</speedMph>
                    <altitudeFt>5930</altitudeFt>
                </position>
                <position>
                    <lat>38.8769</lat>
                    <lon>-9.0325</lon>
                    <date>2013-07-11T16:01:24+02:00</date>
                    <speedMph>272</speedMph>
                    <altitudeFt>5150</altitudeFt>
                </position>
                <position>
                    <lat>38.8741</lat>
                    <lon>-9.0398</lon>
                    <date>2013-07-11T16:01:14+02:00</date>
                    <speedMph>268</speedMph>
                    <altitudeFt>4880</altitudeFt>
                </position>
                <position>
                    <lat>38.8707</lat>
                    <lon>-9.048</lon>
                    <date>2013-07-11T16:01:09+02:00</date>
                    <speedMph>272</speedMph>
                    <altitudeFt>4580</altitudeFt>
                </position>
                <position>
                    <lat>38.8679</lat>
                    <lon>-9.0545</lon>
                    <date>2013-07-11T16:01:04+02:00</date>
                    <speedMph>268</speedMph>
                    <altitudeFt>4350</altitudeFt>
                </position>
                <position>
                    <lat>38.865</lat>
                    <lon>-9.061</lon>
                    <date>2013-07-11T16:00:59+02:00</date>
                    <speedMph>260</speedMph>
                    <altitudeFt>4130</altitudeFt>
                </position>
                <position>
                    <lat>38.8616</lat>
                    <lon>-9.0684</lon>
                    <date>2013-07-11T16:00:54+02:00</date>
                    <speedMph>256</speedMph>
                    <altitudeFt>3900</altitudeFt>
                </position>
                <position>
                    <lat>38.8578</lat>
                    <lon>-9.0758</lon>
                    <date>2013-07-11T16:00:49+02:00</date>
                    <speedMph>252</speedMph>
                    <altitudeFt>3730</altitudeFt>
                </position>
                <position>
                    <lat>38.8548</lat>
                    <lon>-9.081</lon>
                    <date>2013-07-11T16:00:44+02:00</date>
                    <speedMph>248</speedMph>
                    <altitudeFt>3580</altitudeFt>
                </position>
                <position>
                    <lat>38.8515</lat>
                    <lon>-9.0864</lon>
                    <date>2013-07-11T16:00:39+02:00</date>
                    <speedMph>232</speedMph>
                    <altitudeFt>3430</altitudeFt>
                </position>
                <position>
                    <lat>38.8454</lat>
                    <lon>-9.0947</lon>
                    <date>2013-07-11T16:00:34+02:00</date>
                    <speedMph>224</speedMph>
                    <altitudeFt>3130</altitudeFt>
                </position>
                <position>
                    <lat>38.843</lat>
                    <lon>-9.0976</lon>
                    <date>2013-07-11T16:00:29+02:00</date>
                    <speedMph>216</speedMph>
                    <altitudeFt>3000</altitudeFt>
                </position>
                <position>
                    <lat>38.8399</lat>
                    <lon>-9.1009</lon>
                    <date>2013-07-11T16:00:24+02:00</date>
                    <speedMph>208</speedMph>
                    <altitudeFt>2850</altitudeFt>
                </position>
                <position>
                    <lat>38.8288</lat>
                    <lon>-9.1097</lon>
                    <date>2013-07-11T16:00:14+02:00</date>
                    <speedMph>200</speedMph>
                    <altitudeFt>2430</altitudeFt>
                </position>
                <position>
                    <lat>38.8198</lat>
                    <lon>-9.1149</lon>
                    <date>2013-07-11T15:59:59+02:00</date>
                    <speedMph>180</speedMph>
                    <altitudeFt>2130</altitudeFt>
                </position>
                <position>
                    <lat>38.8156</lat>
                    <lon>-9.1172</lon>
                    <date>2013-07-11T15:59:54+02:00</date>
                    <speedMph>176</speedMph>
                    <altitudeFt>1980</altitudeFt>
                </position>
                <position>
                    <lat>38.811</lat>
                    <lon>-9.1196</lon>
                    <date>2013-07-11T15:59:49+02:00</date>
                    <speedMph>176</speedMph>
                    <altitudeFt>1830</altitudeFt>
                </position>
                <position>
                    <lat>38.808</lat>
                    <lon>-9.1213</lon>
                    <date>2013-07-11T15:59:44+02:00</date>
                    <speedMph>164</speedMph>
                    <altitudeFt>1700</altitudeFt>
                </position>
                <position>
                    <lat>38.8044</lat>
                    <lon>-9.1233</lon>
                    <date>2013-07-11T15:59:39+02:00</date>
                    <speedMph>160</speedMph>
                    <altitudeFt>1550</altitudeFt>
                </position>
                <position>
                    <lat>38.8004</lat>
                    <lon>-9.1255</lon>
                    <date>2013-07-11T15:59:34+02:00</date>
                    <speedMph>160</speedMph>
                    <altitudeFt>1300</altitudeFt>
                </position>
                <position>
                    <lat>38.7969</lat>
                    <lon>-9.1274</lon>
                    <date>2013-07-11T15:59:29+02:00</date>
                    <speedMph>160</speedMph>
                    <altitudeFt>1080</altitudeFt>
                </position>
                <position>
                    <lat>38.7933</lat>
                    <lon>-9.1294</lon>
                    <date>2013-07-11T15:59:24+02:00</date>
                    <speedMph>0</speedMph>
                    <altitudeFt>880</altitudeFt>
                </position>
                <position>
                    <lat>38.7661</lat>
                    <lon>-9.1436</lon>
                    <date>2013-07-11T15:57:04+02:00</date>
                    <speedMph>0</speedMph>
                    <altitudeFt>0</altitudeFt>
                </position>
                <position>
                    <lat>38.7656</lat>
                    <lon>-9.1432</lon>
                    <date>2013-07-11T15:56:34+02:00</date>
                    <speedMph>0</speedMph>
                    <altitudeFt>0</altitudeFt>
                </position>
                <position>
                    <lat>38.7662</lat>
                    <lon>-9.1418</lon>
                    <date>2013-07-11T15:55:09+02:00</date>
                    <speedMph>0</speedMph>
                    <altitudeFt>0</altitudeFt>
                </position>
                <position>
                    <lat>38.7701</lat>
                    <lon>-9.1397</lon>
                    <date>2013-07-11T15:53:54+02:00</date>
                    <speedMph>0</speedMph>
                    <altitudeFt>0</altitudeFt>
                </position>
                <position>
                    <lat>38.7717</lat>
                    <lon>-9.1388</lon>
                    <date>2013-07-11T15:53:19+02:00</date>
                    <speedMph>0</speedMph>
                    <altitudeFt>0</altitudeFt>
                </position>
                <position>
                    <lat>38.7728</lat>
                    <lon>-9.1364</lon>
                    <date>2013-07-11T15:52:44+02:00</date>
                    <speedMph>0</speedMph>
                    <altitudeFt>0</altitudeFt>
                </position>
                <position>
                    <lat>38.7731</lat>
                    <lon>-9.1345</lon>
                    <date>2013-07-11T15:52:09+02:00</date>
                    <speedMph>0</speedMph>
                    <altitudeFt>0</altitudeFt>
                </position>
            </positions>
        </flightTrack>
    </flightTracks>
</flightstatslog>
