<?xml version="1.0" encoding="UTF-8" standalone="yes"?>
<flightstatslog>
    <appendix>
        <airports>
            <airport>
                <fs>MUC</fs>
                <latitude>48.353783</latitude>
                <longitude>11.786086</longitude>
                <city>Munich</city>
            </airport>
            <airport>
                <fs>CDG</fs>
                <latitude>49.012779</latitude>
                <longitude>2.55</longitude>
                <city>Paris</city>
            </airport>
        </airports>
    </appendix>
    <flightTracks>
        <flightTrack>
            <flightId>3957825</flightId>
            <departureAirportFsCode>MUC</departureAirportFsCode>
            <arrivalAirportFsCode>CDG</arrivalAirportFsCode>
            <positions>
                <position>
                    <lat>49.016</lat>
                    <lon>2.5385</lon>
                    <date>2013-07-11T18:34:33+02:00</date>
                    <speedMph>0</speedMph>
                    <altitudeFt>0</altitudeFt>
                </position>
                <position>
                    <lat>49.0162</lat>
                    <lon>2.5385</lon>
                    <date>2013-07-11T18:34:23+02:00</date>
                    <speedMph>8</speedMph>
                    <altitudeFt>0</altitudeFt>
                </position>
                <position>
                    <lat>49.017</lat>
                    <lon>2.5381</lon>
                    <date>2013-07-11T18:34:08+02:00</date>
                    <speedMph>12</speedMph>
                    <altitudeFt>0</altitudeFt>
                </position>
                <position>
                    <lat>49.0175</lat>
                    <lon>2.5385</lon>
                    <date>2013-07-11T18:33:53+02:00</date>
                    <speedMph>12</speedMph>
                    <altitudeFt>0</altitudeFt>
                </position>
                <position>
                    <lat>49.0177</lat>
                    <lon>2.539</lon>
                    <date>2013-07-11T18:33:43+02:00</date>
                    <speedMph>4</speedMph>
                    <altitudeFt>0</altitudeFt>
                </position>
                <position>
                    <lat>49.0178</lat>
                    <lon>2.5392</lon>
                    <date>2013-07-11T18:31:13+02:00</date>
                    <speedMph>4</speedMph>
                    <altitudeFt>0</altitudeFt>
                </position>
                <position>
                    <lat>49.0178</lat>
                    <lon>2.5394</lon>
                    <date>2013-07-11T18:31:08+02:00</date>
                    <speedMph>8</speedMph>
                    <altitudeFt>0</altitudeFt>
                </position>
                <position>
                    <lat>49.0179</lat>
                    <lon>2.5394</lon>
                    <date>2013-07-11T18:31:03+02:00</date>
                    <speedMph>12</speedMph>
                    <altitudeFt>0</altitudeFt>
                </position>
                <position>
                    <lat>49.018</lat>
                    <lon>2.5399</lon>
                    <date>2013-07-11T18:30:53+02:00</date>
                    <speedMph>16</speedMph>
                    <altitudeFt>0</altitudeFt>
                </position>
                <position>
                    <lat>49.0181</lat>
                    <lon>2.541</lon>
                    <date>2013-07-11T18:30:48+02:00</date>
                    <speedMph>16</speedMph>
                    <altitudeFt>0</altitudeFt>
                </position>
                <position>
                    <lat>49.0182</lat>
                    <lon>2.5424</lon>
                    <date>2013-07-11T18:30:33+02:00</date>
                    <speedMph>24</speedMph>
                    <altitudeFt>0</altitudeFt>
                </position>
                <position>
                    <lat>49.0183</lat>
                    <lon>2.5454</lon>
                    <date>2013-07-11T18:30:23+02:00</date>
                    <speedMph>32</speedMph>
                    <altitudeFt>0</altitudeFt>
                </position>
                <position>
                    <lat>49.0183</lat>
                    <lon>2.5464</lon>
                    <date>2013-07-11T18:30:13+02:00</date>
                    <speedMph>32</speedMph>
                    <altitudeFt>0</altitudeFt>
                </position>
                <position>
                    <lat>49.0184</lat>
                    <lon>2.5467</lon>
                    <date>2013-07-11T18:30:08+02:00</date>
                    <speedMph>32</speedMph>
                    <altitudeFt>0</altitudeFt>
                </position>
                <position>
                    <lat>49.0185</lat>
                    <lon>2.5482</lon>
                    <date>2013-07-11T18:30:03+02:00</date>
                    <speedMph>28</speedMph>
                    <altitudeFt>0</altitudeFt>
                </position>
                <position>
                    <lat>49.0185</lat>
                    <lon>2.5486</lon>
                    <date>2013-07-11T18:29:58+02:00</date>
                    <speedMph>28</speedMph>
                    <altitudeFt>0</altitudeFt>
                </position>
                <position>
                    <lat>49.0185</lat>
                    <lon>2.5496</lon>
                    <date>2013-07-11T18:29:53+02:00</date>
                    <speedMph>28</speedMph>
                    <altitudeFt>0</altitudeFt>
                </position>
                <position>
                    <lat>49.0186</lat>
                    <lon>2.5513</lon>
                    <date>2013-07-11T18:29:48+02:00</date>
                    <speedMph>24</speedMph>
                    <altitudeFt>0</altitudeFt>
                </position>
                <position>
                    <lat>49.0187</lat>
                    <lon>2.5532</lon>
                    <date>2013-07-11T18:29:33+02:00</date>
                    <speedMph>24</speedMph>
                    <altitudeFt>0</altitudeFt>
                </position>
                <position>
                    <lat>49.0188</lat>
                    <lon>2.5547</lon>
                    <date>2013-07-11T18:29:23+02:00</date>
                    <speedMph>16</speedMph>
                    <altitudeFt>0</altitudeFt>
                </position>
                <position>
                    <lat>49.0193</lat>
                    <lon>2.5567</lon>
                    <date>2013-07-11T18:29:03+02:00</date>
                    <speedMph>20</speedMph>
                    <altitudeFt>0</altitudeFt>
                </position>
                <position>
                    <lat>49.0195</lat>
                    <lon>2.5567</lon>
                    <date>2013-07-11T18:28:58+02:00</date>
                    <speedMph>24</speedMph>
                    <altitudeFt>0</altitudeFt>
                </position>
                <position>
                    <lat>49.0199</lat>
                    <lon>2.5566</lon>
                    <date>2013-07-11T18:28:53+02:00</date>
                    <speedMph>24</speedMph>
                    <altitudeFt>0</altitudeFt>
                </position>
                <position>
                    <lat>49.0209</lat>
                    <lon>2.5565</lon>
                    <date>2013-07-11T18:28:48+02:00</date>
                    <speedMph>20</speedMph>
                    <altitudeFt>0</altitudeFt>
                </position>
                <position>
                    <lat>49.0214</lat>
                    <lon>2.5565</lon>
                    <date>2013-07-11T18:28:38+02:00</date>
                    <speedMph>20</speedMph>
                    <altitudeFt>0</altitudeFt>
                </position>
                <position>
                    <lat>49.0218</lat>
                    <lon>2.5564</lon>
                    <date>2013-07-11T18:28:33+02:00</date>
                    <speedMph>20</speedMph>
                    <altitudeFt>0</altitudeFt>
                </position>
                <position>
                    <lat>49.0228</lat>
                    <lon>2.5563</lon>
                    <date>2013-07-11T18:28:23+02:00</date>
                    <speedMph>24</speedMph>
                    <altitudeFt>0</altitudeFt>
                </position>
                <position>
                    <lat>49.0239</lat>
                    <lon>2.5561</lon>
                    <date>2013-07-11T18:28:13+02:00</date>
                    <speedMph>24</speedMph>
                    <altitudeFt>0</altitudeFt>
                </position>
                <position>
                    <lat>49.0244</lat>
                    <lon>2.5559</lon>
                    <date>2013-07-11T18:28:08+02:00</date>
                    <speedMph>24</speedMph>
                    <altitudeFt>0</altitudeFt>
                </position>
                <position>
                    <lat>49.0248</lat>
                    <lon>2.5554</lon>
                    <date>2013-07-11T18:28:03+02:00</date>
                    <speedMph>24</speedMph>
                    <altitudeFt>0</altitudeFt>
                </position>
                <position>
                    <lat>49.0252</lat>
                    <lon>2.5548</lon>
                    <date>2013-07-11T18:27:58+02:00</date>
                    <speedMph>32</speedMph>
                    <altitudeFt>0</altitudeFt>
                </position>
                <position>
                    <lat>49.0254</lat>
                    <lon>2.5538</lon>
                    <date>2013-07-11T18:27:53+02:00</date>
                    <speedMph>32</speedMph>
                    <altitudeFt>0</altitudeFt>
                </position>
                <position>
                    <lat>49.026</lat>
                    <lon>2.5518</lon>
                    <date>2013-07-11T18:27:48+02:00</date>
                    <speedMph>28</speedMph>
                    <altitudeFt>0</altitudeFt>
                </position>
                <position>
                    <lat>49.0261</lat>
                    <lon>2.5508</lon>
                    <date>2013-07-11T18:27:38+02:00</date>
                    <speedMph>32</speedMph>
                    <altitudeFt>0</altitudeFt>
                </position>
                <position>
                    <lat>49.0259</lat>
                    <lon>2.5496</lon>
                    <date>2013-07-11T18:27:33+02:00</date>
                    <speedMph>56</speedMph>
                    <altitudeFt>0</altitudeFt>
                </position>
                <position>
                    <lat>49.0258</lat>
                    <lon>2.5465</lon>
                    <date>2013-07-11T18:27:28+02:00</date>
                    <speedMph>88</speedMph>
                    <altitudeFt>0</altitudeFt>
                </position>
                <position>
                    <lat>49.0258</lat>
                    <lon>2.545</lon>
                    <date>2013-07-11T18:27:23+02:00</date>
                    <speedMph>96</speedMph>
                    <altitudeFt>0</altitudeFt>
                </position>
                <position>
                    <lat>49.0254</lat>
                    <lon>2.5371</lon>
                    <date>2013-07-11T18:27:13+02:00</date>
                    <speedMph>132</speedMph>
                    <altitudeFt>0</altitudeFt>
                </position>
                <position>
                    <lat>49.0251</lat>
                    <lon>2.5308</lon>
                    <date>2013-07-11T18:27:08+02:00</date>
                    <speedMph>136</speedMph>
                    <altitudeFt>150</altitudeFt>
                </position>
                <position>
                    <lat>49.0249</lat>
                    <lon>2.5288</lon>
                    <date>2013-07-11T18:27:03+02:00</date>
                    <speedMph>136</speedMph>
                    <altitudeFt>180</altitudeFt>
                </position>
                <position>
                    <lat>49.0247</lat>
                    <lon>2.5239</lon>
                    <date>2013-07-11T18:26:58+02:00</date>
                    <speedMph>132</speedMph>
                    <altitudeFt>250</altitudeFt>
                </position>
                <position>
                    <lat>49.0243</lat>
                    <lon>2.5189</lon>
                    <date>2013-07-11T18:26:53+02:00</date>
                    <speedMph>132</speedMph>
                    <altitudeFt>300</altitudeFt>
                </position>
                <position>
                    <lat>49.0232</lat>
                    <lon>2.5008</lon>
                    <date>2013-07-11T18:26:33+02:00</date>
                    <speedMph>132</speedMph>
                    <altitudeFt>530</altitudeFt>
                </position>
                <position>
                    <lat>49.023</lat>
                    <lon>2.4934</lon>
                    <date>2013-07-11T18:26:28+02:00</date>
                    <speedMph>132</speedMph>
                    <altitudeFt>600</altitudeFt>
                </position>
                <position>
                    <lat>49.0225</lat>
                    <lon>2.4861</lon>
                    <date>2013-07-11T18:26:23+02:00</date>
                    <speedMph>132</speedMph>
                    <altitudeFt>700</altitudeFt>
                </position>
                <position>
                    <lat>49.0222</lat>
                    <lon>2.4809</lon>
                    <date>2013-07-11T18:26:18+02:00</date>
                    <speedMph>132</speedMph>
                    <altitudeFt>780</altitudeFt>
                </position>
                <position>
                    <lat>49.022</lat>
                    <lon>2.4762</lon>
                    <date>2013-07-11T18:26:08+02:00</date>
                    <speedMph>132</speedMph>
                    <altitudeFt>830</altitudeFt>
                </position>
                <position>
                    <lat>49.0216</lat>
                    <lon>2.4696</lon>
                    <date>2013-07-11T18:26:03+02:00</date>
                    <speedMph>128</speedMph>
                    <altitudeFt>900</altitudeFt>
                </position>
                <position>
                    <lat>49.0216</lat>
                    <lon>2.4661</lon>
                    <date>2013-07-11T18:25:53+02:00</date>
                    <speedMph>128</speedMph>
                    <altitudeFt>950</altitudeFt>
                </position>
                <position>
                    <lat>49.0211</lat>
                    <lon>2.4612</lon>
                    <date>2013-07-11T18:25:48+02:00</date>
                    <speedMph>132</speedMph>
                    <altitudeFt>1000</altitudeFt>
                </position>
                <position>
                    <lat>49.0208</lat>
                    <lon>2.4536</lon>
                    <date>2013-07-11T18:25:43+02:00</date>
                    <speedMph>132</speedMph>
                    <altitudeFt>1100</altitudeFt>
                </position>
                <position>
                    <lat>49.0207</lat>
                    <lon>2.4492</lon>
                    <date>2013-07-11T18:25:38+02:00</date>
                    <speedMph>136</speedMph>
                    <altitudeFt>1180</altitudeFt>
                </position>
                <position>
                    <lat>49.0201</lat>
                    <lon>2.439</lon>
                    <date>2013-07-11T18:25:28+02:00</date>
                    <speedMph>136</speedMph>
                    <altitudeFt>1300</altitudeFt>
                </position>
                <position>
                    <lat>49.0197</lat>
                    <lon>2.4354</lon>
                    <date>2013-07-11T18:25:23+02:00</date>
                    <speedMph>136</speedMph>
                    <altitudeFt>1330</altitudeFt>
                </position>
                <position>
                    <lat>49.0196</lat>
                    <lon>2.4304</lon>
                    <date>2013-07-11T18:25:18+02:00</date>
                    <speedMph>136</speedMph>
                    <altitudeFt>1400</altitudeFt>
                </position>
                <position>
                    <lat>49.0189</lat>
                    <lon>2.4187</lon>
                    <date>2013-07-11T18:25:08+02:00</date>
                    <speedMph>136</speedMph>
                    <altitudeFt>1530</altitudeFt>
                </position>
                <position>
                    <lat>49.0188</lat>
                    <lon>2.4168</lon>
                    <date>2013-07-11T18:25:03+02:00</date>
                    <speedMph>140</speedMph>
                    <altitudeFt>1550</altitudeFt>
                </position>
                <position>
                    <lat>49.0185</lat>
                    <lon>2.4127</lon>
                    <date>2013-07-11T18:24:58+02:00</date>
                    <speedMph>140</speedMph>
                    <altitudeFt>1630</altitudeFt>
                </position>
                <position>
                    <lat>49.0183</lat>
                    <lon>2.4091</lon>
                    <date>2013-07-11T18:24:53+02:00</date>
                    <speedMph>140</speedMph>
                    <altitudeFt>1680</altitudeFt>
                </position>
                <position>
                    <lat>49.0181</lat>
                    <lon>2.4042</lon>
                    <date>2013-07-11T18:24:48+02:00</date>
                    <speedMph>144</speedMph>
                    <altitudeFt>1730</altitudeFt>
                </position>
                <position>
                    <lat>49.0175</lat>
                    <lon>2.3958</lon>
                    <date>2013-07-11T18:24:43+02:00</date>
                    <speedMph>144</speedMph>
                    <altitudeFt>1850</altitudeFt>
                </position>
                <position>
                    <lat>49.0172</lat>
                    <lon>2.3881</lon>
                    <date>2013-07-11T18:24:33+02:00</date>
                    <speedMph>152</speedMph>
                    <altitudeFt>1950</altitudeFt>
                </position>
                <position>
                    <lat>49.017</lat>
                    <lon>2.3842</lon>
                    <date>2013-07-11T18:24:28+02:00</date>
                    <speedMph>156</speedMph>
                    <altitudeFt>1980</altitudeFt>
                </position>
                <position>
                    <lat>49.0162</lat>
                    <lon>2.3684</lon>
                    <date>2013-07-11T18:24:23+02:00</date>
                    <speedMph>168</speedMph>
                    <altitudeFt>2150</altitudeFt>
                </position>
                <position>
                    <lat>49.016</lat>
                    <lon>2.3651</lon>
                    <date>2013-07-11T18:24:13+02:00</date>
                    <speedMph>172</speedMph>
                    <altitudeFt>2180</altitudeFt>
                </position>
                <position>
                    <lat>49.0154</lat>
                    <lon>2.3537</lon>
                    <date>2013-07-11T18:24:08+02:00</date>
                    <speedMph>172</speedMph>
                    <altitudeFt>2380</altitudeFt>
                </position>
                <position>
                    <lat>49.0151</lat>
                    <lon>2.3491</lon>
                    <date>2013-07-11T18:24:03+02:00</date>
                    <speedMph>172</speedMph>
                    <altitudeFt>2450</altitudeFt>
                </position>
                <position>
                    <lat>49.0149</lat>
                    <lon>2.3436</lon>
                    <date>2013-07-11T18:23:58+02:00</date>
                    <speedMph>172</speedMph>
                    <altitudeFt>2530</altitudeFt>
                </position>
                <position>
                    <lat>49.0146</lat>
                    <lon>2.3412</lon>
                    <date>2013-07-11T18:23:53+02:00</date>
                    <speedMph>172</speedMph>
                    <altitudeFt>2580</altitudeFt>
                </position>
                <position>
                    <lat>49.0146</lat>
                    <lon>2.3375</lon>
                    <date>2013-07-11T18:23:48+02:00</date>
                    <speedMph>176</speedMph>
                    <altitudeFt>2630</altitudeFt>
                </position>
                <position>
                    <lat>49.0138</lat>
                    <lon>2.3278</lon>
                    <date>2013-07-11T18:23:43+02:00</date>
                    <speedMph>176</speedMph>
                    <altitudeFt>2780</altitudeFt>
                </position>
                <position>
                    <lat>49.0134</lat>
                    <lon>2.3206</lon>
                    <date>2013-07-11T18:23:38+02:00</date>
                    <speedMph>180</speedMph>
                    <altitudeFt>2880</altitudeFt>
                </position>
                <position>
                    <lat>49.013</lat>
                    <lon>2.3149</lon>
                    <date>2013-07-11T18:23:33+02:00</date>
                    <speedMph>180</speedMph>
                    <altitudeFt>2950</altitudeFt>
                </position>
                <position>
                    <lat>49.0127</lat>
                    <lon>2.309</lon>
                    <date>2013-07-11T18:23:28+02:00</date>
                    <speedMph>184</speedMph>
                    <altitudeFt>3000</altitudeFt>
                </position>
                <position>
                    <lat>49.0123</lat>
                    <lon>2.3015</lon>
                    <date>2013-07-11T18:23:23+02:00</date>
                    <speedMph>184</speedMph>
                    <altitudeFt>3100</altitudeFt>
                </position>
                <position>
                    <lat>49.0121</lat>
                    <lon>2.2954</lon>
                    <date>2013-07-11T18:23:18+02:00</date>
                    <speedMph>184</speedMph>
                    <altitudeFt>3180</altitudeFt>
                </position>
                <position>
                    <lat>49.0118</lat>
                    <lon>2.2914</lon>
                    <date>2013-07-11T18:23:13+02:00</date>
                    <speedMph>184</speedMph>
                    <altitudeFt>3230</altitudeFt>
                </position>
                <position>
                    <lat>49.0111</lat>
                    <lon>2.2803</lon>
                    <date>2013-07-11T18:23:08+02:00</date>
                    <speedMph>188</speedMph>
                    <altitudeFt>3350</altitudeFt>
                </position>
                <position>
                    <lat>49.0108</lat>
                    <lon>2.2723</lon>
                    <date>2013-07-11T18:23:03+02:00</date>
                    <speedMph>188</speedMph>
                    <altitudeFt>3430</altitudeFt>
                </position>
                <position>
                    <lat>49.0108</lat>
                    <lon>2.2701</lon>
                    <date>2013-07-11T18:22:58+02:00</date>
                    <speedMph>188</speedMph>
                    <altitudeFt>3450</altitudeFt>
                </position>
                <position>
                    <lat>49.0102</lat>
                    <lon>2.2609</lon>
                    <date>2013-07-11T18:22:53+02:00</date>
                    <speedMph>188</speedMph>
                    <altitudeFt>3550</altitudeFt>
                </position>
                <position>
                    <lat>49.0098</lat>
                    <lon>2.2538</lon>
                    <date>2013-07-11T18:22:48+02:00</date>
                    <speedMph>188</speedMph>
                    <altitudeFt>3630</altitudeFt>
                </position>
                <position>
                    <lat>49.0095</lat>
                    <lon>2.2487</lon>
                    <date>2013-07-11T18:22:43+02:00</date>
                    <speedMph>184</speedMph>
                    <altitudeFt>3680</altitudeFt>
                </position>
                <position>
                    <lat>49.0092</lat>
                    <lon>2.245</lon>
                    <date>2013-07-11T18:22:38+02:00</date>
                    <speedMph>184</speedMph>
                    <altitudeFt>3730</altitudeFt>
                </position>
                <position>
                    <lat>49.0088</lat>
                    <lon>2.2393</lon>
                    <date>2013-07-11T18:22:33+02:00</date>
                    <speedMph>184</speedMph>
                    <altitudeFt>3780</altitudeFt>
                </position>
                <position>
                    <lat>49.0088</lat>
                    <lon>2.2343</lon>
                    <date>2013-07-11T18:22:28+02:00</date>
                    <speedMph>184</speedMph>
                    <altitudeFt>3800</altitudeFt>
                </position>
                <position>
                    <lat>49.008</lat>
                    <lon>2.2241</lon>
                    <date>2013-07-11T18:22:23+02:00</date>
                    <speedMph>184</speedMph>
                    <altitudeFt>3800</altitudeFt>
                </position>
                <position>
                    <lat>49.0076</lat>
                    <lon>2.2168</lon>
                    <date>2013-07-11T18:22:18+02:00</date>
                    <speedMph>184</speedMph>
                    <altitudeFt>3830</altitudeFt>
                </position>
                <position>
                    <lat>49.0075</lat>
                    <lon>2.2127</lon>
                    <date>2013-07-11T18:22:13+02:00</date>
                    <speedMph>188</speedMph>
                    <altitudeFt>3830</altitudeFt>
                </position>
                <position>
                    <lat>49.0072</lat>
                    <lon>2.2085</lon>
                    <date>2013-07-11T18:22:08+02:00</date>
                    <speedMph>188</speedMph>
                    <altitudeFt>3830</altitudeFt>
                </position>
                <position>
                    <lat>49.0051</lat>
                    <lon>2.148</lon>
                    <date>2013-07-11T18:21:28+02:00</date>
                    <speedMph>228</speedMph>
                    <altitudeFt>3800</altitudeFt>
                </position>
                <position>
                    <lat>49.0065</lat>
                    <lon>2.1306</lon>
                    <date>2013-07-11T18:21:23+02:00</date>
                    <speedMph>224</speedMph>
                    <altitudeFt>3800</altitudeFt>
                </position>
                <position>
                    <lat>49.0076</lat>
                    <lon>2.1239</lon>
                    <date>2013-07-11T18:21:18+02:00</date>
                    <speedMph>228</speedMph>
                    <altitudeFt>3800</altitudeFt>
                </position>
                <position>
                    <lat>49.0362</lat>
                    <lon>2.0925</lon>
                    <date>2013-07-11T18:20:38+02:00</date>
                    <speedMph>244</speedMph>
                    <altitudeFt>3930</altitudeFt>
                </position>
                <position>
                    <lat>49.0453</lat>
                    <lon>2.0928</lon>
                    <date>2013-07-11T18:20:28+02:00</date>
                    <speedMph>244</speedMph>
                    <altitudeFt>4000</altitudeFt>
                </position>
                <position>
                    <lat>49.0537</lat>
                    <lon>2.0932</lon>
                    <date>2013-07-11T18:20:23+02:00</date>
                    <speedMph>244</speedMph>
                    <altitudeFt>4050</altitudeFt>
                </position>
                <position>
                    <lat>49.0591</lat>
                    <lon>2.0936</lon>
                    <date>2013-07-11T18:20:18+02:00</date>
                    <speedMph>244</speedMph>
                    <altitudeFt>4100</altitudeFt>
                </position>
                <position>
                    <lat>49.0643</lat>
                    <lon>2.094</lon>
                    <date>2013-07-11T18:20:13+02:00</date>
                    <speedMph>244</speedMph>
                    <altitudeFt>4130</altitudeFt>
                </position>
                <position>
                    <lat>49.0736</lat>
                    <lon>2.0959</lon>
                    <date>2013-07-11T18:20:08+02:00</date>
                    <speedMph>248</speedMph>
                    <altitudeFt>4180</altitudeFt>
                </position>
                <position>
                    <lat>49.0769</lat>
                    <lon>2.0972</lon>
                    <date>2013-07-11T18:20:03+02:00</date>
                    <speedMph>244</speedMph>
                    <altitudeFt>4200</altitudeFt>
                </position>
                <position>
                    <lat>49.0801</lat>
                    <lon>2.0993</lon>
                    <date>2013-07-11T18:19:58+02:00</date>
                    <speedMph>244</speedMph>
                    <altitudeFt>4250</altitudeFt>
                </position>
                <position>
                    <lat>49.084</lat>
                    <lon>2.1027</lon>
                    <date>2013-07-11T18:19:53+02:00</date>
                    <speedMph>248</speedMph>
                    <altitudeFt>4250</altitudeFt>
                </position>
                <position>
                    <lat>49.0875</lat>
                    <lon>2.1066</lon>
                    <date>2013-07-11T18:19:48+02:00</date>
                    <speedMph>248</speedMph>
                    <altitudeFt>4250</altitudeFt>
                </position>
                <position>
                    <lat>49.0946</lat>
                    <lon>2.121</lon>
                    <date>2013-07-11T18:19:38+02:00</date>
                    <speedMph>248</speedMph>
                    <altitudeFt>4550</altitudeFt>
                </position>
                <position>
                    <lat>49.0993</lat>
                    <lon>2.1376</lon>
                    <date>2013-07-11T18:19:33+02:00</date>
                    <speedMph>252</speedMph>
                    <altitudeFt>4780</altitudeFt>
                </position>
                <position>
                    <lat>49.1003</lat>
                    <lon>2.1415</lon>
                    <date>2013-07-11T18:19:28+02:00</date>
                    <speedMph>252</speedMph>
                    <altitudeFt>4830</altitudeFt>
                </position>
                <position>
                    <lat>49.102</lat>
                    <lon>2.1485</lon>
                    <date>2013-07-11T18:19:23+02:00</date>
                    <speedMph>252</speedMph>
                    <altitudeFt>4880</altitudeFt>
                </position>
                <position>
                    <lat>49.1069</lat>
                    <lon>2.1666</lon>
                    <date>2013-07-11T18:19:13+02:00</date>
                    <speedMph>256</speedMph>
                    <altitudeFt>5080</altitudeFt>
                </position>
                <position>
                    <lat>49.111</lat>
                    <lon>2.1824</lon>
                    <date>2013-07-11T18:19:03+02:00</date>
                    <speedMph>260</speedMph>
                    <altitudeFt>5250</altitudeFt>
                </position>
                <position>
                    <lat>49.1158</lat>
                    <lon>2.2016</lon>
                    <date>2013-07-11T18:18:53+02:00</date>
                    <speedMph>268</speedMph>
                    <altitudeFt>5380</altitudeFt>
                </position>
                <position>
                    <lat>49.1195</lat>
                    <lon>2.2156</lon>
                    <date>2013-07-11T18:18:43+02:00</date>
                    <speedMph>272</speedMph>
                    <altitudeFt>5450</altitudeFt>
                </position>
                <position>
                    <lat>49.1256</lat>
                    <lon>2.2382</lon>
                    <date>2013-07-11T18:18:33+02:00</date>
                    <speedMph>284</speedMph>
                    <altitudeFt>5580</altitudeFt>
                </position>
                <position>
                    <lat>49.1289</lat>
                    <lon>2.2522</lon>
                    <date>2013-07-11T18:18:23+02:00</date>
                    <speedMph>288</speedMph>
                    <altitudeFt>5680</altitudeFt>
                </position>
                <position>
                    <lat>49.1353</lat>
                    <lon>2.2771</lon>
                    <date>2013-07-11T18:18:13+02:00</date>
                    <speedMph>288</speedMph>
                    <altitudeFt>5950</altitudeFt>
                </position>
                <position>
                    <lat>49.1401</lat>
                    <lon>2.2948</lon>
                    <date>2013-07-11T18:18:03+02:00</date>
                    <speedMph>288</speedMph>
                    <altitudeFt>6150</altitudeFt>
                </position>
                <position>
                    <lat>49.1435</lat>
                    <lon>2.3089</lon>
                    <date>2013-07-11T18:17:53+02:00</date>
                    <speedMph>292</speedMph>
                    <altitudeFt>6330</altitudeFt>
                </position>
                <position>
                    <lat>49.1499</lat>
                    <lon>2.3337</lon>
                    <date>2013-07-11T18:17:43+02:00</date>
                    <speedMph>292</speedMph>
                    <altitudeFt>6630</altitudeFt>
                </position>
                <position>
                    <lat>49.1533</lat>
                    <lon>2.3468</lon>
                    <date>2013-07-11T18:17:33+02:00</date>
                    <speedMph>292</speedMph>
                    <altitudeFt>6800</altitudeFt>
                </position>
                <position>
                    <lat>49.1573</lat>
                    <lon>2.3617</lon>
                    <date>2013-07-11T18:17:23+02:00</date>
                    <speedMph>296</speedMph>
                    <altitudeFt>6980</altitudeFt>
                </position>
                <position>
                    <lat>49.1639</lat>
                    <lon>2.3859</lon>
                    <date>2013-07-11T18:17:13+02:00</date>
                    <speedMph>296</speedMph>
                    <altitudeFt>7330</altitudeFt>
                </position>
                <position>
                    <lat>49.1699</lat>
                    <lon>2.4084</lon>
                    <date>2013-07-11T18:17:03+02:00</date>
                    <speedMph>296</speedMph>
                    <altitudeFt>7730</altitudeFt>
                </position>
                <position>
                    <lat>49.1739</lat>
                    <lon>2.4241</lon>
                    <date>2013-07-11T18:16:53+02:00</date>
                    <speedMph>292</speedMph>
                    <altitudeFt>7980</altitudeFt>
                </position>
                <position>
                    <lat>49.1786</lat>
                    <lon>2.4538</lon>
                    <date>2013-07-11T18:16:43+02:00</date>
                    <speedMph>292</speedMph>
                    <altitudeFt>8380</altitudeFt>
                </position>
                <position>
                    <lat>49.1789</lat>
                    <lon>2.4656</lon>
                    <date>2013-07-11T18:16:33+02:00</date>
                    <speedMph>292</speedMph>
                    <altitudeFt>8530</altitudeFt>
                </position>
                <position>
                    <lat>49.1796</lat>
                    <lon>2.4872</lon>
                    <date>2013-07-11T18:16:23+02:00</date>
                    <speedMph>292</speedMph>
                    <altitudeFt>8800</altitudeFt>
                </position>
                <position>
                    <lat>49.1802</lat>
                    <lon>2.5114</lon>
                    <date>2013-07-11T18:16:13+02:00</date>
                    <speedMph>296</speedMph>
                    <altitudeFt>9100</altitudeFt>
                </position>
                <position>
                    <lat>49.1806</lat>
                    <lon>2.5283</lon>
                    <date>2013-07-11T18:16:03+02:00</date>
                    <speedMph>296</speedMph>
                    <altitudeFt>9300</altitudeFt>
                </position>
                <position>
                    <lat>49.1809</lat>
                    <lon>2.5452</lon>
                    <date>2013-07-11T18:15:53+02:00</date>
                    <speedMph>300</speedMph>
                    <altitudeFt>9500</altitudeFt>
                </position>
                <position>
                    <lat>49.1822</lat>
                    <lon>2.5709</lon>
                    <date>2013-07-11T18:15:43+02:00</date>
                    <speedMph>304</speedMph>
                    <altitudeFt>9800</altitudeFt>
                </position>
                <position>
                    <lat>49.186</lat>
                    <lon>2.5914</lon>
                    <date>2013-07-11T18:15:33+02:00</date>
                    <speedMph>304</speedMph>
                    <altitudeFt>10100</altitudeFt>
                </position>
                <position>
                    <lat>49.2021</lat>
                    <lon>2.6502</lon>
                    <date>2013-07-11T18:15:03+02:00</date>
                    <speedMph>308</speedMph>
                    <altitudeFt>10880</altitudeFt>
                </position>
                <position>
                    <lat>49.2179</lat>
                    <lon>2.7069</lon>
                    <date>2013-07-11T18:14:33+02:00</date>
                    <speedMph>312</speedMph>
                    <altitudeFt>10980</altitudeFt>
                </position>
                <position>
                    <lat>49.2364</lat>
                    <lon>2.7746</lon>
                    <date>2013-07-11T18:14:03+02:00</date>
                    <speedMph>316</speedMph>
                    <altitudeFt>11000</altitudeFt>
                </position>
                <position>
                    <lat>49.2525</lat>
                    <lon>2.8326</lon>
                    <date>2013-07-11T18:13:33+02:00</date>
                    <speedMph>340</speedMph>
                    <altitudeFt>11000</altitudeFt>
                </position>
                <position>
                    <lat>49.2709</lat>
                    <lon>2.9001</lon>
                    <date>2013-07-11T18:13:03+02:00</date>
                    <speedMph>356</speedMph>
                    <altitudeFt>10980</altitudeFt>
                </position>
                <position>
                    <lat>49.2966</lat>
                    <lon>2.9948</lon>
                    <date>2013-07-11T18:12:33+02:00</date>
                    <speedMph>356</speedMph>
                    <altitudeFt>11000</altitudeFt>
                </position>
                <position>
                    <lat>49.3112</lat>
                    <lon>3.0486</lon>
                    <date>2013-07-11T18:12:03+02:00</date>
                    <speedMph>356</speedMph>
                    <altitudeFt>11000</altitudeFt>
                </position>
                <position>
                    <lat>49.355</lat>
                    <lon>3.2111</lon>
                    <date>2013-07-11T18:10:55+02:00</date>
                    <speedMph>364</speedMph>
                    <altitudeFt>11800</altitudeFt>
                </position>
                <position>
                    <lat>49.3752</lat>
                    <lon>3.2863</lon>
                    <date>2013-07-11T18:10:25+02:00</date>
                    <speedMph>368</speedMph>
                    <altitudeFt>12450</altitudeFt>
                </position>
                <position>
                    <lat>49.3918</lat>
                    <lon>3.3477</lon>
                    <date>2013-07-11T18:09:55+02:00</date>
                    <speedMph>376</speedMph>
                    <altitudeFt>12930</altitudeFt>
                </position>
                <position>
                    <lat>49.4122</lat>
                    <lon>3.4239</lon>
                    <date>2013-07-11T18:09:25+02:00</date>
                    <speedMph>380</speedMph>
                    <altitudeFt>13550</altitudeFt>
                </position>
                <position>
                    <lat>49.4284</lat>
                    <lon>3.5035</lon>
                    <date>2013-07-11T18:08:55+02:00</date>
                    <speedMph>380</speedMph>
                    <altitudeFt>14180</altitudeFt>
                </position>
                <position>
                    <lat>49.4412</lat>
                    <lon>3.579</lon>
                    <date>2013-07-11T18:08:25+02:00</date>
                    <speedMph>380</speedMph>
                    <altitudeFt>14750</altitudeFt>
                </position>
                <position>
                    <lat>49.4527</lat>
                    <lon>3.6547</lon>
                    <date>2013-07-11T18:07:55+02:00</date>
                    <speedMph>380</speedMph>
                    <altitudeFt>15300</altitudeFt>
                </position>
                <position>
                    <lat>49.4695</lat>
                    <lon>3.8138</lon>
                    <date>2013-07-11T18:06:55+02:00</date>
                    <speedMph>380</speedMph>
                    <altitudeFt>16300</altitudeFt>
                </position>
                <position>
                    <lat>49.4868</lat>
                    <lon>3.9812</lon>
                    <date>2013-07-11T18:05:55+02:00</date>
                    <speedMph>368</speedMph>
                    <altitudeFt>17700</altitudeFt>
                </position>
                <position>
                    <lat>49.5032</lat>
                    <lon>4.1431</lon>
                    <date>2013-07-11T18:04:55+02:00</date>
                    <speedMph>368</speedMph>
                    <altitudeFt>19380</altitudeFt>
                </position>
                <position>
                    <lat>49.5182</lat>
                    <lon>4.2921</lon>
                    <date>2013-07-11T18:03:55+02:00</date>
                    <speedMph>376</speedMph>
                    <altitudeFt>20880</altitudeFt>
                </position>
                <position>
                    <lat>49.5341</lat>
                    <lon>4.4537</lon>
                    <date>2013-07-11T18:02:55+02:00</date>
                    <speedMph>392</speedMph>
                    <altitudeFt>22480</altitudeFt>
                </position>
                <position>
                    <lat>49.5505</lat>
                    <lon>4.6192</lon>
                    <date>2013-07-11T18:01:55+02:00</date>
                    <speedMph>400</speedMph>
                    <altitudeFt>24050</altitudeFt>
                </position>
                <position>
                    <lat>49.5672</lat>
                    <lon>4.7934</lon>
                    <date>2013-07-11T18:00:55+02:00</date>
                    <speedMph>404</speedMph>
                    <altitudeFt>25700</altitudeFt>
                </position>
                <position>
                    <lat>49.5845</lat>
                    <lon>4.9795</lon>
                    <date>2013-07-11T17:59:55+02:00</date>
                    <speedMph>416</speedMph>
                    <altitudeFt>27400</altitudeFt>
                </position>
                <position>
                    <lat>49.5998</lat>
                    <lon>5.1417</lon>
                    <date>2013-07-11T17:58:55+02:00</date>
                    <speedMph>424</speedMph>
                    <altitudeFt>28850</altitudeFt>
                </position>
                <position>
                    <lat>49.6204</lat>
                    <lon>5.3252</lon>
                    <date>2013-07-11T17:57:55+02:00</date>
                    <speedMph>440</speedMph>
                    <altitudeFt>30480</altitudeFt>
                </position>
                <position>
                    <lat>49.6627</lat>
                    <lon>5.5013</lon>
                    <date>2013-07-11T17:56:55+02:00</date>
                    <speedMph>448</speedMph>
                    <altitudeFt>31580</altitudeFt>
                </position>
                <position>
                    <lat>49.7044</lat>
                    <lon>5.6725</lon>
                    <date>2013-07-11T17:55:55+02:00</date>
                    <speedMph>444</speedMph>
                    <altitudeFt>32530</altitudeFt>
                </position>
                <position>
                    <lat>49.7485</lat>
                    <lon>5.8542</lon>
                    <date>2013-07-11T17:54:55+02:00</date>
                    <speedMph>448</speedMph>
                    <altitudeFt>32980</altitudeFt>
                </position>
                <position>
                    <lat>49.7894</lat>
                    <lon>6.0246</lon>
                    <date>2013-07-11T17:53:55+02:00</date>
                    <speedMph>448</speedMph>
                    <altitudeFt>32980</altitudeFt>
                </position>
                <position>
                    <lat>49.8315</lat>
                    <lon>6.2016</lon>
                    <date>2013-07-11T17:52:55+02:00</date>
                    <speedMph>448</speedMph>
                    <altitudeFt>33230</altitudeFt>
                </position>
                <position>
                    <lat>49.8757</lat>
                    <lon>6.3889</lon>
                    <date>2013-07-11T17:51:55+02:00</date>
                    <speedMph>448</speedMph>
                    <altitudeFt>34650</altitudeFt>
                </position>
                <position>
                    <lat>49.9175</lat>
                    <lon>6.568</lon>
                    <date>2013-07-11T17:50:55+02:00</date>
                    <speedMph>448</speedMph>
                    <altitudeFt>35980</altitudeFt>
                </position>
                <position>
                    <lat>49.9597</lat>
                    <lon>6.7499</lon>
                    <date>2013-07-11T17:49:55+02:00</date>
                    <speedMph>448</speedMph>
                    <altitudeFt>36000</altitudeFt>
                </position>
                <position>
                    <lat>50.0031</lat>
                    <lon>6.9384</lon>
                    <date>2013-07-11T17:48:55+02:00</date>
                    <speedMph>448</speedMph>
                    <altitudeFt>35980</altitudeFt>
                </position>
                <position>
                    <lat>50.0445</lat>
                    <lon>7.1201</lon>
                    <date>2013-07-11T17:47:55+02:00</date>
                    <speedMph>448</speedMph>
                    <altitudeFt>35980</altitudeFt>
                </position>
                <position>
                    <lat>50.088</lat>
                    <lon>7.3124</lon>
                    <date>2013-07-11T17:46:55+02:00</date>
                    <speedMph>448</speedMph>
                    <altitudeFt>35980</altitudeFt>
                </position>
                <position>
                    <lat>50.1252</lat>
                    <lon>7.4789</lon>
                    <date>2013-07-11T17:45:55+02:00</date>
                    <speedMph>448</speedMph>
                    <altitudeFt>36000</altitudeFt>
                </position>
                <position>
                    <lat>50.1683</lat>
                    <lon>7.6789</lon>
                    <date>2013-07-11T17:44:55+02:00</date>
                    <speedMph>448</speedMph>
                    <altitudeFt>36000</altitudeFt>
                </position>
                <position>
                    <lat>50.1742</lat>
                    <lon>7.8383</lon>
                    <date>2013-07-11T17:43:55+02:00</date>
                    <speedMph>440</speedMph>
                    <altitudeFt>36000</altitudeFt>
                </position>
                <position>
                    <lat>50.167</lat>
                    <lon>8.0284</lon>
                    <date>2013-07-11T17:42:55+02:00</date>
                    <speedMph>436</speedMph>
                    <altitudeFt>36000</altitudeFt>
                </position>
                <position>
                    <lat>50.1605</lat>
                    <lon>8.2152</lon>
                    <date>2013-07-11T17:41:55+02:00</date>
                    <speedMph>436</speedMph>
                    <altitudeFt>36000</altitudeFt>
                </position>
                <position>
                    <lat>50.1549</lat>
                    <lon>8.4075</lon>
                    <date>2013-07-11T17:40:55+02:00</date>
                    <speedMph>436</speedMph>
                    <altitudeFt>36000</altitudeFt>
                </position>
                <position>
                    <lat>50.15</lat>
                    <lon>8.5903</lon>
                    <date>2013-07-11T17:39:55+02:00</date>
                    <speedMph>436</speedMph>
                    <altitudeFt>36000</altitudeFt>
                </position>
                <position>
                    <lat>50.1448</lat>
                    <lon>8.787</lon>
                    <date>2013-07-11T17:38:55+02:00</date>
                    <speedMph>432</speedMph>
                    <altitudeFt>35950</altitudeFt>
                </position>
                <position>
                    <lat>50.1403</lat>
                    <lon>8.9726</lon>
                    <date>2013-07-11T17:37:55+02:00</date>
                    <speedMph>432</speedMph>
                    <altitudeFt>35950</altitudeFt>
                </position>
                <position>
                    <lat>50.1362</lat>
                    <lon>9.1568</lon>
                    <date>2013-07-11T17:36:55+02:00</date>
                    <speedMph>432</speedMph>
                    <altitudeFt>35950</altitudeFt>
                </position>
                <position>
                    <lat>50.1419</lat>
                    <lon>9.3453</lon>
                    <date>2013-07-11T17:35:55+02:00</date>
                    <speedMph>436</speedMph>
                    <altitudeFt>36030</altitudeFt>
                </position>
                <position>
                    <lat>50.1481</lat>
                    <lon>9.5455</lon>
                    <date>2013-07-11T17:34:55+02:00</date>
                    <speedMph>436</speedMph>
                    <altitudeFt>36030</altitudeFt>
                </position>
                <position>
                    <lat>50.1065</lat>
                    <lon>9.7183</lon>
                    <date>2013-07-11T17:33:55+02:00</date>
                    <speedMph>412</speedMph>
                    <altitudeFt>36000</altitudeFt>
                </position>
                <position>
                    <lat>50.0422</lat>
                    <lon>9.8336</lon>
                    <date>2013-07-11T17:32:55+02:00</date>
                    <speedMph>408</speedMph>
                    <altitudeFt>36000</altitudeFt>
                </position>
                <position>
                    <lat>49.9637</lat>
                    <lon>9.9733</lon>
                    <date>2013-07-11T17:31:55+02:00</date>
                    <speedMph>408</speedMph>
                    <altitudeFt>35980</altitudeFt>
                </position>
                <position>
                    <lat>49.8715</lat>
                    <lon>10.1361</lon>
                    <date>2013-07-11T17:30:55+02:00</date>
                    <speedMph>404</speedMph>
                    <altitudeFt>36000</altitudeFt>
                </position>
                <position>
                    <lat>49.8047</lat>
                    <lon>10.2541</lon>
                    <date>2013-07-11T17:29:55+02:00</date>
                    <speedMph>408</speedMph>
                    <altitudeFt>35780</altitudeFt>
                </position>
                <position>
                    <lat>49.7364</lat>
                    <lon>10.3733</lon>
                    <date>2013-07-11T17:28:55+02:00</date>
                    <speedMph>408</speedMph>
                    <altitudeFt>34850</altitudeFt>
                </position>
                <position>
                    <lat>49.6618</lat>
                    <lon>10.5003</lon>
                    <date>2013-07-11T17:27:55+02:00</date>
                    <speedMph>412</speedMph>
                    <altitudeFt>33650</altitudeFt>
                </position>
                <position>
                    <lat>49.5833</lat>
                    <lon>10.6351</lon>
                    <date>2013-07-11T17:26:55+02:00</date>
                    <speedMph>408</speedMph>
                    <altitudeFt>32380</altitudeFt>
                </position>
                <position>
                    <lat>49.4999</lat>
                    <lon>10.7485</lon>
                    <date>2013-07-11T17:25:55+02:00</date>
                    <speedMph>396</speedMph>
                    <altitudeFt>31950</altitudeFt>
                </position>
                <position>
                    <lat>49.3998</lat>
                    <lon>10.825</lon>
                    <date>2013-07-11T17:24:55+02:00</date>
                    <speedMph>400</speedMph>
                    <altitudeFt>31030</altitudeFt>
                </position>
                <position>
                    <lat>49.297</lat>
                    <lon>10.9033</lon>
                    <date>2013-07-11T17:23:55+02:00</date>
                    <speedMph>396</speedMph>
                    <altitudeFt>30000</altitudeFt>
                </position>
                <position>
                    <lat>49.197</lat>
                    <lon>10.979</lon>
                    <date>2013-07-11T17:22:55+02:00</date>
                    <speedMph>396</speedMph>
                    <altitudeFt>28680</altitudeFt>
                </position>
                <position>
                    <lat>49.1004</lat>
                    <lon>11.0517</lon>
                    <date>2013-07-11T17:21:55+02:00</date>
                    <speedMph>384</speedMph>
                    <altitudeFt>26700</altitudeFt>
                </position>
                <position>
                    <lat>49.0033</lat>
                    <lon>11.1246</lon>
                    <date>2013-07-11T17:20:55+02:00</date>
                    <speedMph>396</speedMph>
                    <altitudeFt>24130</altitudeFt>
                </position>
                <position>
                    <lat>48.9068</lat>
                    <lon>11.1966</lon>
                    <date>2013-07-11T17:19:55+02:00</date>
                    <speedMph>376</speedMph>
                    <altitudeFt>22050</altitudeFt>
                </position>
                <position>
                    <lat>48.8134</lat>
                    <lon>11.2662</lon>
                    <date>2013-07-11T17:18:55+02:00</date>
                    <speedMph>372</speedMph>
                    <altitudeFt>19650</altitudeFt>
                </position>
                <position>
                    <lat>48.7277</lat>
                    <lon>11.3297</lon>
                    <date>2013-07-11T17:17:55+02:00</date>
                    <speedMph>360</speedMph>
                    <altitudeFt>17200</altitudeFt>
                </position>
                <position>
                    <lat>48.63</lat>
                    <lon>11.4015</lon>
                    <date>2013-07-11T17:16:55+02:00</date>
                    <speedMph>344</speedMph>
                    <altitudeFt>14030</altitudeFt>
                </position>
                <position>
                    <lat>48.5965</lat>
                    <lon>11.4238</lon>
                    <date>2013-07-11T17:16:25+02:00</date>
                    <speedMph>340</speedMph>
                    <altitudeFt>12700</altitudeFt>
                </position>
                <position>
                    <lat>48.5447</lat>
                    <lon>11.4527</lon>
                    <date>2013-07-11T17:15:55+02:00</date>
                    <speedMph>324</speedMph>
                    <altitudeFt>10980</altitudeFt>
                </position>
                <position>
                    <lat>48.5032</lat>
                    <lon>11.4756</lon>
                    <date>2013-07-11T17:15:25+02:00</date>
                    <speedMph>312</speedMph>
                    <altitudeFt>9800</altitudeFt>
                </position>
                <position>
                    <lat>48.4869</lat>
                    <lon>11.4847</lon>
                    <date>2013-07-11T17:15:15+02:00</date>
                    <speedMph>308</speedMph>
                    <altitudeFt>9600</altitudeFt>
                </position>
                <position>
                    <lat>48.4836</lat>
                    <lon>11.4864</lon>
                    <date>2013-07-11T17:15:05+02:00</date>
                    <speedMph>312</speedMph>
                    <altitudeFt>9550</altitudeFt>
                </position>
                <position>
                    <lat>48.4693</lat>
                    <lon>11.4943</lon>
                    <date>2013-07-11T17:14:55+02:00</date>
                    <speedMph>312</speedMph>
                    <altitudeFt>9380</altitudeFt>
                </position>
                <position>
                    <lat>48.4463</lat>
                    <lon>11.5073</lon>
                    <date>2013-07-11T17:14:45+02:00</date>
                    <speedMph>308</speedMph>
                    <altitudeFt>9130</altitudeFt>
                </position>
                <position>
                    <lat>48.441</lat>
                    <lon>11.5104</lon>
                    <date>2013-07-11T17:14:35+02:00</date>
                    <speedMph>296</speedMph>
                    <altitudeFt>9080</altitudeFt>
                </position>
                <position>
                    <lat>48.4231</lat>
                    <lon>11.5251</lon>
                    <date>2013-07-11T17:14:25+02:00</date>
                    <speedMph>272</speedMph>
                    <altitudeFt>8800</altitudeFt>
                </position>
                <position>
                    <lat>48.4183</lat>
                    <lon>11.5319</lon>
                    <date>2013-07-11T17:14:15+02:00</date>
                    <speedMph>276</speedMph>
                    <altitudeFt>8700</altitudeFt>
                </position>
                <position>
                    <lat>48.4086</lat>
                    <lon>11.5533</lon>
                    <date>2013-07-11T17:14:05+02:00</date>
                    <speedMph>268</speedMph>
                    <altitudeFt>8480</altitudeFt>
                </position>
                <position>
                    <lat>48.402</lat>
                    <lon>11.5695</lon>
                    <date>2013-07-11T17:13:55+02:00</date>
                    <speedMph>264</speedMph>
                    <altitudeFt>8230</altitudeFt>
                </position>
                <position>
                    <lat>48.3949</lat>
                    <lon>11.5874</lon>
                    <date>2013-07-11T17:13:45+02:00</date>
                    <speedMph>268</speedMph>
                    <altitudeFt>7650</altitudeFt>
                </position>
                <position>
                    <lat>48.3889</lat>
                    <lon>11.6025</lon>
                    <date>2013-07-11T17:13:35+02:00</date>
                    <speedMph>264</speedMph>
                    <altitudeFt>7030</altitudeFt>
                </position>
                <position>
                    <lat>48.3823</lat>
                    <lon>11.6186</lon>
                    <date>2013-07-11T17:13:25+02:00</date>
                    <speedMph>260</speedMph>
                    <altitudeFt>6380</altitudeFt>
                </position>
                <position>
                    <lat>48.3756</lat>
                    <lon>11.6347</lon>
                    <date>2013-07-11T17:13:15+02:00</date>
                    <speedMph>260</speedMph>
                    <altitudeFt>5700</altitudeFt>
                </position>
                <position>
                    <lat>48.3727</lat>
                    <lon>11.6417</lon>
                    <date>2013-07-11T17:13:05+02:00</date>
                    <speedMph>256</speedMph>
                    <altitudeFt>5430</altitudeFt>
                </position>
                <position>
                    <lat>48.3636</lat>
                    <lon>11.6628</lon>
                    <date>2013-07-11T17:12:55+02:00</date>
                    <speedMph>240</speedMph>
                    <altitudeFt>4900</altitudeFt>
                </position>
                <position>
                    <lat>48.3577</lat>
                    <lon>11.6938</lon>
                    <date>2013-07-11T17:12:30+02:00</date>
                    <speedMph>208</speedMph>
                    <altitudeFt>4450</altitudeFt>
                </position>
                <position>
                    <lat>48.3586</lat>
                    <lon>11.7068</lon>
                    <date>2013-07-11T17:12:20+02:00</date>
                    <speedMph>192</speedMph>
                    <altitudeFt>4180</altitudeFt>
                </position>
                <position>
                    <lat>48.3592</lat>
                    <lon>11.7156</lon>
                    <date>2013-07-11T17:12:15+02:00</date>
                    <speedMph>184</speedMph>
                    <altitudeFt>4030</altitudeFt>
                </position>
                <position>
                    <lat>48.3601</lat>
                    <lon>11.7265</lon>
                    <date>2013-07-11T17:12:10+02:00</date>
                    <speedMph>176</speedMph>
                    <altitudeFt>3830</altitudeFt>
                </position>
                <position>
                    <lat>48.3605</lat>
                    <lon>11.7326</lon>
                    <date>2013-07-11T17:12:05+02:00</date>
                    <speedMph>168</speedMph>
                    <altitudeFt>3700</altitudeFt>
                </position>
                <position>
                    <lat>48.3605</lat>
                    <lon>11.7326</lon>
                    <date>2013-07-11T17:12:00+02:00</date>
                    <speedMph>168</speedMph>
                    <altitudeFt>3700</altitudeFt>
                </position>
                <position>
                    <lat>48.3623</lat>
                    <lon>11.7598</lon>
                    <date>2013-07-11T17:11:50+02:00</date>
                    <speedMph>152</speedMph>
                    <altitudeFt>2830</altitudeFt>
                </position>
                <position>
                    <lat>48.3628</lat>
                    <lon>11.7654</lon>
                    <date>2013-07-11T17:11:45+02:00</date>
                    <speedMph>152</speedMph>
                    <altitudeFt>2600</altitudeFt>
                </position>
                <position>
                    <lat>48.3646</lat>
                    <lon>11.7909</lon>
                    <date>2013-07-11T17:11:40+02:00</date>
                    <speedMph>148</speedMph>
                    <altitudeFt>1650</altitudeFt>
                </position>
                <position>
                    <lat>48.3649</lat>
                    <lon>11.7961</lon>
                    <date>2013-07-11T17:11:02+02:00</date>
                    <speedMph>152</speedMph>
                    <altitudeFt>1480</altitudeFt>
                </position>
                <position>
                    <lat>48.3656</lat>
                    <lon>11.8046</lon>
                    <date>2013-07-11T17:10:57+02:00</date>
                    <speedMph>132</speedMph>
                    <altitudeFt>0</altitudeFt>
                </position>
                <position>
                    <lat>48.3658</lat>
                    <lon>11.8065</lon>
                    <date>2013-07-11T17:10:52+02:00</date>
                    <speedMph>120</speedMph>
                    <altitudeFt>0</altitudeFt>
                </position>
                <position>
                    <lat>48.3663</lat>
                    <lon>11.8136</lon>
                    <date>2013-07-11T17:10:42+02:00</date>
                    <speedMph>80</speedMph>
                    <altitudeFt>0</altitudeFt>
                </position>
                <position>
                    <lat>48.3665</lat>
                    <lon>11.8161</lon>
                    <date>2013-07-11T17:10:37+02:00</date>
                    <speedMph>56</speedMph>
                    <altitudeFt>0</altitudeFt>
                </position>
                <position>
                    <lat>48.3667</lat>
                    <lon>11.8181</lon>
                    <date>2013-07-11T17:10:32+02:00</date>
                    <speedMph>28</speedMph>
                    <altitudeFt>0</altitudeFt>
                </position>
                <position>
                    <lat>48.3667</lat>
                    <lon>11.8187</lon>
                    <date>2013-07-11T17:10:27+02:00</date>
                    <speedMph>16</speedMph>
                    <altitudeFt>0</altitudeFt>
                </position>
                <position>
                    <lat>48.3666</lat>
                    <lon>11.8196</lon>
                    <date>2013-07-11T17:10:17+02:00</date>
                    <speedMph>8</speedMph>
                    <altitudeFt>0</altitudeFt>
                </position>
                <position>
                    <lat>48.3665</lat>
                    <lon>11.8197</lon>
                    <date>2013-07-11T17:10:12+02:00</date>
                    <speedMph>12</speedMph>
                    <altitudeFt>0</altitudeFt>
                </position>
                <position>
                    <lat>48.3663</lat>
                    <lon>11.8197</lon>
                    <date>2013-07-11T17:10:07+02:00</date>
                    <speedMph>12</speedMph>
                    <altitudeFt>0</altitudeFt>
                </position>
                <position>
                    <lat>48.3661</lat>
                    <lon>11.8197</lon>
                    <date>2013-07-11T17:10:02+02:00</date>
                    <speedMph>8</speedMph>
                    <altitudeFt>0</altitudeFt>
                </position>
                <position>
                    <lat>48.3656</lat>
                    <lon>11.8198</lon>
                    <date>2013-07-11T17:09:37+02:00</date>
                    <speedMph>0</speedMph>
                    <altitudeFt>0</altitudeFt>
                </position>
                <position>
                    <lat>48.3656</lat>
                    <lon>11.8198</lon>
                    <date>2013-07-11T17:08:17+02:00</date>
                    <speedMph>4</speedMph>
                    <altitudeFt>0</altitudeFt>
                </position>
                <position>
                    <lat>48.3653</lat>
                    <lon>11.8199</lon>
                    <date>2013-07-11T17:08:07+02:00</date>
                    <speedMph>8</speedMph>
                    <altitudeFt>0</altitudeFt>
                </position>
                <position>
                    <lat>48.365</lat>
                    <lon>11.82</lon>
                    <date>2013-07-11T17:07:57+02:00</date>
                    <speedMph>4</speedMph>
                    <altitudeFt>0</altitudeFt>
                </position>
                <position>
                    <lat>48.3649</lat>
                    <lon>11.82</lon>
                    <date>2013-07-11T17:07:47+02:00</date>
                    <speedMph>4</speedMph>
                    <altitudeFt>0</altitudeFt>
                </position>
                <position>
                    <lat>48.3637</lat>
                    <lon>11.82</lon>
                    <date>2013-07-11T17:06:32+02:00</date>
                    <speedMph>12</speedMph>
                    <altitudeFt>0</altitudeFt>
                </position>
                <position>
                    <lat>48.3633</lat>
                    <lon>11.8195</lon>
                    <date>2013-07-11T17:06:17+02:00</date>
                    <speedMph>12</speedMph>
                    <altitudeFt>0</altitudeFt>
                </position>
                <position>
                    <lat>48.3632</lat>
                    <lon>11.8194</lon>
                    <date>2013-07-11T17:06:12+02:00</date>
                    <speedMph>16</speedMph>
                    <altitudeFt>0</altitudeFt>
                </position>
                <position>
                    <lat>48.363</lat>
                    <lon>11.819</lon>
                    <date>2013-07-11T17:06:07+02:00</date>
                    <speedMph>16</speedMph>
                    <altitudeFt>0</altitudeFt>
                </position>
                <position>
                    <lat>48.3629</lat>
                    <lon>11.8186</lon>
                    <date>2013-07-11T17:06:02+02:00</date>
                    <speedMph>16</speedMph>
                    <altitudeFt>0</altitudeFt>
                </position>
                <position>
                    <lat>48.3629</lat>
                    <lon>11.8181</lon>
                    <date>2013-07-11T17:05:57+02:00</date>
                    <speedMph>12</speedMph>
                    <altitudeFt>0</altitudeFt>
                </position>
                <position>
                    <lat>48.3628</lat>
                    <lon>11.8177</lon>
                    <date>2013-07-11T17:05:52+02:00</date>
                    <speedMph>12</speedMph>
                    <altitudeFt>0</altitudeFt>
                </position>
                <position>
                    <lat>48.3628</lat>
                    <lon>11.8173</lon>
                    <date>2013-07-11T17:05:47+02:00</date>
                    <speedMph>20</speedMph>
                    <altitudeFt>0</altitudeFt>
                </position>
                <position>
                    <lat>48.3627</lat>
                    <lon>11.8161</lon>
                    <date>2013-07-11T17:05:37+02:00</date>
                    <speedMph>24</speedMph>
                    <altitudeFt>0</altitudeFt>
                </position>
                <position>
                    <lat>48.3626</lat>
                    <lon>11.8153</lon>
                    <date>2013-07-11T17:05:32+02:00</date>
                    <speedMph>24</speedMph>
                    <altitudeFt>0</altitudeFt>
                </position>
                <position>
                    <lat>48.3625</lat>
                    <lon>11.8139</lon>
                    <date>2013-07-11T17:05:22+02:00</date>
                    <speedMph>20</speedMph>
                    <altitudeFt>0</altitudeFt>
                </position>
                <position>
                    <lat>48.3625</lat>
                    <lon>11.8132</lon>
                    <date>2013-07-11T17:05:17+02:00</date>
                    <speedMph>24</speedMph>
                    <altitudeFt>0</altitudeFt>
                </position>
                <position>
                    <lat>48.3624</lat>
                    <lon>11.8124</lon>
                    <date>2013-07-11T17:05:12+02:00</date>
                    <speedMph>28</speedMph>
                    <altitudeFt>0</altitudeFt>
                </position>
                <position>
                    <lat>48.3623</lat>
                    <lon>11.8105</lon>
                    <date>2013-07-11T17:05:02+02:00</date>
                    <speedMph>28</speedMph>
                    <altitudeFt>0</altitudeFt>
                </position>
                <position>
                    <lat>48.3622</lat>
                    <lon>11.8097</lon>
                    <date>2013-07-11T17:04:57+02:00</date>
                    <speedMph>28</speedMph>
                    <altitudeFt>0</altitudeFt>
                </position>
                <position>
                    <lat>48.3621</lat>
                    <lon>11.8087</lon>
                    <date>2013-07-11T17:04:52+02:00</date>
                    <speedMph>28</speedMph>
                    <altitudeFt>0</altitudeFt>
                </position>
                <position>
                    <lat>48.362</lat>
                    <lon>11.8077</lon>
                    <date>2013-07-11T17:04:47+02:00</date>
                    <speedMph>32</speedMph>
                    <altitudeFt>0</altitudeFt>
                </position>
                <position>
                    <lat>48.362</lat>
                    <lon>11.8065</lon>
                    <date>2013-07-11T17:04:42+02:00</date>
                    <speedMph>32</speedMph>
                    <altitudeFt>0</altitudeFt>
                </position>
                <position>
                    <lat>48.3619</lat>
                    <lon>11.8056</lon>
                    <date>2013-07-11T17:04:37+02:00</date>
                    <speedMph>32</speedMph>
                    <altitudeFt>0</altitudeFt>
                </position>
                <position>
                    <lat>48.3618</lat>
                    <lon>11.8048</lon>
                    <date>2013-07-11T17:04:32+02:00</date>
                    <speedMph>32</speedMph>
                    <altitudeFt>0</altitudeFt>
                </position>
                <position>
                    <lat>48.3618</lat>
                    <lon>11.8038</lon>
                    <date>2013-07-11T17:04:27+02:00</date>
                    <speedMph>28</speedMph>
                    <altitudeFt>0</altitudeFt>
                </position>
                <position>
                    <lat>48.3617</lat>
                    <lon>11.8028</lon>
                    <date>2013-07-11T17:04:22+02:00</date>
                    <speedMph>28</speedMph>
                    <altitudeFt>0</altitudeFt>
                </position>
                <position>
                    <lat>48.3616</lat>
                    <lon>11.8014</lon>
                    <date>2013-07-11T17:04:17+02:00</date>
                    <speedMph>28</speedMph>
                    <altitudeFt>0</altitudeFt>
                </position>
                <position>
                    <lat>48.3615</lat>
                    <lon>11.7998</lon>
                    <date>2013-07-11T17:04:12+02:00</date>
                    <speedMph>24</speedMph>
                    <altitudeFt>0</altitudeFt>
                </position>
                <position>
                    <lat>48.3614</lat>
                    <lon>11.7986</lon>
                    <date>2013-07-11T17:04:02+02:00</date>
                    <speedMph>24</speedMph>
                    <altitudeFt>0</altitudeFt>
                </position>
                <position>
                    <lat>48.3613</lat>
                    <lon>11.7983</lon>
                    <date>2013-07-11T17:03:57+02:00</date>
                    <speedMph>24</speedMph>
                    <altitudeFt>0</altitudeFt>
                </position>
                <position>
                    <lat>48.3612</lat>
                    <lon>11.797</lon>
                    <date>2013-07-11T17:03:52+02:00</date>
                    <speedMph>20</speedMph>
                    <altitudeFt>0</altitudeFt>
                </position>
                <position>
                    <lat>48.3611</lat>
                    <lon>11.7954</lon>
                    <date>2013-07-11T17:03:37+02:00</date>
                    <speedMph>16</speedMph>
                    <altitudeFt>0</altitudeFt>
                </position>
            </positions>
        </flightTrack>
    </flightTracks>
</flightstatslog>
