<?xml version="1.0" encoding="UTF-8" standalone="yes"?>
<flightstatslog>
    <appendix>
        <airports>
            <airport>
                <fs>LYS</fs>
                <latitude>45.726387</latitude>
                <longitude>5.090833</longitude>
                <city>Lyon</city>
            </airport>
            <airport>
                <fs>STN</fs>
                <latitude>51.885</latitude>
                <longitude>0.235</longitude>
                <city>London</city>
            </airport>
        </airports>
    </appendix>
    <flightTracks>
        <flightTrack>
            <flightId>4219186</flightId>
            <departureAirportFsCode>LYS</departureAirportFsCode>
            <arrivalAirportFsCode>STN</arrivalAirportFsCode>
            <positions>
                <position>
                    <lat>51.8924</lat>
                    <lon>0.2512</lon>
                    <date>2013-07-11T18:45:08+02:00</date>
                    <speedMph>12</speedMph>
                    <altitudeFt>0</altitudeFt>
                </position>
                <position>
                    <lat>51.8924</lat>
                    <lon>0.2511</lon>
                    <date>2013-07-11T18:45:03+02:00</date>
                    <speedMph>12</speedMph>
                    <altitudeFt>0</altitudeFt>
                </position>
                <position>
                    <lat>51.8917</lat>
                    <lon>0.2481</lon>
                    <date>2013-07-11T18:44:23+02:00</date>
                    <speedMph>16</speedMph>
                    <altitudeFt>0</altitudeFt>
                </position>
                <position>
                    <lat>51.8914</lat>
                    <lon>0.2469</lon>
                    <date>2013-07-11T18:44:13+02:00</date>
                    <speedMph>28</speedMph>
                    <altitudeFt>0</altitudeFt>
                </position>
                <position>
                    <lat>51.8907</lat>
                    <lon>0.2443</lon>
                    <date>2013-07-11T18:44:03+02:00</date>
                    <speedMph>40</speedMph>
                    <altitudeFt>0</altitudeFt>
                </position>
                <position>
                    <lat>51.8896</lat>
                    <lon>0.2418</lon>
                    <date>2013-07-11T18:43:53+02:00</date>
                    <speedMph>44</speedMph>
                    <altitudeFt>0</altitudeFt>
                </position>
                <position>
                    <lat>51.888</lat>
                    <lon>0.2393</lon>
                    <date>2013-07-11T18:43:48+02:00</date>
                    <speedMph>64</speedMph>
                    <altitudeFt>0</altitudeFt>
                </position>
                <position>
                    <lat>51.886</lat>
                    <lon>0.2362</lon>
                    <date>2013-07-11T18:43:38+02:00</date>
                    <speedMph>76</speedMph>
                    <altitudeFt>0</altitudeFt>
                </position>
                <position>
                    <lat>51.8853</lat>
                    <lon>0.2352</lon>
                    <date>2013-07-11T18:43:33+02:00</date>
                    <speedMph>84</speedMph>
                    <altitudeFt>0</altitudeFt>
                </position>
                <position>
                    <lat>51.8838</lat>
                    <lon>0.233</lon>
                    <date>2013-07-11T18:43:28+02:00</date>
                    <speedMph>96</speedMph>
                    <altitudeFt>0</altitudeFt>
                </position>
                <position>
                    <lat>51.8819</lat>
                    <lon>0.2301</lon>
                    <date>2013-07-11T18:43:23+02:00</date>
                    <speedMph>112</speedMph>
                    <altitudeFt>0</altitudeFt>
                </position>
                <position>
                    <lat>51.8757</lat>
                    <lon>0.221</lon>
                    <date>2013-07-11T18:43:03+02:00</date>
                    <speedMph>124</speedMph>
                    <altitudeFt>130</altitudeFt>
                </position>
                <position>
                    <lat>51.8714</lat>
                    <lon>0.2144</lon>
                    <date>2013-07-11T18:42:58+02:00</date>
                    <speedMph>124</speedMph>
                    <altitudeFt>230</altitudeFt>
                </position>
                <position>
                    <lat>51.8705</lat>
                    <lon>0.213</lon>
                    <date>2013-07-11T18:42:53+02:00</date>
                    <speedMph>124</speedMph>
                    <altitudeFt>250</altitudeFt>
                </position>
                <position>
                    <lat>51.8663</lat>
                    <lon>0.2067</lon>
                    <date>2013-07-11T18:42:43+02:00</date>
                    <speedMph>124</speedMph>
                    <altitudeFt>350</altitudeFt>
                </position>
                <position>
                    <lat>51.865</lat>
                    <lon>0.205</lon>
                    <date>2013-07-11T18:42:38+02:00</date>
                    <speedMph>124</speedMph>
                    <altitudeFt>380</altitudeFt>
                </position>
                <position>
                    <lat>51.862</lat>
                    <lon>0.2003</lon>
                    <date>2013-07-11T18:42:33+02:00</date>
                    <speedMph>124</speedMph>
                    <altitudeFt>450</altitudeFt>
                </position>
                <position>
                    <lat>51.8604</lat>
                    <lon>0.1978</lon>
                    <date>2013-07-11T18:42:28+02:00</date>
                    <speedMph>124</speedMph>
                    <altitudeFt>500</altitudeFt>
                </position>
                <position>
                    <lat>51.8588</lat>
                    <lon>0.1955</lon>
                    <date>2013-07-11T18:42:23+02:00</date>
                    <speedMph>124</speedMph>
                    <altitudeFt>550</altitudeFt>
                </position>
                <position>
                    <lat>51.8512</lat>
                    <lon>0.1842</lon>
                    <date>2013-07-11T18:42:13+02:00</date>
                    <speedMph>124</speedMph>
                    <altitudeFt>750</altitudeFt>
                </position>
                <position>
                    <lat>51.8503</lat>
                    <lon>0.183</lon>
                    <date>2013-07-11T18:42:08+02:00</date>
                    <speedMph>124</speedMph>
                    <altitudeFt>750</altitudeFt>
                </position>
                <position>
                    <lat>51.8494</lat>
                    <lon>0.1815</lon>
                    <date>2013-07-11T18:42:03+02:00</date>
                    <speedMph>124</speedMph>
                    <altitudeFt>800</altitudeFt>
                </position>
                <position>
                    <lat>51.8454</lat>
                    <lon>0.1752</lon>
                    <date>2013-07-11T18:41:53+02:00</date>
                    <speedMph>124</speedMph>
                    <altitudeFt>880</altitudeFt>
                </position>
                <position>
                    <lat>51.8411</lat>
                    <lon>0.1688</lon>
                    <date>2013-07-11T18:41:48+02:00</date>
                    <speedMph>128</speedMph>
                    <altitudeFt>1000</altitudeFt>
                </position>
                <position>
                    <lat>51.8399</lat>
                    <lon>0.167</lon>
                    <date>2013-07-11T18:41:43+02:00</date>
                    <speedMph>128</speedMph>
                    <altitudeFt>1030</altitudeFt>
                </position>
                <position>
                    <lat>51.8381</lat>
                    <lon>0.1644</lon>
                    <date>2013-07-11T18:41:38+02:00</date>
                    <speedMph>132</speedMph>
                    <altitudeFt>1080</altitudeFt>
                </position>
                <position>
                    <lat>51.8332</lat>
                    <lon>0.1572</lon>
                    <date>2013-07-11T18:41:33+02:00</date>
                    <speedMph>136</speedMph>
                    <altitudeFt>1180</altitudeFt>
                </position>
                <position>
                    <lat>51.8325</lat>
                    <lon>0.156</lon>
                    <date>2013-07-11T18:41:23+02:00</date>
                    <speedMph>136</speedMph>
                    <altitudeFt>1200</altitudeFt>
                </position>
                <position>
                    <lat>51.8269</lat>
                    <lon>0.1476</lon>
                    <date>2013-07-11T18:41:13+02:00</date>
                    <speedMph>140</speedMph>
                    <altitudeFt>1350</altitudeFt>
                </position>
                <position>
                    <lat>51.8226</lat>
                    <lon>0.1412</lon>
                    <date>2013-07-11T18:41:03+02:00</date>
                    <speedMph>144</speedMph>
                    <altitudeFt>1450</altitudeFt>
                </position>
                <position>
                    <lat>51.8207</lat>
                    <lon>0.1383</lon>
                    <date>2013-07-11T18:40:58+02:00</date>
                    <speedMph>148</speedMph>
                    <altitudeFt>1500</altitudeFt>
                </position>
                <position>
                    <lat>51.8112</lat>
                    <lon>0.1242</lon>
                    <date>2013-07-11T18:40:43+02:00</date>
                    <speedMph>156</speedMph>
                    <altitudeFt>1750</altitudeFt>
                </position>
                <position>
                    <lat>51.8088</lat>
                    <lon>0.1205</lon>
                    <date>2013-07-11T18:40:38+02:00</date>
                    <speedMph>156</speedMph>
                    <altitudeFt>1800</altitudeFt>
                </position>
                <position>
                    <lat>51.8063</lat>
                    <lon>0.1167</lon>
                    <date>2013-07-11T18:40:33+02:00</date>
                    <speedMph>156</speedMph>
                    <altitudeFt>1880</altitudeFt>
                </position>
                <position>
                    <lat>51.8</lat>
                    <lon>0.1071</lon>
                    <date>2013-07-11T18:40:23+02:00</date>
                    <speedMph>160</speedMph>
                    <altitudeFt>2050</altitudeFt>
                </position>
                <position>
                    <lat>51.796</lat>
                    <lon>0.1007</lon>
                    <date>2013-07-11T18:40:13+02:00</date>
                    <speedMph>160</speedMph>
                    <altitudeFt>2150</altitudeFt>
                </position>
                <position>
                    <lat>51.7908</lat>
                    <lon>0.0921</lon>
                    <date>2013-07-11T18:40:08+02:00</date>
                    <speedMph>160</speedMph>
                    <altitudeFt>2250</altitudeFt>
                </position>
                <position>
                    <lat>51.7889</lat>
                    <lon>0.0887</lon>
                    <date>2013-07-11T18:39:58+02:00</date>
                    <speedMph>156</speedMph>
                    <altitudeFt>2280</altitudeFt>
                </position>
                <position>
                    <lat>51.786</lat>
                    <lon>0.0836</lon>
                    <date>2013-07-11T18:39:53+02:00</date>
                    <speedMph>156</speedMph>
                    <altitudeFt>2300</altitudeFt>
                </position>
                <position>
                    <lat>51.7819</lat>
                    <lon>0.0751</lon>
                    <date>2013-07-11T18:39:43+02:00</date>
                    <speedMph>160</speedMph>
                    <altitudeFt>2380</altitudeFt>
                </position>
                <position>
                    <lat>51.7791</lat>
                    <lon>0.0439</lon>
                    <date>2013-07-11T18:39:23+02:00</date>
                    <speedMph>172</speedMph>
                    <altitudeFt>2530</altitudeFt>
                </position>
                <position>
                    <lat>51.7797</lat>
                    <lon>0.0419</lon>
                    <date>2013-07-11T18:39:13+02:00</date>
                    <speedMph>176</speedMph>
                    <altitudeFt>2530</altitudeFt>
                </position>
                <position>
                    <lat>51.7815</lat>
                    <lon>0.0372</lon>
                    <date>2013-07-11T18:39:08+02:00</date>
                    <speedMph>180</speedMph>
                    <altitudeFt>2580</altitudeFt>
                </position>
                <position>
                    <lat>51.7861</lat>
                    <lon>0.0294</lon>
                    <date>2013-07-11T18:39:03+02:00</date>
                    <speedMph>188</speedMph>
                    <altitudeFt>2630</altitudeFt>
                </position>
                <position>
                    <lat>51.7883</lat>
                    <lon>0.0258</lon>
                    <date>2013-07-11T18:38:58+02:00</date>
                    <speedMph>192</speedMph>
                    <altitudeFt>2650</altitudeFt>
                </position>
                <position>
                    <lat>51.7915</lat>
                    <lon>0.0208</lon>
                    <date>2013-07-11T18:38:53+02:00</date>
                    <speedMph>196</speedMph>
                    <altitudeFt>2700</altitudeFt>
                </position>
                <position>
                    <lat>51.7986</lat>
                    <lon>0.0098</lon>
                    <date>2013-07-11T18:38:43+02:00</date>
                    <speedMph>200</speedMph>
                    <altitudeFt>2780</altitudeFt>
                </position>
                <position>
                    <lat>51.8202</lat>
                    <lon>-0.0053</lon>
                    <date>2013-07-11T18:38:23+02:00</date>
                    <speedMph>228</speedMph>
                    <altitudeFt>2900</altitudeFt>
                </position>
                <position>
                    <lat>51.8223</lat>
                    <lon>-0.0051</lon>
                    <date>2013-07-11T18:38:18+02:00</date>
                    <speedMph>228</speedMph>
                    <altitudeFt>2930</altitudeFt>
                </position>
                <position>
                    <lat>51.8276</lat>
                    <lon>-0.0032</lon>
                    <date>2013-07-11T18:38:08+02:00</date>
                    <speedMph>228</speedMph>
                    <altitudeFt>2980</altitudeFt>
                </position>
                <position>
                    <lat>51.8371</lat>
                    <lon>0.0047</lon>
                    <date>2013-07-11T18:38:03+02:00</date>
                    <speedMph>232</speedMph>
                    <altitudeFt>3080</altitudeFt>
                </position>
                <position>
                    <lat>51.8418</lat>
                    <lon>0.0098</lon>
                    <date>2013-07-11T18:37:58+02:00</date>
                    <speedMph>236</speedMph>
                    <altitudeFt>3180</altitudeFt>
                </position>
                <position>
                    <lat>51.8468</lat>
                    <lon>0.0151</lon>
                    <date>2013-07-11T18:37:53+02:00</date>
                    <speedMph>236</speedMph>
                    <altitudeFt>3250</altitudeFt>
                </position>
                <position>
                    <lat>51.8558</lat>
                    <lon>0.0248</lon>
                    <date>2013-07-11T18:37:43+02:00</date>
                    <speedMph>236</speedMph>
                    <altitudeFt>3430</altitudeFt>
                </position>
                <position>
                    <lat>51.8616</lat>
                    <lon>0.031</lon>
                    <date>2013-07-11T18:37:38+02:00</date>
                    <speedMph>240</speedMph>
                    <altitudeFt>3500</altitudeFt>
                </position>
                <position>
                    <lat>51.8657</lat>
                    <lon>0.0353</lon>
                    <date>2013-07-11T18:37:28+02:00</date>
                    <speedMph>240</speedMph>
                    <altitudeFt>3580</altitudeFt>
                </position>
                <position>
                    <lat>51.8752</lat>
                    <lon>0.0454</lon>
                    <date>2013-07-11T18:37:23+02:00</date>
                    <speedMph>248</speedMph>
                    <altitudeFt>3750</altitudeFt>
                </position>
                <position>
                    <lat>51.8813</lat>
                    <lon>0.0518</lon>
                    <date>2013-07-11T18:37:18+02:00</date>
                    <speedMph>248</speedMph>
                    <altitudeFt>3850</altitudeFt>
                </position>
                <position>
                    <lat>51.8855</lat>
                    <lon>0.0562</lon>
                    <date>2013-07-11T18:37:08+02:00</date>
                    <speedMph>248</speedMph>
                    <altitudeFt>3980</altitudeFt>
                </position>
                <position>
                    <lat>51.8914</lat>
                    <lon>0.0625</lon>
                    <date>2013-07-11T18:37:03+02:00</date>
                    <speedMph>248</speedMph>
                    <altitudeFt>4100</altitudeFt>
                </position>
                <position>
                    <lat>51.8991</lat>
                    <lon>0.0705</lon>
                    <date>2013-07-11T18:36:58+02:00</date>
                    <speedMph>252</speedMph>
                    <altitudeFt>4250</altitudeFt>
                </position>
                <position>
                    <lat>51.9036</lat>
                    <lon>0.0753</lon>
                    <date>2013-07-11T18:36:53+02:00</date>
                    <speedMph>252</speedMph>
                    <altitudeFt>4350</altitudeFt>
                </position>
                <position>
                    <lat>51.9092</lat>
                    <lon>0.0812</lon>
                    <date>2013-07-11T18:36:43+02:00</date>
                    <speedMph>252</speedMph>
                    <altitudeFt>4480</altitudeFt>
                </position>
                <position>
                    <lat>51.9186</lat>
                    <lon>0.0921</lon>
                    <date>2013-07-11T18:36:38+02:00</date>
                    <speedMph>248</speedMph>
                    <altitudeFt>4650</altitudeFt>
                </position>
                <position>
                    <lat>51.9247</lat>
                    <lon>0.1011</lon>
                    <date>2013-07-11T18:36:33+02:00</date>
                    <speedMph>256</speedMph>
                    <altitudeFt>4780</altitudeFt>
                </position>
                <position>
                    <lat>51.927</lat>
                    <lon>0.1049</lon>
                    <date>2013-07-11T18:36:23+02:00</date>
                    <speedMph>252</speedMph>
                    <altitudeFt>4850</altitudeFt>
                </position>
                <position>
                    <lat>51.9358</lat>
                    <lon>0.1201</lon>
                    <date>2013-07-11T18:36:13+02:00</date>
                    <speedMph>256</speedMph>
                    <altitudeFt>5100</altitudeFt>
                </position>
                <position>
                    <lat>51.9476</lat>
                    <lon>0.1408</lon>
                    <date>2013-07-11T18:36:03+02:00</date>
                    <speedMph>252</speedMph>
                    <altitudeFt>5430</altitudeFt>
                </position>
                <position>
                    <lat>51.9514</lat>
                    <lon>0.1473</lon>
                    <date>2013-07-11T18:35:53+02:00</date>
                    <speedMph>252</speedMph>
                    <altitudeFt>5530</altitudeFt>
                </position>
                <position>
                    <lat>51.9644</lat>
                    <lon>0.1701</lon>
                    <date>2013-07-11T18:35:43+02:00</date>
                    <speedMph>260</speedMph>
                    <altitudeFt>5800</altitudeFt>
                </position>
                <position>
                    <lat>51.9745</lat>
                    <lon>0.1879</lon>
                    <date>2013-07-11T18:35:33+02:00</date>
                    <speedMph>260</speedMph>
                    <altitudeFt>5980</altitudeFt>
                </position>
                <position>
                    <lat>51.9798</lat>
                    <lon>0.1966</lon>
                    <date>2013-07-11T18:35:23+02:00</date>
                    <speedMph>264</speedMph>
                    <altitudeFt>6080</altitudeFt>
                </position>
                <position>
                    <lat>51.9846</lat>
                    <lon>0.2034</lon>
                    <date>2013-07-11T18:35:13+02:00</date>
                    <speedMph>256</speedMph>
                    <altitudeFt>6180</altitudeFt>
                </position>
                <position>
                    <lat>52.0074</lat>
                    <lon>0.2159</lon>
                    <date>2013-07-11T18:34:53+02:00</date>
                    <speedMph>260</speedMph>
                    <altitudeFt>6500</altitudeFt>
                </position>
                <position>
                    <lat>52.0252</lat>
                    <lon>0.2084</lon>
                    <date>2013-07-11T18:34:43+02:00</date>
                    <speedMph>256</speedMph>
                    <altitudeFt>6750</altitudeFt>
                </position>
                <position>
                    <lat>52.031</lat>
                    <lon>0.2016</lon>
                    <date>2013-07-11T18:34:33+02:00</date>
                    <speedMph>244</speedMph>
                    <altitudeFt>6880</altitudeFt>
                </position>
                <position>
                    <lat>52.0418</lat>
                    <lon>0.1647</lon>
                    <date>2013-07-11T18:34:08+02:00</date>
                    <speedMph>232</speedMph>
                    <altitudeFt>7530</altitudeFt>
                </position>
                <position>
                    <lat>52.0391</lat>
                    <lon>0.1449</lon>
                    <date>2013-07-11T18:33:58+02:00</date>
                    <speedMph>228</speedMph>
                    <altitudeFt>7880</altitudeFt>
                </position>
                <position>
                    <lat>52.0295</lat>
                    <lon>0.1277</lon>
                    <date>2013-07-11T18:33:48+02:00</date>
                    <speedMph>224</speedMph>
                    <altitudeFt>8330</altitudeFt>
                </position>
                <position>
                    <lat>52.0218</lat>
                    <lon>0.1199</lon>
                    <date>2013-07-11T18:33:38+02:00</date>
                    <speedMph>224</speedMph>
                    <altitudeFt>8550</altitudeFt>
                </position>
                <position>
                    <lat>52.015</lat>
                    <lon>0.1132</lon>
                    <date>2013-07-11T18:33:28+02:00</date>
                    <speedMph>228</speedMph>
                    <altitudeFt>8750</altitudeFt>
                </position>
                <position>
                    <lat>52.0054</lat>
                    <lon>0.1036</lon>
                    <date>2013-07-11T18:33:18+02:00</date>
                    <speedMph>228</speedMph>
                    <altitudeFt>9000</altitudeFt>
                </position>
                <position>
                    <lat>51.9952</lat>
                    <lon>0.0934</lon>
                    <date>2013-07-11T18:33:03+02:00</date>
                    <speedMph>232</speedMph>
                    <altitudeFt>9300</altitudeFt>
                </position>
                <position>
                    <lat>51.9819</lat>
                    <lon>0.08</lon>
                    <date>2013-07-11T18:32:53+02:00</date>
                    <speedMph>232</speedMph>
                    <altitudeFt>9650</altitudeFt>
                </position>
                <position>
                    <lat>51.9715</lat>
                    <lon>0.0695</lon>
                    <date>2013-07-11T18:32:43+02:00</date>
                    <speedMph>232</speedMph>
                    <altitudeFt>9900</altitudeFt>
                </position>
                <position>
                    <lat>51.9639</lat>
                    <lon>0.0619</lon>
                    <date>2013-07-11T18:32:33+02:00</date>
                    <speedMph>232</speedMph>
                    <altitudeFt>10080</altitudeFt>
                </position>
                <position>
                    <lat>51.9377</lat>
                    <lon>0.0353</lon>
                    <date>2013-07-11T18:32:03+02:00</date>
                    <speedMph>240</speedMph>
                    <altitudeFt>10550</altitudeFt>
                </position>
                <position>
                    <lat>51.9117</lat>
                    <lon>0.009</lon>
                    <date>2013-07-11T18:31:33+02:00</date>
                    <speedMph>240</speedMph>
                    <altitudeFt>11150</altitudeFt>
                </position>
                <position>
                    <lat>51.8764</lat>
                    <lon>-0.0179</lon>
                    <date>2013-07-11T18:31:03+02:00</date>
                    <speedMph>248</speedMph>
                    <altitudeFt>11800</altitudeFt>
                </position>
                <position>
                    <lat>51.8453</lat>
                    <lon>-0.0396</lon>
                    <date>2013-07-11T18:30:33+02:00</date>
                    <speedMph>252</speedMph>
                    <altitudeFt>12280</altitudeFt>
                </position>
                <position>
                    <lat>51.8153</lat>
                    <lon>-0.0607</lon>
                    <date>2013-07-11T18:30:03+02:00</date>
                    <speedMph>260</speedMph>
                    <altitudeFt>12780</altitudeFt>
                </position>
                <position>
                    <lat>51.7778</lat>
                    <lon>-0.0869</lon>
                    <date>2013-07-11T18:29:33+02:00</date>
                    <speedMph>276</speedMph>
                    <altitudeFt>13100</altitudeFt>
                </position>
                <position>
                    <lat>51.7449</lat>
                    <lon>-0.1096</lon>
                    <date>2013-07-11T18:29:03+02:00</date>
                    <speedMph>292</speedMph>
                    <altitudeFt>13400</altitudeFt>
                </position>
                <position>
                    <lat>51.7083</lat>
                    <lon>-0.1309</lon>
                    <date>2013-07-11T18:28:33+02:00</date>
                    <speedMph>308</speedMph>
                    <altitudeFt>13780</altitudeFt>
                </position>
                <position>
                    <lat>51.6613</lat>
                    <lon>-0.1582</lon>
                    <date>2013-07-11T18:28:03+02:00</date>
                    <speedMph>324</speedMph>
                    <altitudeFt>14330</altitudeFt>
                </position>
                <position>
                    <lat>51.6198</lat>
                    <lon>-0.1825</lon>
                    <date>2013-07-11T18:27:33+02:00</date>
                    <speedMph>332</speedMph>
                    <altitudeFt>14830</altitudeFt>
                </position>
                <position>
                    <lat>51.5765</lat>
                    <lon>-0.2078</lon>
                    <date>2013-07-11T18:27:03+02:00</date>
                    <speedMph>332</speedMph>
                    <altitudeFt>15330</altitudeFt>
                </position>
                <position>
                    <lat>51.4878</lat>
                    <lon>-0.2595</lon>
                    <date>2013-07-11T18:26:03+02:00</date>
                    <speedMph>340</speedMph>
                    <altitudeFt>16350</altitudeFt>
                </position>
                <position>
                    <lat>51.3962</lat>
                    <lon>-0.3126</lon>
                    <date>2013-07-11T18:25:03+02:00</date>
                    <speedMph>344</speedMph>
                    <altitudeFt>17380</altitudeFt>
                </position>
                <position>
                    <lat>51.269</lat>
                    <lon>-0.3778</lon>
                    <date>2013-07-11T18:24:03+02:00</date>
                    <speedMph>336</speedMph>
                    <altitudeFt>18000</altitudeFt>
                </position>
                <position>
                    <lat>51.2173</lat>
                    <lon>-0.3417</lon>
                    <date>2013-07-11T18:23:03+02:00</date>
                    <speedMph>340</speedMph>
                    <altitudeFt>18200</altitudeFt>
                </position>
                <position>
                    <lat>51.1645</lat>
                    <lon>-0.2296</lon>
                    <date>2013-07-11T18:22:03+02:00</date>
                    <speedMph>352</speedMph>
                    <altitudeFt>19150</altitudeFt>
                </position>
                <position>
                    <lat>51.1056</lat>
                    <lon>-0.1041</lon>
                    <date>2013-07-11T18:21:03+02:00</date>
                    <speedMph>352</speedMph>
                    <altitudeFt>20000</altitudeFt>
                </position>
                <position>
                    <lat>51.0425</lat>
                    <lon>0.0294</lon>
                    <date>2013-07-11T18:20:03+02:00</date>
                    <speedMph>352</speedMph>
                    <altitudeFt>20000</altitudeFt>
                </position>
                <position>
                    <lat>50.9845</lat>
                    <lon>0.1532</lon>
                    <date>2013-07-11T18:19:03+02:00</date>
                    <speedMph>352</speedMph>
                    <altitudeFt>20850</altitudeFt>
                </position>
                <position>
                    <lat>50.912</lat>
                    <lon>0.264</lon>
                    <date>2013-07-11T18:18:03+02:00</date>
                    <speedMph>372</speedMph>
                    <altitudeFt>22830</altitudeFt>
                </position>
                <position>
                    <lat>50.8334</lat>
                    <lon>0.3736</lon>
                    <date>2013-07-11T18:17:03+02:00</date>
                    <speedMph>388</speedMph>
                    <altitudeFt>24950</altitudeFt>
                </position>
                <position>
                    <lat>50.7511</lat>
                    <lon>0.4877</lon>
                    <date>2013-07-11T18:16:03+02:00</date>
                    <speedMph>392</speedMph>
                    <altitudeFt>27250</altitudeFt>
                </position>
                <position>
                    <lat>50.6659</lat>
                    <lon>0.6054</lon>
                    <date>2013-07-11T18:15:03+02:00</date>
                    <speedMph>408</speedMph>
                    <altitudeFt>29500</altitudeFt>
                </position>
                <position>
                    <lat>50.5773</lat>
                    <lon>0.727</lon>
                    <date>2013-07-11T18:14:03+02:00</date>
                    <speedMph>432</speedMph>
                    <altitudeFt>31880</altitudeFt>
                </position>
                <position>
                    <lat>50.4964</lat>
                    <lon>0.8378</lon>
                    <date>2013-07-11T18:13:03+02:00</date>
                    <speedMph>428</speedMph>
                    <altitudeFt>34480</altitudeFt>
                </position>
                <position>
                    <lat>50.4002</lat>
                    <lon>0.9686</lon>
                    <date>2013-07-11T18:12:03+02:00</date>
                    <speedMph>424</speedMph>
                    <altitudeFt>36850</altitudeFt>
                </position>
                <position>
                    <lat>50.2701</lat>
                    <lon>1.1444</lon>
                    <date>2013-07-11T18:10:30+02:00</date>
                    <speedMph>424</speedMph>
                    <altitudeFt>38000</altitudeFt>
                </position>
                <position>
                    <lat>50.1778</lat>
                    <lon>1.2682</lon>
                    <date>2013-07-11T18:09:30+02:00</date>
                    <speedMph>424</speedMph>
                    <altitudeFt>38000</altitudeFt>
                </position>
                <position>
                    <lat>50.08</lat>
                    <lon>1.3985</lon>
                    <date>2013-07-11T18:08:30+02:00</date>
                    <speedMph>424</speedMph>
                    <altitudeFt>38000</altitudeFt>
                </position>
                <position>
                    <lat>49.9922</lat>
                    <lon>1.515</lon>
                    <date>2013-07-11T18:07:30+02:00</date>
                    <speedMph>424</speedMph>
                    <altitudeFt>38000</altitudeFt>
                </position>
                <position>
                    <lat>49.9115</lat>
                    <lon>1.6214</lon>
                    <date>2013-07-11T18:06:30+02:00</date>
                    <speedMph>424</speedMph>
                    <altitudeFt>38030</altitudeFt>
                </position>
                <position>
                    <lat>49.8235</lat>
                    <lon>1.7364</lon>
                    <date>2013-07-11T18:05:30+02:00</date>
                    <speedMph>424</speedMph>
                    <altitudeFt>38000</altitudeFt>
                </position>
                <position>
                    <lat>49.7238</lat>
                    <lon>1.8693</lon>
                    <date>2013-07-11T18:04:30+02:00</date>
                    <speedMph>424</speedMph>
                    <altitudeFt>38000</altitudeFt>
                </position>
                <position>
                    <lat>49.6433</lat>
                    <lon>1.9767</lon>
                    <date>2013-07-11T18:03:30+02:00</date>
                    <speedMph>420</speedMph>
                    <altitudeFt>38000</altitudeFt>
                </position>
                <position>
                    <lat>49.5558</lat>
                    <lon>2.0928</lon>
                    <date>2013-07-11T18:02:30+02:00</date>
                    <speedMph>424</speedMph>
                    <altitudeFt>38000</altitudeFt>
                </position>
                <position>
                    <lat>49.4662</lat>
                    <lon>2.2111</lon>
                    <date>2013-07-11T18:01:30+02:00</date>
                    <speedMph>424</speedMph>
                    <altitudeFt>38000</altitudeFt>
                </position>
                <position>
                    <lat>49.3815</lat>
                    <lon>2.3219</lon>
                    <date>2013-07-11T18:00:30+02:00</date>
                    <speedMph>420</speedMph>
                    <altitudeFt>38000</altitudeFt>
                </position>
                <position>
                    <lat>49.2888</lat>
                    <lon>2.4434</lon>
                    <date>2013-07-11T17:59:30+02:00</date>
                    <speedMph>420</speedMph>
                    <altitudeFt>38030</altitudeFt>
                </position>
                <position>
                    <lat>49.1989</lat>
                    <lon>2.5603</lon>
                    <date>2013-07-11T17:58:30+02:00</date>
                    <speedMph>420</speedMph>
                    <altitudeFt>38000</altitudeFt>
                </position>
                <position>
                    <lat>49.1056</lat>
                    <lon>2.6806</lon>
                    <date>2013-07-11T17:57:30+02:00</date>
                    <speedMph>420</speedMph>
                    <altitudeFt>38000</altitudeFt>
                </position>
                <position>
                    <lat>49.0172</lat>
                    <lon>2.7939</lon>
                    <date>2013-07-11T17:56:30+02:00</date>
                    <speedMph>420</speedMph>
                    <altitudeFt>38030</altitudeFt>
                </position>
                <position>
                    <lat>48.933</lat>
                    <lon>2.902</lon>
                    <date>2013-07-11T17:55:30+02:00</date>
                    <speedMph>420</speedMph>
                    <altitudeFt>38000</altitudeFt>
                </position>
                <position>
                    <lat>48.833</lat>
                    <lon>3.015</lon>
                    <date>2013-07-11T17:54:30+02:00</date>
                    <speedMph>420</speedMph>
                    <altitudeFt>37980</altitudeFt>
                </position>
                <position>
                    <lat>48.7327</lat>
                    <lon>3.084</lon>
                    <date>2013-07-11T17:53:30+02:00</date>
                    <speedMph>416</speedMph>
                    <altitudeFt>38000</altitudeFt>
                </position>
                <position>
                    <lat>48.6198</lat>
                    <lon>3.1537</lon>
                    <date>2013-07-11T17:52:30+02:00</date>
                    <speedMph>420</speedMph>
                    <altitudeFt>38000</altitudeFt>
                </position>
                <position>
                    <lat>48.5057</lat>
                    <lon>3.2241</lon>
                    <date>2013-07-11T17:51:30+02:00</date>
                    <speedMph>420</speedMph>
                    <altitudeFt>38000</altitudeFt>
                </position>
                <position>
                    <lat>48.4111</lat>
                    <lon>3.2819</lon>
                    <date>2013-07-11T17:50:30+02:00</date>
                    <speedMph>420</speedMph>
                    <altitudeFt>38000</altitudeFt>
                </position>
                <position>
                    <lat>48.3008</lat>
                    <lon>3.3493</lon>
                    <date>2013-07-11T17:49:30+02:00</date>
                    <speedMph>420</speedMph>
                    <altitudeFt>38000</altitudeFt>
                </position>
                <position>
                    <lat>48.1942</lat>
                    <lon>3.4139</lon>
                    <date>2013-07-11T17:48:30+02:00</date>
                    <speedMph>420</speedMph>
                    <altitudeFt>37980</altitudeFt>
                </position>
                <position>
                    <lat>48.0881</lat>
                    <lon>3.4784</lon>
                    <date>2013-07-11T17:47:30+02:00</date>
                    <speedMph>416</speedMph>
                    <altitudeFt>37980</altitudeFt>
                </position>
                <position>
                    <lat>47.9754</lat>
                    <lon>3.5463</lon>
                    <date>2013-07-11T17:46:30+02:00</date>
                    <speedMph>416</speedMph>
                    <altitudeFt>38050</altitudeFt>
                </position>
                <position>
                    <lat>47.8747</lat>
                    <lon>3.6069</lon>
                    <date>2013-07-11T17:45:30+02:00</date>
                    <speedMph>416</speedMph>
                    <altitudeFt>38030</altitudeFt>
                </position>
                <position>
                    <lat>47.7654</lat>
                    <lon>3.6715</lon>
                    <date>2013-07-11T17:44:30+02:00</date>
                    <speedMph>416</speedMph>
                    <altitudeFt>38000</altitudeFt>
                </position>
                <position>
                    <lat>47.6596</lat>
                    <lon>3.7344</lon>
                    <date>2013-07-11T17:43:30+02:00</date>
                    <speedMph>412</speedMph>
                    <altitudeFt>38000</altitudeFt>
                </position>
                <position>
                    <lat>47.5476</lat>
                    <lon>3.8009</lon>
                    <date>2013-07-11T17:42:30+02:00</date>
                    <speedMph>408</speedMph>
                    <altitudeFt>38000</altitudeFt>
                </position>
                <position>
                    <lat>47.449</lat>
                    <lon>3.8586</lon>
                    <date>2013-07-11T17:41:30+02:00</date>
                    <speedMph>420</speedMph>
                    <altitudeFt>37880</altitudeFt>
                </position>
                <position>
                    <lat>47.3409</lat>
                    <lon>3.922</lon>
                    <date>2013-07-11T17:40:30+02:00</date>
                    <speedMph>424</speedMph>
                    <altitudeFt>36750</altitudeFt>
                </position>
                <position>
                    <lat>47.2295</lat>
                    <lon>3.9868</lon>
                    <date>2013-07-11T17:39:30+02:00</date>
                    <speedMph>416</speedMph>
                    <altitudeFt>36000</altitudeFt>
                </position>
                <position>
                    <lat>47.1302</lat>
                    <lon>4.0446</lon>
                    <date>2013-07-11T17:38:30+02:00</date>
                    <speedMph>416</speedMph>
                    <altitudeFt>36030</altitudeFt>
                </position>
                <position>
                    <lat>46.9958</lat>
                    <lon>4.1225</lon>
                    <date>2013-07-11T17:37:30+02:00</date>
                    <speedMph>424</speedMph>
                    <altitudeFt>34630</altitudeFt>
                </position>
                <position>
                    <lat>46.897</lat>
                    <lon>4.1787</lon>
                    <date>2013-07-11T17:36:30+02:00</date>
                    <speedMph>436</speedMph>
                    <altitudeFt>32830</altitudeFt>
                </position>
                <position>
                    <lat>46.7818</lat>
                    <lon>4.2733</lon>
                    <date>2013-07-11T17:35:30+02:00</date>
                    <speedMph>436</speedMph>
                    <altitudeFt>30830</altitudeFt>
                </position>
                <position>
                    <lat>46.6829</lat>
                    <lon>4.3636</lon>
                    <date>2013-07-11T17:34:30+02:00</date>
                    <speedMph>424</speedMph>
                    <altitudeFt>29500</altitudeFt>
                </position>
                <position>
                    <lat>46.5966</lat>
                    <lon>4.4427</lon>
                    <date>2013-07-11T17:33:30+02:00</date>
                    <speedMph>416</speedMph>
                    <altitudeFt>27980</altitudeFt>
                </position>
                <position>
                    <lat>46.5025</lat>
                    <lon>4.5309</lon>
                    <date>2013-07-11T17:32:30+02:00</date>
                    <speedMph>404</speedMph>
                    <altitudeFt>26230</altitudeFt>
                </position>
                <position>
                    <lat>46.4135</lat>
                    <lon>4.6138</lon>
                    <date>2013-07-11T17:31:30+02:00</date>
                    <speedMph>392</speedMph>
                    <altitudeFt>24280</altitudeFt>
                </position>
                <position>
                    <lat>46.3174</lat>
                    <lon>4.7017</lon>
                    <date>2013-07-11T17:30:30+02:00</date>
                    <speedMph>384</speedMph>
                    <altitudeFt>21830</altitudeFt>
                </position>
                <position>
                    <lat>46.2303</lat>
                    <lon>4.7807</lon>
                    <date>2013-07-11T17:29:30+02:00</date>
                    <speedMph>372</speedMph>
                    <altitudeFt>19400</altitudeFt>
                </position>
                <position>
                    <lat>46.1385</lat>
                    <lon>4.8639</lon>
                    <date>2013-07-11T17:28:30+02:00</date>
                    <speedMph>356</speedMph>
                    <altitudeFt>16550</altitudeFt>
                </position>
                <position>
                    <lat>46.0648</lat>
                    <lon>4.9306</lon>
                    <date>2013-07-11T17:27:30+02:00</date>
                    <speedMph>340</speedMph>
                    <altitudeFt>14030</altitudeFt>
                </position>
                <position>
                    <lat>46.0227</lat>
                    <lon>4.9687</lon>
                    <date>2013-07-11T17:27:00+02:00</date>
                    <speedMph>332</speedMph>
                    <altitudeFt>12380</altitudeFt>
                </position>
                <position>
                    <lat>45.9845</lat>
                    <lon>5.0031</lon>
                    <date>2013-07-11T17:26:30+02:00</date>
                    <speedMph>312</speedMph>
                    <altitudeFt>11080</altitudeFt>
                </position>
                <position>
                    <lat>45.9499</lat>
                    <lon>5.0345</lon>
                    <date>2013-07-11T17:26:00+02:00</date>
                    <speedMph>288</speedMph>
                    <altitudeFt>9830</altitudeFt>
                </position>
                <position>
                    <lat>45.9403</lat>
                    <lon>5.0434</lon>
                    <date>2013-07-11T17:25:50+02:00</date>
                    <speedMph>288</speedMph>
                    <altitudeFt>9300</altitudeFt>
                </position>
                <position>
                    <lat>45.9272</lat>
                    <lon>5.0546</lon>
                    <date>2013-07-11T17:25:40+02:00</date>
                    <speedMph>284</speedMph>
                    <altitudeFt>8680</altitudeFt>
                </position>
                <position>
                    <lat>45.9152</lat>
                    <lon>5.0602</lon>
                    <date>2013-07-11T17:25:30+02:00</date>
                    <speedMph>280</speedMph>
                    <altitudeFt>8100</altitudeFt>
                </position>
                <position>
                    <lat>45.9068</lat>
                    <lon>5.062</lon>
                    <date>2013-07-11T17:25:20+02:00</date>
                    <speedMph>276</speedMph>
                    <altitudeFt>7800</altitudeFt>
                </position>
                <position>
                    <lat>45.8927</lat>
                    <lon>5.0648</lon>
                    <date>2013-07-11T17:25:10+02:00</date>
                    <speedMph>272</speedMph>
                    <altitudeFt>7080</altitudeFt>
                </position>
                <position>
                    <lat>45.8746</lat>
                    <lon>5.0683</lon>
                    <date>2013-07-11T17:25:00+02:00</date>
                    <speedMph>268</speedMph>
                    <altitudeFt>6250</altitudeFt>
                </position>
                <position>
                    <lat>45.8673</lat>
                    <lon>5.0695</lon>
                    <date>2013-07-11T17:24:50+02:00</date>
                    <speedMph>264</speedMph>
                    <altitudeFt>5900</altitudeFt>
                </position>
                <position>
                    <lat>45.8526</lat>
                    <lon>5.072</lon>
                    <date>2013-07-11T17:24:40+02:00</date>
                    <speedMph>260</speedMph>
                    <altitudeFt>5250</altitudeFt>
                </position>
                <position>
                    <lat>45.8429</lat>
                    <lon>5.0735</lon>
                    <date>2013-07-11T17:24:30+02:00</date>
                    <speedMph>252</speedMph>
                    <altitudeFt>4830</altitudeFt>
                </position>
                <position>
                    <lat>45.837</lat>
                    <lon>5.0744</lon>
                    <date>2013-07-11T17:24:25+02:00</date>
                    <speedMph>252</speedMph>
                    <altitudeFt>4550</altitudeFt>
                </position>
                <position>
                    <lat>45.8291</lat>
                    <lon>5.0755</lon>
                    <date>2013-07-11T17:24:20+02:00</date>
                    <speedMph>248</speedMph>
                    <altitudeFt>4200</altitudeFt>
                </position>
                <position>
                    <lat>45.8243</lat>
                    <lon>5.0762</lon>
                    <date>2013-07-11T17:24:15+02:00</date>
                    <speedMph>244</speedMph>
                    <altitudeFt>4000</altitudeFt>
                </position>
                <position>
                    <lat>45.8212</lat>
                    <lon>5.0766</lon>
                    <date>2013-07-11T17:24:10+02:00</date>
                    <speedMph>240</speedMph>
                    <altitudeFt>3880</altitudeFt>
                </position>
                <position>
                    <lat>45.8167</lat>
                    <lon>5.0771</lon>
                    <date>2013-07-11T17:24:05+02:00</date>
                    <speedMph>232</speedMph>
                    <altitudeFt>3730</altitudeFt>
                </position>
                <position>
                    <lat>45.8062</lat>
                    <lon>5.0785</lon>
                    <date>2013-07-11T17:24:00+02:00</date>
                    <speedMph>220</speedMph>
                    <altitudeFt>3350</altitudeFt>
                </position>
                <position>
                    <lat>45.8038</lat>
                    <lon>5.0788</lon>
                    <date>2013-07-11T17:23:55+02:00</date>
                    <speedMph>216</speedMph>
                    <altitudeFt>3250</altitudeFt>
                </position>
                <position>
                    <lat>45.8004</lat>
                    <lon>5.0793</lon>
                    <date>2013-07-11T17:23:50+02:00</date>
                    <speedMph>212</speedMph>
                    <altitudeFt>3130</altitudeFt>
                </position>
                <position>
                    <lat>45.7954</lat>
                    <lon>5.08</lon>
                    <date>2013-07-11T17:23:45+02:00</date>
                    <speedMph>204</speedMph>
                    <altitudeFt>2950</altitudeFt>
                </position>
                <position>
                    <lat>45.7885</lat>
                    <lon>5.081</lon>
                    <date>2013-07-11T17:23:40+02:00</date>
                    <speedMph>196</speedMph>
                    <altitudeFt>2730</altitudeFt>
                </position>
                <position>
                    <lat>45.7844</lat>
                    <lon>5.0816</lon>
                    <date>2013-07-11T17:23:35+02:00</date>
                    <speedMph>188</speedMph>
                    <altitudeFt>2630</altitudeFt>
                </position>
                <position>
                    <lat>45.7814</lat>
                    <lon>5.0819</lon>
                    <date>2013-07-11T17:23:30+02:00</date>
                    <speedMph>184</speedMph>
                    <altitudeFt>2580</altitudeFt>
                </position>
                <position>
                    <lat>45.7778</lat>
                    <lon>5.0824</lon>
                    <date>2013-07-11T17:23:25+02:00</date>
                    <speedMph>176</speedMph>
                    <altitudeFt>2500</altitudeFt>
                </position>
                <position>
                    <lat>45.7712</lat>
                    <lon>5.0833</lon>
                    <date>2013-07-11T17:23:20+02:00</date>
                    <speedMph>168</speedMph>
                    <altitudeFt>2330</altitudeFt>
                </position>
                <position>
                    <lat>45.7684</lat>
                    <lon>5.0836</lon>
                    <date>2013-07-11T17:23:15+02:00</date>
                    <speedMph>164</speedMph>
                    <altitudeFt>2280</altitudeFt>
                </position>
                <position>
                    <lat>45.7655</lat>
                    <lon>5.084</lon>
                    <date>2013-07-11T17:23:10+02:00</date>
                    <speedMph>160</speedMph>
                    <altitudeFt>2200</altitudeFt>
                </position>
                <position>
                    <lat>45.7626</lat>
                    <lon>5.0844</lon>
                    <date>2013-07-11T17:23:05+02:00</date>
                    <speedMph>152</speedMph>
                    <altitudeFt>2100</altitudeFt>
                </position>
                <position>
                    <lat>45.7595</lat>
                    <lon>5.0847</lon>
                    <date>2013-07-11T17:23:00+02:00</date>
                    <speedMph>152</speedMph>
                    <altitudeFt>2000</altitudeFt>
                </position>
                <position>
                    <lat>45.754</lat>
                    <lon>5.0855</lon>
                    <date>2013-07-11T17:22:55+02:00</date>
                    <speedMph>148</speedMph>
                    <altitudeFt>1700</altitudeFt>
                </position>
                <position>
                    <lat>45.7516</lat>
                    <lon>5.0857</lon>
                    <date>2013-07-11T17:22:50+02:00</date>
                    <speedMph>148</speedMph>
                    <altitudeFt>1580</altitudeFt>
                </position>
                <position>
                    <lat>45.7487</lat>
                    <lon>5.086</lon>
                    <date>2013-07-11T17:22:45+02:00</date>
                    <speedMph>148</speedMph>
                    <altitudeFt>1430</altitudeFt>
                </position>
                <position>
                    <lat>45.7407</lat>
                    <lon>5.0867</lon>
                    <date>2013-07-11T17:22:35+02:00</date>
                    <speedMph>152</speedMph>
                    <altitudeFt>1000</altitudeFt>
                </position>
                <position>
                    <lat>45.7378</lat>
                    <lon>5.087</lon>
                    <date>2013-07-11T17:22:30+02:00</date>
                    <speedMph>152</speedMph>
                    <altitudeFt>880</altitudeFt>
                </position>
                <position>
                    <lat>45.7344</lat>
                    <lon>5.0874</lon>
                    <date>2013-07-11T17:22:25+02:00</date>
                    <speedMph>144</speedMph>
                    <altitudeFt>0</altitudeFt>
                </position>
                <position>
                    <lat>45.7325</lat>
                    <lon>5.0877</lon>
                    <date>2013-07-11T17:22:20+02:00</date>
                    <speedMph>136</speedMph>
                    <altitudeFt>0</altitudeFt>
                </position>
                <position>
                    <lat>45.7278</lat>
                    <lon>5.0882</lon>
                    <date>2013-07-11T17:22:15+02:00</date>
                    <speedMph>104</speedMph>
                    <altitudeFt>0</altitudeFt>
                </position>
                <position>
                    <lat>45.7249</lat>
                    <lon>5.0886</lon>
                    <date>2013-07-11T17:22:10+02:00</date>
                    <speedMph>92</speedMph>
                    <altitudeFt>0</altitudeFt>
                </position>
                <position>
                    <lat>45.7241</lat>
                    <lon>5.0887</lon>
                    <date>2013-07-11T17:22:05+02:00</date>
                    <speedMph>84</speedMph>
                    <altitudeFt>0</altitudeFt>
                </position>
                <position>
                    <lat>45.7227</lat>
                    <lon>5.0889</lon>
                    <date>2013-07-11T17:22:00+02:00</date>
                    <speedMph>64</speedMph>
                    <altitudeFt>0</altitudeFt>
                </position>
                <position>
                    <lat>45.7205</lat>
                    <lon>5.0891</lon>
                    <date>2013-07-11T17:21:55+02:00</date>
                    <speedMph>20</speedMph>
                    <altitudeFt>0</altitudeFt>
                </position>
                <position>
                    <lat>45.7203</lat>
                    <lon>5.0891</lon>
                    <date>2013-07-11T17:21:50+02:00</date>
                    <speedMph>24</speedMph>
                    <altitudeFt>0</altitudeFt>
                </position>
                <position>
                    <lat>45.7198</lat>
                    <lon>5.0892</lon>
                    <date>2013-07-11T17:21:30+02:00</date>
                    <speedMph>12</speedMph>
                    <altitudeFt>0</altitudeFt>
                </position>
                <position>
                    <lat>45.7198</lat>
                    <lon>5.0892</lon>
                    <date>2013-07-11T17:21:25+02:00</date>
                    <speedMph>16</speedMph>
                    <altitudeFt>0</altitudeFt>
                </position>
                <position>
                    <lat>45.7197</lat>
                    <lon>5.0891</lon>
                    <date>2013-07-11T17:21:20+02:00</date>
                    <speedMph>20</speedMph>
                    <altitudeFt>0</altitudeFt>
                </position>
                <position>
                    <lat>45.7197</lat>
                    <lon>5.0889</lon>
                    <date>2013-07-11T17:21:15+02:00</date>
                    <speedMph>20</speedMph>
                    <altitudeFt>0</altitudeFt>
                </position>
                <position>
                    <lat>45.7196</lat>
                    <lon>5.0884</lon>
                    <date>2013-07-11T17:21:10+02:00</date>
                    <speedMph>24</speedMph>
                    <altitudeFt>0</altitudeFt>
                </position>
                <position>
                    <lat>45.7196</lat>
                    <lon>5.0882</lon>
                    <date>2013-07-11T17:21:05+02:00</date>
                    <speedMph>24</speedMph>
                    <altitudeFt>0</altitudeFt>
                </position>
                <position>
                    <lat>45.7196</lat>
                    <lon>5.0879</lon>
                    <date>2013-07-11T17:21:00+02:00</date>
                    <speedMph>24</speedMph>
                    <altitudeFt>0</altitudeFt>
                </position>
                <position>
                    <lat>45.7196</lat>
                    <lon>5.0874</lon>
                    <date>2013-07-11T17:20:55+02:00</date>
                    <speedMph>16</speedMph>
                    <altitudeFt>0</altitudeFt>
                </position>
                <position>
                    <lat>45.7195</lat>
                    <lon>5.0873</lon>
                    <date>2013-07-11T17:20:50+02:00</date>
                    <speedMph>12</speedMph>
                    <altitudeFt>0</altitudeFt>
                </position>
                <position>
                    <lat>45.7195</lat>
                    <lon>5.0873</lon>
                    <date>2013-07-11T17:20:45+02:00</date>
                    <speedMph>8</speedMph>
                    <altitudeFt>0</altitudeFt>
                </position>
                <position>
                    <lat>45.7195</lat>
                    <lon>5.0872</lon>
                    <date>2013-07-11T17:20:40+02:00</date>
                    <speedMph>4</speedMph>
                    <altitudeFt>0</altitudeFt>
                </position>
                <position>
                    <lat>45.7195</lat>
                    <lon>5.0871</lon>
                    <date>2013-07-11T17:20:35+02:00</date>
                    <speedMph>8</speedMph>
                    <altitudeFt>0</altitudeFt>
                </position>
                <position>
                    <lat>45.7195</lat>
                    <lon>5.0869</lon>
                    <date>2013-07-11T17:20:30+02:00</date>
                    <speedMph>12</speedMph>
                    <altitudeFt>0</altitudeFt>
                </position>
                <position>
                    <lat>45.7195</lat>
                    <lon>5.0869</lon>
                    <date>2013-07-11T17:20:25+02:00</date>
                    <speedMph>12</speedMph>
                    <altitudeFt>0</altitudeFt>
                </position>
                <position>
                    <lat>45.7195</lat>
                    <lon>5.0868</lon>
                    <date>2013-07-11T17:20:20+02:00</date>
                    <speedMph>20</speedMph>
                    <altitudeFt>0</altitudeFt>
                </position>
                <position>
                    <lat>45.7195</lat>
                    <lon>5.0866</lon>
                    <date>2013-07-11T17:20:15+02:00</date>
                    <speedMph>20</speedMph>
                    <altitudeFt>0</altitudeFt>
                </position>
                <position>
                    <lat>45.7195</lat>
                    <lon>5.0863</lon>
                    <date>2013-07-11T17:20:10+02:00</date>
                    <speedMph>28</speedMph>
                    <altitudeFt>0</altitudeFt>
                </position>
                <position>
                    <lat>45.7195</lat>
                    <lon>5.086</lon>
                    <date>2013-07-11T17:20:05+02:00</date>
                    <speedMph>28</speedMph>
                    <altitudeFt>0</altitudeFt>
                </position>
                <position>
                    <lat>45.7194</lat>
                    <lon>5.0854</lon>
                    <date>2013-07-11T17:20:00+02:00</date>
                    <speedMph>24</speedMph>
                    <altitudeFt>0</altitudeFt>
                </position>
                <position>
                    <lat>45.7187</lat>
                    <lon>5.0847</lon>
                    <date>2013-07-11T17:19:35+02:00</date>
                    <speedMph>28</speedMph>
                    <altitudeFt>0</altitudeFt>
                </position>
                <position>
                    <lat>45.7186</lat>
                    <lon>5.0847</lon>
                    <date>2013-07-11T17:19:30+02:00</date>
                    <speedMph>32</speedMph>
                    <altitudeFt>0</altitudeFt>
                </position>
                <position>
                    <lat>45.7179</lat>
                    <lon>5.0848</lon>
                    <date>2013-07-11T17:19:25+02:00</date>
                    <speedMph>16</speedMph>
                    <altitudeFt>0</altitudeFt>
                </position>
                <position>
                    <lat>45.7177</lat>
                    <lon>5.0848</lon>
                    <date>2013-07-11T17:19:20+02:00</date>
                    <speedMph>16</speedMph>
                    <altitudeFt>0</altitudeFt>
                </position>
                <position>
                    <lat>45.7173</lat>
                    <lon>5.0849</lon>
                    <date>2013-07-11T17:19:15+02:00</date>
                    <speedMph>36</speedMph>
                    <altitudeFt>0</altitudeFt>
                </position>
                <position>
                    <lat>45.7172</lat>
                    <lon>5.0849</lon>
                    <date>2013-07-11T17:19:10+02:00</date>
                    <speedMph>32</speedMph>
                    <altitudeFt>0</altitudeFt>
                </position>
                <position>
                    <lat>45.7168</lat>
                    <lon>5.0849</lon>
                    <date>2013-07-11T17:19:05+02:00</date>
                    <speedMph>32</speedMph>
                    <altitudeFt>0</altitudeFt>
                </position>
                <position>
                    <lat>45.7162</lat>
                    <lon>5.085</lon>
                    <date>2013-07-11T17:18:55+02:00</date>
                    <speedMph>28</speedMph>
                    <altitudeFt>0</altitudeFt>
                </position>
                <position>
                    <lat>45.7159</lat>
                    <lon>5.085</lon>
                    <date>2013-07-11T17:18:50+02:00</date>
                    <speedMph>28</speedMph>
                    <altitudeFt>0</altitudeFt>
                </position>
                <position>
                    <lat>45.7146</lat>
                    <lon>5.0852</lon>
                    <date>2013-07-11T17:18:25+02:00</date>
                    <speedMph>24</speedMph>
                    <altitudeFt>0</altitudeFt>
                </position>
                <position>
                    <lat>45.7145</lat>
                    <lon>5.0852</lon>
                    <date>2013-07-11T17:18:20+02:00</date>
                    <speedMph>24</speedMph>
                    <altitudeFt>0</altitudeFt>
                </position>
                <position>
                    <lat>45.7144</lat>
                    <lon>5.0851</lon>
                    <date>2013-07-11T17:18:15+02:00</date>
                    <speedMph>20</speedMph>
                    <altitudeFt>0</altitudeFt>
                </position>
                <position>
                    <lat>45.7143</lat>
                    <lon>5.085</lon>
                    <date>2013-07-11T17:18:10+02:00</date>
                    <speedMph>20</speedMph>
                    <altitudeFt>0</altitudeFt>
                </position>
                <position>
                    <lat>45.7141</lat>
                    <lon>5.0845</lon>
                    <date>2013-07-11T17:18:05+02:00</date>
                    <speedMph>20</speedMph>
                    <altitudeFt>0</altitudeFt>
                </position>
                <position>
                    <lat>45.7141</lat>
                    <lon>5.0843</lon>
                    <date>2013-07-11T17:18:00+02:00</date>
                    <speedMph>24</speedMph>
                    <altitudeFt>0</altitudeFt>
                </position>
                <position>
                    <lat>45.7141</lat>
                    <lon>5.0841</lon>
                    <date>2013-07-11T17:17:55+02:00</date>
                    <speedMph>24</speedMph>
                    <altitudeFt>0</altitudeFt>
                </position>
                <position>
                    <lat>45.7141</lat>
                    <lon>5.0838</lon>
                    <date>2013-07-11T17:17:50+02:00</date>
                    <speedMph>24</speedMph>
                    <altitudeFt>0</altitudeFt>
                </position>
                <position>
                    <lat>45.7141</lat>
                    <lon>5.0834</lon>
                    <date>2013-07-11T17:17:45+02:00</date>
                    <speedMph>24</speedMph>
                    <altitudeFt>0</altitudeFt>
                </position>
                <position>
                    <lat>45.7141</lat>
                    <lon>5.0832</lon>
                    <date>2013-07-11T17:17:40+02:00</date>
                    <speedMph>20</speedMph>
                    <altitudeFt>0</altitudeFt>
                </position>
                <position>
                    <lat>45.7141</lat>
                    <lon>5.083</lon>
                    <date>2013-07-11T17:17:35+02:00</date>
                    <speedMph>20</speedMph>
                    <altitudeFt>0</altitudeFt>
                </position>
                <position>
                    <lat>45.7141</lat>
                    <lon>5.0828</lon>
                    <date>2013-07-11T17:17:30+02:00</date>
                    <speedMph>20</speedMph>
                    <altitudeFt>0</altitudeFt>
                </position>
                <position>
                    <lat>45.7142</lat>
                    <lon>5.0823</lon>
                    <date>2013-07-11T17:17:20+02:00</date>
                    <speedMph>12</speedMph>
                    <altitudeFt>0</altitudeFt>
                </position>
                <position>
                    <lat>45.7142</lat>
                    <lon>5.0822</lon>
                    <date>2013-07-11T17:17:10+02:00</date>
                    <speedMph>4</speedMph>
                    <altitudeFt>0</altitudeFt>
                </position>
                <position>
                    <lat>45.7142</lat>
                    <lon>5.0822</lon>
                    <date>2013-07-11T17:17:05+02:00</date>
                    <speedMph>0</speedMph>
                    <altitudeFt>0</altitudeFt>
                </position>
                <position>
                    <lat>45.7142</lat>
                    <lon>5.0822</lon>
                    <date>2013-07-11T17:16:40+02:00</date>
                    <speedMph>0</speedMph>
                    <altitudeFt>0</altitudeFt>
                </position>
                <position>
                    <lat>45.7142</lat>
                    <lon>5.0822</lon>
                    <date>2013-07-11T17:16:20+02:00</date>
                    <speedMph>0</speedMph>
                    <altitudeFt>0</altitudeFt>
                </position>
                <position>
                    <lat>45.7143</lat>
                    <lon>5.0822</lon>
                    <date>2013-07-11T17:16:00+02:00</date>
                    <speedMph>0</speedMph>
                    <altitudeFt>0</altitudeFt>
                </position>
            </positions>
        </flightTrack>
    </flightTracks>
</flightstatslog>
