<?xml version="1.0" encoding="UTF-8" standalone="yes"?>
<flightstatslog>
    <appendix>
        <airports>
            <airport>
                <fs>LIS</fs>
                <latitude>38.781311</latitude>
                <longitude>-9.135919</longitude>
                <city>Lisbon</city>
            </airport>
            <airport>
                <fs>AMS</fs>
                <latitude>52.308613</latitude>
                <longitude>4.763889</longitude>
                <city>Amsterdam</city>
            </airport>
        </airports>
    </appendix>
    <flightTracks>
        <flightTrack>
            <flightId>4735326</flightId>
            <departureAirportFsCode>LIS</departureAirportFsCode>
            <arrivalAirportFsCode>AMS</arrivalAirportFsCode>
            <positions>
                <position>
                    <lat>52.3036</lat>
                    <lon>4.7651</lon>
                    <date>2013-07-11T19:20:29+02:00</date>
                    <speedMph>12</speedMph>
                    <altitudeFt>0</altitudeFt>
                </position>
                <position>
                    <lat>52.3036</lat>
                    <lon>4.7652</lon>
                    <date>2013-07-11T19:20:24+02:00</date>
                    <speedMph>12</speedMph>
                    <altitudeFt>0</altitudeFt>
                </position>
                <position>
                    <lat>52.3019</lat>
                    <lon>4.7667</lon>
                    <date>2013-07-11T19:18:54+02:00</date>
                    <speedMph>24</speedMph>
                    <altitudeFt>0</altitudeFt>
                </position>
                <position>
                    <lat>52.3002</lat>
                    <lon>4.7652</lon>
                    <date>2013-07-11T19:18:44+02:00</date>
                    <speedMph>32</speedMph>
                    <altitudeFt>0</altitudeFt>
                </position>
                <position>
                    <lat>52.2998</lat>
                    <lon>4.7646</lon>
                    <date>2013-07-11T19:18:39+02:00</date>
                    <speedMph>32</speedMph>
                    <altitudeFt>0</altitudeFt>
                </position>
                <position>
                    <lat>52.2995</lat>
                    <lon>4.7642</lon>
                    <date>2013-07-11T19:18:34+02:00</date>
                    <speedMph>32</speedMph>
                    <altitudeFt>0</altitudeFt>
                </position>
                <position>
                    <lat>52.295</lat>
                    <lon>4.7521</lon>
                    <date>2013-07-11T19:18:09+02:00</date>
                    <speedMph>112</speedMph>
                    <altitudeFt>0</altitudeFt>
                </position>
                <position>
                    <lat>52.2887</lat>
                    <lon>4.7358</lon>
                    <date>2013-07-11T19:17:54+02:00</date>
                    <speedMph>144</speedMph>
                    <altitudeFt>0</altitudeFt>
                </position>
                <position>
                    <lat>52.2883</lat>
                    <lon>4.7348</lon>
                    <date>2013-07-11T19:17:49+02:00</date>
                    <speedMph>144</speedMph>
                    <altitudeFt>0</altitudeFt>
                </position>
                <position>
                    <lat>52.2867</lat>
                    <lon>4.7311</lon>
                    <date>2013-07-11T19:17:44+02:00</date>
                    <speedMph>144</speedMph>
                    <altitudeFt>0</altitudeFt>
                </position>
                <position>
                    <lat>52.2853</lat>
                    <lon>4.7273</lon>
                    <date>2013-07-11T19:17:39+02:00</date>
                    <speedMph>144</speedMph>
                    <altitudeFt>0</altitudeFt>
                </position>
                <position>
                    <lat>52.284</lat>
                    <lon>4.7237</lon>
                    <date>2013-07-11T19:17:34+02:00</date>
                    <speedMph>144</speedMph>
                    <altitudeFt>0</altitudeFt>
                </position>
                <position>
                    <lat>52.281</lat>
                    <lon>4.7164</lon>
                    <date>2013-07-11T19:17:29+02:00</date>
                    <speedMph>144</speedMph>
                    <altitudeFt>100</altitudeFt>
                </position>
                <position>
                    <lat>52.2797</lat>
                    <lon>4.7127</lon>
                    <date>2013-07-11T19:17:24+02:00</date>
                    <speedMph>144</speedMph>
                    <altitudeFt>150</altitudeFt>
                </position>
                <position>
                    <lat>52.2775</lat>
                    <lon>4.7072</lon>
                    <date>2013-07-11T19:17:19+02:00</date>
                    <speedMph>144</speedMph>
                    <altitudeFt>230</altitudeFt>
                </position>
                <position>
                    <lat>52.2755</lat>
                    <lon>4.7017</lon>
                    <date>2013-07-11T19:17:14+02:00</date>
                    <speedMph>144</speedMph>
                    <altitudeFt>300</altitudeFt>
                </position>
                <position>
                    <lat>52.2743</lat>
                    <lon>4.6989</lon>
                    <date>2013-07-11T19:17:09+02:00</date>
                    <speedMph>144</speedMph>
                    <altitudeFt>330</altitudeFt>
                </position>
                <position>
                    <lat>52.2726</lat>
                    <lon>4.6942</lon>
                    <date>2013-07-11T19:17:04+02:00</date>
                    <speedMph>144</speedMph>
                    <altitudeFt>400</altitudeFt>
                </position>
                <position>
                    <lat>52.2715</lat>
                    <lon>4.6915</lon>
                    <date>2013-07-11T19:16:59+02:00</date>
                    <speedMph>144</speedMph>
                    <altitudeFt>430</altitudeFt>
                </position>
                <position>
                    <lat>52.2686</lat>
                    <lon>4.6832</lon>
                    <date>2013-07-11T19:16:54+02:00</date>
                    <speedMph>144</speedMph>
                    <altitudeFt>550</altitudeFt>
                </position>
                <position>
                    <lat>52.2664</lat>
                    <lon>4.6777</lon>
                    <date>2013-07-11T19:16:49+02:00</date>
                    <speedMph>144</speedMph>
                    <altitudeFt>600</altitudeFt>
                </position>
                <position>
                    <lat>52.2657</lat>
                    <lon>4.6759</lon>
                    <date>2013-07-11T19:16:44+02:00</date>
                    <speedMph>144</speedMph>
                    <altitudeFt>630</altitudeFt>
                </position>
                <position>
                    <lat>52.2642</lat>
                    <lon>4.6722</lon>
                    <date>2013-07-11T19:16:39+02:00</date>
                    <speedMph>140</speedMph>
                    <altitudeFt>680</altitudeFt>
                </position>
                <position>
                    <lat>52.2629</lat>
                    <lon>4.6686</lon>
                    <date>2013-07-11T19:16:34+02:00</date>
                    <speedMph>144</speedMph>
                    <altitudeFt>730</altitudeFt>
                </position>
                <position>
                    <lat>52.26</lat>
                    <lon>4.6613</lon>
                    <date>2013-07-11T19:16:29+02:00</date>
                    <speedMph>140</speedMph>
                    <altitudeFt>830</altitudeFt>
                </position>
                <position>
                    <lat>52.2586</lat>
                    <lon>4.6577</lon>
                    <date>2013-07-11T19:16:24+02:00</date>
                    <speedMph>144</speedMph>
                    <altitudeFt>880</altitudeFt>
                </position>
                <position>
                    <lat>52.2567</lat>
                    <lon>4.6531</lon>
                    <date>2013-07-11T19:16:19+02:00</date>
                    <speedMph>148</speedMph>
                    <altitudeFt>950</altitudeFt>
                </position>
                <position>
                    <lat>52.255</lat>
                    <lon>4.6483</lon>
                    <date>2013-07-11T19:16:14+02:00</date>
                    <speedMph>152</speedMph>
                    <altitudeFt>1000</altitudeFt>
                </position>
                <position>
                    <lat>52.2535</lat>
                    <lon>4.6445</lon>
                    <date>2013-07-11T19:16:09+02:00</date>
                    <speedMph>148</speedMph>
                    <altitudeFt>1050</altitudeFt>
                </position>
                <position>
                    <lat>52.2521</lat>
                    <lon>4.6408</lon>
                    <date>2013-07-11T19:16:04+02:00</date>
                    <speedMph>148</speedMph>
                    <altitudeFt>1100</altitudeFt>
                </position>
                <position>
                    <lat>52.2504</lat>
                    <lon>4.637</lon>
                    <date>2013-07-11T19:15:59+02:00</date>
                    <speedMph>148</speedMph>
                    <altitudeFt>1180</altitudeFt>
                </position>
                <position>
                    <lat>52.2447</lat>
                    <lon>4.6218</lon>
                    <date>2013-07-11T19:15:44+02:00</date>
                    <speedMph>152</speedMph>
                    <altitudeFt>1350</altitudeFt>
                </position>
                <position>
                    <lat>52.2416</lat>
                    <lon>4.6139</lon>
                    <date>2013-07-11T19:15:39+02:00</date>
                    <speedMph>156</speedMph>
                    <altitudeFt>1500</altitudeFt>
                </position>
                <position>
                    <lat>52.24</lat>
                    <lon>4.6098</lon>
                    <date>2013-07-11T19:15:34+02:00</date>
                    <speedMph>160</speedMph>
                    <altitudeFt>1550</altitudeFt>
                </position>
                <position>
                    <lat>52.2383</lat>
                    <lon>4.6056</lon>
                    <date>2013-07-11T19:15:29+02:00</date>
                    <speedMph>164</speedMph>
                    <altitudeFt>1630</altitudeFt>
                </position>
                <position>
                    <lat>52.2368</lat>
                    <lon>4.6015</lon>
                    <date>2013-07-11T19:15:24+02:00</date>
                    <speedMph>164</speedMph>
                    <altitudeFt>1680</altitudeFt>
                </position>
                <position>
                    <lat>52.2327</lat>
                    <lon>4.5904</lon>
                    <date>2013-07-11T19:15:19+02:00</date>
                    <speedMph>176</speedMph>
                    <altitudeFt>1850</altitudeFt>
                </position>
                <position>
                    <lat>52.2313</lat>
                    <lon>4.587</lon>
                    <date>2013-07-11T19:15:14+02:00</date>
                    <speedMph>176</speedMph>
                    <altitudeFt>1930</altitudeFt>
                </position>
                <position>
                    <lat>52.2301</lat>
                    <lon>4.5836</lon>
                    <date>2013-07-11T19:15:08+02:00</date>
                    <speedMph>176</speedMph>
                    <altitudeFt>1980</altitudeFt>
                </position>
                <position>
                    <lat>52.2263</lat>
                    <lon>4.5731</lon>
                    <date>2013-07-11T19:15:03+02:00</date>
                    <speedMph>176</speedMph>
                    <altitudeFt>2130</altitudeFt>
                </position>
                <position>
                    <lat>52.2246</lat>
                    <lon>4.5686</lon>
                    <date>2013-07-11T19:14:58+02:00</date>
                    <speedMph>176</speedMph>
                    <altitudeFt>2230</altitudeFt>
                </position>
                <position>
                    <lat>52.2226</lat>
                    <lon>4.5629</lon>
                    <date>2013-07-11T19:14:53+02:00</date>
                    <speedMph>176</speedMph>
                    <altitudeFt>2300</altitudeFt>
                </position>
                <position>
                    <lat>52.2215</lat>
                    <lon>4.5594</lon>
                    <date>2013-07-11T19:14:48+02:00</date>
                    <speedMph>176</speedMph>
                    <altitudeFt>2350</altitudeFt>
                </position>
                <position>
                    <lat>52.2183</lat>
                    <lon>4.5456</lon>
                    <date>2013-07-11T19:14:43+02:00</date>
                    <speedMph>180</speedMph>
                    <altitudeFt>2500</altitudeFt>
                </position>
                <position>
                    <lat>52.2169</lat>
                    <lon>4.5391</lon>
                    <date>2013-07-11T19:14:38+02:00</date>
                    <speedMph>180</speedMph>
                    <altitudeFt>2580</altitudeFt>
                </position>
                <position>
                    <lat>52.216</lat>
                    <lon>4.5352</lon>
                    <date>2013-07-11T19:14:33+02:00</date>
                    <speedMph>180</speedMph>
                    <altitudeFt>2630</altitudeFt>
                </position>
                <position>
                    <lat>52.2151</lat>
                    <lon>4.53</lon>
                    <date>2013-07-11T19:14:28+02:00</date>
                    <speedMph>180</speedMph>
                    <altitudeFt>2680</altitudeFt>
                </position>
                <position>
                    <lat>52.2142</lat>
                    <lon>4.5248</lon>
                    <date>2013-07-11T19:14:23+02:00</date>
                    <speedMph>180</speedMph>
                    <altitudeFt>2730</altitudeFt>
                </position>
                <position>
                    <lat>52.2131</lat>
                    <lon>4.5196</lon>
                    <date>2013-07-11T19:14:18+02:00</date>
                    <speedMph>180</speedMph>
                    <altitudeFt>2780</altitudeFt>
                </position>
                <position>
                    <lat>52.2108</lat>
                    <lon>4.5093</lon>
                    <date>2013-07-11T19:14:13+02:00</date>
                    <speedMph>180</speedMph>
                    <altitudeFt>2930</altitudeFt>
                </position>
                <position>
                    <lat>52.21</lat>
                    <lon>4.5041</lon>
                    <date>2013-07-11T19:14:08+02:00</date>
                    <speedMph>176</speedMph>
                    <altitudeFt>2980</altitudeFt>
                </position>
                <position>
                    <lat>52.2088</lat>
                    <lon>4.4991</lon>
                    <date>2013-07-11T19:14:03+02:00</date>
                    <speedMph>176</speedMph>
                    <altitudeFt>3080</altitudeFt>
                </position>
                <position>
                    <lat>52.2078</lat>
                    <lon>4.494</lon>
                    <date>2013-07-11T19:13:58+02:00</date>
                    <speedMph>176</speedMph>
                    <altitudeFt>3150</altitudeFt>
                </position>
                <position>
                    <lat>52.2059</lat>
                    <lon>4.4837</lon>
                    <date>2013-07-11T19:13:53+02:00</date>
                    <speedMph>184</speedMph>
                    <altitudeFt>3200</altitudeFt>
                </position>
                <position>
                    <lat>52.2043</lat>
                    <lon>4.4772</lon>
                    <date>2013-07-11T19:13:48+02:00</date>
                    <speedMph>184</speedMph>
                    <altitudeFt>3250</altitudeFt>
                </position>
                <position>
                    <lat>52.2037</lat>
                    <lon>4.4732</lon>
                    <date>2013-07-11T19:13:43+02:00</date>
                    <speedMph>184</speedMph>
                    <altitudeFt>3300</altitudeFt>
                </position>
                <position>
                    <lat>52.2024</lat>
                    <lon>4.468</lon>
                    <date>2013-07-11T19:13:38+02:00</date>
                    <speedMph>184</speedMph>
                    <altitudeFt>3380</altitudeFt>
                </position>
                <position>
                    <lat>52.2004</lat>
                    <lon>4.4587</lon>
                    <date>2013-07-11T19:13:33+02:00</date>
                    <speedMph>184</speedMph>
                    <altitudeFt>3500</altitudeFt>
                </position>
                <position>
                    <lat>52.1991</lat>
                    <lon>4.4522</lon>
                    <date>2013-07-11T19:13:28+02:00</date>
                    <speedMph>184</speedMph>
                    <altitudeFt>3600</altitudeFt>
                </position>
                <position>
                    <lat>52.1983</lat>
                    <lon>4.4483</lon>
                    <date>2013-07-11T19:13:23+02:00</date>
                    <speedMph>184</speedMph>
                    <altitudeFt>3650</altitudeFt>
                </position>
                <position>
                    <lat>52.1968</lat>
                    <lon>4.4405</lon>
                    <date>2013-07-11T19:13:18+02:00</date>
                    <speedMph>184</speedMph>
                    <altitudeFt>3780</altitudeFt>
                </position>
                <position>
                    <lat>52.1956</lat>
                    <lon>4.4352</lon>
                    <date>2013-07-11T19:13:13+02:00</date>
                    <speedMph>184</speedMph>
                    <altitudeFt>3850</altitudeFt>
                </position>
                <position>
                    <lat>52.1941</lat>
                    <lon>4.4286</lon>
                    <date>2013-07-11T19:13:08+02:00</date>
                    <speedMph>184</speedMph>
                    <altitudeFt>3950</altitudeFt>
                </position>
                <position>
                    <lat>52.1933</lat>
                    <lon>4.4247</lon>
                    <date>2013-07-11T19:13:03+02:00</date>
                    <speedMph>184</speedMph>
                    <altitudeFt>4000</altitudeFt>
                </position>
                <position>
                    <lat>52.191</lat>
                    <lon>4.4131</lon>
                    <date>2013-07-11T19:12:58+02:00</date>
                    <speedMph>184</speedMph>
                    <altitudeFt>4150</altitudeFt>
                </position>
                <position>
                    <lat>52.1897</lat>
                    <lon>4.4064</lon>
                    <date>2013-07-11T19:12:53+02:00</date>
                    <speedMph>184</speedMph>
                    <altitudeFt>4250</altitudeFt>
                </position>
                <position>
                    <lat>52.1884</lat>
                    <lon>4.4011</lon>
                    <date>2013-07-11T19:12:48+02:00</date>
                    <speedMph>184</speedMph>
                    <altitudeFt>4330</altitudeFt>
                </position>
                <position>
                    <lat>52.1867</lat>
                    <lon>4.392</lon>
                    <date>2013-07-11T19:12:43+02:00</date>
                    <speedMph>184</speedMph>
                    <altitudeFt>4430</altitudeFt>
                </position>
                <position>
                    <lat>52.1858</lat>
                    <lon>4.388</lon>
                    <date>2013-07-11T19:12:38+02:00</date>
                    <speedMph>184</speedMph>
                    <altitudeFt>4500</altitudeFt>
                </position>
                <position>
                    <lat>52.1847</lat>
                    <lon>4.3826</lon>
                    <date>2013-07-11T19:12:33+02:00</date>
                    <speedMph>184</speedMph>
                    <altitudeFt>4550</altitudeFt>
                </position>
                <position>
                    <lat>52.1836</lat>
                    <lon>4.3774</lon>
                    <date>2013-07-11T19:12:28+02:00</date>
                    <speedMph>184</speedMph>
                    <altitudeFt>4630</altitudeFt>
                </position>
                <position>
                    <lat>52.1811</lat>
                    <lon>4.3654</lon>
                    <date>2013-07-11T19:12:23+02:00</date>
                    <speedMph>188</speedMph>
                    <altitudeFt>4750</altitudeFt>
                </position>
                <position>
                    <lat>52.1803</lat>
                    <lon>4.3614</lon>
                    <date>2013-07-11T19:12:18+02:00</date>
                    <speedMph>188</speedMph>
                    <altitudeFt>4800</altitudeFt>
                </position>
                <position>
                    <lat>52.1775</lat>
                    <lon>4.348</lon>
                    <date>2013-07-11T19:12:13+02:00</date>
                    <speedMph>188</speedMph>
                    <altitudeFt>4950</altitudeFt>
                </position>
                <position>
                    <lat>52.173</lat>
                    <lon>4.3262</lon>
                    <date>2013-07-11T19:12:03+02:00</date>
                    <speedMph>192</speedMph>
                    <altitudeFt>5080</altitudeFt>
                </position>
                <position>
                    <lat>52.154</lat>
                    <lon>4.2486</lon>
                    <date>2013-07-11T19:10:53+02:00</date>
                    <speedMph>188</speedMph>
                    <altitudeFt>5630</altitudeFt>
                </position>
                <position>
                    <lat>52.1357</lat>
                    <lon>4.2372</lon>
                    <date>2013-07-11T19:10:33+02:00</date>
                    <speedMph>200</speedMph>
                    <altitudeFt>5850</altitudeFt>
                </position>
                <position>
                    <lat>52.126</lat>
                    <lon>4.2402</lon>
                    <date>2013-07-11T19:10:23+02:00</date>
                    <speedMph>200</speedMph>
                    <altitudeFt>5950</altitudeFt>
                </position>
                <position>
                    <lat>52.1171</lat>
                    <lon>4.2431</lon>
                    <date>2013-07-11T19:10:13+02:00</date>
                    <speedMph>204</speedMph>
                    <altitudeFt>6050</altitudeFt>
                </position>
                <position>
                    <lat>52.1079</lat>
                    <lon>4.2463</lon>
                    <date>2013-07-11T19:10:03+02:00</date>
                    <speedMph>212</speedMph>
                    <altitudeFt>6100</altitudeFt>
                </position>
                <position>
                    <lat>52.1004</lat>
                    <lon>4.2487</lon>
                    <date>2013-07-11T19:09:53+02:00</date>
                    <speedMph>216</speedMph>
                    <altitudeFt>6150</altitudeFt>
                </position>
                <position>
                    <lat>52.0879</lat>
                    <lon>4.2526</lon>
                    <date>2013-07-11T19:09:43+02:00</date>
                    <speedMph>232</speedMph>
                    <altitudeFt>6280</altitudeFt>
                </position>
                <position>
                    <lat>52.0808</lat>
                    <lon>4.2551</lon>
                    <date>2013-07-11T19:09:33+02:00</date>
                    <speedMph>232</speedMph>
                    <altitudeFt>6330</altitudeFt>
                </position>
                <position>
                    <lat>52.0665</lat>
                    <lon>4.259</lon>
                    <date>2013-07-11T19:09:23+02:00</date>
                    <speedMph>224</speedMph>
                    <altitudeFt>6450</altitudeFt>
                </position>
                <position>
                    <lat>52.0611</lat>
                    <lon>4.2589</lon>
                    <date>2013-07-11T19:09:13+02:00</date>
                    <speedMph>232</speedMph>
                    <altitudeFt>6500</altitudeFt>
                </position>
                <position>
                    <lat>52.0453</lat>
                    <lon>4.251</lon>
                    <date>2013-07-11T19:09:03+02:00</date>
                    <speedMph>228</speedMph>
                    <altitudeFt>6650</altitudeFt>
                </position>
                <position>
                    <lat>52.0405</lat>
                    <lon>4.2478</lon>
                    <date>2013-07-11T19:08:53+02:00</date>
                    <speedMph>228</speedMph>
                    <altitudeFt>6700</altitudeFt>
                </position>
                <position>
                    <lat>52.0247</lat>
                    <lon>4.2385</lon>
                    <date>2013-07-11T19:08:43+02:00</date>
                    <speedMph>236</speedMph>
                    <altitudeFt>6900</altitudeFt>
                </position>
                <position>
                    <lat>52.0188</lat>
                    <lon>4.2347</lon>
                    <date>2013-07-11T19:08:33+02:00</date>
                    <speedMph>240</speedMph>
                    <altitudeFt>6980</altitudeFt>
                </position>
                <position>
                    <lat>52.0031</lat>
                    <lon>4.2249</lon>
                    <date>2013-07-11T19:08:23+02:00</date>
                    <speedMph>244</speedMph>
                    <altitudeFt>7100</altitudeFt>
                </position>
                <position>
                    <lat>51.9977</lat>
                    <lon>4.2217</lon>
                    <date>2013-07-11T19:08:13+02:00</date>
                    <speedMph>244</speedMph>
                    <altitudeFt>7150</altitudeFt>
                </position>
                <position>
                    <lat>51.981</lat>
                    <lon>4.2118</lon>
                    <date>2013-07-11T19:08:03+02:00</date>
                    <speedMph>256</speedMph>
                    <altitudeFt>7400</altitudeFt>
                </position>
                <position>
                    <lat>51.9754</lat>
                    <lon>4.2084</lon>
                    <date>2013-07-11T19:07:53+02:00</date>
                    <speedMph>260</speedMph>
                    <altitudeFt>7480</altitudeFt>
                </position>
                <position>
                    <lat>51.9591</lat>
                    <lon>4.1978</lon>
                    <date>2013-07-11T19:07:43+02:00</date>
                    <speedMph>264</speedMph>
                    <altitudeFt>7750</altitudeFt>
                </position>
                <position>
                    <lat>51.9542</lat>
                    <lon>4.1923</lon>
                    <date>2013-07-11T19:07:33+02:00</date>
                    <speedMph>268</speedMph>
                    <altitudeFt>7830</altitudeFt>
                </position>
                <position>
                    <lat>51.9397</lat>
                    <lon>4.1709</lon>
                    <date>2013-07-11T19:07:23+02:00</date>
                    <speedMph>264</speedMph>
                    <altitudeFt>8100</altitudeFt>
                </position>
                <position>
                    <lat>51.9353</lat>
                    <lon>4.1656</lon>
                    <date>2013-07-11T19:07:13+02:00</date>
                    <speedMph>264</speedMph>
                    <altitudeFt>8180</altitudeFt>
                </position>
                <position>
                    <lat>51.9254</lat>
                    <lon>4.1506</lon>
                    <date>2013-07-11T19:07:03+02:00</date>
                    <speedMph>264</speedMph>
                    <altitudeFt>8350</altitudeFt>
                </position>
                <position>
                    <lat>51.9164</lat>
                    <lon>4.1384</lon>
                    <date>2013-07-11T19:06:53+02:00</date>
                    <speedMph>272</speedMph>
                    <altitudeFt>8500</altitudeFt>
                </position>
                <position>
                    <lat>51.9008</lat>
                    <lon>4.1196</lon>
                    <date>2013-07-11T19:06:43+02:00</date>
                    <speedMph>272</speedMph>
                    <altitudeFt>8750</altitudeFt>
                </position>
                <position>
                    <lat>51.8963</lat>
                    <lon>4.1152</lon>
                    <date>2013-07-11T19:06:33+02:00</date>
                    <speedMph>272</speedMph>
                    <altitudeFt>8830</altitudeFt>
                </position>
                <position>
                    <lat>51.8801</lat>
                    <lon>4.0988</lon>
                    <date>2013-07-11T19:06:23+02:00</date>
                    <speedMph>268</speedMph>
                    <altitudeFt>9080</altitudeFt>
                </position>
                <position>
                    <lat>51.8746</lat>
                    <lon>4.0932</lon>
                    <date>2013-07-11T19:06:13+02:00</date>
                    <speedMph>268</speedMph>
                    <altitudeFt>9150</altitudeFt>
                </position>
                <position>
                    <lat>51.8583</lat>
                    <lon>4.0767</lon>
                    <date>2013-07-11T19:06:03+02:00</date>
                    <speedMph>268</speedMph>
                    <altitudeFt>9400</altitudeFt>
                </position>
                <position>
                    <lat>51.8468</lat>
                    <lon>4.0646</lon>
                    <date>2013-07-11T19:05:53+02:00</date>
                    <speedMph>272</speedMph>
                    <altitudeFt>9580</altitudeFt>
                </position>
                <position>
                    <lat>51.842</lat>
                    <lon>4.0602</lon>
                    <date>2013-07-11T19:05:43+02:00</date>
                    <speedMph>272</speedMph>
                    <altitudeFt>9650</altitudeFt>
                </position>
                <position>
                    <lat>51.8252</lat>
                    <lon>4.0424</lon>
                    <date>2013-07-11T19:05:33+02:00</date>
                    <speedMph>272</speedMph>
                    <altitudeFt>9930</altitudeFt>
                </position>
                <position>
                    <lat>51.7971</lat>
                    <lon>4.0142</lon>
                    <date>2013-07-11T19:05:03+02:00</date>
                    <speedMph>284</speedMph>
                    <altitudeFt>10380</altitudeFt>
                </position>
                <position>
                    <lat>51.7619</lat>
                    <lon>3.9783</lon>
                    <date>2013-07-11T19:04:33+02:00</date>
                    <speedMph>292</speedMph>
                    <altitudeFt>10930</altitudeFt>
                </position>
                <position>
                    <lat>51.716</lat>
                    <lon>3.9312</lon>
                    <date>2013-07-11T19:04:03+02:00</date>
                    <speedMph>308</speedMph>
                    <altitudeFt>11850</altitudeFt>
                </position>
                <position>
                    <lat>51.691</lat>
                    <lon>3.9064</lon>
                    <date>2013-07-11T19:03:33+02:00</date>
                    <speedMph>308</speedMph>
                    <altitudeFt>12430</altitudeFt>
                </position>
                <position>
                    <lat>51.6533</lat>
                    <lon>3.8672</lon>
                    <date>2013-07-11T19:03:03+02:00</date>
                    <speedMph>312</speedMph>
                    <altitudeFt>13350</altitudeFt>
                </position>
                <position>
                    <lat>51.6165</lat>
                    <lon>3.8303</lon>
                    <date>2013-07-11T19:02:33+02:00</date>
                    <speedMph>324</speedMph>
                    <altitudeFt>14250</altitudeFt>
                </position>
                <position>
                    <lat>51.5714</lat>
                    <lon>3.7857</lon>
                    <date>2013-07-11T19:02:03+02:00</date>
                    <speedMph>328</speedMph>
                    <altitudeFt>15430</altitudeFt>
                </position>
                <position>
                    <lat>51.5003</lat>
                    <lon>3.7139</lon>
                    <date>2013-07-11T19:01:03+02:00</date>
                    <speedMph>328</speedMph>
                    <altitudeFt>17130</altitudeFt>
                </position>
                <position>
                    <lat>51.4188</lat>
                    <lon>3.6314</lon>
                    <date>2013-07-11T19:00:03+02:00</date>
                    <speedMph>344</speedMph>
                    <altitudeFt>18880</altitudeFt>
                </position>
                <position>
                    <lat>51.3338</lat>
                    <lon>3.5464</lon>
                    <date>2013-07-11T18:59:03+02:00</date>
                    <speedMph>360</speedMph>
                    <altitudeFt>20350</altitudeFt>
                </position>
                <position>
                    <lat>51.2332</lat>
                    <lon>3.4471</lon>
                    <date>2013-07-11T18:58:03+02:00</date>
                    <speedMph>368</speedMph>
                    <altitudeFt>21530</altitudeFt>
                </position>
                <position>
                    <lat>51.1596</lat>
                    <lon>3.3824</lon>
                    <date>2013-07-11T18:57:03+02:00</date>
                    <speedMph>368</speedMph>
                    <altitudeFt>22000</altitudeFt>
                </position>
                <position>
                    <lat>51.0674</lat>
                    <lon>3.3059</lon>
                    <date>2013-07-11T18:56:03+02:00</date>
                    <speedMph>364</speedMph>
                    <altitudeFt>22930</altitudeFt>
                </position>
                <position>
                    <lat>50.9666</lat>
                    <lon>3.2232</lon>
                    <date>2013-07-11T18:55:03+02:00</date>
                    <speedMph>384</speedMph>
                    <altitudeFt>24180</altitudeFt>
                </position>
                <position>
                    <lat>50.8838</lat>
                    <lon>3.1542</lon>
                    <date>2013-07-11T18:54:03+02:00</date>
                    <speedMph>388</speedMph>
                    <altitudeFt>25500</altitudeFt>
                </position>
                <position>
                    <lat>50.7781</lat>
                    <lon>3.0685</lon>
                    <date>2013-07-11T18:53:03+02:00</date>
                    <speedMph>412</speedMph>
                    <altitudeFt>27150</altitudeFt>
                </position>
                <position>
                    <lat>50.6765</lat>
                    <lon>2.9858</lon>
                    <date>2013-07-11T18:52:03+02:00</date>
                    <speedMph>444</speedMph>
                    <altitudeFt>28730</altitudeFt>
                </position>
                <position>
                    <lat>50.5689</lat>
                    <lon>2.8982</lon>
                    <date>2013-07-11T18:51:03+02:00</date>
                    <speedMph>456</speedMph>
                    <altitudeFt>30150</altitudeFt>
                </position>
                <position>
                    <lat>50.4636</lat>
                    <lon>2.8126</lon>
                    <date>2013-07-11T18:50:03+02:00</date>
                    <speedMph>448</speedMph>
                    <altitudeFt>31800</altitudeFt>
                </position>
                <position>
                    <lat>50.3557</lat>
                    <lon>2.7271</lon>
                    <date>2013-07-11T18:49:03+02:00</date>
                    <speedMph>444</speedMph>
                    <altitudeFt>33480</altitudeFt>
                </position>
                <position>
                    <lat>50.2475</lat>
                    <lon>2.6298</lon>
                    <date>2013-07-11T18:48:03+02:00</date>
                    <speedMph>440</speedMph>
                    <altitudeFt>35280</altitudeFt>
                </position>
                <position>
                    <lat>50.1389</lat>
                    <lon>2.5201</lon>
                    <date>2013-07-11T18:47:03+02:00</date>
                    <speedMph>436</speedMph>
                    <altitudeFt>37100</altitudeFt>
                </position>
                <position>
                    <lat>50.034</lat>
                    <lon>2.4138</lon>
                    <date>2013-07-11T18:46:03+02:00</date>
                    <speedMph>436</speedMph>
                    <altitudeFt>38850</altitudeFt>
                </position>
                <position>
                    <lat>49.9414</lat>
                    <lon>2.3217</lon>
                    <date>2013-07-11T18:45:03+02:00</date>
                    <speedMph>440</speedMph>
                    <altitudeFt>40000</altitudeFt>
                </position>
                <position>
                    <lat>49.8351</lat>
                    <lon>2.2158</lon>
                    <date>2013-07-11T18:44:03+02:00</date>
                    <speedMph>440</speedMph>
                    <altitudeFt>40000</altitudeFt>
                </position>
                <position>
                    <lat>49.7287</lat>
                    <lon>2.1098</lon>
                    <date>2013-07-11T18:43:03+02:00</date>
                    <speedMph>444</speedMph>
                    <altitudeFt>40000</altitudeFt>
                </position>
                <position>
                    <lat>49.6293</lat>
                    <lon>2.0128</lon>
                    <date>2013-07-11T18:42:03+02:00</date>
                    <speedMph>444</speedMph>
                    <altitudeFt>40000</altitudeFt>
                </position>
                <position>
                    <lat>49.5244</lat>
                    <lon>1.9087</lon>
                    <date>2013-07-11T18:41:03+02:00</date>
                    <speedMph>448</speedMph>
                    <altitudeFt>40000</altitudeFt>
                </position>
                <position>
                    <lat>49.4137</lat>
                    <lon>1.8006</lon>
                    <date>2013-07-11T18:40:03+02:00</date>
                    <speedMph>448</speedMph>
                    <altitudeFt>40000</altitudeFt>
                </position>
                <position>
                    <lat>49.3258</lat>
                    <lon>1.6803</lon>
                    <date>2013-07-11T18:39:03+02:00</date>
                    <speedMph>452</speedMph>
                    <altitudeFt>40000</altitudeFt>
                </position>
                <position>
                    <lat>49.2265</lat>
                    <lon>1.5405</lon>
                    <date>2013-07-11T18:38:03+02:00</date>
                    <speedMph>448</speedMph>
                    <altitudeFt>40000</altitudeFt>
                </position>
                <position>
                    <lat>49.1459</lat>
                    <lon>1.4272</lon>
                    <date>2013-07-11T18:37:03+02:00</date>
                    <speedMph>448</speedMph>
                    <altitudeFt>40000</altitudeFt>
                </position>
                <position>
                    <lat>49.048</lat>
                    <lon>1.2909</lon>
                    <date>2013-07-11T18:36:03+02:00</date>
                    <speedMph>448</speedMph>
                    <altitudeFt>40000</altitudeFt>
                </position>
                <position>
                    <lat>48.955</lat>
                    <lon>1.1677</lon>
                    <date>2013-07-11T18:35:03+02:00</date>
                    <speedMph>448</speedMph>
                    <altitudeFt>40000</altitudeFt>
                </position>
                <position>
                    <lat>48.858</lat>
                    <lon>1.0464</lon>
                    <date>2013-07-11T18:34:03+02:00</date>
                    <speedMph>448</speedMph>
                    <altitudeFt>40000</altitudeFt>
                </position>
                <position>
                    <lat>48.7668</lat>
                    <lon>0.9333</lon>
                    <date>2013-07-11T18:33:03+02:00</date>
                    <speedMph>448</speedMph>
                    <altitudeFt>40000</altitudeFt>
                </position>
                <position>
                    <lat>48.6683</lat>
                    <lon>0.8119</lon>
                    <date>2013-07-11T18:32:03+02:00</date>
                    <speedMph>452</speedMph>
                    <altitudeFt>40000</altitudeFt>
                </position>
                <position>
                    <lat>48.5683</lat>
                    <lon>0.6888</lon>
                    <date>2013-07-11T18:31:03+02:00</date>
                    <speedMph>452</speedMph>
                    <altitudeFt>40000</altitudeFt>
                </position>
                <position>
                    <lat>48.4728</lat>
                    <lon>0.573</lon>
                    <date>2013-07-11T18:30:03+02:00</date>
                    <speedMph>456</speedMph>
                    <altitudeFt>40000</altitudeFt>
                </position>
                <position>
                    <lat>48.3741</lat>
                    <lon>0.4533</lon>
                    <date>2013-07-11T18:29:03+02:00</date>
                    <speedMph>456</speedMph>
                    <altitudeFt>40000</altitudeFt>
                </position>
                <position>
                    <lat>48.2769</lat>
                    <lon>0.3359</lon>
                    <date>2013-07-11T18:28:03+02:00</date>
                    <speedMph>460</speedMph>
                    <altitudeFt>40000</altitudeFt>
                </position>
                <position>
                    <lat>48.1769</lat>
                    <lon>0.2153</lon>
                    <date>2013-07-11T18:27:03+02:00</date>
                    <speedMph>456</speedMph>
                    <altitudeFt>40000</altitudeFt>
                </position>
                <position>
                    <lat>48.0769</lat>
                    <lon>0.0966</lon>
                    <date>2013-07-11T18:26:03+02:00</date>
                    <speedMph>456</speedMph>
                    <altitudeFt>40000</altitudeFt>
                </position>
                <position>
                    <lat>47.9782</lat>
                    <lon>-0.0203</lon>
                    <date>2013-07-11T18:25:03+02:00</date>
                    <speedMph>452</speedMph>
                    <altitudeFt>40000</altitudeFt>
                </position>
                <position>
                    <lat>47.8768</lat>
                    <lon>-0.1406</lon>
                    <date>2013-07-11T18:24:03+02:00</date>
                    <speedMph>452</speedMph>
                    <altitudeFt>40000</altitudeFt>
                </position>
                <position>
                    <lat>47.7772</lat>
                    <lon>-0.258</lon>
                    <date>2013-07-11T18:23:03+02:00</date>
                    <speedMph>452</speedMph>
                    <altitudeFt>40000</altitudeFt>
                </position>
                <position>
                    <lat>47.6868</lat>
                    <lon>-0.3636</lon>
                    <date>2013-07-11T18:22:03+02:00</date>
                    <speedMph>452</speedMph>
                    <altitudeFt>40000</altitudeFt>
                </position>
                <position>
                    <lat>47.5886</lat>
                    <lon>-0.4783</lon>
                    <date>2013-07-11T18:21:03+02:00</date>
                    <speedMph>448</speedMph>
                    <altitudeFt>40000</altitudeFt>
                </position>
                <position>
                    <lat>47.4795</lat>
                    <lon>-0.605</lon>
                    <date>2013-07-11T18:20:03+02:00</date>
                    <speedMph>448</speedMph>
                    <altitudeFt>40000</altitudeFt>
                </position>
                <position>
                    <lat>47.3903</lat>
                    <lon>-0.7067</lon>
                    <date>2013-07-11T18:19:03+02:00</date>
                    <speedMph>448</speedMph>
                    <altitudeFt>40000</altitudeFt>
                </position>
                <position>
                    <lat>47.2892</lat>
                    <lon>-0.8227</lon>
                    <date>2013-07-11T18:18:03+02:00</date>
                    <speedMph>448</speedMph>
                    <altitudeFt>40000</altitudeFt>
                </position>
                <position>
                    <lat>47.1846</lat>
                    <lon>-0.9428</lon>
                    <date>2013-07-11T18:17:03+02:00</date>
                    <speedMph>448</speedMph>
                    <altitudeFt>40000</altitudeFt>
                </position>
                <position>
                    <lat>47.0948</lat>
                    <lon>-1.0456</lon>
                    <date>2013-07-11T18:16:03+02:00</date>
                    <speedMph>452</speedMph>
                    <altitudeFt>40000</altitudeFt>
                </position>
                <position>
                    <lat>46.9924</lat>
                    <lon>-1.1617</lon>
                    <date>2013-07-11T18:15:03+02:00</date>
                    <speedMph>452</speedMph>
                    <altitudeFt>40000</altitudeFt>
                </position>
                <position>
                    <lat>46.8978</lat>
                    <lon>-1.2685</lon>
                    <date>2013-07-11T18:14:03+02:00</date>
                    <speedMph>456</speedMph>
                    <altitudeFt>40000</altitudeFt>
                </position>
                <position>
                    <lat>46.7957</lat>
                    <lon>-1.3824</lon>
                    <date>2013-07-11T18:13:03+02:00</date>
                    <speedMph>456</speedMph>
                    <altitudeFt>40000</altitudeFt>
                </position>
                <position>
                    <lat>46.6934</lat>
                    <lon>-1.4961</lon>
                    <date>2013-07-11T18:12:03+02:00</date>
                    <speedMph>460</speedMph>
                    <altitudeFt>40000</altitudeFt>
                </position>
                <position>
                    <lat>46.5493</lat>
                    <lon>-1.6556</lon>
                    <date>2013-07-11T18:10:40+02:00</date>
                    <speedMph>460</speedMph>
                    <altitudeFt>40000</altitudeFt>
                </position>
                <position>
                    <lat>46.4583</lat>
                    <lon>-1.7559</lon>
                    <date>2013-07-11T18:09:40+02:00</date>
                    <speedMph>456</speedMph>
                    <altitudeFt>40000</altitudeFt>
                </position>
                <position>
                    <lat>46.354</lat>
                    <lon>-1.8704</lon>
                    <date>2013-07-11T18:08:40+02:00</date>
                    <speedMph>456</speedMph>
                    <altitudeFt>40000</altitudeFt>
                </position>
                <position>
                    <lat>46.2484</lat>
                    <lon>-1.9859</lon>
                    <date>2013-07-11T18:07:40+02:00</date>
                    <speedMph>456</speedMph>
                    <altitudeFt>40000</altitudeFt>
                </position>
                <position>
                    <lat>46.1521</lat>
                    <lon>-2.0899</lon>
                    <date>2013-07-11T18:06:40+02:00</date>
                    <speedMph>456</speedMph>
                    <altitudeFt>40000</altitudeFt>
                </position>
                <position>
                    <lat>46.0543</lat>
                    <lon>-2.1955</lon>
                    <date>2013-07-11T18:05:40+02:00</date>
                    <speedMph>456</speedMph>
                    <altitudeFt>40000</altitudeFt>
                </position>
                <position>
                    <lat>45.9507</lat>
                    <lon>-2.3081</lon>
                    <date>2013-07-11T18:04:40+02:00</date>
                    <speedMph>456</speedMph>
                    <altitudeFt>40000</altitudeFt>
                </position>
                <position>
                    <lat>45.8391</lat>
                    <lon>-2.4279</lon>
                    <date>2013-07-11T18:03:40+02:00</date>
                    <speedMph>460</speedMph>
                    <altitudeFt>40000</altitudeFt>
                </position>
                <position>
                    <lat>45.7389</lat>
                    <lon>-2.5351</lon>
                    <date>2013-07-11T18:02:40+02:00</date>
                    <speedMph>460</speedMph>
                    <altitudeFt>40000</altitudeFt>
                </position>
                <position>
                    <lat>45.633</lat>
                    <lon>-2.6458</lon>
                    <date>2013-07-11T18:01:40+02:00</date>
                    <speedMph>464</speedMph>
                    <altitudeFt>40000</altitudeFt>
                </position>
                <position>
                    <lat>45.5282</lat>
                    <lon>-2.7568</lon>
                    <date>2013-07-11T18:00:40+02:00</date>
                    <speedMph>464</speedMph>
                    <altitudeFt>40000</altitudeFt>
                </position>
                <position>
                    <lat>45.4206</lat>
                    <lon>-2.8709</lon>
                    <date>2013-07-11T17:59:40+02:00</date>
                    <speedMph>464</speedMph>
                    <altitudeFt>40000</altitudeFt>
                </position>
                <position>
                    <lat>45.3354</lat>
                    <lon>-2.9592</lon>
                    <date>2013-07-11T17:58:40+02:00</date>
                    <speedMph>460</speedMph>
                    <altitudeFt>40000</altitudeFt>
                </position>
                <position>
                    <lat>45.2247</lat>
                    <lon>-3.0752</lon>
                    <date>2013-07-11T17:57:40+02:00</date>
                    <speedMph>460</speedMph>
                    <altitudeFt>40000</altitudeFt>
                </position>
                <position>
                    <lat>45.0355</lat>
                    <lon>-3.2704</lon>
                    <date>2013-07-11T17:56:40+02:00</date>
                    <speedMph>460</speedMph>
                    <altitudeFt>40000</altitudeFt>
                </position>
                <position>
                    <lat>45.0175</lat>
                    <lon>-3.2899</lon>
                    <date>2013-07-11T17:55:40+02:00</date>
                    <speedMph>460</speedMph>
                    <altitudeFt>40000</altitudeFt>
                </position>
                <position>
                    <lat>44.914</lat>
                    <lon>-3.3961</lon>
                    <date>2013-07-11T17:54:40+02:00</date>
                    <speedMph>460</speedMph>
                    <altitudeFt>40000</altitudeFt>
                </position>
                <position>
                    <lat>44.8133</lat>
                    <lon>-3.4983</lon>
                    <date>2013-07-11T17:53:40+02:00</date>
                    <speedMph>464</speedMph>
                    <altitudeFt>40000</altitudeFt>
                </position>
                <position>
                    <lat>44.7146</lat>
                    <lon>-3.5995</lon>
                    <date>2013-07-11T17:52:40+02:00</date>
                    <speedMph>464</speedMph>
                    <altitudeFt>40000</altitudeFt>
                </position>
                <position>
                    <lat>44.5938</lat>
                    <lon>-3.722</lon>
                    <date>2013-07-11T17:51:40+02:00</date>
                    <speedMph>464</speedMph>
                    <altitudeFt>40000</altitudeFt>
                </position>
                <position>
                    <lat>44.5053</lat>
                    <lon>-3.8101</lon>
                    <date>2013-07-11T17:50:40+02:00</date>
                    <speedMph>464</speedMph>
                    <altitudeFt>40000</altitudeFt>
                </position>
                <position>
                    <lat>44.3737</lat>
                    <lon>-3.9511</lon>
                    <date>2013-07-11T17:49:40+02:00</date>
                    <speedMph>468</speedMph>
                    <altitudeFt>40000</altitudeFt>
                </position>
                <position>
                    <lat>44.2833</lat>
                    <lon>-4.0109</lon>
                    <date>2013-07-11T17:48:40+02:00</date>
                    <speedMph>464</speedMph>
                    <altitudeFt>40000</altitudeFt>
                </position>
                <position>
                    <lat>44.1341</lat>
                    <lon>-4.0846</lon>
                    <date>2013-07-11T17:47:40+02:00</date>
                    <speedMph>460</speedMph>
                    <altitudeFt>40000</altitudeFt>
                </position>
                <position>
                    <lat>44.0378</lat>
                    <lon>-4.1323</lon>
                    <date>2013-07-11T17:46:40+02:00</date>
                    <speedMph>464</speedMph>
                    <altitudeFt>40000</altitudeFt>
                </position>
                <position>
                    <lat>43.9216</lat>
                    <lon>-4.1899</lon>
                    <date>2013-07-11T17:45:40+02:00</date>
                    <speedMph>460</speedMph>
                    <altitudeFt>40000</altitudeFt>
                </position>
                <position>
                    <lat>43.804</lat>
                    <lon>-4.247</lon>
                    <date>2013-07-11T17:44:40+02:00</date>
                    <speedMph>460</speedMph>
                    <altitudeFt>40000</altitudeFt>
                </position>
                <position>
                    <lat>43.6837</lat>
                    <lon>-4.3062</lon>
                    <date>2013-07-11T17:43:40+02:00</date>
                    <speedMph>460</speedMph>
                    <altitudeFt>40000</altitudeFt>
                </position>
                <position>
                    <lat>43.5626</lat>
                    <lon>-4.3657</lon>
                    <date>2013-07-11T17:42:40+02:00</date>
                    <speedMph>460</speedMph>
                    <altitudeFt>40000</altitudeFt>
                </position>
                <position>
                    <lat>43.4372</lat>
                    <lon>-4.4256</lon>
                    <date>2013-07-11T17:41:40+02:00</date>
                    <speedMph>460</speedMph>
                    <altitudeFt>40000</altitudeFt>
                </position>
                <position>
                    <lat>43.3221</lat>
                    <lon>-4.4814</lon>
                    <date>2013-07-11T17:40:40+02:00</date>
                    <speedMph>460</speedMph>
                    <altitudeFt>40000</altitudeFt>
                </position>
                <position>
                    <lat>43.2002</lat>
                    <lon>-4.5402</lon>
                    <date>2013-07-11T17:39:40+02:00</date>
                    <speedMph>460</speedMph>
                    <altitudeFt>40000</altitudeFt>
                </position>
                <position>
                    <lat>43.0827</lat>
                    <lon>-4.5954</lon>
                    <date>2013-07-11T17:38:40+02:00</date>
                    <speedMph>460</speedMph>
                    <altitudeFt>40000</altitudeFt>
                </position>
                <position>
                    <lat>42.9504</lat>
                    <lon>-4.6668</lon>
                    <date>2013-07-11T17:37:40+02:00</date>
                    <speedMph>460</speedMph>
                    <altitudeFt>39650</altitudeFt>
                </position>
                <position>
                    <lat>42.8465</lat>
                    <lon>-4.7322</lon>
                    <date>2013-07-11T17:36:40+02:00</date>
                    <speedMph>460</speedMph>
                    <altitudeFt>39050</altitudeFt>
                </position>
                <position>
                    <lat>42.7237</lat>
                    <lon>-4.8116</lon>
                    <date>2013-07-11T17:35:40+02:00</date>
                    <speedMph>464</speedMph>
                    <altitudeFt>38250</altitudeFt>
                </position>
                <position>
                    <lat>42.6175</lat>
                    <lon>-4.8791</lon>
                    <date>2013-07-11T17:34:40+02:00</date>
                    <speedMph>464</speedMph>
                    <altitudeFt>37400</altitudeFt>
                </position>
                <position>
                    <lat>42.4769</lat>
                    <lon>-4.9682</lon>
                    <date>2013-07-11T17:33:40+02:00</date>
                    <speedMph>460</speedMph>
                    <altitudeFt>36380</altitudeFt>
                </position>
                <position>
                    <lat>42.393</lat>
                    <lon>-5.0575</lon>
                    <date>2013-07-11T17:32:40+02:00</date>
                    <speedMph>460</speedMph>
                    <altitudeFt>36000</altitudeFt>
                </position>
                <position>
                    <lat>42.301</lat>
                    <lon>-5.168</lon>
                    <date>2013-07-11T17:31:40+02:00</date>
                    <speedMph>464</speedMph>
                    <altitudeFt>36000</altitudeFt>
                </position>
                <position>
                    <lat>42.1954</lat>
                    <lon>-5.2624</lon>
                    <date>2013-07-11T17:30:40+02:00</date>
                    <speedMph>456</speedMph>
                    <altitudeFt>36000</altitudeFt>
                </position>
                <position>
                    <lat>42.0785</lat>
                    <lon>-5.3295</lon>
                    <date>2013-07-11T17:29:40+02:00</date>
                    <speedMph>456</speedMph>
                    <altitudeFt>36000</altitudeFt>
                </position>
                <position>
                    <lat>41.9613</lat>
                    <lon>-5.3962</lon>
                    <date>2013-07-11T17:28:40+02:00</date>
                    <speedMph>460</speedMph>
                    <altitudeFt>36000</altitudeFt>
                </position>
                <position>
                    <lat>41.8438</lat>
                    <lon>-5.4625</lon>
                    <date>2013-07-11T17:27:40+02:00</date>
                    <speedMph>460</speedMph>
                    <altitudeFt>36000</altitudeFt>
                </position>
                <position>
                    <lat>41.7113</lat>
                    <lon>-5.5359</lon>
                    <date>2013-07-11T17:26:40+02:00</date>
                    <speedMph>460</speedMph>
                    <altitudeFt>36000</altitudeFt>
                </position>
                <position>
                    <lat>41.5962</lat>
                    <lon>-5.6013</lon>
                    <date>2013-07-11T17:25:40+02:00</date>
                    <speedMph>464</speedMph>
                    <altitudeFt>36000</altitudeFt>
                </position>
                <position>
                    <lat>41.4888</lat>
                    <lon>-5.6914</lon>
                    <date>2013-07-11T17:24:40+02:00</date>
                    <speedMph>472</speedMph>
                    <altitudeFt>36000</altitudeFt>
                </position>
                <position>
                    <lat>41.3924</lat>
                    <lon>-5.8092</lon>
                    <date>2013-07-11T17:23:40+02:00</date>
                    <speedMph>472</speedMph>
                    <altitudeFt>36000</altitudeFt>
                </position>
                <position>
                    <lat>41.2936</lat>
                    <lon>-5.9284</lon>
                    <date>2013-07-11T17:22:40+02:00</date>
                    <speedMph>472</speedMph>
                    <altitudeFt>36000</altitudeFt>
                </position>
                <position>
                    <lat>41.2095</lat>
                    <lon>-6.0275</lon>
                    <date>2013-07-11T17:21:40+02:00</date>
                    <speedMph>472</speedMph>
                    <altitudeFt>36000</altitudeFt>
                </position>
                <position>
                    <lat>41.1087</lat>
                    <lon>-6.1498</lon>
                    <date>2013-07-11T17:20:40+02:00</date>
                    <speedMph>472</speedMph>
                    <altitudeFt>36000</altitudeFt>
                </position>
                <position>
                    <lat>41.0108</lat>
                    <lon>-6.2658</lon>
                    <date>2013-07-11T17:19:40+02:00</date>
                    <speedMph>472</speedMph>
                    <altitudeFt>36000</altitudeFt>
                </position>
                <position>
                    <lat>40.9184</lat>
                    <lon>-6.3883</lon>
                    <date>2013-07-11T17:18:40+02:00</date>
                    <speedMph>472</speedMph>
                    <altitudeFt>36000</altitudeFt>
                </position>
                <position>
                    <lat>40.8261</lat>
                    <lon>-6.5121</lon>
                    <date>2013-07-11T17:17:40+02:00</date>
                    <speedMph>472</speedMph>
                    <altitudeFt>36000</altitudeFt>
                </position>
                <position>
                    <lat>40.7263</lat>
                    <lon>-6.6455</lon>
                    <date>2013-07-11T17:16:40+02:00</date>
                    <speedMph>472</speedMph>
                    <altitudeFt>36000</altitudeFt>
                </position>
                <position>
                    <lat>40.6423</lat>
                    <lon>-6.7575</lon>
                    <date>2013-07-11T17:15:40+02:00</date>
                    <speedMph>468</speedMph>
                    <altitudeFt>36000</altitudeFt>
                </position>
                <position>
                    <lat>40.5485</lat>
                    <lon>-6.8812</lon>
                    <date>2013-07-11T17:14:40+02:00</date>
                    <speedMph>468</speedMph>
                    <altitudeFt>36000</altitudeFt>
                </position>
                <position>
                    <lat>40.4571</lat>
                    <lon>-7.0024</lon>
                    <date>2013-07-11T17:13:40+02:00</date>
                    <speedMph>468</speedMph>
                    <altitudeFt>36000</altitudeFt>
                </position>
                <position>
                    <lat>40.3651</lat>
                    <lon>-7.1235</lon>
                    <date>2013-07-11T17:12:40+02:00</date>
                    <speedMph>472</speedMph>
                    <altitudeFt>36000</altitudeFt>
                </position>
                <position>
                    <lat>40.2721</lat>
                    <lon>-7.2439</lon>
                    <date>2013-07-11T17:11:40+02:00</date>
                    <speedMph>476</speedMph>
                    <altitudeFt>36000</altitudeFt>
                </position>
                <position>
                    <lat>40.1555</lat>
                    <lon>-7.3995</lon>
                    <date>2013-07-11T17:10:37+02:00</date>
                    <speedMph>476</speedMph>
                    <altitudeFt>35280</altitudeFt>
                </position>
                <position>
                    <lat>40.0748</lat>
                    <lon>-7.5028</lon>
                    <date>2013-07-11T17:09:37+02:00</date>
                    <speedMph>476</speedMph>
                    <altitudeFt>34100</altitudeFt>
                </position>
                <position>
                    <lat>39.9841</lat>
                    <lon>-7.6206</lon>
                    <date>2013-07-11T17:08:37+02:00</date>
                    <speedMph>480</speedMph>
                    <altitudeFt>32680</altitudeFt>
                </position>
                <position>
                    <lat>39.8924</lat>
                    <lon>-7.7393</lon>
                    <date>2013-07-11T17:07:37+02:00</date>
                    <speedMph>488</speedMph>
                    <altitudeFt>30880</altitudeFt>
                </position>
                <position>
                    <lat>39.7958</lat>
                    <lon>-7.8644</lon>
                    <date>2013-07-11T17:06:37+02:00</date>
                    <speedMph>480</speedMph>
                    <altitudeFt>29480</altitudeFt>
                </position>
                <position>
                    <lat>39.699</lat>
                    <lon>-7.9867</lon>
                    <date>2013-07-11T17:05:37+02:00</date>
                    <speedMph>464</speedMph>
                    <altitudeFt>28150</altitudeFt>
                </position>
                <position>
                    <lat>39.6094</lat>
                    <lon>-8.1008</lon>
                    <date>2013-07-11T17:04:37+02:00</date>
                    <speedMph>452</speedMph>
                    <altitudeFt>26730</altitudeFt>
                </position>
                <position>
                    <lat>39.5174</lat>
                    <lon>-8.2187</lon>
                    <date>2013-07-11T17:03:37+02:00</date>
                    <speedMph>432</speedMph>
                    <altitudeFt>25030</altitudeFt>
                </position>
                <position>
                    <lat>39.4384</lat>
                    <lon>-8.3181</lon>
                    <date>2013-07-11T17:02:37+02:00</date>
                    <speedMph>424</speedMph>
                    <altitudeFt>23280</altitudeFt>
                </position>
                <position>
                    <lat>39.3548</lat>
                    <lon>-8.4235</lon>
                    <date>2013-07-11T17:01:37+02:00</date>
                    <speedMph>408</speedMph>
                    <altitudeFt>21100</altitudeFt>
                </position>
                <position>
                    <lat>39.2682</lat>
                    <lon>-8.533</lon>
                    <date>2013-07-11T17:00:37+02:00</date>
                    <speedMph>388</speedMph>
                    <altitudeFt>18750</altitudeFt>
                </position>
                <position>
                    <lat>39.1966</lat>
                    <lon>-8.6221</lon>
                    <date>2013-07-11T16:59:37+02:00</date>
                    <speedMph>384</speedMph>
                    <altitudeFt>16280</altitudeFt>
                </position>
                <position>
                    <lat>39.1194</lat>
                    <lon>-8.7179</lon>
                    <date>2013-07-11T16:58:37+02:00</date>
                    <speedMph>364</speedMph>
                    <altitudeFt>13730</altitudeFt>
                </position>
                <position>
                    <lat>39.0842</lat>
                    <lon>-8.762</lon>
                    <date>2013-07-11T16:58:07+02:00</date>
                    <speedMph>364</speedMph>
                    <altitudeFt>12450</altitudeFt>
                </position>
                <position>
                    <lat>39.0478</lat>
                    <lon>-8.8071</lon>
                    <date>2013-07-11T16:57:37+02:00</date>
                    <speedMph>356</speedMph>
                    <altitudeFt>11230</altitudeFt>
                </position>
                <position>
                    <lat>39.0137</lat>
                    <lon>-8.8502</lon>
                    <date>2013-07-11T16:57:07+02:00</date>
                    <speedMph>324</speedMph>
                    <altitudeFt>10580</altitudeFt>
                </position>
                <position>
                    <lat>38.977</lat>
                    <lon>-8.8956</lon>
                    <date>2013-07-11T16:56:37+02:00</date>
                    <speedMph>296</speedMph>
                    <altitudeFt>9780</altitudeFt>
                </position>
                <position>
                    <lat>38.9711</lat>
                    <lon>-8.9028</lon>
                    <date>2013-07-11T16:56:27+02:00</date>
                    <speedMph>296</speedMph>
                    <altitudeFt>9550</altitudeFt>
                </position>
                <position>
                    <lat>38.9613</lat>
                    <lon>-8.9151</lon>
                    <date>2013-07-11T16:56:17+02:00</date>
                    <speedMph>296</speedMph>
                    <altitudeFt>9130</altitudeFt>
                </position>
                <position>
                    <lat>38.9521</lat>
                    <lon>-8.9259</lon>
                    <date>2013-07-11T16:56:07+02:00</date>
                    <speedMph>288</speedMph>
                    <altitudeFt>8780</altitudeFt>
                </position>
                <position>
                    <lat>38.942</lat>
                    <lon>-8.9388</lon>
                    <date>2013-07-11T16:55:57+02:00</date>
                    <speedMph>280</speedMph>
                    <altitudeFt>8380</altitudeFt>
                </position>
                <position>
                    <lat>38.9325</lat>
                    <lon>-8.9504</lon>
                    <date>2013-07-11T16:55:47+02:00</date>
                    <speedMph>276</speedMph>
                    <altitudeFt>7930</altitudeFt>
                </position>
                <position>
                    <lat>38.9182</lat>
                    <lon>-8.9677</lon>
                    <date>2013-07-11T16:55:37+02:00</date>
                    <speedMph>276</speedMph>
                    <altitudeFt>7180</altitudeFt>
                </position>
                <position>
                    <lat>38.9127</lat>
                    <lon>-8.9746</lon>
                    <date>2013-07-11T16:55:27+02:00</date>
                    <speedMph>280</speedMph>
                    <altitudeFt>6850</altitudeFt>
                </position>
                <position>
                    <lat>38.9035</lat>
                    <lon>-8.9853</lon>
                    <date>2013-07-11T16:55:17+02:00</date>
                    <speedMph>276</speedMph>
                    <altitudeFt>6480</altitudeFt>
                </position>
                <position>
                    <lat>38.8944</lat>
                    <lon>-8.9971</lon>
                    <date>2013-07-11T16:55:07+02:00</date>
                    <speedMph>276</speedMph>
                    <altitudeFt>6200</altitudeFt>
                </position>
                <position>
                    <lat>38.8866</lat>
                    <lon>-9.0096</lon>
                    <date>2013-07-11T16:54:57+02:00</date>
                    <speedMph>260</speedMph>
                    <altitudeFt>5950</altitudeFt>
                </position>
                <position>
                    <lat>38.8806</lat>
                    <lon>-9.0214</lon>
                    <date>2013-07-11T16:54:47+02:00</date>
                    <speedMph>256</speedMph>
                    <altitudeFt>5600</altitudeFt>
                </position>
                <position>
                    <lat>38.8751</lat>
                    <lon>-9.0364</lon>
                    <date>2013-07-11T16:54:37+02:00</date>
                    <speedMph>248</speedMph>
                    <altitudeFt>5300</altitudeFt>
                </position>
                <position>
                    <lat>38.8701</lat>
                    <lon>-9.0496</lon>
                    <date>2013-07-11T16:54:27+02:00</date>
                    <speedMph>236</speedMph>
                    <altitudeFt>5050</altitudeFt>
                </position>
                <position>
                    <lat>38.8653</lat>
                    <lon>-9.062</lon>
                    <date>2013-07-11T16:54:17+02:00</date>
                    <speedMph>224</speedMph>
                    <altitudeFt>4830</altitudeFt>
                </position>
                <position>
                    <lat>38.8632</lat>
                    <lon>-9.068</lon>
                    <date>2013-07-11T16:54:12+02:00</date>
                    <speedMph>216</speedMph>
                    <altitudeFt>4700</altitudeFt>
                </position>
                <position>
                    <lat>38.8608</lat>
                    <lon>-9.0738</lon>
                    <date>2013-07-11T16:54:07+02:00</date>
                    <speedMph>212</speedMph>
                    <altitudeFt>4580</altitudeFt>
                </position>
                <position>
                    <lat>38.8586</lat>
                    <lon>-9.0794</lon>
                    <date>2013-07-11T16:54:02+02:00</date>
                    <speedMph>204</speedMph>
                    <altitudeFt>4430</altitudeFt>
                </position>
                <position>
                    <lat>38.8565</lat>
                    <lon>-9.0848</lon>
                    <date>2013-07-11T16:53:57+02:00</date>
                    <speedMph>204</speedMph>
                    <altitudeFt>4330</altitudeFt>
                </position>
                <position>
                    <lat>38.8508</lat>
                    <lon>-9.094</lon>
                    <date>2013-07-11T16:53:47+02:00</date>
                    <speedMph>184</speedMph>
                    <altitudeFt>4100</altitudeFt>
                </position>
                <position>
                    <lat>38.8472</lat>
                    <lon>-9.098</lon>
                    <date>2013-07-11T16:53:42+02:00</date>
                    <speedMph>176</speedMph>
                    <altitudeFt>3950</altitudeFt>
                </position>
                <position>
                    <lat>38.8435</lat>
                    <lon>-9.1006</lon>
                    <date>2013-07-11T16:53:37+02:00</date>
                    <speedMph>168</speedMph>
                    <altitudeFt>3850</altitudeFt>
                </position>
                <position>
                    <lat>38.8407</lat>
                    <lon>-9.1022</lon>
                    <date>2013-07-11T16:53:32+02:00</date>
                    <speedMph>164</speedMph>
                    <altitudeFt>3730</altitudeFt>
                </position>
                <position>
                    <lat>38.8335</lat>
                    <lon>-9.1065</lon>
                    <date>2013-07-11T16:53:27+02:00</date>
                    <speedMph>164</speedMph>
                    <altitudeFt>3330</altitudeFt>
                </position>
                <position>
                    <lat>38.8296</lat>
                    <lon>-9.1086</lon>
                    <date>2013-07-11T16:53:22+02:00</date>
                    <speedMph>164</speedMph>
                    <altitudeFt>3100</altitudeFt>
                </position>
                <position>
                    <lat>38.8259</lat>
                    <lon>-9.1107</lon>
                    <date>2013-07-11T16:53:12+02:00</date>
                    <speedMph>160</speedMph>
                    <altitudeFt>2930</altitudeFt>
                </position>
                <position>
                    <lat>38.822</lat>
                    <lon>-9.1132</lon>
                    <date>2013-07-11T16:53:07+02:00</date>
                    <speedMph>160</speedMph>
                    <altitudeFt>2700</altitudeFt>
                </position>
                <position>
                    <lat>38.8189</lat>
                    <lon>-9.1147</lon>
                    <date>2013-07-11T16:53:02+02:00</date>
                    <speedMph>160</speedMph>
                    <altitudeFt>2500</altitudeFt>
                </position>
                <position>
                    <lat>38.8153</lat>
                    <lon>-9.1166</lon>
                    <date>2013-07-11T16:52:57+02:00</date>
                    <speedMph>164</speedMph>
                    <altitudeFt>2230</altitudeFt>
                </position>
                <position>
                    <lat>38.8078</lat>
                    <lon>-9.1207</lon>
                    <date>2013-07-11T16:52:47+02:00</date>
                    <speedMph>176</speedMph>
                    <altitudeFt>1730</altitudeFt>
                </position>
                <position>
                    <lat>38.804</lat>
                    <lon>-9.123</lon>
                    <date>2013-07-11T16:52:42+02:00</date>
                    <speedMph>168</speedMph>
                    <altitudeFt>1550</altitudeFt>
                </position>
                <position>
                    <lat>38.7804</lat>
                    <lon>-9.1366</lon>
                    <date>2013-07-11T16:52:27+02:00</date>
                    <speedMph>0</speedMph>
                    <altitudeFt>0</altitudeFt>
                </position>
                <position>
                    <lat>38.7694</lat>
                    <lon>-9.1423</lon>
                    <date>2013-07-11T16:52:17+02:00</date>
                    <speedMph>0</speedMph>
                    <altitudeFt>0</altitudeFt>
                </position>
            </positions>
        </flightTrack>
    </flightTracks>
</flightstatslog>
