<?xml version="1.0" encoding="UTF-8" standalone="yes"?>
<flightstatslog>
    <appendix>
        <airports>
            <airport>
                <fs>AMS</fs>
                <latitude>52.308613</latitude>
                <longitude>4.763889</longitude>
                <city>Amsterdam</city>
            </airport>
            <airport>
                <fs>VIE</fs>
                <latitude>48.110278</latitude>
                <longitude>16.569722</longitude>
                <city>Vienna</city>
            </airport>
        </airports>
    </appendix>
    <flightTracks>
        <flightTrack>
            <flightId>4737935</flightId>
            <departureAirportFsCode>AMS</departureAirportFsCode>
            <arrivalAirportFsCode>VIE</arrivalAirportFsCode>
            <positions>
                <position>
                    <lat>48.1185</lat>
                    <lon>16.5561</lon>
                    <date>2013-07-11T19:07:48+02:00</date>
                    <speedMph>12</speedMph>
                    <altitudeFt>0</altitudeFt>
                </position>
                <position>
                    <lat>48.1183</lat>
                    <lon>16.5568</lon>
                    <date>2013-07-11T19:07:43+02:00</date>
                    <speedMph>16</speedMph>
                    <altitudeFt>0</altitudeFt>
                </position>
                <position>
                    <lat>48.1179</lat>
                    <lon>16.5579</lon>
                    <date>2013-07-11T19:07:28+02:00</date>
                    <speedMph>20</speedMph>
                    <altitudeFt>0</altitudeFt>
                </position>
                <position>
                    <lat>48.1176</lat>
                    <lon>16.5588</lon>
                    <date>2013-07-11T19:07:23+02:00</date>
                    <speedMph>20</speedMph>
                    <altitudeFt>0</altitudeFt>
                </position>
                <position>
                    <lat>48.1171</lat>
                    <lon>16.5604</lon>
                    <date>2013-07-11T19:07:08+02:00</date>
                    <speedMph>16</speedMph>
                    <altitudeFt>0</altitudeFt>
                </position>
                <position>
                    <lat>48.1167</lat>
                    <lon>16.5615</lon>
                    <date>2013-07-11T19:06:53+02:00</date>
                    <speedMph>16</speedMph>
                    <altitudeFt>0</altitudeFt>
                </position>
                <position>
                    <lat>48.1162</lat>
                    <lon>16.563</lon>
                    <date>2013-07-11T19:06:43+02:00</date>
                    <speedMph>20</speedMph>
                    <altitudeFt>0</altitudeFt>
                </position>
                <position>
                    <lat>48.1158</lat>
                    <lon>16.5644</lon>
                    <date>2013-07-11T19:06:28+02:00</date>
                    <speedMph>24</speedMph>
                    <altitudeFt>0</altitudeFt>
                </position>
                <position>
                    <lat>48.1148</lat>
                    <lon>16.5675</lon>
                    <date>2013-07-11T19:06:13+02:00</date>
                    <speedMph>24</speedMph>
                    <altitudeFt>0</altitudeFt>
                </position>
                <position>
                    <lat>48.1144</lat>
                    <lon>16.5685</lon>
                    <date>2013-07-11T19:06:03+02:00</date>
                    <speedMph>20</speedMph>
                    <altitudeFt>0</altitudeFt>
                </position>
                <position>
                    <lat>48.1143</lat>
                    <lon>16.5689</lon>
                    <date>2013-07-11T19:05:58+02:00</date>
                    <speedMph>20</speedMph>
                    <altitudeFt>0</altitudeFt>
                </position>
                <position>
                    <lat>48.114</lat>
                    <lon>16.5698</lon>
                    <date>2013-07-11T19:05:53+02:00</date>
                    <speedMph>20</speedMph>
                    <altitudeFt>0</altitudeFt>
                </position>
                <position>
                    <lat>48.1137</lat>
                    <lon>16.5706</lon>
                    <date>2013-07-11T19:05:43+02:00</date>
                    <speedMph>20</speedMph>
                    <altitudeFt>0</altitudeFt>
                </position>
                <position>
                    <lat>48.0852</lat>
                    <lon>16.5929</lon>
                    <date>2013-07-11T19:02:08+02:00</date>
                    <speedMph>116</speedMph>
                    <altitudeFt>630</altitudeFt>
                </position>
                <position>
                    <lat>48.0815</lat>
                    <lon>16.5945</lon>
                    <date>2013-07-11T19:01:53+02:00</date>
                    <speedMph>116</speedMph>
                    <altitudeFt>700</altitudeFt>
                </position>
                <position>
                    <lat>48.0749</lat>
                    <lon>16.5973</lon>
                    <date>2013-07-11T19:01:38+02:00</date>
                    <speedMph>120</speedMph>
                    <altitudeFt>830</altitudeFt>
                </position>
                <position>
                    <lat>48.0731</lat>
                    <lon>16.598</lon>
                    <date>2013-07-11T19:01:33+02:00</date>
                    <speedMph>120</speedMph>
                    <altitudeFt>850</altitudeFt>
                </position>
                <position>
                    <lat>48.0709</lat>
                    <lon>16.5989</lon>
                    <date>2013-07-11T19:01:28+02:00</date>
                    <speedMph>124</speedMph>
                    <altitudeFt>900</altitudeFt>
                </position>
                <position>
                    <lat>48.0649</lat>
                    <lon>16.6014</lon>
                    <date>2013-07-11T19:01:18+02:00</date>
                    <speedMph>120</speedMph>
                    <altitudeFt>1030</altitudeFt>
                </position>
                <position>
                    <lat>48.0624</lat>
                    <lon>16.6025</lon>
                    <date>2013-07-11T19:01:13+02:00</date>
                    <speedMph>120</speedMph>
                    <altitudeFt>1080</altitudeFt>
                </position>
                <position>
                    <lat>48.057</lat>
                    <lon>16.6049</lon>
                    <date>2013-07-11T19:01:08+02:00</date>
                    <speedMph>120</speedMph>
                    <altitudeFt>1180</altitudeFt>
                </position>
                <position>
                    <lat>48.0554</lat>
                    <lon>16.6056</lon>
                    <date>2013-07-11T19:01:03+02:00</date>
                    <speedMph>120</speedMph>
                    <altitudeFt>1200</altitudeFt>
                </position>
                <position>
                    <lat>48.0492</lat>
                    <lon>16.6083</lon>
                    <date>2013-07-11T19:00:53+02:00</date>
                    <speedMph>116</speedMph>
                    <altitudeFt>1330</altitudeFt>
                </position>
                <position>
                    <lat>48.0475</lat>
                    <lon>16.609</lon>
                    <date>2013-07-11T19:00:48+02:00</date>
                    <speedMph>116</speedMph>
                    <altitudeFt>1380</altitudeFt>
                </position>
                <position>
                    <lat>48.0444</lat>
                    <lon>16.6104</lon>
                    <date>2013-07-11T19:00:43+02:00</date>
                    <speedMph>120</speedMph>
                    <altitudeFt>1450</altitudeFt>
                </position>
                <position>
                    <lat>48.0422</lat>
                    <lon>16.6114</lon>
                    <date>2013-07-11T19:00:33+02:00</date>
                    <speedMph>120</speedMph>
                    <altitudeFt>1500</altitudeFt>
                </position>
                <position>
                    <lat>48.0385</lat>
                    <lon>16.6132</lon>
                    <date>2013-07-11T19:00:28+02:00</date>
                    <speedMph>124</speedMph>
                    <altitudeFt>1630</altitudeFt>
                </position>
                <position>
                    <lat>48.0351</lat>
                    <lon>16.6146</lon>
                    <date>2013-07-11T19:00:23+02:00</date>
                    <speedMph>124</speedMph>
                    <altitudeFt>1700</altitudeFt>
                </position>
                <position>
                    <lat>48.0319</lat>
                    <lon>16.616</lon>
                    <date>2013-07-11T19:00:18+02:00</date>
                    <speedMph>132</speedMph>
                    <altitudeFt>1780</altitudeFt>
                </position>
                <position>
                    <lat>48.03</lat>
                    <lon>16.6168</lon>
                    <date>2013-07-11T19:00:13+02:00</date>
                    <speedMph>140</speedMph>
                    <altitudeFt>1800</altitudeFt>
                </position>
                <position>
                    <lat>48.0281</lat>
                    <lon>16.6177</lon>
                    <date>2013-07-11T19:00:08+02:00</date>
                    <speedMph>144</speedMph>
                    <altitudeFt>1800</altitudeFt>
                </position>
                <position>
                    <lat>48.0249</lat>
                    <lon>16.6191</lon>
                    <date>2013-07-11T19:00:03+02:00</date>
                    <speedMph>144</speedMph>
                    <altitudeFt>1850</altitudeFt>
                </position>
                <position>
                    <lat>48.02</lat>
                    <lon>16.6215</lon>
                    <date>2013-07-11T18:59:58+02:00</date>
                    <speedMph>144</speedMph>
                    <altitudeFt>1950</altitudeFt>
                </position>
                <position>
                    <lat>48.0153</lat>
                    <lon>16.6236</lon>
                    <date>2013-07-11T18:59:53+02:00</date>
                    <speedMph>144</speedMph>
                    <altitudeFt>2050</altitudeFt>
                </position>
                <position>
                    <lat>48.012</lat>
                    <lon>16.6251</lon>
                    <date>2013-07-11T18:59:43+02:00</date>
                    <speedMph>144</speedMph>
                    <altitudeFt>2130</altitudeFt>
                </position>
                <position>
                    <lat>48.007</lat>
                    <lon>16.6275</lon>
                    <date>2013-07-11T18:59:38+02:00</date>
                    <speedMph>144</speedMph>
                    <altitudeFt>2250</altitudeFt>
                </position>
                <position>
                    <lat>48.004</lat>
                    <lon>16.6289</lon>
                    <date>2013-07-11T18:59:33+02:00</date>
                    <speedMph>140</speedMph>
                    <altitudeFt>2300</altitudeFt>
                </position>
                <position>
                    <lat>48.0005</lat>
                    <lon>16.6306</lon>
                    <date>2013-07-11T18:59:28+02:00</date>
                    <speedMph>140</speedMph>
                    <altitudeFt>2330</altitudeFt>
                </position>
                <position>
                    <lat>47.998</lat>
                    <lon>16.6316</lon>
                    <date>2013-07-11T18:59:23+02:00</date>
                    <speedMph>140</speedMph>
                    <altitudeFt>2380</altitudeFt>
                </position>
                <position>
                    <lat>47.9946</lat>
                    <lon>16.633</lon>
                    <date>2013-07-11T18:59:18+02:00</date>
                    <speedMph>140</speedMph>
                    <altitudeFt>2430</altitudeFt>
                </position>
                <position>
                    <lat>47.9912</lat>
                    <lon>16.6344</lon>
                    <date>2013-07-11T18:59:13+02:00</date>
                    <speedMph>144</speedMph>
                    <altitudeFt>2480</altitudeFt>
                </position>
                <position>
                    <lat>47.9869</lat>
                    <lon>16.6357</lon>
                    <date>2013-07-11T18:59:03+02:00</date>
                    <speedMph>144</speedMph>
                    <altitudeFt>2580</altitudeFt>
                </position>
                <position>
                    <lat>47.9813</lat>
                    <lon>16.6375</lon>
                    <date>2013-07-11T18:58:58+02:00</date>
                    <speedMph>144</speedMph>
                    <altitudeFt>2730</altitudeFt>
                </position>
                <position>
                    <lat>47.976</lat>
                    <lon>16.6392</lon>
                    <date>2013-07-11T18:58:48+02:00</date>
                    <speedMph>144</speedMph>
                    <altitudeFt>2850</altitudeFt>
                </position>
                <position>
                    <lat>47.9702</lat>
                    <lon>16.6413</lon>
                    <date>2013-07-11T18:58:43+02:00</date>
                    <speedMph>144</speedMph>
                    <altitudeFt>2950</altitudeFt>
                </position>
                <position>
                    <lat>47.9659</lat>
                    <lon>16.6428</lon>
                    <date>2013-07-11T18:58:38+02:00</date>
                    <speedMph>148</speedMph>
                    <altitudeFt>2980</altitudeFt>
                </position>
                <position>
                    <lat>47.9643</lat>
                    <lon>16.6437</lon>
                    <date>2013-07-11T18:58:33+02:00</date>
                    <speedMph>148</speedMph>
                    <altitudeFt>3000</altitudeFt>
                </position>
                <position>
                    <lat>47.9629</lat>
                    <lon>16.6442</lon>
                    <date>2013-07-11T18:58:28+02:00</date>
                    <speedMph>148</speedMph>
                    <altitudeFt>3000</altitudeFt>
                </position>
                <position>
                    <lat>47.9581</lat>
                    <lon>16.6463</lon>
                    <date>2013-07-11T18:58:23+02:00</date>
                    <speedMph>148</speedMph>
                    <altitudeFt>3030</altitudeFt>
                </position>
                <position>
                    <lat>47.9562</lat>
                    <lon>16.6475</lon>
                    <date>2013-07-11T18:58:18+02:00</date>
                    <speedMph>148</speedMph>
                    <altitudeFt>3030</altitudeFt>
                </position>
                <position>
                    <lat>47.951</lat>
                    <lon>16.6502</lon>
                    <date>2013-07-11T18:58:13+02:00</date>
                    <speedMph>148</speedMph>
                    <altitudeFt>3080</altitudeFt>
                </position>
                <position>
                    <lat>47.945</lat>
                    <lon>16.6528</lon>
                    <date>2013-07-11T18:58:03+02:00</date>
                    <speedMph>148</speedMph>
                    <altitudeFt>3100</altitudeFt>
                </position>
                <position>
                    <lat>47.9419</lat>
                    <lon>16.6541</lon>
                    <date>2013-07-11T18:57:58+02:00</date>
                    <speedMph>152</speedMph>
                    <altitudeFt>3100</altitudeFt>
                </position>
                <position>
                    <lat>47.9391</lat>
                    <lon>16.655</lon>
                    <date>2013-07-11T18:57:53+02:00</date>
                    <speedMph>152</speedMph>
                    <altitudeFt>3100</altitudeFt>
                </position>
                <position>
                    <lat>47.9355</lat>
                    <lon>16.6562</lon>
                    <date>2013-07-11T18:57:48+02:00</date>
                    <speedMph>156</speedMph>
                    <altitudeFt>3080</altitudeFt>
                </position>
                <position>
                    <lat>47.9333</lat>
                    <lon>16.6571</lon>
                    <date>2013-07-11T18:57:43+02:00</date>
                    <speedMph>160</speedMph>
                    <altitudeFt>3080</altitudeFt>
                </position>
                <position>
                    <lat>47.9303</lat>
                    <lon>16.6581</lon>
                    <date>2013-07-11T18:57:38+02:00</date>
                    <speedMph>160</speedMph>
                    <altitudeFt>3050</altitudeFt>
                </position>
                <position>
                    <lat>47.9242</lat>
                    <lon>16.6601</lon>
                    <date>2013-07-11T18:57:33+02:00</date>
                    <speedMph>164</speedMph>
                    <altitudeFt>3000</altitudeFt>
                </position>
                <position>
                    <lat>47.9184</lat>
                    <lon>16.6623</lon>
                    <date>2013-07-11T18:57:28+02:00</date>
                    <speedMph>164</speedMph>
                    <altitudeFt>2980</altitudeFt>
                </position>
                <position>
                    <lat>47.9162</lat>
                    <lon>16.6632</lon>
                    <date>2013-07-11T18:57:23+02:00</date>
                    <speedMph>164</speedMph>
                    <altitudeFt>2980</altitudeFt>
                </position>
                <position>
                    <lat>47.9137</lat>
                    <lon>16.6645</lon>
                    <date>2013-07-11T18:57:18+02:00</date>
                    <speedMph>168</speedMph>
                    <altitudeFt>2980</altitudeFt>
                </position>
                <position>
                    <lat>47.9091</lat>
                    <lon>16.6665</lon>
                    <date>2013-07-11T18:57:13+02:00</date>
                    <speedMph>168</speedMph>
                    <altitudeFt>2950</altitudeFt>
                </position>
                <position>
                    <lat>47.9047</lat>
                    <lon>16.6687</lon>
                    <date>2013-07-11T18:57:08+02:00</date>
                    <speedMph>172</speedMph>
                    <altitudeFt>2950</altitudeFt>
                </position>
                <position>
                    <lat>47.9021</lat>
                    <lon>16.6698</lon>
                    <date>2013-07-11T18:57:03+02:00</date>
                    <speedMph>172</speedMph>
                    <altitudeFt>2980</altitudeFt>
                </position>
                <position>
                    <lat>47.9</lat>
                    <lon>16.671</lon>
                    <date>2013-07-11T18:56:58+02:00</date>
                    <speedMph>172</speedMph>
                    <altitudeFt>2980</altitudeFt>
                </position>
                <position>
                    <lat>47.8919</lat>
                    <lon>16.6757</lon>
                    <date>2013-07-11T18:56:48+02:00</date>
                    <speedMph>172</speedMph>
                    <altitudeFt>3000</altitudeFt>
                </position>
                <position>
                    <lat>47.8881</lat>
                    <lon>16.6779</lon>
                    <date>2013-07-11T18:56:43+02:00</date>
                    <speedMph>172</speedMph>
                    <altitudeFt>3030</altitudeFt>
                </position>
                <position>
                    <lat>47.8837</lat>
                    <lon>16.6807</lon>
                    <date>2013-07-11T18:56:38+02:00</date>
                    <speedMph>172</speedMph>
                    <altitudeFt>3100</altitudeFt>
                </position>
                <position>
                    <lat>47.8802</lat>
                    <lon>16.6832</lon>
                    <date>2013-07-11T18:56:33+02:00</date>
                    <speedMph>172</speedMph>
                    <altitudeFt>3150</altitudeFt>
                </position>
                <position>
                    <lat>47.8774</lat>
                    <lon>16.6856</lon>
                    <date>2013-07-11T18:56:28+02:00</date>
                    <speedMph>172</speedMph>
                    <altitudeFt>3200</altitudeFt>
                </position>
                <position>
                    <lat>47.8746</lat>
                    <lon>16.6886</lon>
                    <date>2013-07-11T18:56:23+02:00</date>
                    <speedMph>172</speedMph>
                    <altitudeFt>3280</altitudeFt>
                </position>
                <position>
                    <lat>47.8699</lat>
                    <lon>16.6947</lon>
                    <date>2013-07-11T18:56:18+02:00</date>
                    <speedMph>172</speedMph>
                    <altitudeFt>3380</altitudeFt>
                </position>
                <position>
                    <lat>47.8672</lat>
                    <lon>16.6978</lon>
                    <date>2013-07-11T18:56:13+02:00</date>
                    <speedMph>176</speedMph>
                    <altitudeFt>3430</altitudeFt>
                </position>
                <position>
                    <lat>47.8621</lat>
                    <lon>16.704</lon>
                    <date>2013-07-11T18:56:03+02:00</date>
                    <speedMph>180</speedMph>
                    <altitudeFt>3530</altitudeFt>
                </position>
                <position>
                    <lat>47.8608</lat>
                    <lon>16.7057</lon>
                    <date>2013-07-11T18:55:58+02:00</date>
                    <speedMph>180</speedMph>
                    <altitudeFt>3550</altitudeFt>
                </position>
                <position>
                    <lat>47.8544</lat>
                    <lon>16.7151</lon>
                    <date>2013-07-11T18:55:53+02:00</date>
                    <speedMph>188</speedMph>
                    <altitudeFt>3700</altitudeFt>
                </position>
                <position>
                    <lat>47.8493</lat>
                    <lon>16.7419</lon>
                    <date>2013-07-11T18:55:33+02:00</date>
                    <speedMph>208</speedMph>
                    <altitudeFt>3930</altitudeFt>
                </position>
                <position>
                    <lat>47.8494</lat>
                    <lon>16.7448</lon>
                    <date>2013-07-11T18:55:28+02:00</date>
                    <speedMph>216</speedMph>
                    <altitudeFt>3930</altitudeFt>
                </position>
                <position>
                    <lat>47.8501</lat>
                    <lon>16.7547</lon>
                    <date>2013-07-11T18:55:18+02:00</date>
                    <speedMph>216</speedMph>
                    <altitudeFt>3930</altitudeFt>
                </position>
                <position>
                    <lat>47.8547</lat>
                    <lon>16.7716</lon>
                    <date>2013-07-11T18:55:08+02:00</date>
                    <speedMph>240</speedMph>
                    <altitudeFt>3930</altitudeFt>
                </position>
                <position>
                    <lat>47.8576</lat>
                    <lon>16.7766</lon>
                    <date>2013-07-11T18:55:03+02:00</date>
                    <speedMph>252</speedMph>
                    <altitudeFt>3930</altitudeFt>
                </position>
                <position>
                    <lat>47.8699</lat>
                    <lon>16.7885</lon>
                    <date>2013-07-11T18:54:58+02:00</date>
                    <speedMph>260</speedMph>
                    <altitudeFt>3950</altitudeFt>
                </position>
                <position>
                    <lat>47.8746</lat>
                    <lon>16.7904</lon>
                    <date>2013-07-11T18:54:53+02:00</date>
                    <speedMph>260</speedMph>
                    <altitudeFt>3950</altitudeFt>
                </position>
                <position>
                    <lat>47.877</lat>
                    <lon>16.791</lon>
                    <date>2013-07-11T18:54:48+02:00</date>
                    <speedMph>260</speedMph>
                    <altitudeFt>3950</altitudeFt>
                </position>
                <position>
                    <lat>47.9001</lat>
                    <lon>16.7925</lon>
                    <date>2013-07-11T18:54:28+02:00</date>
                    <speedMph>260</speedMph>
                    <altitudeFt>3930</altitudeFt>
                </position>
                <position>
                    <lat>47.9079</lat>
                    <lon>16.7919</lon>
                    <date>2013-07-11T18:54:23+02:00</date>
                    <speedMph>260</speedMph>
                    <altitudeFt>3950</altitudeFt>
                </position>
                <position>
                    <lat>47.9115</lat>
                    <lon>16.7911</lon>
                    <date>2013-07-11T18:54:18+02:00</date>
                    <speedMph>260</speedMph>
                    <altitudeFt>3950</altitudeFt>
                </position>
                <position>
                    <lat>47.915</lat>
                    <lon>16.7899</lon>
                    <date>2013-07-11T18:54:13+02:00</date>
                    <speedMph>260</speedMph>
                    <altitudeFt>3950</altitudeFt>
                </position>
                <position>
                    <lat>47.9222</lat>
                    <lon>16.7872</lon>
                    <date>2013-07-11T18:54:08+02:00</date>
                    <speedMph>260</speedMph>
                    <altitudeFt>3950</altitudeFt>
                </position>
                <position>
                    <lat>47.9321</lat>
                    <lon>16.7836</lon>
                    <date>2013-07-11T18:54:03+02:00</date>
                    <speedMph>260</speedMph>
                    <altitudeFt>3950</altitudeFt>
                </position>
                <position>
                    <lat>47.9339</lat>
                    <lon>16.7827</lon>
                    <date>2013-07-11T18:53:58+02:00</date>
                    <speedMph>260</speedMph>
                    <altitudeFt>3950</altitudeFt>
                </position>
                <position>
                    <lat>47.9449</lat>
                    <lon>16.7786</lon>
                    <date>2013-07-11T18:53:48+02:00</date>
                    <speedMph>260</speedMph>
                    <altitudeFt>4030</altitudeFt>
                </position>
                <position>
                    <lat>47.9516</lat>
                    <lon>16.7758</lon>
                    <date>2013-07-11T18:53:43+02:00</date>
                    <speedMph>260</speedMph>
                    <altitudeFt>4130</altitudeFt>
                </position>
                <position>
                    <lat>47.9574</lat>
                    <lon>16.7734</lon>
                    <date>2013-07-11T18:53:38+02:00</date>
                    <speedMph>260</speedMph>
                    <altitudeFt>4230</altitudeFt>
                </position>
                <position>
                    <lat>47.9609</lat>
                    <lon>16.7721</lon>
                    <date>2013-07-11T18:53:33+02:00</date>
                    <speedMph>260</speedMph>
                    <altitudeFt>4280</altitudeFt>
                </position>
                <position>
                    <lat>47.9658</lat>
                    <lon>16.7702</lon>
                    <date>2013-07-11T18:53:28+02:00</date>
                    <speedMph>260</speedMph>
                    <altitudeFt>4350</altitudeFt>
                </position>
                <position>
                    <lat>47.978</lat>
                    <lon>16.7651</lon>
                    <date>2013-07-11T18:53:23+02:00</date>
                    <speedMph>260</speedMph>
                    <altitudeFt>4550</altitudeFt>
                </position>
                <position>
                    <lat>47.9825</lat>
                    <lon>16.7637</lon>
                    <date>2013-07-11T18:53:18+02:00</date>
                    <speedMph>260</speedMph>
                    <altitudeFt>4630</altitudeFt>
                </position>
                <position>
                    <lat>47.9878</lat>
                    <lon>16.7614</lon>
                    <date>2013-07-11T18:53:13+02:00</date>
                    <speedMph>260</speedMph>
                    <altitudeFt>4700</altitudeFt>
                </position>
                <position>
                    <lat>47.9917</lat>
                    <lon>16.7599</lon>
                    <date>2013-07-11T18:53:08+02:00</date>
                    <speedMph>264</speedMph>
                    <altitudeFt>4750</altitudeFt>
                </position>
                <position>
                    <lat>47.9966</lat>
                    <lon>16.7582</lon>
                    <date>2013-07-11T18:53:03+02:00</date>
                    <speedMph>264</speedMph>
                    <altitudeFt>4850</altitudeFt>
                </position>
                <position>
                    <lat>48.0018</lat>
                    <lon>16.7559</lon>
                    <date>2013-07-11T18:52:58+02:00</date>
                    <speedMph>264</speedMph>
                    <altitudeFt>4930</altitudeFt>
                </position>
                <position>
                    <lat>48.0137</lat>
                    <lon>16.7513</lon>
                    <date>2013-07-11T18:52:53+02:00</date>
                    <speedMph>264</speedMph>
                    <altitudeFt>5080</altitudeFt>
                </position>
                <position>
                    <lat>48.0229</lat>
                    <lon>16.7474</lon>
                    <date>2013-07-11T18:52:43+02:00</date>
                    <speedMph>264</speedMph>
                    <altitudeFt>5200</altitudeFt>
                </position>
                <position>
                    <lat>48.034</lat>
                    <lon>16.743</lon>
                    <date>2013-07-11T18:52:33+02:00</date>
                    <speedMph>264</speedMph>
                    <altitudeFt>5380</altitudeFt>
                </position>
                <position>
                    <lat>48.0482</lat>
                    <lon>16.7372</lon>
                    <date>2013-07-11T18:52:23+02:00</date>
                    <speedMph>268</speedMph>
                    <altitudeFt>5600</altitudeFt>
                </position>
                <position>
                    <lat>48.0533</lat>
                    <lon>16.7352</lon>
                    <date>2013-07-11T18:52:13+02:00</date>
                    <speedMph>268</speedMph>
                    <altitudeFt>5680</altitudeFt>
                </position>
                <position>
                    <lat>48.0675</lat>
                    <lon>16.7291</lon>
                    <date>2013-07-11T18:52:03+02:00</date>
                    <speedMph>272</speedMph>
                    <altitudeFt>5850</altitudeFt>
                </position>
                <position>
                    <lat>48.0852</lat>
                    <lon>16.7215</lon>
                    <date>2013-07-11T18:51:53+02:00</date>
                    <speedMph>276</speedMph>
                    <altitudeFt>6050</altitudeFt>
                </position>
                <position>
                    <lat>48.0946</lat>
                    <lon>16.7171</lon>
                    <date>2013-07-11T18:51:43+02:00</date>
                    <speedMph>276</speedMph>
                    <altitudeFt>6150</altitudeFt>
                </position>
                <position>
                    <lat>48.1041</lat>
                    <lon>16.7124</lon>
                    <date>2013-07-11T18:51:33+02:00</date>
                    <speedMph>280</speedMph>
                    <altitudeFt>6230</altitudeFt>
                </position>
                <position>
                    <lat>48.1206</lat>
                    <lon>16.6992</lon>
                    <date>2013-07-11T18:51:23+02:00</date>
                    <speedMph>284</speedMph>
                    <altitudeFt>6350</altitudeFt>
                </position>
                <position>
                    <lat>48.1287</lat>
                    <lon>16.6917</lon>
                    <date>2013-07-11T18:51:13+02:00</date>
                    <speedMph>284</speedMph>
                    <altitudeFt>6400</altitudeFt>
                </position>
                <position>
                    <lat>48.1401</lat>
                    <lon>16.6805</lon>
                    <date>2013-07-11T18:51:03+02:00</date>
                    <speedMph>288</speedMph>
                    <altitudeFt>6500</altitudeFt>
                </position>
                <position>
                    <lat>48.15</lat>
                    <lon>16.6714</lon>
                    <date>2013-07-11T18:50:53+02:00</date>
                    <speedMph>288</speedMph>
                    <altitudeFt>6630</altitudeFt>
                </position>
                <position>
                    <lat>48.1643</lat>
                    <lon>16.6555</lon>
                    <date>2013-07-11T18:50:43+02:00</date>
                    <speedMph>292</speedMph>
                    <altitudeFt>6900</altitudeFt>
                </position>
                <position>
                    <lat>48.1714</lat>
                    <lon>16.6475</lon>
                    <date>2013-07-11T18:50:33+02:00</date>
                    <speedMph>288</speedMph>
                    <altitudeFt>7030</altitudeFt>
                </position>
                <position>
                    <lat>48.18</lat>
                    <lon>16.6396</lon>
                    <date>2013-07-11T18:50:23+02:00</date>
                    <speedMph>288</speedMph>
                    <altitudeFt>7180</altitudeFt>
                </position>
                <position>
                    <lat>48.1951</lat>
                    <lon>16.6238</lon>
                    <date>2013-07-11T18:50:13+02:00</date>
                    <speedMph>288</speedMph>
                    <altitudeFt>7430</altitudeFt>
                </position>
                <position>
                    <lat>48.2041</lat>
                    <lon>16.6148</lon>
                    <date>2013-07-11T18:50:03+02:00</date>
                    <speedMph>288</speedMph>
                    <altitudeFt>7550</altitudeFt>
                </position>
                <position>
                    <lat>48.2198</lat>
                    <lon>16.5987</lon>
                    <date>2013-07-11T18:49:53+02:00</date>
                    <speedMph>296</speedMph>
                    <altitudeFt>7680</altitudeFt>
                </position>
                <position>
                    <lat>48.229</lat>
                    <lon>16.5881</lon>
                    <date>2013-07-11T18:49:43+02:00</date>
                    <speedMph>300</speedMph>
                    <altitudeFt>7750</altitudeFt>
                </position>
                <position>
                    <lat>48.2384</lat>
                    <lon>16.5786</lon>
                    <date>2013-07-11T18:49:33+02:00</date>
                    <speedMph>304</speedMph>
                    <altitudeFt>7830</altitudeFt>
                </position>
                <position>
                    <lat>48.2534</lat>
                    <lon>16.563</lon>
                    <date>2013-07-11T18:49:23+02:00</date>
                    <speedMph>308</speedMph>
                    <altitudeFt>7980</altitudeFt>
                </position>
                <position>
                    <lat>48.2607</lat>
                    <lon>16.5558</lon>
                    <date>2013-07-11T18:49:13+02:00</date>
                    <speedMph>312</speedMph>
                    <altitudeFt>8080</altitudeFt>
                </position>
                <position>
                    <lat>48.271</lat>
                    <lon>16.5464</lon>
                    <date>2013-07-11T18:49:03+02:00</date>
                    <speedMph>312</speedMph>
                    <altitudeFt>8180</altitudeFt>
                </position>
                <position>
                    <lat>48.2865</lat>
                    <lon>16.5306</lon>
                    <date>2013-07-11T18:48:53+02:00</date>
                    <speedMph>316</speedMph>
                    <altitudeFt>8330</altitudeFt>
                </position>
                <position>
                    <lat>48.2987</lat>
                    <lon>16.512</lon>
                    <date>2013-07-11T18:48:43+02:00</date>
                    <speedMph>320</speedMph>
                    <altitudeFt>8550</altitudeFt>
                </position>
                <position>
                    <lat>48.3056</lat>
                    <lon>16.497</lon>
                    <date>2013-07-11T18:48:33+02:00</date>
                    <speedMph>316</speedMph>
                    <altitudeFt>8930</altitudeFt>
                </position>
                <position>
                    <lat>48.3135</lat>
                    <lon>16.4683</lon>
                    <date>2013-07-11T18:48:23+02:00</date>
                    <speedMph>324</speedMph>
                    <altitudeFt>8980</altitudeFt>
                </position>
                <position>
                    <lat>48.3165</lat>
                    <lon>16.4555</lon>
                    <date>2013-07-11T18:48:13+02:00</date>
                    <speedMph>328</speedMph>
                    <altitudeFt>9000</altitudeFt>
                </position>
                <position>
                    <lat>48.3208</lat>
                    <lon>16.4384</lon>
                    <date>2013-07-11T18:48:03+02:00</date>
                    <speedMph>328</speedMph>
                    <altitudeFt>9130</altitudeFt>
                </position>
                <position>
                    <lat>48.327</lat>
                    <lon>16.4126</lon>
                    <date>2013-07-11T18:47:53+02:00</date>
                    <speedMph>328</speedMph>
                    <altitudeFt>9350</altitudeFt>
                </position>
                <position>
                    <lat>48.3332</lat>
                    <lon>16.3869</lon>
                    <date>2013-07-11T18:47:43+02:00</date>
                    <speedMph>328</speedMph>
                    <altitudeFt>9580</altitudeFt>
                </position>
                <position>
                    <lat>48.3376</lat>
                    <lon>16.3678</lon>
                    <date>2013-07-11T18:47:33+02:00</date>
                    <speedMph>324</speedMph>
                    <altitudeFt>9730</altitudeFt>
                </position>
                <position>
                    <lat>48.3449</lat>
                    <lon>16.3384</lon>
                    <date>2013-07-11T18:47:23+02:00</date>
                    <speedMph>324</speedMph>
                    <altitudeFt>9980</altitudeFt>
                </position>
                <position>
                    <lat>48.3599</lat>
                    <lon>16.275</lon>
                    <date>2013-07-11T18:46:53+02:00</date>
                    <speedMph>324</speedMph>
                    <altitudeFt>10550</altitudeFt>
                </position>
                <position>
                    <lat>48.3734</lat>
                    <lon>16.2175</lon>
                    <date>2013-07-11T18:46:23+02:00</date>
                    <speedMph>328</speedMph>
                    <altitudeFt>11050</altitudeFt>
                </position>
                <position>
                    <lat>48.3875</lat>
                    <lon>16.1592</lon>
                    <date>2013-07-11T18:45:53+02:00</date>
                    <speedMph>332</speedMph>
                    <altitudeFt>11530</altitudeFt>
                </position>
                <position>
                    <lat>48.4025</lat>
                    <lon>16.0959</lon>
                    <date>2013-07-11T18:45:23+02:00</date>
                    <speedMph>336</speedMph>
                    <altitudeFt>12100</altitudeFt>
                </position>
                <position>
                    <lat>48.4206</lat>
                    <lon>16.0195</lon>
                    <date>2013-07-11T18:44:53+02:00</date>
                    <speedMph>352</speedMph>
                    <altitudeFt>12780</altitudeFt>
                </position>
                <position>
                    <lat>48.4355</lat>
                    <lon>15.9543</lon>
                    <date>2013-07-11T18:44:23+02:00</date>
                    <speedMph>356</speedMph>
                    <altitudeFt>13300</altitudeFt>
                </position>
                <position>
                    <lat>48.4524</lat>
                    <lon>15.8841</lon>
                    <date>2013-07-11T18:43:53+02:00</date>
                    <speedMph>356</speedMph>
                    <altitudeFt>13880</altitudeFt>
                </position>
                <position>
                    <lat>48.4674</lat>
                    <lon>15.8204</lon>
                    <date>2013-07-11T18:43:23+02:00</date>
                    <speedMph>360</speedMph>
                    <altitudeFt>14380</altitudeFt>
                </position>
                <position>
                    <lat>48.4856</lat>
                    <lon>15.7422</lon>
                    <date>2013-07-11T18:42:53+02:00</date>
                    <speedMph>364</speedMph>
                    <altitudeFt>14950</altitudeFt>
                </position>
                <position>
                    <lat>48.5135</lat>
                    <lon>15.6226</lon>
                    <date>2013-07-11T18:42:03+02:00</date>
                    <speedMph>368</speedMph>
                    <altitudeFt>15880</altitudeFt>
                </position>
                <position>
                    <lat>48.5475</lat>
                    <lon>15.4751</lon>
                    <date>2013-07-11T18:41:03+02:00</date>
                    <speedMph>376</speedMph>
                    <altitudeFt>16980</altitudeFt>
                </position>
                <position>
                    <lat>48.5839</lat>
                    <lon>15.3172</lon>
                    <date>2013-07-11T18:40:03+02:00</date>
                    <speedMph>396</speedMph>
                    <altitudeFt>18430</altitudeFt>
                </position>
                <position>
                    <lat>48.6387</lat>
                    <lon>15.1437</lon>
                    <date>2013-07-11T18:39:03+02:00</date>
                    <speedMph>416</speedMph>
                    <altitudeFt>20800</altitudeFt>
                </position>
                <position>
                    <lat>48.6961</lat>
                    <lon>15.0</lon>
                    <date>2013-07-11T18:38:03+02:00</date>
                    <speedMph>428</speedMph>
                    <altitudeFt>22930</altitudeFt>
                </position>
                <position>
                    <lat>48.7515</lat>
                    <lon>14.8613</lon>
                    <date>2013-07-11T18:37:03+02:00</date>
                    <speedMph>448</speedMph>
                    <altitudeFt>24630</altitudeFt>
                </position>
                <position>
                    <lat>48.8248</lat>
                    <lon>14.6786</lon>
                    <date>2013-07-11T18:36:03+02:00</date>
                    <speedMph>504</speedMph>
                    <altitudeFt>26050</altitudeFt>
                </position>
                <position>
                    <lat>48.8951</lat>
                    <lon>14.4998</lon>
                    <date>2013-07-11T18:35:03+02:00</date>
                    <speedMph>500</speedMph>
                    <altitudeFt>29980</altitudeFt>
                </position>
                <position>
                    <lat>48.9778</lat>
                    <lon>14.2871</lon>
                    <date>2013-07-11T18:34:03+02:00</date>
                    <speedMph>496</speedMph>
                    <altitudeFt>34100</altitudeFt>
                </position>
                <position>
                    <lat>49.0323</lat>
                    <lon>14.1471</lon>
                    <date>2013-07-11T18:33:03+02:00</date>
                    <speedMph>492</speedMph>
                    <altitudeFt>36480</altitudeFt>
                </position>
                <position>
                    <lat>49.104</lat>
                    <lon>13.963</lon>
                    <date>2013-07-11T18:32:03+02:00</date>
                    <speedMph>492</speedMph>
                    <altitudeFt>37800</altitudeFt>
                </position>
                <position>
                    <lat>49.1804</lat>
                    <lon>13.766</lon>
                    <date>2013-07-11T18:31:03+02:00</date>
                    <speedMph>488</speedMph>
                    <altitudeFt>38850</altitudeFt>
                </position>
                <position>
                    <lat>49.2407</lat>
                    <lon>13.6069</lon>
                    <date>2013-07-11T18:30:03+02:00</date>
                    <speedMph>484</speedMph>
                    <altitudeFt>39700</altitudeFt>
                </position>
                <position>
                    <lat>49.3082</lat>
                    <lon>13.4313</lon>
                    <date>2013-07-11T18:29:03+02:00</date>
                    <speedMph>476</speedMph>
                    <altitudeFt>40680</altitudeFt>
                </position>
                <position>
                    <lat>49.3738</lat>
                    <lon>13.259</lon>
                    <date>2013-07-11T18:28:03+02:00</date>
                    <speedMph>480</speedMph>
                    <altitudeFt>41000</altitudeFt>
                </position>
                <position>
                    <lat>49.4416</lat>
                    <lon>13.0767</lon>
                    <date>2013-07-11T18:27:03+02:00</date>
                    <speedMph>480</speedMph>
                    <altitudeFt>41000</altitudeFt>
                </position>
                <position>
                    <lat>49.5046</lat>
                    <lon>12.9089</lon>
                    <date>2013-07-11T18:26:03+02:00</date>
                    <speedMph>480</speedMph>
                    <altitudeFt>40980</altitudeFt>
                </position>
                <position>
                    <lat>49.5723</lat>
                    <lon>12.7257</lon>
                    <date>2013-07-11T18:25:03+02:00</date>
                    <speedMph>480</speedMph>
                    <altitudeFt>41000</altitudeFt>
                </position>
                <position>
                    <lat>49.6432</lat>
                    <lon>12.533</lon>
                    <date>2013-07-11T18:24:03+02:00</date>
                    <speedMph>480</speedMph>
                    <altitudeFt>41000</altitudeFt>
                </position>
                <position>
                    <lat>49.7059</lat>
                    <lon>12.3609</lon>
                    <date>2013-07-11T18:23:03+02:00</date>
                    <speedMph>480</speedMph>
                    <altitudeFt>41000</altitudeFt>
                </position>
                <position>
                    <lat>49.7717</lat>
                    <lon>12.1824</lon>
                    <date>2013-07-11T18:22:03+02:00</date>
                    <speedMph>480</speedMph>
                    <altitudeFt>41000</altitudeFt>
                </position>
                <position>
                    <lat>49.8296</lat>
                    <lon>12.0209</lon>
                    <date>2013-07-11T18:21:03+02:00</date>
                    <speedMph>480</speedMph>
                    <altitudeFt>41000</altitudeFt>
                </position>
                <position>
                    <lat>49.8967</lat>
                    <lon>11.8337</lon>
                    <date>2013-07-11T18:20:03+02:00</date>
                    <speedMph>480</speedMph>
                    <altitudeFt>41000</altitudeFt>
                </position>
                <position>
                    <lat>49.9498</lat>
                    <lon>11.6556</lon>
                    <date>2013-07-11T18:19:03+02:00</date>
                    <speedMph>480</speedMph>
                    <altitudeFt>41000</altitudeFt>
                </position>
                <position>
                    <lat>50.0071</lat>
                    <lon>11.4652</lon>
                    <date>2013-07-11T18:18:03+02:00</date>
                    <speedMph>480</speedMph>
                    <altitudeFt>41000</altitudeFt>
                </position>
                <position>
                    <lat>50.0652</lat>
                    <lon>11.2654</lon>
                    <date>2013-07-11T18:17:03+02:00</date>
                    <speedMph>476</speedMph>
                    <altitudeFt>41000</altitudeFt>
                </position>
                <position>
                    <lat>50.116</lat>
                    <lon>11.094</lon>
                    <date>2013-07-11T18:16:03+02:00</date>
                    <speedMph>472</speedMph>
                    <altitudeFt>41000</altitudeFt>
                </position>
                <position>
                    <lat>50.1715</lat>
                    <lon>10.9017</lon>
                    <date>2013-07-11T18:15:03+02:00</date>
                    <speedMph>472</speedMph>
                    <altitudeFt>41000</altitudeFt>
                </position>
                <position>
                    <lat>50.2255</lat>
                    <lon>10.7156</lon>
                    <date>2013-07-11T18:14:03+02:00</date>
                    <speedMph>472</speedMph>
                    <altitudeFt>41000</altitudeFt>
                </position>
                <position>
                    <lat>50.2783</lat>
                    <lon>10.5303</lon>
                    <date>2013-07-11T18:13:03+02:00</date>
                    <speedMph>464</speedMph>
                    <altitudeFt>41000</altitudeFt>
                </position>
                <position>
                    <lat>50.3323</lat>
                    <lon>10.3386</lon>
                    <date>2013-07-11T18:12:03+02:00</date>
                    <speedMph>464</speedMph>
                    <altitudeFt>41000</altitudeFt>
                </position>
                <position>
                    <lat>50.387</lat>
                    <lon>10.1466</lon>
                    <date>2013-07-11T18:11:00+02:00</date>
                    <speedMph>468</speedMph>
                    <altitudeFt>41000</altitudeFt>
                </position>
                <position>
                    <lat>50.4393</lat>
                    <lon>9.9598</lon>
                    <date>2013-07-11T18:10:00+02:00</date>
                    <speedMph>472</speedMph>
                    <altitudeFt>41000</altitudeFt>
                </position>
                <position>
                    <lat>50.4906</lat>
                    <lon>9.7714</lon>
                    <date>2013-07-11T18:09:00+02:00</date>
                    <speedMph>472</speedMph>
                    <altitudeFt>41000</altitudeFt>
                </position>
                <position>
                    <lat>50.5416</lat>
                    <lon>9.5859</lon>
                    <date>2013-07-11T18:08:00+02:00</date>
                    <speedMph>472</speedMph>
                    <altitudeFt>41000</altitudeFt>
                </position>
                <position>
                    <lat>50.5936</lat>
                    <lon>9.3967</lon>
                    <date>2013-07-11T18:07:00+02:00</date>
                    <speedMph>472</speedMph>
                    <altitudeFt>41000</altitudeFt>
                </position>
                <position>
                    <lat>50.6469</lat>
                    <lon>9.1974</lon>
                    <date>2013-07-11T18:06:00+02:00</date>
                    <speedMph>472</speedMph>
                    <altitudeFt>41000</altitudeFt>
                </position>
                <position>
                    <lat>50.6917</lat>
                    <lon>9.0302</lon>
                    <date>2013-07-11T18:05:00+02:00</date>
                    <speedMph>472</speedMph>
                    <altitudeFt>41000</altitudeFt>
                </position>
                <position>
                    <lat>50.7475</lat>
                    <lon>8.822</lon>
                    <date>2013-07-11T18:04:00+02:00</date>
                    <speedMph>468</speedMph>
                    <altitudeFt>41000</altitudeFt>
                </position>
                <position>
                    <lat>50.7943</lat>
                    <lon>8.6459</lon>
                    <date>2013-07-11T18:03:00+02:00</date>
                    <speedMph>468</speedMph>
                    <altitudeFt>41000</altitudeFt>
                </position>
                <position>
                    <lat>50.8435</lat>
                    <lon>8.4576</lon>
                    <date>2013-07-11T18:02:00+02:00</date>
                    <speedMph>464</speedMph>
                    <altitudeFt>41000</altitudeFt>
                </position>
                <position>
                    <lat>50.8932</lat>
                    <lon>8.2662</lon>
                    <date>2013-07-11T18:01:00+02:00</date>
                    <speedMph>464</speedMph>
                    <altitudeFt>41000</altitudeFt>
                </position>
                <position>
                    <lat>50.9413</lat>
                    <lon>8.0769</lon>
                    <date>2013-07-11T18:00:00+02:00</date>
                    <speedMph>468</speedMph>
                    <altitudeFt>41000</altitudeFt>
                </position>
                <position>
                    <lat>50.9891</lat>
                    <lon>7.8867</lon>
                    <date>2013-07-11T17:59:00+02:00</date>
                    <speedMph>468</speedMph>
                    <altitudeFt>41000</altitudeFt>
                </position>
                <position>
                    <lat>51.0381</lat>
                    <lon>7.6956</lon>
                    <date>2013-07-11T17:58:00+02:00</date>
                    <speedMph>468</speedMph>
                    <altitudeFt>41000</altitudeFt>
                </position>
                <position>
                    <lat>51.1093</lat>
                    <lon>7.5161</lon>
                    <date>2013-07-11T17:57:00+02:00</date>
                    <speedMph>476</speedMph>
                    <altitudeFt>41000</altitudeFt>
                </position>
                <position>
                    <lat>51.1967</lat>
                    <lon>7.3692</lon>
                    <date>2013-07-11T17:56:00+02:00</date>
                    <speedMph>472</speedMph>
                    <altitudeFt>41000</altitudeFt>
                </position>
                <position>
                    <lat>51.2808</lat>
                    <lon>7.2271</lon>
                    <date>2013-07-11T17:55:00+02:00</date>
                    <speedMph>472</speedMph>
                    <altitudeFt>41000</altitudeFt>
                </position>
                <position>
                    <lat>51.3719</lat>
                    <lon>7.0701</lon>
                    <date>2013-07-11T17:54:00+02:00</date>
                    <speedMph>468</speedMph>
                    <altitudeFt>40530</altitudeFt>
                </position>
                <position>
                    <lat>51.4641</lat>
                    <lon>6.9092</lon>
                    <date>2013-07-11T17:53:00+02:00</date>
                    <speedMph>464</speedMph>
                    <altitudeFt>39650</altitudeFt>
                </position>
                <position>
                    <lat>51.5487</lat>
                    <lon>6.7637</lon>
                    <date>2013-07-11T17:52:00+02:00</date>
                    <speedMph>460</speedMph>
                    <altitudeFt>38780</altitudeFt>
                </position>
                <position>
                    <lat>51.6365</lat>
                    <lon>6.6101</lon>
                    <date>2013-07-11T17:51:00+02:00</date>
                    <speedMph>464</speedMph>
                    <altitudeFt>37230</altitudeFt>
                </position>
                <position>
                    <lat>51.728</lat>
                    <lon>6.4488</lon>
                    <date>2013-07-11T17:50:00+02:00</date>
                    <speedMph>468</speedMph>
                    <altitudeFt>35480</altitudeFt>
                </position>
                <position>
                    <lat>51.8104</lat>
                    <lon>6.3019</lon>
                    <date>2013-07-11T17:49:00+02:00</date>
                    <speedMph>468</speedMph>
                    <altitudeFt>33730</altitudeFt>
                </position>
                <position>
                    <lat>51.9023</lat>
                    <lon>6.1395</lon>
                    <date>2013-07-11T17:48:00+02:00</date>
                    <speedMph>476</speedMph>
                    <altitudeFt>31380</altitudeFt>
                </position>
                <position>
                    <lat>51.9872</lat>
                    <lon>5.9872</lon>
                    <date>2013-07-11T17:47:00+02:00</date>
                    <speedMph>468</speedMph>
                    <altitudeFt>29650</altitudeFt>
                </position>
                <position>
                    <lat>52.0626</lat>
                    <lon>5.818</lon>
                    <date>2013-07-11T17:46:00+02:00</date>
                    <speedMph>452</speedMph>
                    <altitudeFt>27700</altitudeFt>
                </position>
                <position>
                    <lat>52.1345</lat>
                    <lon>5.6458</lon>
                    <date>2013-07-11T17:45:00+02:00</date>
                    <speedMph>436</speedMph>
                    <altitudeFt>25380</altitudeFt>
                </position>
                <position>
                    <lat>52.196</lat>
                    <lon>5.4929</lon>
                    <date>2013-07-11T17:44:00+02:00</date>
                    <speedMph>420</speedMph>
                    <altitudeFt>23150</altitudeFt>
                </position>
                <position>
                    <lat>52.2591</lat>
                    <lon>5.3399</lon>
                    <date>2013-07-11T17:43:00+02:00</date>
                    <speedMph>404</speedMph>
                    <altitudeFt>20380</altitudeFt>
                </position>
                <position>
                    <lat>52.3228</lat>
                    <lon>5.1827</lon>
                    <date>2013-07-11T17:42:00+02:00</date>
                    <speedMph>384</speedMph>
                    <altitudeFt>17280</altitudeFt>
                </position>
                <position>
                    <lat>52.3797</lat>
                    <lon>5.0503</lon>
                    <date>2013-07-11T17:41:00+02:00</date>
                    <speedMph>372</speedMph>
                    <altitudeFt>14300</altitudeFt>
                </position>
                <position>
                    <lat>52.4213</lat>
                    <lon>4.9925</lon>
                    <date>2013-07-11T17:40:30+02:00</date>
                    <speedMph>364</speedMph>
                    <altitudeFt>12450</altitudeFt>
                </position>
                <position>
                    <lat>52.4652</lat>
                    <lon>4.9429</lon>
                    <date>2013-07-11T17:40:00+02:00</date>
                    <speedMph>336</speedMph>
                    <altitudeFt>11030</altitudeFt>
                </position>
                <position>
                    <lat>52.4848</lat>
                    <lon>4.8722</lon>
                    <date>2013-07-11T17:39:30+02:00</date>
                    <speedMph>288</speedMph>
                    <altitudeFt>9550</altitudeFt>
                </position>
                <position>
                    <lat>52.4847</lat>
                    <lon>4.8635</lon>
                    <date>2013-07-11T17:39:20+02:00</date>
                    <speedMph>284</speedMph>
                    <altitudeFt>9300</altitudeFt>
                </position>
                <position>
                    <lat>52.4841</lat>
                    <lon>4.8462</lon>
                    <date>2013-07-11T17:39:10+02:00</date>
                    <speedMph>284</speedMph>
                    <altitudeFt>8800</altitudeFt>
                </position>
                <position>
                    <lat>52.4829</lat>
                    <lon>4.8208</lon>
                    <date>2013-07-11T17:39:00+02:00</date>
                    <speedMph>280</speedMph>
                    <altitudeFt>8000</altitudeFt>
                </position>
                <position>
                    <lat>52.4819</lat>
                    <lon>4.804</lon>
                    <date>2013-07-11T17:38:50+02:00</date>
                    <speedMph>276</speedMph>
                    <altitudeFt>7530</altitudeFt>
                </position>
                <position>
                    <lat>52.477</lat>
                    <lon>4.7808</lon>
                    <date>2013-07-11T17:38:40+02:00</date>
                    <speedMph>268</speedMph>
                    <altitudeFt>6730</altitudeFt>
                </position>
                <position>
                    <lat>52.4716</lat>
                    <lon>4.7681</lon>
                    <date>2013-07-11T17:38:30+02:00</date>
                    <speedMph>260</speedMph>
                    <altitudeFt>6300</altitudeFt>
                </position>
                <position>
                    <lat>52.4603</lat>
                    <lon>4.7543</lon>
                    <date>2013-07-11T17:38:20+02:00</date>
                    <speedMph>256</speedMph>
                    <altitudeFt>5530</altitudeFt>
                </position>
                <position>
                    <lat>52.4521</lat>
                    <lon>4.7466</lon>
                    <date>2013-07-11T17:38:10+02:00</date>
                    <speedMph>252</speedMph>
                    <altitudeFt>4980</altitudeFt>
                </position>
                <position>
                    <lat>52.443</lat>
                    <lon>4.7382</lon>
                    <date>2013-07-11T17:38:05+02:00</date>
                    <speedMph>248</speedMph>
                    <altitudeFt>4400</altitudeFt>
                </position>
                <position>
                    <lat>52.4395</lat>
                    <lon>4.7354</lon>
                    <date>2013-07-11T17:38:00+02:00</date>
                    <speedMph>240</speedMph>
                    <altitudeFt>4280</altitudeFt>
                </position>
                <position>
                    <lat>52.4352</lat>
                    <lon>4.7317</lon>
                    <date>2013-07-11T17:37:55+02:00</date>
                    <speedMph>232</speedMph>
                    <altitudeFt>4130</altitudeFt>
                </position>
                <position>
                    <lat>52.4319</lat>
                    <lon>4.7283</lon>
                    <date>2013-07-11T17:37:50+02:00</date>
                    <speedMph>228</speedMph>
                    <altitudeFt>4000</altitudeFt>
                </position>
                <position>
                    <lat>52.4281</lat>
                    <lon>4.7254</lon>
                    <date>2013-07-11T17:37:45+02:00</date>
                    <speedMph>220</speedMph>
                    <altitudeFt>3880</altitudeFt>
                </position>
                <position>
                    <lat>52.4207</lat>
                    <lon>4.721</lon>
                    <date>2013-07-11T17:37:40+02:00</date>
                    <speedMph>204</speedMph>
                    <altitudeFt>3650</altitudeFt>
                </position>
                <position>
                    <lat>52.4168</lat>
                    <lon>4.7193</lon>
                    <date>2013-07-11T17:37:35+02:00</date>
                    <speedMph>200</speedMph>
                    <altitudeFt>3480</altitudeFt>
                </position>
                <position>
                    <lat>52.4136</lat>
                    <lon>4.718</lon>
                    <date>2013-07-11T17:37:30+02:00</date>
                    <speedMph>192</speedMph>
                    <altitudeFt>3350</altitudeFt>
                </position>
                <position>
                    <lat>52.4064</lat>
                    <lon>4.7164</lon>
                    <date>2013-07-11T17:37:25+02:00</date>
                    <speedMph>180</speedMph>
                    <altitudeFt>3130</altitudeFt>
                </position>
                <position>
                    <lat>52.4025</lat>
                    <lon>4.7157</lon>
                    <date>2013-07-11T17:37:20+02:00</date>
                    <speedMph>172</speedMph>
                    <altitudeFt>3000</altitudeFt>
                </position>
                <position>
                    <lat>52.3997</lat>
                    <lon>4.7154</lon>
                    <date>2013-07-11T17:37:15+02:00</date>
                    <speedMph>168</speedMph>
                    <altitudeFt>2900</altitudeFt>
                </position>
                <position>
                    <lat>52.3965</lat>
                    <lon>4.7149</lon>
                    <date>2013-07-11T17:37:10+02:00</date>
                    <speedMph>160</speedMph>
                    <altitudeFt>2830</altitudeFt>
                </position>
                <position>
                    <lat>52.3932</lat>
                    <lon>4.7144</lon>
                    <date>2013-07-11T17:37:05+02:00</date>
                    <speedMph>156</speedMph>
                    <altitudeFt>2680</altitudeFt>
                </position>
                <position>
                    <lat>52.3875</lat>
                    <lon>4.7137</lon>
                    <date>2013-07-11T17:37:00+02:00</date>
                    <speedMph>152</speedMph>
                    <altitudeFt>2350</altitudeFt>
                </position>
                <position>
                    <lat>52.3831</lat>
                    <lon>4.7131</lon>
                    <date>2013-07-11T17:36:55+02:00</date>
                    <speedMph>148</speedMph>
                    <altitudeFt>2080</altitudeFt>
                </position>
                <position>
                    <lat>52.3803</lat>
                    <lon>4.7128</lon>
                    <date>2013-07-11T17:36:50+02:00</date>
                    <speedMph>148</speedMph>
                    <altitudeFt>1880</altitudeFt>
                </position>
                <position>
                    <lat>52.3762</lat>
                    <lon>4.7124</lon>
                    <date>2013-07-11T17:36:45+02:00</date>
                    <speedMph>148</speedMph>
                    <altitudeFt>1600</altitudeFt>
                </position>
                <position>
                    <lat>52.3736</lat>
                    <lon>4.7121</lon>
                    <date>2013-07-11T17:36:40+02:00</date>
                    <speedMph>144</speedMph>
                    <altitudeFt>1480</altitudeFt>
                </position>
                <position>
                    <lat>52.3705</lat>
                    <lon>4.7119</lon>
                    <date>2013-07-11T17:36:35+02:00</date>
                    <speedMph>144</speedMph>
                    <altitudeFt>1330</altitudeFt>
                </position>
                <position>
                    <lat>52.3627</lat>
                    <lon>4.7116</lon>
                    <date>2013-07-11T17:36:20+02:00</date>
                    <speedMph>140</speedMph>
                    <altitudeFt>900</altitudeFt>
                </position>
                <position>
                    <lat>52.3573</lat>
                    <lon>4.7113</lon>
                    <date>2013-07-11T17:36:15+02:00</date>
                    <speedMph>140</speedMph>
                    <altitudeFt>600</altitudeFt>
                </position>
                <position>
                    <lat>52.3554</lat>
                    <lon>4.7112</lon>
                    <date>2013-07-11T17:36:10+02:00</date>
                    <speedMph>140</speedMph>
                    <altitudeFt>480</altitudeFt>
                </position>
                <position>
                    <lat>52.3535</lat>
                    <lon>4.7111</lon>
                    <date>2013-07-11T17:36:05+02:00</date>
                    <speedMph>140</speedMph>
                    <altitudeFt>330</altitudeFt>
                </position>
                <position>
                    <lat>52.3483</lat>
                    <lon>4.7107</lon>
                    <date>2013-07-11T17:36:00+02:00</date>
                    <speedMph>144</speedMph>
                    <altitudeFt>0</altitudeFt>
                </position>
                <position>
                    <lat>52.3459</lat>
                    <lon>4.7105</lon>
                    <date>2013-07-11T17:35:55+02:00</date>
                    <speedMph>148</speedMph>
                    <altitudeFt>0</altitudeFt>
                </position>
                <position>
                    <lat>52.341</lat>
                    <lon>4.7099</lon>
                    <date>2013-07-11T17:35:50+02:00</date>
                    <speedMph>132</speedMph>
                    <altitudeFt>0</altitudeFt>
                </position>
                <position>
                    <lat>52.3349</lat>
                    <lon>4.7094</lon>
                    <date>2013-07-11T17:35:40+02:00</date>
                    <speedMph>96</speedMph>
                    <altitudeFt>0</altitudeFt>
                </position>
                <position>
                    <lat>52.3321</lat>
                    <lon>4.7091</lon>
                    <date>2013-07-11T17:35:35+02:00</date>
                    <speedMph>68</speedMph>
                    <altitudeFt>0</altitudeFt>
                </position>
                <position>
                    <lat>52.3305</lat>
                    <lon>4.709</lon>
                    <date>2013-07-11T17:35:30+02:00</date>
                    <speedMph>44</speedMph>
                    <altitudeFt>0</altitudeFt>
                </position>
                <position>
                    <lat>52.3299</lat>
                    <lon>4.709</lon>
                    <date>2013-07-11T17:35:25+02:00</date>
                    <speedMph>32</speedMph>
                    <altitudeFt>0</altitudeFt>
                </position>
                <position>
                    <lat>52.3292</lat>
                    <lon>4.7089</lon>
                    <date>2013-07-11T17:34:40+02:00</date>
                    <speedMph>0</speedMph>
                    <altitudeFt>0</altitudeFt>
                </position>
                <position>
                    <lat>52.3292</lat>
                    <lon>4.7089</lon>
                    <date>2013-07-11T17:34:35+02:00</date>
                    <speedMph>4</speedMph>
                    <altitudeFt>0</altitudeFt>
                </position>
                <position>
                    <lat>52.3288</lat>
                    <lon>4.7091</lon>
                    <date>2013-07-11T17:34:20+02:00</date>
                    <speedMph>12</speedMph>
                    <altitudeFt>0</altitudeFt>
                </position>
                <position>
                    <lat>52.3287</lat>
                    <lon>4.7095</lon>
                    <date>2013-07-11T17:34:15+02:00</date>
                    <speedMph>12</speedMph>
                    <altitudeFt>0</altitudeFt>
                </position>
                <position>
                    <lat>52.3287</lat>
                    <lon>4.7099</lon>
                    <date>2013-07-11T17:34:10+02:00</date>
                    <speedMph>12</speedMph>
                    <altitudeFt>0</altitudeFt>
                </position>
                <position>
                    <lat>52.3286</lat>
                    <lon>4.7107</lon>
                    <date>2013-07-11T17:34:00+02:00</date>
                    <speedMph>8</speedMph>
                    <altitudeFt>0</altitudeFt>
                </position>
                <position>
                    <lat>52.3287</lat>
                    <lon>4.711</lon>
                    <date>2013-07-11T17:33:55+02:00</date>
                    <speedMph>12</speedMph>
                    <altitudeFt>0</altitudeFt>
                </position>
                <position>
                    <lat>52.3288</lat>
                    <lon>4.7113</lon>
                    <date>2013-07-11T17:33:50+02:00</date>
                    <speedMph>8</speedMph>
                    <altitudeFt>0</altitudeFt>
                </position>
                <position>
                    <lat>52.3291</lat>
                    <lon>4.7117</lon>
                    <date>2013-07-11T17:33:45+02:00</date>
                    <speedMph>12</speedMph>
                    <altitudeFt>0</altitudeFt>
                </position>
                <position>
                    <lat>52.3292</lat>
                    <lon>4.7118</lon>
                    <date>2013-07-11T17:33:40+02:00</date>
                    <speedMph>12</speedMph>
                    <altitudeFt>0</altitudeFt>
                </position>
                <position>
                    <lat>52.3315</lat>
                    <lon>4.7159</lon>
                    <date>2013-07-11T17:32:55+02:00</date>
                    <speedMph>20</speedMph>
                    <altitudeFt>0</altitudeFt>
                </position>
                <position>
                    <lat>52.3314</lat>
                    <lon>4.7165</lon>
                    <date>2013-07-11T17:32:50+02:00</date>
                    <speedMph>20</speedMph>
                    <altitudeFt>0</altitudeFt>
                </position>
                <position>
                    <lat>52.331</lat>
                    <lon>4.7175</lon>
                    <date>2013-07-11T17:32:45+02:00</date>
                    <speedMph>24</speedMph>
                    <altitudeFt>0</altitudeFt>
                </position>
                <position>
                    <lat>52.3308</lat>
                    <lon>4.7178</lon>
                    <date>2013-07-11T17:32:40+02:00</date>
                    <speedMph>24</speedMph>
                    <altitudeFt>0</altitudeFt>
                </position>
                <position>
                    <lat>52.3302</lat>
                    <lon>4.7188</lon>
                    <date>2013-07-11T17:32:35+02:00</date>
                    <speedMph>24</speedMph>
                    <altitudeFt>0</altitudeFt>
                </position>
                <position>
                    <lat>52.3299</lat>
                    <lon>4.7195</lon>
                    <date>2013-07-11T17:32:30+02:00</date>
                    <speedMph>24</speedMph>
                    <altitudeFt>0</altitudeFt>
                </position>
                <position>
                    <lat>52.3287</lat>
                    <lon>4.7217</lon>
                    <date>2013-07-11T17:32:15+02:00</date>
                    <speedMph>24</speedMph>
                    <altitudeFt>0</altitudeFt>
                </position>
                <position>
                    <lat>52.3284</lat>
                    <lon>4.7223</lon>
                    <date>2013-07-11T17:32:10+02:00</date>
                    <speedMph>24</speedMph>
                    <altitudeFt>0</altitudeFt>
                </position>
                <position>
                    <lat>52.3281</lat>
                    <lon>4.7229</lon>
                    <date>2013-07-11T17:32:05+02:00</date>
                    <speedMph>24</speedMph>
                    <altitudeFt>0</altitudeFt>
                </position>
                <position>
                    <lat>52.3271</lat>
                    <lon>4.7247</lon>
                    <date>2013-07-11T17:31:50+02:00</date>
                    <speedMph>20</speedMph>
                    <altitudeFt>0</altitudeFt>
                </position>
                <position>
                    <lat>52.3268</lat>
                    <lon>4.7253</lon>
                    <date>2013-07-11T17:31:45+02:00</date>
                    <speedMph>20</speedMph>
                    <altitudeFt>0</altitudeFt>
                </position>
                <position>
                    <lat>52.3263</lat>
                    <lon>4.726</lon>
                    <date>2013-07-11T17:31:35+02:00</date>
                    <speedMph>24</speedMph>
                    <altitudeFt>0</altitudeFt>
                </position>
                <position>
                    <lat>52.3256</lat>
                    <lon>4.727</lon>
                    <date>2013-07-11T17:31:30+02:00</date>
                    <speedMph>24</speedMph>
                    <altitudeFt>0</altitudeFt>
                </position>
                <position>
                    <lat>52.3252</lat>
                    <lon>4.7275</lon>
                    <date>2013-07-11T17:31:25+02:00</date>
                    <speedMph>24</speedMph>
                    <altitudeFt>0</altitudeFt>
                </position>
                <position>
                    <lat>52.3244</lat>
                    <lon>4.7286</lon>
                    <date>2013-07-11T17:31:15+02:00</date>
                    <speedMph>24</speedMph>
                    <altitudeFt>0</altitudeFt>
                </position>
                <position>
                    <lat>52.3239</lat>
                    <lon>4.7293</lon>
                    <date>2013-07-11T17:31:10+02:00</date>
                    <speedMph>24</speedMph>
                    <altitudeFt>0</altitudeFt>
                </position>
                <position>
                    <lat>52.3229</lat>
                    <lon>4.7307</lon>
                    <date>2013-07-11T17:31:00+02:00</date>
                    <speedMph>24</speedMph>
                    <altitudeFt>0</altitudeFt>
                </position>
                <position>
                    <lat>52.3226</lat>
                    <lon>4.7311</lon>
                    <date>2013-07-11T17:30:55+02:00</date>
                    <speedMph>20</speedMph>
                    <altitudeFt>0</altitudeFt>
                </position>
                <position>
                    <lat>52.3224</lat>
                    <lon>4.7314</lon>
                    <date>2013-07-11T17:30:50+02:00</date>
                    <speedMph>20</speedMph>
                    <altitudeFt>0</altitudeFt>
                </position>
                <position>
                    <lat>52.3219</lat>
                    <lon>4.7321</lon>
                    <date>2013-07-11T17:30:45+02:00</date>
                    <speedMph>20</speedMph>
                    <altitudeFt>0</altitudeFt>
                </position>
                <position>
                    <lat>52.3217</lat>
                    <lon>4.7325</lon>
                    <date>2013-07-11T17:30:40+02:00</date>
                    <speedMph>20</speedMph>
                    <altitudeFt>0</altitudeFt>
                </position>
                <position>
                    <lat>52.3212</lat>
                    <lon>4.7332</lon>
                    <date>2013-07-11T17:30:35+02:00</date>
                    <speedMph>16</speedMph>
                    <altitudeFt>0</altitudeFt>
                </position>
                <position>
                    <lat>52.3206</lat>
                    <lon>4.7347</lon>
                    <date>2013-07-11T17:30:20+02:00</date>
                    <speedMph>16</speedMph>
                    <altitudeFt>0</altitudeFt>
                </position>
                <position>
                    <lat>52.3206</lat>
                    <lon>4.7349</lon>
                    <date>2013-07-11T17:30:15+02:00</date>
                    <speedMph>16</speedMph>
                    <altitudeFt>0</altitudeFt>
                </position>
                <position>
                    <lat>52.3205</lat>
                    <lon>4.7364</lon>
                    <date>2013-07-11T17:30:05+02:00</date>
                    <speedMph>16</speedMph>
                    <altitudeFt>0</altitudeFt>
                </position>
                <position>
                    <lat>52.3205</lat>
                    <lon>4.7383</lon>
                    <date>2013-07-11T17:29:50+02:00</date>
                    <speedMph>16</speedMph>
                    <altitudeFt>0</altitudeFt>
                </position>
                <position>
                    <lat>52.3204</lat>
                    <lon>4.7389</lon>
                    <date>2013-07-11T17:29:45+02:00</date>
                    <speedMph>16</speedMph>
                    <altitudeFt>0</altitudeFt>
                </position>
                <position>
                    <lat>52.3204</lat>
                    <lon>4.7397</lon>
                    <date>2013-07-11T17:29:40+02:00</date>
                    <speedMph>16</speedMph>
                    <altitudeFt>0</altitudeFt>
                </position>
                <position>
                    <lat>52.3204</lat>
                    <lon>4.7399</lon>
                    <date>2013-07-11T17:29:35+02:00</date>
                    <speedMph>16</speedMph>
                    <altitudeFt>0</altitudeFt>
                </position>
                <position>
                    <lat>52.3204</lat>
                    <lon>4.7404</lon>
                    <date>2013-07-11T17:29:30+02:00</date>
                    <speedMph>16</speedMph>
                    <altitudeFt>0</altitudeFt>
                </position>
                <position>
                    <lat>52.3204</lat>
                    <lon>4.7418</lon>
                    <date>2013-07-11T17:29:20+02:00</date>
                    <speedMph>32</speedMph>
                    <altitudeFt>0</altitudeFt>
                </position>
                <position>
                    <lat>52.3195</lat>
                    <lon>4.7433</lon>
                    <date>2013-07-11T17:29:00+02:00</date>
                    <speedMph>16</speedMph>
                    <altitudeFt>0</altitudeFt>
                </position>
                <position>
                    <lat>52.3192</lat>
                    <lon>4.7433</lon>
                    <date>2013-07-11T17:28:55+02:00</date>
                    <speedMph>16</speedMph>
                    <altitudeFt>0</altitudeFt>
                </position>
                <position>
                    <lat>52.3189</lat>
                    <lon>4.7433</lon>
                    <date>2013-07-11T17:28:50+02:00</date>
                    <speedMph>16</speedMph>
                    <altitudeFt>0</altitudeFt>
                </position>
                <position>
                    <lat>52.3187</lat>
                    <lon>4.7432</lon>
                    <date>2013-07-11T17:28:45+02:00</date>
                    <speedMph>36</speedMph>
                    <altitudeFt>0</altitudeFt>
                </position>
                <position>
                    <lat>52.3181</lat>
                    <lon>4.7432</lon>
                    <date>2013-07-11T17:28:35+02:00</date>
                    <speedMph>36</speedMph>
                    <altitudeFt>0</altitudeFt>
                </position>
                <position>
                    <lat>52.3171</lat>
                    <lon>4.7431</lon>
                    <date>2013-07-11T17:28:25+02:00</date>
                    <speedMph>36</speedMph>
                    <altitudeFt>0</altitudeFt>
                </position>
                <position>
                    <lat>52.3169</lat>
                    <lon>4.7431</lon>
                    <date>2013-07-11T17:28:20+02:00</date>
                    <speedMph>36</speedMph>
                    <altitudeFt>0</altitudeFt>
                </position>
                <position>
                    <lat>52.3167</lat>
                    <lon>4.7431</lon>
                    <date>2013-07-11T17:28:15+02:00</date>
                    <speedMph>32</speedMph>
                    <altitudeFt>0</altitudeFt>
                </position>
                <position>
                    <lat>52.3148</lat>
                    <lon>4.7441</lon>
                    <date>2013-07-11T17:27:40+02:00</date>
                    <speedMph>16</speedMph>
                    <altitudeFt>0</altitudeFt>
                </position>
                <position>
                    <lat>52.3148</lat>
                    <lon>4.7448</lon>
                    <date>2013-07-11T17:27:30+02:00</date>
                    <speedMph>20</speedMph>
                    <altitudeFt>0</altitudeFt>
                </position>
                <position>
                    <lat>52.3148</lat>
                    <lon>4.7454</lon>
                    <date>2013-07-11T17:27:25+02:00</date>
                    <speedMph>20</speedMph>
                    <altitudeFt>0</altitudeFt>
                </position>
                <position>
                    <lat>52.3149</lat>
                    <lon>4.7473</lon>
                    <date>2013-07-11T17:27:20+02:00</date>
                    <speedMph>24</speedMph>
                    <altitudeFt>0</altitudeFt>
                </position>
                <position>
                    <lat>52.3149</lat>
                    <lon>4.7481</lon>
                    <date>2013-07-11T17:27:10+02:00</date>
                    <speedMph>24</speedMph>
                    <altitudeFt>0</altitudeFt>
                </position>
                <position>
                    <lat>52.3149</lat>
                    <lon>4.7494</lon>
                    <date>2013-07-11T17:27:05+02:00</date>
                    <speedMph>24</speedMph>
                    <altitudeFt>0</altitudeFt>
                </position>
                <position>
                    <lat>52.315</lat>
                    <lon>4.7506</lon>
                    <date>2013-07-11T17:27:00+02:00</date>
                    <speedMph>20</speedMph>
                    <altitudeFt>0</altitudeFt>
                </position>
                <position>
                    <lat>52.315</lat>
                    <lon>4.7516</lon>
                    <date>2013-07-11T17:26:55+02:00</date>
                    <speedMph>20</speedMph>
                    <altitudeFt>0</altitudeFt>
                </position>
                <position>
                    <lat>52.3153</lat>
                    <lon>4.7587</lon>
                    <date>2013-07-11T17:26:10+02:00</date>
                    <speedMph>24</speedMph>
                    <altitudeFt>0</altitudeFt>
                </position>
                <position>
                    <lat>52.3156</lat>
                    <lon>4.7675</lon>
                    <date>2013-07-11T17:25:20+02:00</date>
                    <speedMph>24</speedMph>
                    <altitudeFt>0</altitudeFt>
                </position>
                <position>
                    <lat>52.3156</lat>
                    <lon>4.7692</lon>
                    <date>2013-07-11T17:25:15+02:00</date>
                    <speedMph>24</speedMph>
                    <altitudeFt>0</altitudeFt>
                </position>
                <position>
                    <lat>52.3157</lat>
                    <lon>4.7697</lon>
                    <date>2013-07-11T17:25:10+02:00</date>
                    <speedMph>24</speedMph>
                    <altitudeFt>0</altitudeFt>
                </position>
                <position>
                    <lat>52.3157</lat>
                    <lon>4.7706</lon>
                    <date>2013-07-11T17:25:05+02:00</date>
                    <speedMph>24</speedMph>
                    <altitudeFt>0</altitudeFt>
                </position>
                <position>
                    <lat>52.3157</lat>
                    <lon>4.7723</lon>
                    <date>2013-07-11T17:25:00+02:00</date>
                    <speedMph>24</speedMph>
                    <altitudeFt>0</altitudeFt>
                </position>
                <position>
                    <lat>52.3157</lat>
                    <lon>4.7726</lon>
                    <date>2013-07-11T17:24:55+02:00</date>
                    <speedMph>24</speedMph>
                    <altitudeFt>0</altitudeFt>
                </position>
                <position>
                    <lat>52.3157</lat>
                    <lon>4.7743</lon>
                    <date>2013-07-11T17:24:45+02:00</date>
                    <speedMph>24</speedMph>
                    <altitudeFt>0</altitudeFt>
                </position>
                <position>
                    <lat>52.3154</lat>
                    <lon>4.7752</lon>
                    <date>2013-07-11T17:24:40+02:00</date>
                    <speedMph>24</speedMph>
                    <altitudeFt>0</altitudeFt>
                </position>
                <position>
                    <lat>52.3151</lat>
                    <lon>4.7757</lon>
                    <date>2013-07-11T17:24:35+02:00</date>
                    <speedMph>24</speedMph>
                    <altitudeFt>0</altitudeFt>
                </position>
                <position>
                    <lat>52.3146</lat>
                    <lon>4.7763</lon>
                    <date>2013-07-11T17:24:30+02:00</date>
                    <speedMph>24</speedMph>
                    <altitudeFt>0</altitudeFt>
                </position>
                <position>
                    <lat>52.3144</lat>
                    <lon>4.7765</lon>
                    <date>2013-07-11T17:24:25+02:00</date>
                    <speedMph>24</speedMph>
                    <altitudeFt>0</altitudeFt>
                </position>
                <position>
                    <lat>52.3133</lat>
                    <lon>4.7765</lon>
                    <date>2013-07-11T17:24:20+02:00</date>
                    <speedMph>20</speedMph>
                    <altitudeFt>0</altitudeFt>
                </position>
                <position>
                    <lat>52.3132</lat>
                    <lon>4.7765</lon>
                    <date>2013-07-11T17:24:15+02:00</date>
                    <speedMph>20</speedMph>
                    <altitudeFt>0</altitudeFt>
                </position>
                <position>
                    <lat>52.3122</lat>
                    <lon>4.7764</lon>
                    <date>2013-07-11T17:24:05+02:00</date>
                    <speedMph>16</speedMph>
                    <altitudeFt>0</altitudeFt>
                </position>
                <position>
                    <lat>52.3115</lat>
                    <lon>4.7763</lon>
                    <date>2013-07-11T17:23:55+02:00</date>
                    <speedMph>36</speedMph>
                    <altitudeFt>0</altitudeFt>
                </position>
                <position>
                    <lat>52.3113</lat>
                    <lon>4.7763</lon>
                    <date>2013-07-11T17:23:50+02:00</date>
                    <speedMph>32</speedMph>
                    <altitudeFt>0</altitudeFt>
                </position>
                <position>
                    <lat>52.3103</lat>
                    <lon>4.7754</lon>
                    <date>2013-07-11T17:23:30+02:00</date>
                    <speedMph>32</speedMph>
                    <altitudeFt>0</altitudeFt>
                </position>
                <position>
                    <lat>52.3104</lat>
                    <lon>4.775</lon>
                    <date>2013-07-11T17:23:25+02:00</date>
                    <speedMph>28</speedMph>
                    <altitudeFt>0</altitudeFt>
                </position>
                <position>
                    <lat>52.3107</lat>
                    <lon>4.7738</lon>
                    <date>2013-07-11T17:23:05+02:00</date>
                    <speedMph>12</speedMph>
                    <altitudeFt>0</altitudeFt>
                </position>
                <position>
                    <lat>52.3107</lat>
                    <lon>4.7737</lon>
                    <date>2013-07-11T17:22:45+02:00</date>
                    <speedMph>0</speedMph>
                    <altitudeFt>0</altitudeFt>
                </position>
                <position>
                    <lat>52.3107</lat>
                    <lon>4.7737</lon>
                    <date>2013-07-11T17:21:30+02:00</date>
                    <speedMph>0</speedMph>
                    <altitudeFt>0</altitudeFt>
                </position>
                <position>
                    <lat>52.3107</lat>
                    <lon>4.7737</lon>
                    <date>2013-07-11T17:20:25+02:00</date>
                    <speedMph>0</speedMph>
                    <altitudeFt>0</altitudeFt>
                </position>
                <position>
                    <lat>52.3107</lat>
                    <lon>4.7737</lon>
                    <date>2013-07-11T17:19:50+02:00</date>
                    <speedMph>0</speedMph>
                    <altitudeFt>0</altitudeFt>
                </position>
                <position>
                    <lat>52.3107</lat>
                    <lon>4.7737</lon>
                    <date>2013-07-11T17:19:45+02:00</date>
                    <speedMph>4</speedMph>
                    <altitudeFt>0</altitudeFt>
                </position>
                <position>
                    <lat>52.3105</lat>
                    <lon>4.7739</lon>
                    <date>2013-07-11T17:19:25+02:00</date>
                    <speedMph>12</speedMph>
                    <altitudeFt>0</altitudeFt>
                </position>
                <position>
                    <lat>52.3105</lat>
                    <lon>4.7739</lon>
                    <date>2013-07-11T17:19:20+02:00</date>
                    <speedMph>12</speedMph>
                    <altitudeFt>0</altitudeFt>
                </position>
                <position>
                    <lat>52.3104</lat>
                    <lon>4.7738</lon>
                    <date>2013-07-11T17:19:15+02:00</date>
                    <speedMph>12</speedMph>
                    <altitudeFt>0</altitudeFt>
                </position>
                <position>
                    <lat>52.3103</lat>
                    <lon>4.7738</lon>
                    <date>2013-07-11T17:19:10+02:00</date>
                    <speedMph>12</speedMph>
                    <altitudeFt>0</altitudeFt>
                </position>
                <position>
                    <lat>52.3102</lat>
                    <lon>4.7738</lon>
                    <date>2013-07-11T17:19:05+02:00</date>
                    <speedMph>12</speedMph>
                    <altitudeFt>0</altitudeFt>
                </position>
            </positions>
        </flightTrack>
    </flightTracks>
</flightstatslog>
