<?xml version="1.0" encoding="UTF-8" standalone="yes"?>
<flightstatslog>
    <appendix>
        <airports>
            <airport>
                <fs>STN</fs>
                <latitude>51.885</latitude>
                <longitude>0.235</longitude>
                <city>London</city>
            </airport>
            <airport>
                <fs>BTS</fs>
                <latitude>48.170167</latitude>
                <longitude>17.212667</longitude>
                <city>Bratislava</city>
            </airport>
        </airports>
    </appendix>
    <flightTracks>
        <flightTrack>
            <flightId>5023260</flightId>
            <departureAirportFsCode>STN</departureAirportFsCode>
            <arrivalAirportFsCode>BTS</arrivalAirportFsCode>
            <positions>
                <position>
                    <lat>48.1717</lat>
                    <lon>17.2062</lon>
                    <date>2013-07-11T20:42:22+02:00</date>
                    <speedMph>8</speedMph>
                    <altitudeFt>0</altitudeFt>
                </position>
                <position>
                    <lat>48.1715</lat>
                    <lon>17.2068</lon>
                    <date>2013-07-11T20:42:17+02:00</date>
                    <speedMph>16</speedMph>
                    <altitudeFt>0</altitudeFt>
                </position>
                <position>
                    <lat>48.1713</lat>
                    <lon>17.2071</lon>
                    <date>2013-07-11T20:42:12+02:00</date>
                    <speedMph>16</speedMph>
                    <altitudeFt>0</altitudeFt>
                </position>
                <position>
                    <lat>48.1705</lat>
                    <lon>17.2084</lon>
                    <date>2013-07-11T20:41:47+02:00</date>
                    <speedMph>8</speedMph>
                    <altitudeFt>0</altitudeFt>
                </position>
                <position>
                    <lat>48.1706</lat>
                    <lon>17.2091</lon>
                    <date>2013-07-11T20:41:32+02:00</date>
                    <speedMph>16</speedMph>
                    <altitudeFt>0</altitudeFt>
                </position>
                <position>
                    <lat>48.1708</lat>
                    <lon>17.2094</lon>
                    <date>2013-07-11T20:41:27+02:00</date>
                    <speedMph>12</speedMph>
                    <altitudeFt>0</altitudeFt>
                </position>
                <position>
                    <lat>48.1714</lat>
                    <lon>17.2105</lon>
                    <date>2013-07-11T20:41:07+02:00</date>
                    <speedMph>8</speedMph>
                    <altitudeFt>0</altitudeFt>
                </position>
                <position>
                    <lat>48.1712</lat>
                    <lon>17.211</lon>
                    <date>2013-07-11T20:40:57+02:00</date>
                    <speedMph>20</speedMph>
                    <altitudeFt>0</altitudeFt>
                </position>
                <position>
                    <lat>48.1705</lat>
                    <lon>17.212</lon>
                    <date>2013-07-11T20:40:52+02:00</date>
                    <speedMph>36</speedMph>
                    <altitudeFt>0</altitudeFt>
                </position>
                <position>
                    <lat>48.1699</lat>
                    <lon>17.213</lon>
                    <date>2013-07-11T20:40:47+02:00</date>
                    <speedMph>44</speedMph>
                    <altitudeFt>0</altitudeFt>
                </position>
                <position>
                    <lat>48.1684</lat>
                    <lon>17.2152</lon>
                    <date>2013-07-11T20:40:32+02:00</date>
                    <speedMph>60</speedMph>
                    <altitudeFt>0</altitudeFt>
                </position>
                <position>
                    <lat>48.1661</lat>
                    <lon>17.2189</lon>
                    <date>2013-07-11T20:40:27+02:00</date>
                    <speedMph>88</speedMph>
                    <altitudeFt>0</altitudeFt>
                </position>
                <position>
                    <lat>48.1647</lat>
                    <lon>17.2211</lon>
                    <date>2013-07-11T20:40:22+02:00</date>
                    <speedMph>100</speedMph>
                    <altitudeFt>0</altitudeFt>
                </position>
                <position>
                    <lat>48.1629</lat>
                    <lon>17.2238</lon>
                    <date>2013-07-11T20:40:17+02:00</date>
                    <speedMph>120</speedMph>
                    <altitudeFt>0</altitudeFt>
                </position>
                <position>
                    <lat>48.1607</lat>
                    <lon>17.2273</lon>
                    <date>2013-07-11T20:40:12+02:00</date>
                    <speedMph>140</speedMph>
                    <altitudeFt>350</altitudeFt>
                </position>
                <position>
                    <lat>48.1585</lat>
                    <lon>17.2307</lon>
                    <date>2013-07-11T20:40:07+02:00</date>
                    <speedMph>144</speedMph>
                    <altitudeFt>380</altitudeFt>
                </position>
                <position>
                    <lat>48.1564</lat>
                    <lon>17.234</lon>
                    <date>2013-07-11T20:40:02+02:00</date>
                    <speedMph>144</speedMph>
                    <altitudeFt>450</altitudeFt>
                </position>
                <position>
                    <lat>48.1539</lat>
                    <lon>17.2378</lon>
                    <date>2013-07-11T20:39:57+02:00</date>
                    <speedMph>144</speedMph>
                    <altitudeFt>500</altitudeFt>
                </position>
                <position>
                    <lat>48.1516</lat>
                    <lon>17.2414</lon>
                    <date>2013-07-11T20:39:47+02:00</date>
                    <speedMph>144</speedMph>
                    <altitudeFt>550</altitudeFt>
                </position>
                <position>
                    <lat>48.1473</lat>
                    <lon>17.2481</lon>
                    <date>2013-07-11T20:39:42+02:00</date>
                    <speedMph>136</speedMph>
                    <altitudeFt>680</altitudeFt>
                </position>
                <position>
                    <lat>48.1449</lat>
                    <lon>17.2518</lon>
                    <date>2013-07-11T20:39:37+02:00</date>
                    <speedMph>132</speedMph>
                    <altitudeFt>730</altitudeFt>
                </position>
                <position>
                    <lat>48.1423</lat>
                    <lon>17.2558</lon>
                    <date>2013-07-11T20:39:27+02:00</date>
                    <speedMph>140</speedMph>
                    <altitudeFt>800</altitudeFt>
                </position>
                <position>
                    <lat>48.138</lat>
                    <lon>17.2626</lon>
                    <date>2013-07-11T20:39:22+02:00</date>
                    <speedMph>140</speedMph>
                    <altitudeFt>900</altitudeFt>
                </position>
                <position>
                    <lat>48.1361</lat>
                    <lon>17.2654</lon>
                    <date>2013-07-11T20:39:17+02:00</date>
                    <speedMph>140</speedMph>
                    <altitudeFt>950</altitudeFt>
                </position>
                <position>
                    <lat>48.1337</lat>
                    <lon>17.2692</lon>
                    <date>2013-07-11T20:39:07+02:00</date>
                    <speedMph>136</speedMph>
                    <altitudeFt>1030</altitudeFt>
                </position>
                <position>
                    <lat>48.1291</lat>
                    <lon>17.2762</lon>
                    <date>2013-07-11T20:39:02+02:00</date>
                    <speedMph>140</speedMph>
                    <altitudeFt>1180</altitudeFt>
                </position>
                <position>
                    <lat>48.1269</lat>
                    <lon>17.2797</lon>
                    <date>2013-07-11T20:38:57+02:00</date>
                    <speedMph>144</speedMph>
                    <altitudeFt>1250</altitudeFt>
                </position>
                <position>
                    <lat>48.1247</lat>
                    <lon>17.2831</lon>
                    <date>2013-07-11T20:38:52+02:00</date>
                    <speedMph>144</speedMph>
                    <altitudeFt>1300</altitudeFt>
                </position>
                <position>
                    <lat>48.1225</lat>
                    <lon>17.2865</lon>
                    <date>2013-07-11T20:38:47+02:00</date>
                    <speedMph>148</speedMph>
                    <altitudeFt>1380</altitudeFt>
                </position>
                <position>
                    <lat>48.1202</lat>
                    <lon>17.2902</lon>
                    <date>2013-07-11T20:38:42+02:00</date>
                    <speedMph>144</speedMph>
                    <altitudeFt>1430</altitudeFt>
                </position>
                <position>
                    <lat>48.1175</lat>
                    <lon>17.2943</lon>
                    <date>2013-07-11T20:38:37+02:00</date>
                    <speedMph>148</speedMph>
                    <altitudeFt>1500</altitudeFt>
                </position>
                <position>
                    <lat>48.1127</lat>
                    <lon>17.3015</lon>
                    <date>2013-07-11T20:38:27+02:00</date>
                    <speedMph>152</speedMph>
                    <altitudeFt>1630</altitudeFt>
                </position>
                <position>
                    <lat>48.1101</lat>
                    <lon>17.3056</lon>
                    <date>2013-07-11T20:38:22+02:00</date>
                    <speedMph>156</speedMph>
                    <altitudeFt>1700</altitudeFt>
                </position>
                <position>
                    <lat>48.1007</lat>
                    <lon>17.3202</lon>
                    <date>2013-07-11T20:38:02+02:00</date>
                    <speedMph>152</speedMph>
                    <altitudeFt>1980</altitudeFt>
                </position>
                <position>
                    <lat>48.0927</lat>
                    <lon>17.3326</lon>
                    <date>2013-07-11T20:37:47+02:00</date>
                    <speedMph>160</speedMph>
                    <altitudeFt>2180</altitudeFt>
                </position>
                <position>
                    <lat>48.0887</lat>
                    <lon>17.3387</lon>
                    <date>2013-07-11T20:37:37+02:00</date>
                    <speedMph>160</speedMph>
                    <altitudeFt>2300</altitudeFt>
                </position>
                <position>
                    <lat>48.0765</lat>
                    <lon>17.3574</lon>
                    <date>2013-07-11T20:37:27+02:00</date>
                    <speedMph>164</speedMph>
                    <altitudeFt>2630</altitudeFt>
                </position>
                <position>
                    <lat>48.0715</lat>
                    <lon>17.365</lon>
                    <date>2013-07-11T20:37:17+02:00</date>
                    <speedMph>172</speedMph>
                    <altitudeFt>2780</altitudeFt>
                </position>
                <position>
                    <lat>48.0677</lat>
                    <lon>17.3714</lon>
                    <date>2013-07-11T20:37:07+02:00</date>
                    <speedMph>168</speedMph>
                    <altitudeFt>2900</altitudeFt>
                </position>
                <position>
                    <lat>48.065</lat>
                    <lon>17.3769</lon>
                    <date>2013-07-11T20:36:57+02:00</date>
                    <speedMph>172</speedMph>
                    <altitudeFt>2980</altitudeFt>
                </position>
                <position>
                    <lat>48.0616</lat>
                    <lon>17.3871</lon>
                    <date>2013-07-11T20:36:52+02:00</date>
                    <speedMph>184</speedMph>
                    <altitudeFt>3100</altitudeFt>
                </position>
                <position>
                    <lat>48.0591</lat>
                    <lon>17.4087</lon>
                    <date>2013-07-11T20:36:27+02:00</date>
                    <speedMph>188</speedMph>
                    <altitudeFt>3380</altitudeFt>
                </position>
                <position>
                    <lat>48.057</lat>
                    <lon>17.4319</lon>
                    <date>2013-07-11T20:36:12+02:00</date>
                    <speedMph>200</speedMph>
                    <altitudeFt>3580</altitudeFt>
                </position>
                <position>
                    <lat>48.0577</lat>
                    <lon>17.4405</lon>
                    <date>2013-07-11T20:36:02+02:00</date>
                    <speedMph>208</speedMph>
                    <altitudeFt>3630</altitudeFt>
                </position>
                <position>
                    <lat>48.0613</lat>
                    <lon>17.4521</lon>
                    <date>2013-07-11T20:35:57+02:00</date>
                    <speedMph>220</speedMph>
                    <altitudeFt>3700</altitudeFt>
                </position>
                <position>
                    <lat>48.0653</lat>
                    <lon>17.4589</lon>
                    <date>2013-07-11T20:35:52+02:00</date>
                    <speedMph>228</speedMph>
                    <altitudeFt>3780</altitudeFt>
                </position>
                <position>
                    <lat>48.069</lat>
                    <lon>17.4638</lon>
                    <date>2013-07-11T20:35:47+02:00</date>
                    <speedMph>232</speedMph>
                    <altitudeFt>3800</altitudeFt>
                </position>
                <position>
                    <lat>48.0733</lat>
                    <lon>17.469</lon>
                    <date>2013-07-11T20:35:42+02:00</date>
                    <speedMph>232</speedMph>
                    <altitudeFt>3850</altitudeFt>
                </position>
                <position>
                    <lat>48.0733</lat>
                    <lon>17.469</lon>
                    <date>2013-07-11T20:35:37+02:00</date>
                    <speedMph>232</speedMph>
                    <altitudeFt>3850</altitudeFt>
                </position>
                <position>
                    <lat>48.0817</lat>
                    <lon>17.4792</lon>
                    <date>2013-07-11T20:35:32+02:00</date>
                    <speedMph>244</speedMph>
                    <altitudeFt>3980</altitudeFt>
                </position>
                <position>
                    <lat>48.0865</lat>
                    <lon>17.4843</lon>
                    <date>2013-07-11T20:35:22+02:00</date>
                    <speedMph>244</speedMph>
                    <altitudeFt>4080</altitudeFt>
                </position>
                <position>
                    <lat>48.0967</lat>
                    <lon>17.4907</lon>
                    <date>2013-07-11T20:35:17+02:00</date>
                    <speedMph>248</speedMph>
                    <altitudeFt>4280</altitudeFt>
                </position>
                <position>
                    <lat>48.1032</lat>
                    <lon>17.4918</lon>
                    <date>2013-07-11T20:35:12+02:00</date>
                    <speedMph>244</speedMph>
                    <altitudeFt>4400</altitudeFt>
                </position>
                <position>
                    <lat>48.1095</lat>
                    <lon>17.4911</lon>
                    <date>2013-07-11T20:35:07+02:00</date>
                    <speedMph>244</speedMph>
                    <altitudeFt>4500</altitudeFt>
                </position>
                <position>
                    <lat>48.121</lat>
                    <lon>17.4856</lon>
                    <date>2013-07-11T20:34:57+02:00</date>
                    <speedMph>244</speedMph>
                    <altitudeFt>4730</altitudeFt>
                </position>
                <position>
                    <lat>48.1247</lat>
                    <lon>17.4833</lon>
                    <date>2013-07-11T20:34:52+02:00</date>
                    <speedMph>248</speedMph>
                    <altitudeFt>4800</altitudeFt>
                </position>
                <position>
                    <lat>48.1308</lat>
                    <lon>17.4795</lon>
                    <date>2013-07-11T20:34:47+02:00</date>
                    <speedMph>248</speedMph>
                    <altitudeFt>4900</altitudeFt>
                </position>
                <position>
                    <lat>48.1356</lat>
                    <lon>17.4765</lon>
                    <date>2013-07-11T20:34:42+02:00</date>
                    <speedMph>248</speedMph>
                    <altitudeFt>4980</altitudeFt>
                </position>
                <position>
                    <lat>48.1611</lat>
                    <lon>17.4604</lon>
                    <date>2013-07-11T20:34:27+02:00</date>
                    <speedMph>248</speedMph>
                    <altitudeFt>5480</altitudeFt>
                </position>
                <position>
                    <lat>48.1732</lat>
                    <lon>17.4527</lon>
                    <date>2013-07-11T20:34:17+02:00</date>
                    <speedMph>244</speedMph>
                    <altitudeFt>5730</altitudeFt>
                </position>
                <position>
                    <lat>48.1794</lat>
                    <lon>17.4486</lon>
                    <date>2013-07-11T20:34:07+02:00</date>
                    <speedMph>248</speedMph>
                    <altitudeFt>5830</altitudeFt>
                </position>
                <position>
                    <lat>48.1884</lat>
                    <lon>17.4426</lon>
                    <date>2013-07-11T20:33:57+02:00</date>
                    <speedMph>244</speedMph>
                    <altitudeFt>5980</altitudeFt>
                </position>
                <position>
                    <lat>48.2038</lat>
                    <lon>17.4323</lon>
                    <date>2013-07-11T20:33:47+02:00</date>
                    <speedMph>248</speedMph>
                    <altitudeFt>6230</altitudeFt>
                </position>
                <position>
                    <lat>48.2138</lat>
                    <lon>17.4256</lon>
                    <date>2013-07-11T20:33:37+02:00</date>
                    <speedMph>248</speedMph>
                    <altitudeFt>6380</altitudeFt>
                </position>
                <position>
                    <lat>48.2222</lat>
                    <lon>17.4199</lon>
                    <date>2013-07-11T20:33:27+02:00</date>
                    <speedMph>252</speedMph>
                    <altitudeFt>6480</altitudeFt>
                </position>
                <position>
                    <lat>48.2312</lat>
                    <lon>17.4139</lon>
                    <date>2013-07-11T20:33:17+02:00</date>
                    <speedMph>260</speedMph>
                    <altitudeFt>6580</altitudeFt>
                </position>
                <position>
                    <lat>48.2483</lat>
                    <lon>17.4025</lon>
                    <date>2013-07-11T20:33:07+02:00</date>
                    <speedMph>264</speedMph>
                    <altitudeFt>6700</altitudeFt>
                </position>
                <position>
                    <lat>48.2545</lat>
                    <lon>17.3984</lon>
                    <date>2013-07-11T20:32:57+02:00</date>
                    <speedMph>268</speedMph>
                    <altitudeFt>6750</altitudeFt>
                </position>
                <position>
                    <lat>48.2669</lat>
                    <lon>17.3901</lon>
                    <date>2013-07-11T20:32:47+02:00</date>
                    <speedMph>280</speedMph>
                    <altitudeFt>6830</altitudeFt>
                </position>
                <position>
                    <lat>48.2794</lat>
                    <lon>17.3817</lon>
                    <date>2013-07-11T20:32:37+02:00</date>
                    <speedMph>284</speedMph>
                    <altitudeFt>6900</altitudeFt>
                </position>
                <position>
                    <lat>48.2946</lat>
                    <lon>17.3715</lon>
                    <date>2013-07-11T20:32:27+02:00</date>
                    <speedMph>292</speedMph>
                    <altitudeFt>7150</altitudeFt>
                </position>
                <position>
                    <lat>48.2971</lat>
                    <lon>17.3698</lon>
                    <date>2013-07-11T20:32:17+02:00</date>
                    <speedMph>292</speedMph>
                    <altitudeFt>7200</altitudeFt>
                </position>
                <position>
                    <lat>48.3086</lat>
                    <lon>17.3619</lon>
                    <date>2013-07-11T20:32:07+02:00</date>
                    <speedMph>292</speedMph>
                    <altitudeFt>7430</altitudeFt>
                </position>
                <position>
                    <lat>48.3218</lat>
                    <lon>17.3528</lon>
                    <date>2013-07-11T20:31:57+02:00</date>
                    <speedMph>292</speedMph>
                    <altitudeFt>7680</altitudeFt>
                </position>
                <position>
                    <lat>48.3309</lat>
                    <lon>17.3465</lon>
                    <date>2013-07-11T20:31:47+02:00</date>
                    <speedMph>296</speedMph>
                    <altitudeFt>7830</altitudeFt>
                </position>
                <position>
                    <lat>48.3446</lat>
                    <lon>17.3371</lon>
                    <date>2013-07-11T20:31:37+02:00</date>
                    <speedMph>300</speedMph>
                    <altitudeFt>8050</altitudeFt>
                </position>
                <position>
                    <lat>48.3546</lat>
                    <lon>17.3302</lon>
                    <date>2013-07-11T20:31:27+02:00</date>
                    <speedMph>300</speedMph>
                    <altitudeFt>8200</altitudeFt>
                </position>
                <position>
                    <lat>48.3658</lat>
                    <lon>17.3227</lon>
                    <date>2013-07-11T20:31:17+02:00</date>
                    <speedMph>300</speedMph>
                    <altitudeFt>8400</altitudeFt>
                </position>
                <position>
                    <lat>48.3802</lat>
                    <lon>17.3128</lon>
                    <date>2013-07-11T20:31:07+02:00</date>
                    <speedMph>300</speedMph>
                    <altitudeFt>8750</altitudeFt>
                </position>
                <position>
                    <lat>48.3905</lat>
                    <lon>17.3059</lon>
                    <date>2013-07-11T20:30:57+02:00</date>
                    <speedMph>300</speedMph>
                    <altitudeFt>8980</altitudeFt>
                </position>
                <position>
                    <lat>48.4053</lat>
                    <lon>17.2962</lon>
                    <date>2013-07-11T20:30:47+02:00</date>
                    <speedMph>304</speedMph>
                    <altitudeFt>9200</altitudeFt>
                </position>
                <position>
                    <lat>48.4154</lat>
                    <lon>17.2897</lon>
                    <date>2013-07-11T20:30:37+02:00</date>
                    <speedMph>308</speedMph>
                    <altitudeFt>9350</altitudeFt>
                </position>
                <position>
                    <lat>48.4323</lat>
                    <lon>17.2783</lon>
                    <date>2013-07-11T20:30:27+02:00</date>
                    <speedMph>312</speedMph>
                    <altitudeFt>9580</altitudeFt>
                </position>
                <position>
                    <lat>48.4444</lat>
                    <lon>17.2702</lon>
                    <date>2013-07-11T20:30:17+02:00</date>
                    <speedMph>312</speedMph>
                    <altitudeFt>9800</altitudeFt>
                </position>
                <position>
                    <lat>48.4613</lat>
                    <lon>17.2587</lon>
                    <date>2013-07-11T20:30:07+02:00</date>
                    <speedMph>320</speedMph>
                    <altitudeFt>9980</altitudeFt>
                </position>
                <position>
                    <lat>48.5025</lat>
                    <lon>17.2305</lon>
                    <date>2013-07-11T20:29:37+02:00</date>
                    <speedMph>344</speedMph>
                    <altitudeFt>10280</altitudeFt>
                </position>
                <position>
                    <lat>48.5429</lat>
                    <lon>17.2029</lon>
                    <date>2013-07-11T20:29:07+02:00</date>
                    <speedMph>364</speedMph>
                    <altitudeFt>10650</altitudeFt>
                </position>
                <position>
                    <lat>48.5993</lat>
                    <lon>17.1641</lon>
                    <date>2013-07-11T20:28:37+02:00</date>
                    <speedMph>356</speedMph>
                    <altitudeFt>12000</altitudeFt>
                </position>
                <position>
                    <lat>48.6457</lat>
                    <lon>17.1324</lon>
                    <date>2013-07-11T20:28:07+02:00</date>
                    <speedMph>356</speedMph>
                    <altitudeFt>13230</altitudeFt>
                </position>
                <position>
                    <lat>48.6967</lat>
                    <lon>17.0975</lon>
                    <date>2013-07-11T20:27:37+02:00</date>
                    <speedMph>368</speedMph>
                    <altitudeFt>14280</altitudeFt>
                </position>
                <position>
                    <lat>48.7392</lat>
                    <lon>17.0683</lon>
                    <date>2013-07-11T20:27:07+02:00</date>
                    <speedMph>372</speedMph>
                    <altitudeFt>15080</altitudeFt>
                </position>
                <position>
                    <lat>48.8342</lat>
                    <lon>17.0026</lon>
                    <date>2013-07-11T20:26:07+02:00</date>
                    <speedMph>376</speedMph>
                    <altitudeFt>17030</altitudeFt>
                </position>
                <position>
                    <lat>48.9212</lat>
                    <lon>16.9429</lon>
                    <date>2013-07-11T20:25:07+02:00</date>
                    <speedMph>364</speedMph>
                    <altitudeFt>19530</altitudeFt>
                </position>
                <position>
                    <lat>48.9989</lat>
                    <lon>16.8486</lon>
                    <date>2013-07-11T20:24:07+02:00</date>
                    <speedMph>368</speedMph>
                    <altitudeFt>21230</altitudeFt>
                </position>
                <position>
                    <lat>49.0574</lat>
                    <lon>16.7197</lon>
                    <date>2013-07-11T20:23:07+02:00</date>
                    <speedMph>372</speedMph>
                    <altitudeFt>22200</altitudeFt>
                </position>
                <position>
                    <lat>49.1187</lat>
                    <lon>16.5838</lon>
                    <date>2013-07-11T20:22:07+02:00</date>
                    <speedMph>384</speedMph>
                    <altitudeFt>23380</altitudeFt>
                </position>
                <position>
                    <lat>49.178</lat>
                    <lon>16.4516</lon>
                    <date>2013-07-11T20:21:07+02:00</date>
                    <speedMph>392</speedMph>
                    <altitudeFt>25100</altitudeFt>
                </position>
                <position>
                    <lat>49.2367</lat>
                    <lon>16.32</lon>
                    <date>2013-07-11T20:20:07+02:00</date>
                    <speedMph>396</speedMph>
                    <altitudeFt>26850</altitudeFt>
                </position>
                <position>
                    <lat>49.2994</lat>
                    <lon>16.1794</lon>
                    <date>2013-07-11T20:19:07+02:00</date>
                    <speedMph>412</speedMph>
                    <altitudeFt>28400</altitudeFt>
                </position>
                <position>
                    <lat>49.3689</lat>
                    <lon>16.0211</lon>
                    <date>2013-07-11T20:18:07+02:00</date>
                    <speedMph>436</speedMph>
                    <altitudeFt>29900</altitudeFt>
                </position>
                <position>
                    <lat>49.4369</lat>
                    <lon>15.8658</lon>
                    <date>2013-07-11T20:17:07+02:00</date>
                    <speedMph>444</speedMph>
                    <altitudeFt>31930</altitudeFt>
                </position>
                <position>
                    <lat>49.502</lat>
                    <lon>15.7168</lon>
                    <date>2013-07-11T20:16:07+02:00</date>
                    <speedMph>452</speedMph>
                    <altitudeFt>33400</altitudeFt>
                </position>
                <position>
                    <lat>49.5738</lat>
                    <lon>15.5511</lon>
                    <date>2013-07-11T20:15:07+02:00</date>
                    <speedMph>460</speedMph>
                    <altitudeFt>34580</altitudeFt>
                </position>
                <position>
                    <lat>49.6508</lat>
                    <lon>15.3734</lon>
                    <date>2013-07-11T20:14:07+02:00</date>
                    <speedMph>468</speedMph>
                    <altitudeFt>35730</altitudeFt>
                </position>
                <position>
                    <lat>49.7175</lat>
                    <lon>15.2172</lon>
                    <date>2013-07-11T20:13:07+02:00</date>
                    <speedMph>476</speedMph>
                    <altitudeFt>36680</altitudeFt>
                </position>
                <position>
                    <lat>49.7994</lat>
                    <lon>15.0248</lon>
                    <date>2013-07-11T20:12:07+02:00</date>
                    <speedMph>476</speedMph>
                    <altitudeFt>37000</altitudeFt>
                </position>
                <position>
                    <lat>49.8618</lat>
                    <lon>14.8774</lon>
                    <date>2013-07-11T20:11:05+02:00</date>
                    <speedMph>476</speedMph>
                    <altitudeFt>37000</altitudeFt>
                </position>
                <position>
                    <lat>49.9354</lat>
                    <lon>14.7029</lon>
                    <date>2013-07-11T20:10:05+02:00</date>
                    <speedMph>480</speedMph>
                    <altitudeFt>37000</altitudeFt>
                </position>
                <position>
                    <lat>50.0084</lat>
                    <lon>14.5282</lon>
                    <date>2013-07-11T20:09:05+02:00</date>
                    <speedMph>476</speedMph>
                    <altitudeFt>37000</altitudeFt>
                </position>
                <position>
                    <lat>50.0799</lat>
                    <lon>14.3546</lon>
                    <date>2013-07-11T20:08:05+02:00</date>
                    <speedMph>476</speedMph>
                    <altitudeFt>37000</altitudeFt>
                </position>
                <position>
                    <lat>50.1569</lat>
                    <lon>14.1674</lon>
                    <date>2013-07-11T20:07:05+02:00</date>
                    <speedMph>476</speedMph>
                    <altitudeFt>37000</altitudeFt>
                </position>
                <position>
                    <lat>50.223</lat>
                    <lon>14.0069</lon>
                    <date>2013-07-11T20:06:05+02:00</date>
                    <speedMph>476</speedMph>
                    <altitudeFt>37000</altitudeFt>
                </position>
                <position>
                    <lat>50.2977</lat>
                    <lon>13.8227</lon>
                    <date>2013-07-11T20:05:05+02:00</date>
                    <speedMph>476</speedMph>
                    <altitudeFt>37000</altitudeFt>
                </position>
                <position>
                    <lat>50.3677</lat>
                    <lon>13.6501</lon>
                    <date>2013-07-11T20:04:05+02:00</date>
                    <speedMph>472</speedMph>
                    <altitudeFt>36980</altitudeFt>
                </position>
                <position>
                    <lat>50.4347</lat>
                    <lon>13.4835</lon>
                    <date>2013-07-11T20:03:05+02:00</date>
                    <speedMph>472</speedMph>
                    <altitudeFt>37030</altitudeFt>
                </position>
                <position>
                    <lat>50.5042</lat>
                    <lon>13.3086</lon>
                    <date>2013-07-11T20:02:05+02:00</date>
                    <speedMph>472</speedMph>
                    <altitudeFt>37000</altitudeFt>
                </position>
                <position>
                    <lat>50.5676</lat>
                    <lon>13.148</lon>
                    <date>2013-07-11T20:01:05+02:00</date>
                    <speedMph>472</speedMph>
                    <altitudeFt>37000</altitudeFt>
                </position>
                <position>
                    <lat>50.6434</lat>
                    <lon>12.9552</lon>
                    <date>2013-07-11T20:00:05+02:00</date>
                    <speedMph>472</speedMph>
                    <altitudeFt>37000</altitudeFt>
                </position>
                <position>
                    <lat>50.7062</lat>
                    <lon>12.7943</lon>
                    <date>2013-07-11T19:59:05+02:00</date>
                    <speedMph>468</speedMph>
                    <altitudeFt>37000</altitudeFt>
                </position>
                <position>
                    <lat>50.7705</lat>
                    <lon>12.6287</lon>
                    <date>2013-07-11T19:58:05+02:00</date>
                    <speedMph>468</speedMph>
                    <altitudeFt>37000</altitudeFt>
                </position>
                <position>
                    <lat>50.8375</lat>
                    <lon>12.455</lon>
                    <date>2013-07-11T19:57:05+02:00</date>
                    <speedMph>468</speedMph>
                    <altitudeFt>37000</altitudeFt>
                </position>
                <position>
                    <lat>50.905</lat>
                    <lon>12.2788</lon>
                    <date>2013-07-11T19:56:05+02:00</date>
                    <speedMph>468</speedMph>
                    <altitudeFt>37000</altitudeFt>
                </position>
                <position>
                    <lat>50.9715</lat>
                    <lon>12.1037</lon>
                    <date>2013-07-11T19:55:05+02:00</date>
                    <speedMph>472</speedMph>
                    <altitudeFt>37000</altitudeFt>
                </position>
                <position>
                    <lat>51.0386</lat>
                    <lon>11.9265</lon>
                    <date>2013-07-11T19:54:05+02:00</date>
                    <speedMph>468</speedMph>
                    <altitudeFt>37000</altitudeFt>
                </position>
                <position>
                    <lat>51.1045</lat>
                    <lon>11.7521</lon>
                    <date>2013-07-11T19:53:05+02:00</date>
                    <speedMph>464</speedMph>
                    <altitudeFt>37000</altitudeFt>
                </position>
                <position>
                    <lat>51.1693</lat>
                    <lon>11.5686</lon>
                    <date>2013-07-11T19:52:05+02:00</date>
                    <speedMph>460</speedMph>
                    <altitudeFt>37000</altitudeFt>
                </position>
                <position>
                    <lat>51.2254</lat>
                    <lon>11.3887</lon>
                    <date>2013-07-11T19:51:05+02:00</date>
                    <speedMph>460</speedMph>
                    <altitudeFt>37000</altitudeFt>
                </position>
                <position>
                    <lat>51.2789</lat>
                    <lon>11.2072</lon>
                    <date>2013-07-11T19:50:05+02:00</date>
                    <speedMph>460</speedMph>
                    <altitudeFt>37000</altitudeFt>
                </position>
                <position>
                    <lat>51.3284</lat>
                    <lon>11.0108</lon>
                    <date>2013-07-11T19:49:05+02:00</date>
                    <speedMph>472</speedMph>
                    <altitudeFt>37000</altitudeFt>
                </position>
                <position>
                    <lat>51.3781</lat>
                    <lon>10.8118</lon>
                    <date>2013-07-11T19:48:05+02:00</date>
                    <speedMph>476</speedMph>
                    <altitudeFt>37000</altitudeFt>
                </position>
                <position>
                    <lat>51.4241</lat>
                    <lon>10.6262</lon>
                    <date>2013-07-11T19:47:05+02:00</date>
                    <speedMph>476</speedMph>
                    <altitudeFt>37000</altitudeFt>
                </position>
                <position>
                    <lat>51.4658</lat>
                    <lon>10.4209</lon>
                    <date>2013-07-11T19:46:05+02:00</date>
                    <speedMph>468</speedMph>
                    <altitudeFt>37000</altitudeFt>
                </position>
                <position>
                    <lat>51.4959</lat>
                    <lon>10.2291</lon>
                    <date>2013-07-11T19:45:05+02:00</date>
                    <speedMph>468</speedMph>
                    <altitudeFt>37000</altitudeFt>
                </position>
                <position>
                    <lat>51.5296</lat>
                    <lon>10.0124</lon>
                    <date>2013-07-11T19:44:05+02:00</date>
                    <speedMph>468</speedMph>
                    <altitudeFt>37000</altitudeFt>
                </position>
                <position>
                    <lat>51.5594</lat>
                    <lon>9.8174</lon>
                    <date>2013-07-11T19:43:05+02:00</date>
                    <speedMph>468</speedMph>
                    <altitudeFt>37000</altitudeFt>
                </position>
                <position>
                    <lat>51.5937</lat>
                    <lon>9.5908</lon>
                    <date>2013-07-11T19:42:05+02:00</date>
                    <speedMph>468</speedMph>
                    <altitudeFt>37000</altitudeFt>
                </position>
                <position>
                    <lat>51.6187</lat>
                    <lon>9.4226</lon>
                    <date>2013-07-11T19:41:05+02:00</date>
                    <speedMph>468</speedMph>
                    <altitudeFt>37000</altitudeFt>
                </position>
                <position>
                    <lat>51.6493</lat>
                    <lon>9.2146</lon>
                    <date>2013-07-11T19:40:05+02:00</date>
                    <speedMph>468</speedMph>
                    <altitudeFt>37000</altitudeFt>
                </position>
                <position>
                    <lat>51.6789</lat>
                    <lon>9.0116</lon>
                    <date>2013-07-11T19:39:05+02:00</date>
                    <speedMph>472</speedMph>
                    <altitudeFt>37000</altitudeFt>
                </position>
                <position>
                    <lat>51.7084</lat>
                    <lon>8.8058</lon>
                    <date>2013-07-11T19:38:05+02:00</date>
                    <speedMph>468</speedMph>
                    <altitudeFt>37000</altitudeFt>
                </position>
                <position>
                    <lat>51.7368</lat>
                    <lon>8.6037</lon>
                    <date>2013-07-11T19:37:05+02:00</date>
                    <speedMph>468</speedMph>
                    <altitudeFt>37000</altitudeFt>
                </position>
                <position>
                    <lat>51.7652</lat>
                    <lon>8.4009</lon>
                    <date>2013-07-11T19:36:05+02:00</date>
                    <speedMph>464</speedMph>
                    <altitudeFt>37000</altitudeFt>
                </position>
                <position>
                    <lat>51.7933</lat>
                    <lon>8.1978</lon>
                    <date>2013-07-11T19:35:05+02:00</date>
                    <speedMph>464</speedMph>
                    <altitudeFt>37000</altitudeFt>
                </position>
                <position>
                    <lat>51.8227</lat>
                    <lon>7.9819</lon>
                    <date>2013-07-11T19:34:05+02:00</date>
                    <speedMph>464</speedMph>
                    <altitudeFt>37000</altitudeFt>
                </position>
                <position>
                    <lat>51.8515</lat>
                    <lon>7.767</lon>
                    <date>2013-07-11T19:33:05+02:00</date>
                    <speedMph>464</speedMph>
                    <altitudeFt>37000</altitudeFt>
                </position>
                <position>
                    <lat>51.8769</lat>
                    <lon>7.5739</lon>
                    <date>2013-07-11T19:32:05+02:00</date>
                    <speedMph>464</speedMph>
                    <altitudeFt>37000</altitudeFt>
                </position>
                <position>
                    <lat>51.9035</lat>
                    <lon>7.3696</lon>
                    <date>2013-07-11T19:31:05+02:00</date>
                    <speedMph>464</speedMph>
                    <altitudeFt>37000</altitudeFt>
                </position>
                <position>
                    <lat>51.9295</lat>
                    <lon>7.1668</lon>
                    <date>2013-07-11T19:30:05+02:00</date>
                    <speedMph>464</speedMph>
                    <altitudeFt>37000</altitudeFt>
                </position>
                <position>
                    <lat>51.9542</lat>
                    <lon>6.9711</lon>
                    <date>2013-07-11T19:29:05+02:00</date>
                    <speedMph>464</speedMph>
                    <altitudeFt>37000</altitudeFt>
                </position>
                <position>
                    <lat>51.9803</lat>
                    <lon>6.7623</lon>
                    <date>2013-07-11T19:28:05+02:00</date>
                    <speedMph>464</speedMph>
                    <altitudeFt>37000</altitudeFt>
                </position>
                <position>
                    <lat>52.0052</lat>
                    <lon>6.559</lon>
                    <date>2013-07-11T19:27:04+02:00</date>
                    <speedMph>464</speedMph>
                    <altitudeFt>37000</altitudeFt>
                </position>
                <position>
                    <lat>52.03</lat>
                    <lon>6.3557</lon>
                    <date>2013-07-11T19:26:04+02:00</date>
                    <speedMph>464</speedMph>
                    <altitudeFt>37000</altitudeFt>
                </position>
                <position>
                    <lat>52.0538</lat>
                    <lon>6.16</lon>
                    <date>2013-07-11T19:25:04+02:00</date>
                    <speedMph>464</speedMph>
                    <altitudeFt>37000</altitudeFt>
                </position>
                <position>
                    <lat>52.0788</lat>
                    <lon>5.9477</lon>
                    <date>2013-07-11T19:24:04+02:00</date>
                    <speedMph>464</speedMph>
                    <altitudeFt>37000</altitudeFt>
                </position>
                <position>
                    <lat>52.1021</lat>
                    <lon>5.7449</lon>
                    <date>2013-07-11T19:23:04+02:00</date>
                    <speedMph>460</speedMph>
                    <altitudeFt>37000</altitudeFt>
                </position>
                <position>
                    <lat>52.1258</lat>
                    <lon>5.536</lon>
                    <date>2013-07-11T19:22:04+02:00</date>
                    <speedMph>460</speedMph>
                    <altitudeFt>37000</altitudeFt>
                </position>
                <position>
                    <lat>52.1495</lat>
                    <lon>5.3228</lon>
                    <date>2013-07-11T19:21:04+02:00</date>
                    <speedMph>460</speedMph>
                    <altitudeFt>37000</altitudeFt>
                </position>
                <position>
                    <lat>52.169</lat>
                    <lon>5.1441</lon>
                    <date>2013-07-11T19:20:04+02:00</date>
                    <speedMph>456</speedMph>
                    <altitudeFt>37000</altitudeFt>
                </position>
                <position>
                    <lat>52.1912</lat>
                    <lon>4.9374</lon>
                    <date>2013-07-11T19:19:04+02:00</date>
                    <speedMph>448</speedMph>
                    <altitudeFt>37000</altitudeFt>
                </position>
                <position>
                    <lat>52.2125</lat>
                    <lon>4.7366</lon>
                    <date>2013-07-11T19:18:04+02:00</date>
                    <speedMph>444</speedMph>
                    <altitudeFt>37000</altitudeFt>
                </position>
                <position>
                    <lat>52.2328</lat>
                    <lon>4.5415</lon>
                    <date>2013-07-11T19:17:04+02:00</date>
                    <speedMph>444</speedMph>
                    <altitudeFt>37000</altitudeFt>
                </position>
                <position>
                    <lat>52.2522</lat>
                    <lon>4.3518</lon>
                    <date>2013-07-11T19:16:04+02:00</date>
                    <speedMph>444</speedMph>
                    <altitudeFt>37000</altitudeFt>
                </position>
                <position>
                    <lat>52.2735</lat>
                    <lon>4.14</lon>
                    <date>2013-07-11T19:15:03+02:00</date>
                    <speedMph>444</speedMph>
                    <altitudeFt>37000</altitudeFt>
                </position>
                <position>
                    <lat>52.2928</lat>
                    <lon>3.9485</lon>
                    <date>2013-07-11T19:14:03+02:00</date>
                    <speedMph>448</speedMph>
                    <altitudeFt>37000</altitudeFt>
                </position>
                <position>
                    <lat>52.3124</lat>
                    <lon>3.7348</lon>
                    <date>2013-07-11T19:13:03+02:00</date>
                    <speedMph>448</speedMph>
                    <altitudeFt>37000</altitudeFt>
                </position>
                <position>
                    <lat>52.3122</lat>
                    <lon>3.4983</lon>
                    <date>2013-07-11T19:12:03+02:00</date>
                    <speedMph>444</speedMph>
                    <altitudeFt>37000</altitudeFt>
                </position>
                <position>
                    <lat>52.2677</lat>
                    <lon>3.2163</lon>
                    <date>2013-07-11T19:10:23+02:00</date>
                    <speedMph>448</speedMph>
                    <altitudeFt>36130</altitudeFt>
                </position>
                <position>
                    <lat>52.2367</lat>
                    <lon>3.0229</lon>
                    <date>2013-07-11T19:09:23+02:00</date>
                    <speedMph>452</speedMph>
                    <altitudeFt>34850</altitudeFt>
                </position>
                <position>
                    <lat>52.2038</lat>
                    <lon>2.8191</lon>
                    <date>2013-07-11T19:08:23+02:00</date>
                    <speedMph>456</speedMph>
                    <altitudeFt>33400</altitudeFt>
                </position>
                <position>
                    <lat>52.1717</lat>
                    <lon>2.6217</lon>
                    <date>2013-07-11T19:07:23+02:00</date>
                    <speedMph>460</speedMph>
                    <altitudeFt>31850</altitudeFt>
                </position>
                <position>
                    <lat>52.1385</lat>
                    <lon>2.4216</lon>
                    <date>2013-07-11T19:06:23+02:00</date>
                    <speedMph>464</speedMph>
                    <altitudeFt>30150</altitudeFt>
                </position>
                <position>
                    <lat>52.1057</lat>
                    <lon>2.2276</lon>
                    <date>2013-07-11T19:05:23+02:00</date>
                    <speedMph>456</speedMph>
                    <altitudeFt>28830</altitudeFt>
                </position>
                <position>
                    <lat>52.0832</lat>
                    <lon>2.0276</lon>
                    <date>2013-07-11T19:04:23+02:00</date>
                    <speedMph>444</speedMph>
                    <altitudeFt>27280</altitudeFt>
                </position>
                <position>
                    <lat>52.0613</lat>
                    <lon>1.8232</lon>
                    <date>2013-07-11T19:03:23+02:00</date>
                    <speedMph>436</speedMph>
                    <altitudeFt>25400</altitudeFt>
                </position>
                <position>
                    <lat>52.0404</lat>
                    <lon>1.6278</lon>
                    <date>2013-07-11T19:02:23+02:00</date>
                    <speedMph>424</speedMph>
                    <altitudeFt>23400</altitudeFt>
                </position>
                <position>
                    <lat>52.0204</lat>
                    <lon>1.4438</lon>
                    <date>2013-07-11T19:01:23+02:00</date>
                    <speedMph>408</speedMph>
                    <altitudeFt>21330</altitudeFt>
                </position>
                <position>
                    <lat>51.986</lat>
                    <lon>1.2849</lon>
                    <date>2013-07-11T19:00:23+02:00</date>
                    <speedMph>392</speedMph>
                    <altitudeFt>19200</altitudeFt>
                </position>
                <position>
                    <lat>51.9485</lat>
                    <lon>1.1187</lon>
                    <date>2013-07-11T18:59:23+02:00</date>
                    <speedMph>376</speedMph>
                    <altitudeFt>16700</altitudeFt>
                </position>
                <position>
                    <lat>51.9137</lat>
                    <lon>0.962</lon>
                    <date>2013-07-11T18:58:23+02:00</date>
                    <speedMph>360</speedMph>
                    <altitudeFt>14050</altitudeFt>
                </position>
                <position>
                    <lat>51.8953</lat>
                    <lon>0.8799</lon>
                    <date>2013-07-11T18:57:53+02:00</date>
                    <speedMph>340</speedMph>
                    <altitudeFt>12730</altitudeFt>
                </position>
                <position>
                    <lat>51.8812</lat>
                    <lon>0.8177</lon>
                    <date>2013-07-11T18:57:23+02:00</date>
                    <speedMph>328</speedMph>
                    <altitudeFt>11530</altitudeFt>
                </position>
                <position>
                    <lat>51.8736</lat>
                    <lon>0.7386</lon>
                    <date>2013-07-11T18:56:53+02:00</date>
                    <speedMph>296</speedMph>
                    <altitudeFt>10630</altitudeFt>
                </position>
                <position>
                    <lat>51.874</lat>
                    <lon>0.6841</lon>
                    <date>2013-07-11T18:56:23+02:00</date>
                    <speedMph>276</speedMph>
                    <altitudeFt>9700</altitudeFt>
                </position>
                <position>
                    <lat>51.8742</lat>
                    <lon>0.6641</lon>
                    <date>2013-07-11T18:56:13+02:00</date>
                    <speedMph>272</speedMph>
                    <altitudeFt>9200</altitudeFt>
                </position>
                <position>
                    <lat>51.8743</lat>
                    <lon>0.6508</lon>
                    <date>2013-07-11T18:56:03+02:00</date>
                    <speedMph>268</speedMph>
                    <altitudeFt>8850</altitudeFt>
                </position>
                <position>
                    <lat>51.8745</lat>
                    <lon>0.6236</lon>
                    <date>2013-07-11T18:55:53+02:00</date>
                    <speedMph>268</speedMph>
                    <altitudeFt>8080</altitudeFt>
                </position>
                <position>
                    <lat>51.8746</lat>
                    <lon>0.6073</lon>
                    <date>2013-07-11T18:55:43+02:00</date>
                    <speedMph>268</speedMph>
                    <altitudeFt>7630</altitudeFt>
                </position>
                <position>
                    <lat>51.8748</lat>
                    <lon>0.5835</lon>
                    <date>2013-07-11T18:55:33+02:00</date>
                    <speedMph>264</speedMph>
                    <altitudeFt>6930</altitudeFt>
                </position>
                <position>
                    <lat>51.875</lat>
                    <lon>0.5662</lon>
                    <date>2013-07-11T18:55:23+02:00</date>
                    <speedMph>264</speedMph>
                    <altitudeFt>6430</altitudeFt>
                </position>
                <position>
                    <lat>51.8753</lat>
                    <lon>0.5428</lon>
                    <date>2013-07-11T18:55:13+02:00</date>
                    <speedMph>268</speedMph>
                    <altitudeFt>5680</altitudeFt>
                </position>
                <position>
                    <lat>51.8754</lat>
                    <lon>0.5318</lon>
                    <date>2013-07-11T18:55:03+02:00</date>
                    <speedMph>268</speedMph>
                    <altitudeFt>5380</altitudeFt>
                </position>
                <position>
                    <lat>51.8757</lat>
                    <lon>0.5039</lon>
                    <date>2013-07-11T18:54:53+02:00</date>
                    <speedMph>264</speedMph>
                    <altitudeFt>4980</altitudeFt>
                </position>
                <position>
                    <lat>51.8758</lat>
                    <lon>0.4961</lon>
                    <date>2013-07-11T18:54:48+02:00</date>
                    <speedMph>264</speedMph>
                    <altitudeFt>4930</altitudeFt>
                </position>
                <position>
                    <lat>51.8758</lat>
                    <lon>0.4858</lon>
                    <date>2013-07-11T18:54:43+02:00</date>
                    <speedMph>264</speedMph>
                    <altitudeFt>4780</altitudeFt>
                </position>
                <position>
                    <lat>51.8758</lat>
                    <lon>0.4799</lon>
                    <date>2013-07-11T18:54:38+02:00</date>
                    <speedMph>264</speedMph>
                    <altitudeFt>4680</altitudeFt>
                </position>
                <position>
                    <lat>51.8759</lat>
                    <lon>0.4733</lon>
                    <date>2013-07-11T18:54:33+02:00</date>
                    <speedMph>264</speedMph>
                    <altitudeFt>4530</altitudeFt>
                </position>
                <position>
                    <lat>51.8767</lat>
                    <lon>0.4579</lon>
                    <date>2013-07-11T18:54:28+02:00</date>
                    <speedMph>264</speedMph>
                    <altitudeFt>4350</altitudeFt>
                </position>
                <position>
                    <lat>51.8797</lat>
                    <lon>0.4426</lon>
                    <date>2013-07-11T18:54:18+02:00</date>
                    <speedMph>264</speedMph>
                    <altitudeFt>4250</altitudeFt>
                </position>
                <position>
                    <lat>51.8827</lat>
                    <lon>0.4322</lon>
                    <date>2013-07-11T18:54:13+02:00</date>
                    <speedMph>264</speedMph>
                    <altitudeFt>4150</altitudeFt>
                </position>
                <position>
                    <lat>51.8848</lat>
                    <lon>0.4251</lon>
                    <date>2013-07-11T18:54:08+02:00</date>
                    <speedMph>264</speedMph>
                    <altitudeFt>4080</altitudeFt>
                </position>
                <position>
                    <lat>51.8881</lat>
                    <lon>0.4135</lon>
                    <date>2013-07-11T18:54:03+02:00</date>
                    <speedMph>264</speedMph>
                    <altitudeFt>3980</altitudeFt>
                </position>
                <position>
                    <lat>51.8901</lat>
                    <lon>0.4063</lon>
                    <date>2013-07-11T18:53:58+02:00</date>
                    <speedMph>264</speedMph>
                    <altitudeFt>3900</altitudeFt>
                </position>
                <position>
                    <lat>51.8921</lat>
                    <lon>0.3992</lon>
                    <date>2013-07-11T18:53:53+02:00</date>
                    <speedMph>264</speedMph>
                    <altitudeFt>3830</altitudeFt>
                </position>
                <position>
                    <lat>51.8941</lat>
                    <lon>0.392</lon>
                    <date>2013-07-11T18:53:48+02:00</date>
                    <speedMph>264</speedMph>
                    <altitudeFt>3750</altitudeFt>
                </position>
                <position>
                    <lat>51.898</lat>
                    <lon>0.3777</lon>
                    <date>2013-07-11T18:53:43+02:00</date>
                    <speedMph>260</speedMph>
                    <altitudeFt>3580</altitudeFt>
                </position>
                <position>
                    <lat>51.9021</lat>
                    <lon>0.3626</lon>
                    <date>2013-07-11T18:53:33+02:00</date>
                    <speedMph>248</speedMph>
                    <altitudeFt>3250</altitudeFt>
                </position>
                <position>
                    <lat>51.9054</lat>
                    <lon>0.3502</lon>
                    <date>2013-07-11T18:53:28+02:00</date>
                    <speedMph>236</speedMph>
                    <altitudeFt>3080</altitudeFt>
                </position>
                <position>
                    <lat>51.9081</lat>
                    <lon>0.3406</lon>
                    <date>2013-07-11T18:53:23+02:00</date>
                    <speedMph>228</speedMph>
                    <altitudeFt>2930</altitudeFt>
                </position>
                <position>
                    <lat>51.911</lat>
                    <lon>0.3309</lon>
                    <date>2013-07-11T18:53:18+02:00</date>
                    <speedMph>220</speedMph>
                    <altitudeFt>2780</altitudeFt>
                </position>
                <position>
                    <lat>51.9185</lat>
                    <lon>0.301</lon>
                    <date>2013-07-11T18:52:58+02:00</date>
                    <speedMph>208</speedMph>
                    <altitudeFt>1900</altitudeFt>
                </position>
                <position>
                    <lat>51.9182</lat>
                    <lon>0.2937</lon>
                    <date>2013-07-11T18:52:53+02:00</date>
                    <speedMph>200</speedMph>
                    <altitudeFt>1800</altitudeFt>
                </position>
                <position>
                    <lat>51.9169</lat>
                    <lon>0.2869</lon>
                    <date>2013-07-11T18:52:48+02:00</date>
                    <speedMph>188</speedMph>
                    <altitudeFt>1750</altitudeFt>
                </position>
                <position>
                    <lat>51.9146</lat>
                    <lon>0.2801</lon>
                    <date>2013-07-11T18:52:38+02:00</date>
                    <speedMph>184</speedMph>
                    <altitudeFt>1650</altitudeFt>
                </position>
                <position>
                    <lat>51.908</lat>
                    <lon>0.2692</lon>
                    <date>2013-07-11T18:52:33+02:00</date>
                    <speedMph>156</speedMph>
                    <altitudeFt>1400</altitudeFt>
                </position>
                <position>
                    <lat>51.9051</lat>
                    <lon>0.2648</lon>
                    <date>2013-07-11T18:52:28+02:00</date>
                    <speedMph>160</speedMph>
                    <altitudeFt>1200</altitudeFt>
                </position>
                <position>
                    <lat>51.9027</lat>
                    <lon>0.2612</lon>
                    <date>2013-07-11T18:52:18+02:00</date>
                    <speedMph>156</speedMph>
                    <altitudeFt>1030</altitudeFt>
                </position>
                <position>
                    <lat>51.9003</lat>
                    <lon>0.2576</lon>
                    <date>2013-07-11T18:52:13+02:00</date>
                    <speedMph>156</speedMph>
                    <altitudeFt>850</altitudeFt>
                </position>
                <position>
                    <lat>51.8952</lat>
                    <lon>0.2499</lon>
                    <date>2013-07-11T18:52:03+02:00</date>
                    <speedMph>156</speedMph>
                    <altitudeFt>380</altitudeFt>
                </position>
                <position>
                    <lat>51.8918</lat>
                    <lon>0.245</lon>
                    <date>2013-07-11T18:51:58+02:00</date>
                    <speedMph>144</speedMph>
                    <altitudeFt>100</altitudeFt>
                </position>
                <position>
                    <lat>51.8868</lat>
                    <lon>0.2374</lon>
                    <date>2013-07-11T18:51:53+02:00</date>
                    <speedMph>124</speedMph>
                    <altitudeFt>0</altitudeFt>
                </position>
                <position>
                    <lat>51.8835</lat>
                    <lon>0.2326</lon>
                    <date>2013-07-11T18:51:43+02:00</date>
                    <speedMph>96</speedMph>
                    <altitudeFt>0</altitudeFt>
                </position>
                <position>
                    <lat>51.8819</lat>
                    <lon>0.2301</lon>
                    <date>2013-07-11T18:51:38+02:00</date>
                    <speedMph>76</speedMph>
                    <altitudeFt>0</altitudeFt>
                </position>
                <position>
                    <lat>51.8811</lat>
                    <lon>0.2289</lon>
                    <date>2013-07-11T18:51:33+02:00</date>
                    <speedMph>56</speedMph>
                    <altitudeFt>0</altitudeFt>
                </position>
                <position>
                    <lat>51.88</lat>
                    <lon>0.2273</lon>
                    <date>2013-07-11T18:51:28+02:00</date>
                    <speedMph>16</speedMph>
                    <altitudeFt>0</altitudeFt>
                </position>
            </positions>
        </flightTrack>
    </flightTracks>
</flightstatslog>
