<?xml version="1.0" encoding="UTF-8" standalone="yes"?>
<flightstatslog>
    <appendix>
        <airports>
            <airport>
                <fs>CDG</fs>
                <latitude>49.012779</latitude>
                <longitude>2.55</longitude>
                <city>Paris</city>
            </airport>
            <airport>
                <fs>VIE</fs>
                <latitude>48.110278</latitude>
                <longitude>16.569722</longitude>
                <city>Vienna</city>
            </airport>
        </airports>
    </appendix>
    <flightTracks>
        <flightTrack>
            <flightId>4456505</flightId>
            <departureAirportFsCode>CDG</departureAirportFsCode>
            <arrivalAirportFsCode>VIE</arrivalAirportFsCode>
            <positions>
                <position>
                    <lat>48.1171</lat>
                    <lon>16.5686</lon>
                    <date>2013-07-11T22:03:59+02:00</date>
                    <speedMph>0</speedMph>
                    <altitudeFt>0</altitudeFt>
                </position>
                <position>
                    <lat>48.1168</lat>
                    <lon>16.5683</lon>
                    <date>2013-07-11T22:00:54+02:00</date>
                    <speedMph>4</speedMph>
                    <altitudeFt>0</altitudeFt>
                </position>
                <position>
                    <lat>48.1162</lat>
                    <lon>16.5678</lon>
                    <date>2013-07-11T22:00:24+02:00</date>
                    <speedMph>8</speedMph>
                    <altitudeFt>0</altitudeFt>
                </position>
                <position>
                    <lat>48.1164</lat>
                    <lon>16.5671</lon>
                    <date>2013-07-11T22:00:04+02:00</date>
                    <speedMph>8</speedMph>
                    <altitudeFt>0</altitudeFt>
                </position>
                <position>
                    <lat>48.1166</lat>
                    <lon>16.5666</lon>
                    <date>2013-07-11T21:59:59+02:00</date>
                    <speedMph>8</speedMph>
                    <altitudeFt>0</altitudeFt>
                </position>
                <position>
                    <lat>48.1167</lat>
                    <lon>16.5664</lon>
                    <date>2013-07-11T21:59:54+02:00</date>
                    <speedMph>8</speedMph>
                    <altitudeFt>0</altitudeFt>
                </position>
                <position>
                    <lat>48.1169</lat>
                    <lon>16.5657</lon>
                    <date>2013-07-11T21:59:44+02:00</date>
                    <speedMph>8</speedMph>
                    <altitudeFt>0</altitudeFt>
                </position>
                <position>
                    <lat>48.117</lat>
                    <lon>16.5654</lon>
                    <date>2013-07-11T21:59:39+02:00</date>
                    <speedMph>12</speedMph>
                    <altitudeFt>0</altitudeFt>
                </position>
                <position>
                    <lat>48.1171</lat>
                    <lon>16.5652</lon>
                    <date>2013-07-11T21:59:29+02:00</date>
                    <speedMph>12</speedMph>
                    <altitudeFt>0</altitudeFt>
                </position>
                <position>
                    <lat>48.1176</lat>
                    <lon>16.5635</lon>
                    <date>2013-07-11T21:59:09+02:00</date>
                    <speedMph>12</speedMph>
                    <altitudeFt>0</altitudeFt>
                </position>
                <position>
                    <lat>48.1174</lat>
                    <lon>16.5631</lon>
                    <date>2013-07-11T21:58:59+02:00</date>
                    <speedMph>8</speedMph>
                    <altitudeFt>0</altitudeFt>
                </position>
                <position>
                    <lat>48.1172</lat>
                    <lon>16.5628</lon>
                    <date>2013-07-11T21:58:49+02:00</date>
                    <speedMph>12</speedMph>
                    <altitudeFt>0</altitudeFt>
                </position>
                <position>
                    <lat>48.1159</lat>
                    <lon>16.5611</lon>
                    <date>2013-07-11T21:58:14+02:00</date>
                    <speedMph>12</speedMph>
                    <altitudeFt>0</altitudeFt>
                </position>
                <position>
                    <lat>48.116</lat>
                    <lon>16.5608</lon>
                    <date>2013-07-11T21:58:09+02:00</date>
                    <speedMph>16</speedMph>
                    <altitudeFt>0</altitudeFt>
                </position>
                <position>
                    <lat>48.1161</lat>
                    <lon>16.5602</lon>
                    <date>2013-07-11T21:58:04+02:00</date>
                    <speedMph>16</speedMph>
                    <altitudeFt>0</altitudeFt>
                </position>
                <position>
                    <lat>48.1163</lat>
                    <lon>16.5598</lon>
                    <date>2013-07-11T21:57:59+02:00</date>
                    <speedMph>16</speedMph>
                    <altitudeFt>0</altitudeFt>
                </position>
                <position>
                    <lat>48.1165</lat>
                    <lon>16.5592</lon>
                    <date>2013-07-11T21:57:54+02:00</date>
                    <speedMph>16</speedMph>
                    <altitudeFt>0</altitudeFt>
                </position>
                <position>
                    <lat>48.1166</lat>
                    <lon>16.5587</lon>
                    <date>2013-07-11T21:57:49+02:00</date>
                    <speedMph>16</speedMph>
                    <altitudeFt>0</altitudeFt>
                </position>
                <position>
                    <lat>48.1168</lat>
                    <lon>16.5582</lon>
                    <date>2013-07-11T21:57:44+02:00</date>
                    <speedMph>16</speedMph>
                    <altitudeFt>0</altitudeFt>
                </position>
                <position>
                    <lat>48.1169</lat>
                    <lon>16.558</lon>
                    <date>2013-07-11T21:57:39+02:00</date>
                    <speedMph>16</speedMph>
                    <altitudeFt>0</altitudeFt>
                </position>
                <position>
                    <lat>48.1171</lat>
                    <lon>16.5575</lon>
                    <date>2013-07-11T21:57:34+02:00</date>
                    <speedMph>16</speedMph>
                    <altitudeFt>0</altitudeFt>
                </position>
                <position>
                    <lat>48.1174</lat>
                    <lon>16.5564</lon>
                    <date>2013-07-11T21:57:24+02:00</date>
                    <speedMph>16</speedMph>
                    <altitudeFt>0</altitudeFt>
                </position>
                <position>
                    <lat>48.1175</lat>
                    <lon>16.556</lon>
                    <date>2013-07-11T21:57:14+02:00</date>
                    <speedMph>16</speedMph>
                    <altitudeFt>0</altitudeFt>
                </position>
                <position>
                    <lat>48.1178</lat>
                    <lon>16.5551</lon>
                    <date>2013-07-11T21:57:09+02:00</date>
                    <speedMph>16</speedMph>
                    <altitudeFt>0</altitudeFt>
                </position>
                <position>
                    <lat>48.1186</lat>
                    <lon>16.5527</lon>
                    <date>2013-07-11T21:56:44+02:00</date>
                    <speedMph>12</speedMph>
                    <altitudeFt>0</altitudeFt>
                </position>
                <position>
                    <lat>48.1186</lat>
                    <lon>16.5526</lon>
                    <date>2013-07-11T21:56:39+02:00</date>
                    <speedMph>12</speedMph>
                    <altitudeFt>0</altitudeFt>
                </position>
                <position>
                    <lat>48.1064</lat>
                    <lon>16.5835</lon>
                    <date>2013-07-11T21:54:39+02:00</date>
                    <speedMph>136</speedMph>
                    <altitudeFt>600</altitudeFt>
                </position>
                <position>
                    <lat>48.1053</lat>
                    <lon>16.5869</lon>
                    <date>2013-07-11T21:54:34+02:00</date>
                    <speedMph>136</speedMph>
                    <altitudeFt>650</altitudeFt>
                </position>
                <position>
                    <lat>48.1045</lat>
                    <lon>16.5894</lon>
                    <date>2013-07-11T21:54:29+02:00</date>
                    <speedMph>136</speedMph>
                    <altitudeFt>700</altitudeFt>
                </position>
                <position>
                    <lat>48.1023</lat>
                    <lon>16.596</lon>
                    <date>2013-07-11T21:54:24+02:00</date>
                    <speedMph>136</speedMph>
                    <altitudeFt>800</altitudeFt>
                </position>
                <position>
                    <lat>48.1012</lat>
                    <lon>16.5997</lon>
                    <date>2013-07-11T21:54:19+02:00</date>
                    <speedMph>136</speedMph>
                    <altitudeFt>850</altitudeFt>
                </position>
                <position>
                    <lat>48.1</lat>
                    <lon>16.6032</lon>
                    <date>2013-07-11T21:54:14+02:00</date>
                    <speedMph>136</speedMph>
                    <altitudeFt>880</altitudeFt>
                </position>
                <position>
                    <lat>48.0989</lat>
                    <lon>16.6065</lon>
                    <date>2013-07-11T21:54:09+02:00</date>
                    <speedMph>136</speedMph>
                    <altitudeFt>950</altitudeFt>
                </position>
                <position>
                    <lat>48.0967</lat>
                    <lon>16.6132</lon>
                    <date>2013-07-11T21:54:04+02:00</date>
                    <speedMph>136</speedMph>
                    <altitudeFt>1030</altitudeFt>
                </position>
                <position>
                    <lat>48.095</lat>
                    <lon>16.6184</lon>
                    <date>2013-07-11T21:53:59+02:00</date>
                    <speedMph>136</speedMph>
                    <altitudeFt>1100</altitudeFt>
                </position>
                <position>
                    <lat>48.0946</lat>
                    <lon>16.6199</lon>
                    <date>2013-07-11T21:53:54+02:00</date>
                    <speedMph>136</speedMph>
                    <altitudeFt>1130</altitudeFt>
                </position>
                <position>
                    <lat>48.0934</lat>
                    <lon>16.6234</lon>
                    <date>2013-07-11T21:53:49+02:00</date>
                    <speedMph>136</speedMph>
                    <altitudeFt>1180</altitudeFt>
                </position>
                <position>
                    <lat>48.0911</lat>
                    <lon>16.6306</lon>
                    <date>2013-07-11T21:53:44+02:00</date>
                    <speedMph>136</speedMph>
                    <altitudeFt>1280</altitudeFt>
                </position>
                <position>
                    <lat>48.0899</lat>
                    <lon>16.6342</lon>
                    <date>2013-07-11T21:53:39+02:00</date>
                    <speedMph>136</speedMph>
                    <altitudeFt>1330</altitudeFt>
                </position>
                <position>
                    <lat>48.0888</lat>
                    <lon>16.6375</lon>
                    <date>2013-07-11T21:53:34+02:00</date>
                    <speedMph>140</speedMph>
                    <altitudeFt>1380</altitudeFt>
                </position>
                <position>
                    <lat>48.0877</lat>
                    <lon>16.6408</lon>
                    <date>2013-07-11T21:53:29+02:00</date>
                    <speedMph>140</speedMph>
                    <altitudeFt>1430</altitudeFt>
                </position>
                <position>
                    <lat>48.0856</lat>
                    <lon>16.6474</lon>
                    <date>2013-07-11T21:53:24+02:00</date>
                    <speedMph>140</speedMph>
                    <altitudeFt>1530</altitudeFt>
                </position>
                <position>
                    <lat>48.0832</lat>
                    <lon>16.6546</lon>
                    <date>2013-07-11T21:53:19+02:00</date>
                    <speedMph>140</speedMph>
                    <altitudeFt>1630</altitudeFt>
                </position>
                <position>
                    <lat>48.0803</lat>
                    <lon>16.6637</lon>
                    <date>2013-07-11T21:53:09+02:00</date>
                    <speedMph>140</speedMph>
                    <altitudeFt>1780</altitudeFt>
                </position>
                <position>
                    <lat>48.0777</lat>
                    <lon>16.6713</lon>
                    <date>2013-07-11T21:52:59+02:00</date>
                    <speedMph>140</speedMph>
                    <altitudeFt>1900</altitudeFt>
                </position>
                <position>
                    <lat>48.0774</lat>
                    <lon>16.6723</lon>
                    <date>2013-07-11T21:52:54+02:00</date>
                    <speedMph>140</speedMph>
                    <altitudeFt>1930</altitudeFt>
                </position>
                <position>
                    <lat>48.0763</lat>
                    <lon>16.6756</lon>
                    <date>2013-07-11T21:52:49+02:00</date>
                    <speedMph>140</speedMph>
                    <altitudeFt>1980</altitudeFt>
                </position>
                <position>
                    <lat>48.0742</lat>
                    <lon>16.682</lon>
                    <date>2013-07-11T21:52:44+02:00</date>
                    <speedMph>144</speedMph>
                    <altitudeFt>2050</altitudeFt>
                </position>
                <position>
                    <lat>48.0731</lat>
                    <lon>16.6856</lon>
                    <date>2013-07-11T21:52:39+02:00</date>
                    <speedMph>148</speedMph>
                    <altitudeFt>2100</altitudeFt>
                </position>
                <position>
                    <lat>48.072</lat>
                    <lon>16.6889</lon>
                    <date>2013-07-11T21:52:34+02:00</date>
                    <speedMph>148</speedMph>
                    <altitudeFt>2150</altitudeFt>
                </position>
                <position>
                    <lat>48.0695</lat>
                    <lon>16.6965</lon>
                    <date>2013-07-11T21:52:29+02:00</date>
                    <speedMph>156</speedMph>
                    <altitudeFt>2230</altitudeFt>
                </position>
                <position>
                    <lat>48.0678</lat>
                    <lon>16.7017</lon>
                    <date>2013-07-11T21:52:24+02:00</date>
                    <speedMph>156</speedMph>
                    <altitudeFt>2330</altitudeFt>
                </position>
                <position>
                    <lat>48.066</lat>
                    <lon>16.7072</lon>
                    <date>2013-07-11T21:52:19+02:00</date>
                    <speedMph>156</speedMph>
                    <altitudeFt>2400</altitudeFt>
                </position>
                <position>
                    <lat>48.0657</lat>
                    <lon>16.7082</lon>
                    <date>2013-07-11T21:52:14+02:00</date>
                    <speedMph>156</speedMph>
                    <altitudeFt>2430</altitudeFt>
                </position>
                <position>
                    <lat>48.0642</lat>
                    <lon>16.7127</lon>
                    <date>2013-07-11T21:52:09+02:00</date>
                    <speedMph>156</speedMph>
                    <altitudeFt>2500</altitudeFt>
                </position>
                <position>
                    <lat>48.0629</lat>
                    <lon>16.7168</lon>
                    <date>2013-07-11T21:52:04+02:00</date>
                    <speedMph>152</speedMph>
                    <altitudeFt>2580</altitudeFt>
                </position>
                <position>
                    <lat>48.0605</lat>
                    <lon>16.724</lon>
                    <date>2013-07-11T21:51:59+02:00</date>
                    <speedMph>156</speedMph>
                    <altitudeFt>2730</altitudeFt>
                </position>
                <position>
                    <lat>48.0593</lat>
                    <lon>16.7276</lon>
                    <date>2013-07-11T21:51:54+02:00</date>
                    <speedMph>160</speedMph>
                    <altitudeFt>2780</altitudeFt>
                </position>
                <position>
                    <lat>48.0575</lat>
                    <lon>16.7327</lon>
                    <date>2013-07-11T21:51:49+02:00</date>
                    <speedMph>160</speedMph>
                    <altitudeFt>2850</altitudeFt>
                </position>
                <position>
                    <lat>48.0565</lat>
                    <lon>16.7357</lon>
                    <date>2013-07-11T21:51:44+02:00</date>
                    <speedMph>160</speedMph>
                    <altitudeFt>2880</altitudeFt>
                </position>
                <position>
                    <lat>48.0537</lat>
                    <lon>16.7432</lon>
                    <date>2013-07-11T21:51:39+02:00</date>
                    <speedMph>160</speedMph>
                    <altitudeFt>2900</altitudeFt>
                </position>
                <position>
                    <lat>48.0501</lat>
                    <lon>16.7531</lon>
                    <date>2013-07-11T21:51:29+02:00</date>
                    <speedMph>160</speedMph>
                    <altitudeFt>2900</altitudeFt>
                </position>
                <position>
                    <lat>48.0477</lat>
                    <lon>16.7593</lon>
                    <date>2013-07-11T21:51:24+02:00</date>
                    <speedMph>160</speedMph>
                    <altitudeFt>2900</altitudeFt>
                </position>
                <position>
                    <lat>48.0463</lat>
                    <lon>16.763</lon>
                    <date>2013-07-11T21:51:19+02:00</date>
                    <speedMph>160</speedMph>
                    <altitudeFt>2900</altitudeFt>
                </position>
                <position>
                    <lat>48.0447</lat>
                    <lon>16.7668</lon>
                    <date>2013-07-11T21:51:14+02:00</date>
                    <speedMph>160</speedMph>
                    <altitudeFt>2900</altitudeFt>
                </position>
                <position>
                    <lat>48.0432</lat>
                    <lon>16.7704</lon>
                    <date>2013-07-11T21:51:09+02:00</date>
                    <speedMph>156</speedMph>
                    <altitudeFt>2900</altitudeFt>
                </position>
                <position>
                    <lat>48.038</lat>
                    <lon>16.7789</lon>
                    <date>2013-07-11T21:51:04+02:00</date>
                    <speedMph>156</speedMph>
                    <altitudeFt>2950</altitudeFt>
                </position>
                <position>
                    <lat>48.0349</lat>
                    <lon>16.7824</lon>
                    <date>2013-07-11T21:50:59+02:00</date>
                    <speedMph>156</speedMph>
                    <altitudeFt>2980</altitudeFt>
                </position>
                <position>
                    <lat>48.0338</lat>
                    <lon>16.7837</lon>
                    <date>2013-07-11T21:50:54+02:00</date>
                    <speedMph>156</speedMph>
                    <altitudeFt>3000</altitudeFt>
                </position>
                <position>
                    <lat>48.0307</lat>
                    <lon>16.7872</lon>
                    <date>2013-07-11T21:50:49+02:00</date>
                    <speedMph>156</speedMph>
                    <altitudeFt>3050</altitudeFt>
                </position>
                <position>
                    <lat>48.028</lat>
                    <lon>16.7901</lon>
                    <date>2013-07-11T21:50:44+02:00</date>
                    <speedMph>160</speedMph>
                    <altitudeFt>3080</altitudeFt>
                </position>
                <position>
                    <lat>48.0242</lat>
                    <lon>16.794</lon>
                    <date>2013-07-11T21:50:39+02:00</date>
                    <speedMph>160</speedMph>
                    <altitudeFt>3130</altitudeFt>
                </position>
                <position>
                    <lat>48.0187</lat>
                    <lon>16.7979</lon>
                    <date>2013-07-11T21:50:29+02:00</date>
                    <speedMph>164</speedMph>
                    <altitudeFt>3200</altitudeFt>
                </position>
                <position>
                    <lat>48.016</lat>
                    <lon>16.799</lon>
                    <date>2013-07-11T21:50:24+02:00</date>
                    <speedMph>164</speedMph>
                    <altitudeFt>3250</altitudeFt>
                </position>
                <position>
                    <lat>48.0123</lat>
                    <lon>16.8006</lon>
                    <date>2013-07-11T21:50:19+02:00</date>
                    <speedMph>168</speedMph>
                    <altitudeFt>3280</altitudeFt>
                </position>
                <position>
                    <lat>48.0065</lat>
                    <lon>16.8029</lon>
                    <date>2013-07-11T21:50:14+02:00</date>
                    <speedMph>164</speedMph>
                    <altitudeFt>3350</altitudeFt>
                </position>
                <position>
                    <lat>48.0042</lat>
                    <lon>16.8039</lon>
                    <date>2013-07-11T21:50:09+02:00</date>
                    <speedMph>164</speedMph>
                    <altitudeFt>3380</altitudeFt>
                </position>
                <position>
                    <lat>48.0009</lat>
                    <lon>16.8052</lon>
                    <date>2013-07-11T21:50:04+02:00</date>
                    <speedMph>164</speedMph>
                    <altitudeFt>3430</altitudeFt>
                </position>
                <position>
                    <lat>47.9959</lat>
                    <lon>16.8073</lon>
                    <date>2013-07-11T21:49:59+02:00</date>
                    <speedMph>164</speedMph>
                    <altitudeFt>3480</altitudeFt>
                </position>
                <position>
                    <lat>47.9925</lat>
                    <lon>16.8088</lon>
                    <date>2013-07-11T21:49:54+02:00</date>
                    <speedMph>160</speedMph>
                    <altitudeFt>3530</altitudeFt>
                </position>
                <position>
                    <lat>47.989</lat>
                    <lon>16.8103</lon>
                    <date>2013-07-11T21:49:49+02:00</date>
                    <speedMph>164</speedMph>
                    <altitudeFt>3550</altitudeFt>
                </position>
                <position>
                    <lat>47.987</lat>
                    <lon>16.8112</lon>
                    <date>2013-07-11T21:49:44+02:00</date>
                    <speedMph>164</speedMph>
                    <altitudeFt>3580</altitudeFt>
                </position>
                <position>
                    <lat>47.9805</lat>
                    <lon>16.8139</lon>
                    <date>2013-07-11T21:49:39+02:00</date>
                    <speedMph>168</speedMph>
                    <altitudeFt>3730</altitudeFt>
                </position>
                <position>
                    <lat>47.9642</lat>
                    <lon>16.8186</lon>
                    <date>2013-07-11T21:49:19+02:00</date>
                    <speedMph>180</speedMph>
                    <altitudeFt>4050</altitudeFt>
                </position>
                <position>
                    <lat>47.9606</lat>
                    <lon>16.8176</lon>
                    <date>2013-07-11T21:49:14+02:00</date>
                    <speedMph>184</speedMph>
                    <altitudeFt>4130</altitudeFt>
                </position>
                <position>
                    <lat>47.9584</lat>
                    <lon>16.8165</lon>
                    <date>2013-07-11T21:49:09+02:00</date>
                    <speedMph>188</speedMph>
                    <altitudeFt>4180</altitudeFt>
                </position>
                <position>
                    <lat>47.9544</lat>
                    <lon>16.8131</lon>
                    <date>2013-07-11T21:49:04+02:00</date>
                    <speedMph>196</speedMph>
                    <altitudeFt>4250</altitudeFt>
                </position>
                <position>
                    <lat>47.9489</lat>
                    <lon>16.8053</lon>
                    <date>2013-07-11T21:48:59+02:00</date>
                    <speedMph>204</speedMph>
                    <altitudeFt>4430</altitudeFt>
                </position>
                <position>
                    <lat>47.9448</lat>
                    <lon>16.7981</lon>
                    <date>2013-07-11T21:48:49+02:00</date>
                    <speedMph>204</speedMph>
                    <altitudeFt>4550</altitudeFt>
                </position>
                <position>
                    <lat>47.9427</lat>
                    <lon>16.7945</lon>
                    <date>2013-07-11T21:48:44+02:00</date>
                    <speedMph>204</speedMph>
                    <altitudeFt>4630</altitudeFt>
                </position>
                <position>
                    <lat>47.9403</lat>
                    <lon>16.7901</lon>
                    <date>2013-07-11T21:48:39+02:00</date>
                    <speedMph>208</speedMph>
                    <altitudeFt>4700</altitudeFt>
                </position>
                <position>
                    <lat>47.9351</lat>
                    <lon>16.7811</lon>
                    <date>2013-07-11T21:48:34+02:00</date>
                    <speedMph>208</speedMph>
                    <altitudeFt>4880</altitudeFt>
                </position>
                <position>
                    <lat>47.9296</lat>
                    <lon>16.7715</lon>
                    <date>2013-07-11T21:48:29+02:00</date>
                    <speedMph>208</speedMph>
                    <altitudeFt>5130</altitudeFt>
                </position>
                <position>
                    <lat>47.9249</lat>
                    <lon>16.7634</lon>
                    <date>2013-07-11T21:48:19+02:00</date>
                    <speedMph>208</speedMph>
                    <altitudeFt>5330</altitudeFt>
                </position>
                <position>
                    <lat>47.92</lat>
                    <lon>16.7546</lon>
                    <date>2013-07-11T21:48:09+02:00</date>
                    <speedMph>216</speedMph>
                    <altitudeFt>5480</altitudeFt>
                </position>
                <position>
                    <lat>47.9136</lat>
                    <lon>16.7395</lon>
                    <date>2013-07-11T21:47:59+02:00</date>
                    <speedMph>232</speedMph>
                    <altitudeFt>5680</altitudeFt>
                </position>
                <position>
                    <lat>47.9115</lat>
                    <lon>16.7274</lon>
                    <date>2013-07-11T21:47:49+02:00</date>
                    <speedMph>244</speedMph>
                    <altitudeFt>5780</altitudeFt>
                </position>
                <position>
                    <lat>47.9109</lat>
                    <lon>16.7116</lon>
                    <date>2013-07-11T21:47:39+02:00</date>
                    <speedMph>248</speedMph>
                    <altitudeFt>5930</altitudeFt>
                </position>
                <position>
                    <lat>47.9105</lat>
                    <lon>16.6902</lon>
                    <date>2013-07-11T21:47:29+02:00</date>
                    <speedMph>256</speedMph>
                    <altitudeFt>6100</altitudeFt>
                </position>
                <position>
                    <lat>47.91</lat>
                    <lon>16.6496</lon>
                    <date>2013-07-11T21:47:14+02:00</date>
                    <speedMph>264</speedMph>
                    <altitudeFt>6430</altitudeFt>
                </position>
                <position>
                    <lat>47.91</lat>
                    <lon>16.6358</lon>
                    <date>2013-07-11T21:47:04+02:00</date>
                    <speedMph>264</speedMph>
                    <altitudeFt>6580</altitudeFt>
                </position>
                <position>
                    <lat>47.91</lat>
                    <lon>16.6328</lon>
                    <date>2013-07-11T21:46:54+02:00</date>
                    <speedMph>264</speedMph>
                    <altitudeFt>6630</altitudeFt>
                </position>
                <position>
                    <lat>47.9101</lat>
                    <lon>16.6108</lon>
                    <date>2013-07-11T21:46:44+02:00</date>
                    <speedMph>268</speedMph>
                    <altitudeFt>6830</altitudeFt>
                </position>
                <position>
                    <lat>47.9101</lat>
                    <lon>16.5972</lon>
                    <date>2013-07-11T21:46:34+02:00</date>
                    <speedMph>272</speedMph>
                    <altitudeFt>6980</altitudeFt>
                </position>
                <position>
                    <lat>47.9103</lat>
                    <lon>16.5705</lon>
                    <date>2013-07-11T21:46:24+02:00</date>
                    <speedMph>272</speedMph>
                    <altitudeFt>7300</altitudeFt>
                </position>
                <position>
                    <lat>47.9104</lat>
                    <lon>16.558</lon>
                    <date>2013-07-11T21:46:14+02:00</date>
                    <speedMph>276</speedMph>
                    <altitudeFt>7400</altitudeFt>
                </position>
                <position>
                    <lat>47.9105</lat>
                    <lon>16.5275</lon>
                    <date>2013-07-11T21:46:04+02:00</date>
                    <speedMph>280</speedMph>
                    <altitudeFt>7680</altitudeFt>
                </position>
                <position>
                    <lat>47.9105</lat>
                    <lon>16.5194</lon>
                    <date>2013-07-11T21:45:54+02:00</date>
                    <speedMph>284</speedMph>
                    <altitudeFt>7730</altitudeFt>
                </position>
                <position>
                    <lat>47.9107</lat>
                    <lon>16.4992</lon>
                    <date>2013-07-11T21:45:44+02:00</date>
                    <speedMph>284</speedMph>
                    <altitudeFt>7900</altitudeFt>
                </position>
                <position>
                    <lat>47.9108</lat>
                    <lon>16.4755</lon>
                    <date>2013-07-11T21:45:34+02:00</date>
                    <speedMph>288</speedMph>
                    <altitudeFt>8130</altitudeFt>
                </position>
                <position>
                    <lat>47.9109</lat>
                    <lon>16.4598</lon>
                    <date>2013-07-11T21:45:24+02:00</date>
                    <speedMph>288</speedMph>
                    <altitudeFt>8250</altitudeFt>
                </position>
                <position>
                    <lat>47.9111</lat>
                    <lon>16.4316</lon>
                    <date>2013-07-11T21:45:14+02:00</date>
                    <speedMph>288</speedMph>
                    <altitudeFt>8480</altitudeFt>
                </position>
                <position>
                    <lat>47.9111</lat>
                    <lon>16.4193</lon>
                    <date>2013-07-11T21:45:04+02:00</date>
                    <speedMph>292</speedMph>
                    <altitudeFt>8580</altitudeFt>
                </position>
                <position>
                    <lat>47.9112</lat>
                    <lon>16.396</lon>
                    <date>2013-07-11T21:44:54+02:00</date>
                    <speedMph>292</speedMph>
                    <altitudeFt>8780</altitudeFt>
                </position>
                <position>
                    <lat>47.9112</lat>
                    <lon>16.3812</lon>
                    <date>2013-07-11T21:44:44+02:00</date>
                    <speedMph>296</speedMph>
                    <altitudeFt>8900</altitudeFt>
                </position>
                <position>
                    <lat>47.9112</lat>
                    <lon>16.3648</lon>
                    <date>2013-07-11T21:44:34+02:00</date>
                    <speedMph>296</speedMph>
                    <altitudeFt>9030</altitudeFt>
                </position>
                <position>
                    <lat>47.9114</lat>
                    <lon>16.3384</lon>
                    <date>2013-07-11T21:44:24+02:00</date>
                    <speedMph>300</speedMph>
                    <altitudeFt>9250</altitudeFt>
                </position>
                <position>
                    <lat>47.9114</lat>
                    <lon>16.3225</lon>
                    <date>2013-07-11T21:44:14+02:00</date>
                    <speedMph>300</speedMph>
                    <altitudeFt>9380</altitudeFt>
                </position>
                <position>
                    <lat>47.9115</lat>
                    <lon>16.292</lon>
                    <date>2013-07-11T21:44:04+02:00</date>
                    <speedMph>308</speedMph>
                    <altitudeFt>9630</altitudeFt>
                </position>
                <position>
                    <lat>47.9116</lat>
                    <lon>16.2702</lon>
                    <date>2013-07-11T21:43:54+02:00</date>
                    <speedMph>308</speedMph>
                    <altitudeFt>9780</altitudeFt>
                </position>
                <position>
                    <lat>47.9117</lat>
                    <lon>16.2549</lon>
                    <date>2013-07-11T21:43:44+02:00</date>
                    <speedMph>308</speedMph>
                    <altitudeFt>9900</altitudeFt>
                </position>
                <position>
                    <lat>47.9117</lat>
                    <lon>16.2332</lon>
                    <date>2013-07-11T21:43:34+02:00</date>
                    <speedMph>308</speedMph>
                    <altitudeFt>10050</altitudeFt>
                </position>
                <position>
                    <lat>47.9118</lat>
                    <lon>16.1684</lon>
                    <date>2013-07-11T21:43:04+02:00</date>
                    <speedMph>312</speedMph>
                    <altitudeFt>10500</altitudeFt>
                </position>
                <position>
                    <lat>47.9118</lat>
                    <lon>16.067</lon>
                    <date>2013-07-11T21:42:34+02:00</date>
                    <speedMph>308</speedMph>
                    <altitudeFt>11230</altitudeFt>
                </position>
                <position>
                    <lat>47.9118</lat>
                    <lon>16.0425</lon>
                    <date>2013-07-11T21:42:04+02:00</date>
                    <speedMph>308</speedMph>
                    <altitudeFt>11400</altitudeFt>
                </position>
                <position>
                    <lat>47.9117</lat>
                    <lon>15.9728</lon>
                    <date>2013-07-11T21:41:34+02:00</date>
                    <speedMph>312</speedMph>
                    <altitudeFt>11880</altitudeFt>
                </position>
                <position>
                    <lat>47.9118</lat>
                    <lon>15.9081</lon>
                    <date>2013-07-11T21:41:04+02:00</date>
                    <speedMph>328</speedMph>
                    <altitudeFt>12350</altitudeFt>
                </position>
                <position>
                    <lat>47.9118</lat>
                    <lon>15.8463</lon>
                    <date>2013-07-11T21:40:34+02:00</date>
                    <speedMph>332</speedMph>
                    <altitudeFt>12730</altitudeFt>
                </position>
                <position>
                    <lat>47.9117</lat>
                    <lon>15.7562</lon>
                    <date>2013-07-11T21:40:04+02:00</date>
                    <speedMph>332</speedMph>
                    <altitudeFt>13300</altitudeFt>
                </position>
                <position>
                    <lat>47.9116</lat>
                    <lon>15.7068</lon>
                    <date>2013-07-11T21:39:34+02:00</date>
                    <speedMph>336</speedMph>
                    <altitudeFt>13650</altitudeFt>
                </position>
                <position>
                    <lat>47.9113</lat>
                    <lon>15.6415</lon>
                    <date>2013-07-11T21:39:04+02:00</date>
                    <speedMph>340</speedMph>
                    <altitudeFt>14050</altitudeFt>
                </position>
                <position>
                    <lat>47.9111</lat>
                    <lon>15.5698</lon>
                    <date>2013-07-11T21:38:34+02:00</date>
                    <speedMph>348</speedMph>
                    <altitudeFt>14500</altitudeFt>
                </position>
                <position>
                    <lat>47.9108</lat>
                    <lon>15.4954</lon>
                    <date>2013-07-11T21:38:04+02:00</date>
                    <speedMph>364</speedMph>
                    <altitudeFt>15000</altitudeFt>
                </position>
                <position>
                    <lat>47.91</lat>
                    <lon>15.3399</lon>
                    <date>2013-07-11T21:37:04+02:00</date>
                    <speedMph>368</speedMph>
                    <altitudeFt>16380</altitudeFt>
                </position>
                <position>
                    <lat>47.9091</lat>
                    <lon>15.1941</lon>
                    <date>2013-07-11T21:36:04+02:00</date>
                    <speedMph>384</speedMph>
                    <altitudeFt>17700</altitudeFt>
                </position>
                <position>
                    <lat>47.9078</lat>
                    <lon>15.0229</lon>
                    <date>2013-07-11T21:35:04+02:00</date>
                    <speedMph>392</speedMph>
                    <altitudeFt>19150</altitudeFt>
                </position>
                <position>
                    <lat>47.9062</lat>
                    <lon>14.8214</lon>
                    <date>2013-07-11T21:34:04+02:00</date>
                    <speedMph>400</speedMph>
                    <altitudeFt>20880</altitudeFt>
                </position>
                <position>
                    <lat>47.9079</lat>
                    <lon>14.6963</lon>
                    <date>2013-07-11T21:33:04+02:00</date>
                    <speedMph>412</speedMph>
                    <altitudeFt>21930</altitudeFt>
                </position>
                <position>
                    <lat>47.91</lat>
                    <lon>14.5285</lon>
                    <date>2013-07-11T21:32:04+02:00</date>
                    <speedMph>420</speedMph>
                    <altitudeFt>23300</altitudeFt>
                </position>
                <position>
                    <lat>47.9121</lat>
                    <lon>14.3508</lon>
                    <date>2013-07-11T21:31:04+02:00</date>
                    <speedMph>424</speedMph>
                    <altitudeFt>24730</altitudeFt>
                </position>
                <position>
                    <lat>47.9138</lat>
                    <lon>14.1711</lon>
                    <date>2013-07-11T21:30:04+02:00</date>
                    <speedMph>432</speedMph>
                    <altitudeFt>26130</altitudeFt>
                </position>
                <position>
                    <lat>47.9153</lat>
                    <lon>13.999</lon>
                    <date>2013-07-11T21:29:04+02:00</date>
                    <speedMph>440</speedMph>
                    <altitudeFt>27500</altitudeFt>
                </position>
                <position>
                    <lat>47.9166</lat>
                    <lon>13.8026</lon>
                    <date>2013-07-11T21:28:04+02:00</date>
                    <speedMph>448</speedMph>
                    <altitudeFt>29050</altitudeFt>
                </position>
                <position>
                    <lat>47.9174</lat>
                    <lon>13.6393</lon>
                    <date>2013-07-11T21:27:04+02:00</date>
                    <speedMph>460</speedMph>
                    <altitudeFt>30330</altitudeFt>
                </position>
                <position>
                    <lat>47.9163</lat>
                    <lon>13.435</lon>
                    <date>2013-07-11T21:26:04+02:00</date>
                    <speedMph>464</speedMph>
                    <altitudeFt>31900</altitudeFt>
                </position>
                <position>
                    <lat>47.9102</lat>
                    <lon>13.2269</lon>
                    <date>2013-07-11T21:25:04+02:00</date>
                    <speedMph>464</speedMph>
                    <altitudeFt>33480</altitudeFt>
                </position>
                <position>
                    <lat>47.9047</lat>
                    <lon>13.0468</lon>
                    <date>2013-07-11T21:24:04+02:00</date>
                    <speedMph>464</speedMph>
                    <altitudeFt>34800</altitudeFt>
                </position>
                <position>
                    <lat>47.8989</lat>
                    <lon>12.8662</lon>
                    <date>2013-07-11T21:23:04+02:00</date>
                    <speedMph>464</speedMph>
                    <altitudeFt>35030</altitudeFt>
                </position>
                <position>
                    <lat>47.892</lat>
                    <lon>12.6601</lon>
                    <date>2013-07-11T21:22:04+02:00</date>
                    <speedMph>464</speedMph>
                    <altitudeFt>34980</altitudeFt>
                </position>
                <position>
                    <lat>47.8852</lat>
                    <lon>12.4709</lon>
                    <date>2013-07-11T21:21:04+02:00</date>
                    <speedMph>460</speedMph>
                    <altitudeFt>34980</altitudeFt>
                </position>
                <position>
                    <lat>47.8787</lat>
                    <lon>12.2989</lon>
                    <date>2013-07-11T21:20:04+02:00</date>
                    <speedMph>460</speedMph>
                    <altitudeFt>34980</altitudeFt>
                </position>
                <position>
                    <lat>47.8708</lat>
                    <lon>12.0939</lon>
                    <date>2013-07-11T21:19:04+02:00</date>
                    <speedMph>456</speedMph>
                    <altitudeFt>35000</altitudeFt>
                </position>
                <position>
                    <lat>47.8632</lat>
                    <lon>11.9029</lon>
                    <date>2013-07-11T21:18:04+02:00</date>
                    <speedMph>456</speedMph>
                    <altitudeFt>35030</altitudeFt>
                </position>
                <position>
                    <lat>47.856</lat>
                    <lon>11.7315</lon>
                    <date>2013-07-11T21:17:04+02:00</date>
                    <speedMph>456</speedMph>
                    <altitudeFt>35030</altitudeFt>
                </position>
                <position>
                    <lat>47.8471</lat>
                    <lon>11.5284</lon>
                    <date>2013-07-11T21:16:04+02:00</date>
                    <speedMph>452</speedMph>
                    <altitudeFt>34980</altitudeFt>
                </position>
                <position>
                    <lat>47.8385</lat>
                    <lon>11.3392</lon>
                    <date>2013-07-11T21:15:04+02:00</date>
                    <speedMph>452</speedMph>
                    <altitudeFt>34980</altitudeFt>
                </position>
                <position>
                    <lat>47.8301</lat>
                    <lon>11.1605</lon>
                    <date>2013-07-11T21:14:04+02:00</date>
                    <speedMph>448</speedMph>
                    <altitudeFt>34980</altitudeFt>
                </position>
                <position>
                    <lat>47.8212</lat>
                    <lon>10.9782</lon>
                    <date>2013-07-11T21:13:04+02:00</date>
                    <speedMph>448</speedMph>
                    <altitudeFt>34980</altitudeFt>
                </position>
                <position>
                    <lat>47.8113</lat>
                    <lon>10.7835</lon>
                    <date>2013-07-11T21:12:04+02:00</date>
                    <speedMph>448</speedMph>
                    <altitudeFt>34980</altitudeFt>
                </position>
                <position>
                    <lat>47.8027</lat>
                    <lon>10.616</lon>
                    <date>2013-07-11T21:11:02+02:00</date>
                    <speedMph>448</speedMph>
                    <altitudeFt>35000</altitudeFt>
                </position>
                <position>
                    <lat>47.7928</lat>
                    <lon>10.4286</lon>
                    <date>2013-07-11T21:10:02+02:00</date>
                    <speedMph>448</speedMph>
                    <altitudeFt>35000</altitudeFt>
                </position>
                <position>
                    <lat>47.7827</lat>
                    <lon>10.2464</lon>
                    <date>2013-07-11T21:09:02+02:00</date>
                    <speedMph>448</speedMph>
                    <altitudeFt>34980</altitudeFt>
                </position>
                <position>
                    <lat>47.7671</lat>
                    <lon>9.9716</lon>
                    <date>2013-07-11T21:07:37+02:00</date>
                    <speedMph>448</speedMph>
                    <altitudeFt>35000</altitudeFt>
                </position>
                <position>
                    <lat>47.7554</lat>
                    <lon>9.7708</lon>
                    <date>2013-07-11T21:06:37+02:00</date>
                    <speedMph>448</speedMph>
                    <altitudeFt>34980</altitudeFt>
                </position>
                <position>
                    <lat>47.7478</lat>
                    <lon>9.6135</lon>
                    <date>2013-07-11T21:05:37+02:00</date>
                    <speedMph>448</speedMph>
                    <altitudeFt>34980</altitudeFt>
                </position>
                <position>
                    <lat>47.747</lat>
                    <lon>9.4088</lon>
                    <date>2013-07-11T21:04:37+02:00</date>
                    <speedMph>448</speedMph>
                    <altitudeFt>35000</altitudeFt>
                </position>
                <position>
                    <lat>47.7461</lat>
                    <lon>9.2449</lon>
                    <date>2013-07-11T21:03:37+02:00</date>
                    <speedMph>448</speedMph>
                    <altitudeFt>35000</altitudeFt>
                </position>
                <position>
                    <lat>47.7448</lat>
                    <lon>9.0536</lon>
                    <date>2013-07-11T21:02:37+02:00</date>
                    <speedMph>448</speedMph>
                    <altitudeFt>35000</altitudeFt>
                </position>
                <position>
                    <lat>47.7432</lat>
                    <lon>8.8691</lon>
                    <date>2013-07-11T21:01:37+02:00</date>
                    <speedMph>448</speedMph>
                    <altitudeFt>34980</altitudeFt>
                </position>
                <position>
                    <lat>47.7416</lat>
                    <lon>8.6937</lon>
                    <date>2013-07-11T21:00:37+02:00</date>
                    <speedMph>448</speedMph>
                    <altitudeFt>34980</altitudeFt>
                </position>
                <position>
                    <lat>47.744</lat>
                    <lon>8.4812</lon>
                    <date>2013-07-11T20:59:37+02:00</date>
                    <speedMph>448</speedMph>
                    <altitudeFt>35000</altitudeFt>
                </position>
                <position>
                    <lat>47.7808</lat>
                    <lon>8.3249</lon>
                    <date>2013-07-11T20:58:37+02:00</date>
                    <speedMph>452</speedMph>
                    <altitudeFt>35000</altitudeFt>
                </position>
                <position>
                    <lat>47.8274</lat>
                    <lon>8.1533</lon>
                    <date>2013-07-11T20:57:37+02:00</date>
                    <speedMph>448</speedMph>
                    <altitudeFt>35000</altitudeFt>
                </position>
                <position>
                    <lat>47.8737</lat>
                    <lon>7.982</lon>
                    <date>2013-07-11T20:56:37+02:00</date>
                    <speedMph>448</speedMph>
                    <altitudeFt>34980</altitudeFt>
                </position>
                <position>
                    <lat>47.9144</lat>
                    <lon>7.8298</lon>
                    <date>2013-07-11T20:55:37+02:00</date>
                    <speedMph>448</speedMph>
                    <altitudeFt>34980</altitudeFt>
                </position>
                <position>
                    <lat>47.9654</lat>
                    <lon>7.6388</lon>
                    <date>2013-07-11T20:54:37+02:00</date>
                    <speedMph>448</speedMph>
                    <altitudeFt>35000</altitudeFt>
                </position>
                <position>
                    <lat>48.0114</lat>
                    <lon>7.4641</lon>
                    <date>2013-07-11T20:53:37+02:00</date>
                    <speedMph>448</speedMph>
                    <altitudeFt>34980</altitudeFt>
                </position>
                <position>
                    <lat>48.0529</lat>
                    <lon>7.3061</lon>
                    <date>2013-07-11T20:52:37+02:00</date>
                    <speedMph>448</speedMph>
                    <altitudeFt>34980</altitudeFt>
                </position>
                <position>
                    <lat>48.1018</lat>
                    <lon>7.1185</lon>
                    <date>2013-07-11T20:51:37+02:00</date>
                    <speedMph>448</speedMph>
                    <altitudeFt>34980</altitudeFt>
                </position>
                <position>
                    <lat>48.1494</lat>
                    <lon>6.9499</lon>
                    <date>2013-07-11T20:50:37+02:00</date>
                    <speedMph>448</speedMph>
                    <altitudeFt>35000</altitudeFt>
                </position>
                <position>
                    <lat>48.1988</lat>
                    <lon>6.7846</lon>
                    <date>2013-07-11T20:49:37+02:00</date>
                    <speedMph>448</speedMph>
                    <altitudeFt>35000</altitudeFt>
                </position>
                <position>
                    <lat>48.2495</lat>
                    <lon>6.6143</lon>
                    <date>2013-07-11T20:48:37+02:00</date>
                    <speedMph>448</speedMph>
                    <altitudeFt>35000</altitudeFt>
                </position>
                <position>
                    <lat>48.3021</lat>
                    <lon>6.4363</lon>
                    <date>2013-07-11T20:47:37+02:00</date>
                    <speedMph>448</speedMph>
                    <altitudeFt>35000</altitudeFt>
                </position>
                <position>
                    <lat>48.3512</lat>
                    <lon>6.2687</lon>
                    <date>2013-07-11T20:46:37+02:00</date>
                    <speedMph>444</speedMph>
                    <altitudeFt>35000</altitudeFt>
                </position>
                <position>
                    <lat>48.3972</lat>
                    <lon>6.1109</lon>
                    <date>2013-07-11T20:45:37+02:00</date>
                    <speedMph>448</speedMph>
                    <altitudeFt>34780</altitudeFt>
                </position>
                <position>
                    <lat>48.446</lat>
                    <lon>5.9421</lon>
                    <date>2013-07-11T20:44:37+02:00</date>
                    <speedMph>448</speedMph>
                    <altitudeFt>33930</altitudeFt>
                </position>
                <position>
                    <lat>48.4944</lat>
                    <lon>5.7661</lon>
                    <date>2013-07-11T20:43:37+02:00</date>
                    <speedMph>452</speedMph>
                    <altitudeFt>32780</altitudeFt>
                </position>
                <position>
                    <lat>48.5398</lat>
                    <lon>5.5945</lon>
                    <date>2013-07-11T20:42:37+02:00</date>
                    <speedMph>456</speedMph>
                    <altitudeFt>31530</altitudeFt>
                </position>
                <position>
                    <lat>48.5931</lat>
                    <lon>5.3942</lon>
                    <date>2013-07-11T20:41:37+02:00</date>
                    <speedMph>456</speedMph>
                    <altitudeFt>30330</altitudeFt>
                </position>
                <position>
                    <lat>48.637</lat>
                    <lon>5.2269</lon>
                    <date>2013-07-11T20:40:37+02:00</date>
                    <speedMph>456</speedMph>
                    <altitudeFt>29150</altitudeFt>
                </position>
                <position>
                    <lat>48.6812</lat>
                    <lon>5.0563</lon>
                    <date>2013-07-11T20:39:37+02:00</date>
                    <speedMph>452</speedMph>
                    <altitudeFt>28280</altitudeFt>
                </position>
                <position>
                    <lat>48.733</lat>
                    <lon>4.857</lon>
                    <date>2013-07-11T20:38:37+02:00</date>
                    <speedMph>444</speedMph>
                    <altitudeFt>27030</altitudeFt>
                </position>
                <position>
                    <lat>48.7736</lat>
                    <lon>4.7048</lon>
                    <date>2013-07-11T20:37:37+02:00</date>
                    <speedMph>440</speedMph>
                    <altitudeFt>26000</altitudeFt>
                </position>
                <position>
                    <lat>48.8206</lat>
                    <lon>4.5291</lon>
                    <date>2013-07-11T20:36:37+02:00</date>
                    <speedMph>428</speedMph>
                    <altitudeFt>24730</altitudeFt>
                </position>
                <position>
                    <lat>48.8616</lat>
                    <lon>4.3744</lon>
                    <date>2013-07-11T20:35:37+02:00</date>
                    <speedMph>420</speedMph>
                    <altitudeFt>23580</altitudeFt>
                </position>
                <position>
                    <lat>48.901</lat>
                    <lon>4.2088</lon>
                    <date>2013-07-11T20:34:37+02:00</date>
                    <speedMph>412</speedMph>
                    <altitudeFt>21950</altitudeFt>
                </position>
                <position>
                    <lat>48.9119</lat>
                    <lon>4.0325</lon>
                    <date>2013-07-11T20:33:37+02:00</date>
                    <speedMph>400</speedMph>
                    <altitudeFt>20350</altitudeFt>
                </position>
                <position>
                    <lat>48.9222</lat>
                    <lon>3.8461</lon>
                    <date>2013-07-11T20:32:37+02:00</date>
                    <speedMph>392</speedMph>
                    <altitudeFt>19000</altitudeFt>
                </position>
                <position>
                    <lat>48.9297</lat>
                    <lon>3.7067</lon>
                    <date>2013-07-11T20:31:37+02:00</date>
                    <speedMph>388</speedMph>
                    <altitudeFt>17980</altitudeFt>
                </position>
                <position>
                    <lat>48.9383</lat>
                    <lon>3.5469</lon>
                    <date>2013-07-11T20:30:37+02:00</date>
                    <speedMph>376</speedMph>
                    <altitudeFt>16030</altitudeFt>
                </position>
                <position>
                    <lat>48.9516</lat>
                    <lon>3.3931</lon>
                    <date>2013-07-11T20:29:37+02:00</date>
                    <speedMph>364</speedMph>
                    <altitudeFt>14080</altitudeFt>
                </position>
                <position>
                    <lat>48.9581</lat>
                    <lon>3.317</lon>
                    <date>2013-07-11T20:29:07+02:00</date>
                    <speedMph>352</speedMph>
                    <altitudeFt>13180</altitudeFt>
                </position>
                <position>
                    <lat>48.9647</lat>
                    <lon>3.2405</lon>
                    <date>2013-07-11T20:28:37+02:00</date>
                    <speedMph>348</speedMph>
                    <altitudeFt>11980</altitudeFt>
                </position>
                <position>
                    <lat>48.9706</lat>
                    <lon>3.1709</lon>
                    <date>2013-07-11T20:28:07+02:00</date>
                    <speedMph>336</speedMph>
                    <altitudeFt>11150</altitudeFt>
                </position>
                <position>
                    <lat>48.9763</lat>
                    <lon>3.1036</lon>
                    <date>2013-07-11T20:27:37+02:00</date>
                    <speedMph>308</speedMph>
                    <altitudeFt>10700</altitudeFt>
                </position>
                <position>
                    <lat>48.9817</lat>
                    <lon>3.0375</lon>
                    <date>2013-07-11T20:27:07+02:00</date>
                    <speedMph>288</speedMph>
                    <altitudeFt>9800</altitudeFt>
                </position>
                <position>
                    <lat>48.9831</lat>
                    <lon>3.0207</lon>
                    <date>2013-07-11T20:26:57+02:00</date>
                    <speedMph>284</speedMph>
                    <altitudeFt>9480</altitudeFt>
                </position>
                <position>
                    <lat>48.9846</lat>
                    <lon>3.0024</lon>
                    <date>2013-07-11T20:26:47+02:00</date>
                    <speedMph>284</speedMph>
                    <altitudeFt>9080</altitudeFt>
                </position>
                <position>
                    <lat>48.9878</lat>
                    <lon>2.9637</lon>
                    <date>2013-07-11T20:26:37+02:00</date>
                    <speedMph>280</speedMph>
                    <altitudeFt>8250</altitudeFt>
                </position>
                <position>
                    <lat>48.988</lat>
                    <lon>2.9617</lon>
                    <date>2013-07-11T20:26:27+02:00</date>
                    <speedMph>280</speedMph>
                    <altitudeFt>8230</altitudeFt>
                </position>
                <position>
                    <lat>48.9898</lat>
                    <lon>2.9437</lon>
                    <date>2013-07-11T20:26:17+02:00</date>
                    <speedMph>276</speedMph>
                    <altitudeFt>7850</altitudeFt>
                </position>
                <position>
                    <lat>48.9929</lat>
                    <lon>2.9146</lon>
                    <date>2013-07-11T20:26:07+02:00</date>
                    <speedMph>276</speedMph>
                    <altitudeFt>7180</altitudeFt>
                </position>
                <position>
                    <lat>48.9941</lat>
                    <lon>2.9043</lon>
                    <date>2013-07-11T20:25:57+02:00</date>
                    <speedMph>272</speedMph>
                    <altitudeFt>6950</altitudeFt>
                </position>
                <position>
                    <lat>48.9963</lat>
                    <lon>2.8849</lon>
                    <date>2013-07-11T20:25:47+02:00</date>
                    <speedMph>276</speedMph>
                    <altitudeFt>6480</altitudeFt>
                </position>
                <position>
                    <lat>48.9997</lat>
                    <lon>2.8556</lon>
                    <date>2013-07-11T20:25:37+02:00</date>
                    <speedMph>276</speedMph>
                    <altitudeFt>5700</altitudeFt>
                </position>
                <position>
                    <lat>49.0006</lat>
                    <lon>2.8473</lon>
                    <date>2013-07-11T20:25:27+02:00</date>
                    <speedMph>272</speedMph>
                    <altitudeFt>5530</altitudeFt>
                </position>
                <position>
                    <lat>49.0028</lat>
                    <lon>2.828</lon>
                    <date>2013-07-11T20:25:17+02:00</date>
                    <speedMph>260</speedMph>
                    <altitudeFt>5250</altitudeFt>
                </position>
                <position>
                    <lat>49.0048</lat>
                    <lon>2.8083</lon>
                    <date>2013-07-11T20:25:07+02:00</date>
                    <speedMph>252</speedMph>
                    <altitudeFt>5030</altitudeFt>
                </position>
                <position>
                    <lat>49.0074</lat>
                    <lon>2.7768</lon>
                    <date>2013-07-11T20:24:47+02:00</date>
                    <speedMph>220</speedMph>
                    <altitudeFt>4650</altitudeFt>
                </position>
                <position>
                    <lat>49.0069</lat>
                    <lon>2.761</lon>
                    <date>2013-07-11T20:24:37+02:00</date>
                    <speedMph>204</speedMph>
                    <altitudeFt>4530</altitudeFt>
                </position>
                <position>
                    <lat>49.0065</lat>
                    <lon>2.7541</lon>
                    <date>2013-07-11T20:24:32+02:00</date>
                    <speedMph>200</speedMph>
                    <altitudeFt>4430</altitudeFt>
                </position>
                <position>
                    <lat>49.0061</lat>
                    <lon>2.7478</lon>
                    <date>2013-07-11T20:24:27+02:00</date>
                    <speedMph>196</speedMph>
                    <altitudeFt>4330</altitudeFt>
                </position>
                <position>
                    <lat>49.0057</lat>
                    <lon>2.7416</lon>
                    <date>2013-07-11T20:24:22+02:00</date>
                    <speedMph>192</speedMph>
                    <altitudeFt>4250</altitudeFt>
                </position>
                <position>
                    <lat>49.0053</lat>
                    <lon>2.7336</lon>
                    <date>2013-07-11T20:24:17+02:00</date>
                    <speedMph>188</speedMph>
                    <altitudeFt>4150</altitudeFt>
                </position>
                <position>
                    <lat>49.0049</lat>
                    <lon>2.727</lon>
                    <date>2013-07-11T20:24:12+02:00</date>
                    <speedMph>184</speedMph>
                    <altitudeFt>4050</altitudeFt>
                </position>
                <position>
                    <lat>49.0046</lat>
                    <lon>2.7203</lon>
                    <date>2013-07-11T20:24:07+02:00</date>
                    <speedMph>180</speedMph>
                    <altitudeFt>3930</altitudeFt>
                </position>
                <position>
                    <lat>49.0043</lat>
                    <lon>2.7145</lon>
                    <date>2013-07-11T20:24:02+02:00</date>
                    <speedMph>176</speedMph>
                    <altitudeFt>3850</altitudeFt>
                </position>
                <position>
                    <lat>49.004</lat>
                    <lon>2.7079</lon>
                    <date>2013-07-11T20:23:57+02:00</date>
                    <speedMph>172</speedMph>
                    <altitudeFt>3730</altitudeFt>
                </position>
                <position>
                    <lat>49.0033</lat>
                    <lon>2.6958</lon>
                    <date>2013-07-11T20:23:47+02:00</date>
                    <speedMph>168</speedMph>
                    <altitudeFt>3500</altitudeFt>
                </position>
                <position>
                    <lat>49.0031</lat>
                    <lon>2.6914</lon>
                    <date>2013-07-11T20:23:42+02:00</date>
                    <speedMph>164</speedMph>
                    <altitudeFt>3400</altitudeFt>
                </position>
                <position>
                    <lat>49.0028</lat>
                    <lon>2.6855</lon>
                    <date>2013-07-11T20:23:37+02:00</date>
                    <speedMph>164</speedMph>
                    <altitudeFt>3230</altitudeFt>
                </position>
                <position>
                    <lat>49.0024</lat>
                    <lon>2.6789</lon>
                    <date>2013-07-11T20:23:27+02:00</date>
                    <speedMph>164</speedMph>
                    <altitudeFt>3050</altitudeFt>
                </position>
                <position>
                    <lat>49.0019</lat>
                    <lon>2.6682</lon>
                    <date>2013-07-11T20:23:22+02:00</date>
                    <speedMph>164</speedMph>
                    <altitudeFt>2730</altitudeFt>
                </position>
                <position>
                    <lat>49.0015</lat>
                    <lon>2.6624</lon>
                    <date>2013-07-11T20:23:17+02:00</date>
                    <speedMph>164</speedMph>
                    <altitudeFt>2550</altitudeFt>
                </position>
                <position>
                    <lat>49.0012</lat>
                    <lon>2.656</lon>
                    <date>2013-07-11T20:23:12+02:00</date>
                    <speedMph>164</speedMph>
                    <altitudeFt>2400</altitudeFt>
                </position>
                <position>
                    <lat>49.0009</lat>
                    <lon>2.6502</lon>
                    <date>2013-07-11T20:23:02+02:00</date>
                    <speedMph>160</speedMph>
                    <altitudeFt>2280</altitudeFt>
                </position>
                <position>
                    <lat>49.0004</lat>
                    <lon>2.6394</lon>
                    <date>2013-07-11T20:22:57+02:00</date>
                    <speedMph>160</speedMph>
                    <altitudeFt>1980</altitudeFt>
                </position>
                <position>
                    <lat>49.0001</lat>
                    <lon>2.6331</lon>
                    <date>2013-07-11T20:22:52+02:00</date>
                    <speedMph>160</speedMph>
                    <altitudeFt>1800</altitudeFt>
                </position>
                <position>
                    <lat>48.9999</lat>
                    <lon>2.6286</lon>
                    <date>2013-07-11T20:22:47+02:00</date>
                    <speedMph>160</speedMph>
                    <altitudeFt>1630</altitudeFt>
                </position>
                <position>
                    <lat>48.9995</lat>
                    <lon>2.6221</lon>
                    <date>2013-07-11T20:22:42+02:00</date>
                    <speedMph>160</speedMph>
                    <altitudeFt>1430</altitudeFt>
                </position>
                <position>
                    <lat>48.9992</lat>
                    <lon>2.617</lon>
                    <date>2013-07-11T20:22:32+02:00</date>
                    <speedMph>160</speedMph>
                    <altitudeFt>1200</altitudeFt>
                </position>
                <position>
                    <lat>48.9986</lat>
                    <lon>2.6055</lon>
                    <date>2013-07-11T20:22:27+02:00</date>
                    <speedMph>164</speedMph>
                    <altitudeFt>750</altitudeFt>
                </position>
                <position>
                    <lat>48.9981</lat>
                    <lon>2.5993</lon>
                    <date>2013-07-11T20:22:22+02:00</date>
                    <speedMph>168</speedMph>
                    <altitudeFt>480</altitudeFt>
                </position>
                <position>
                    <lat>48.9977</lat>
                    <lon>2.5921</lon>
                    <date>2013-07-11T20:22:17+02:00</date>
                    <speedMph>172</speedMph>
                    <altitudeFt>250</altitudeFt>
                </position>
                <position>
                    <lat>48.9965</lat>
                    <lon>2.5676</lon>
                    <date>2013-07-11T20:21:52+02:00</date>
                    <speedMph>100</speedMph>
                    <altitudeFt>0</altitudeFt>
                </position>
                <position>
                    <lat>48.9962</lat>
                    <lon>2.5626</lon>
                    <date>2013-07-11T20:21:47+02:00</date>
                    <speedMph>68</speedMph>
                    <altitudeFt>0</altitudeFt>
                </position>
                <position>
                    <lat>48.9961</lat>
                    <lon>2.5605</lon>
                    <date>2013-07-11T20:21:42+02:00</date>
                    <speedMph>40</speedMph>
                    <altitudeFt>0</altitudeFt>
                </position>
                <position>
                    <lat>48.996</lat>
                    <lon>2.5587</lon>
                    <date>2013-07-11T20:21:22+02:00</date>
                    <speedMph>4</speedMph>
                    <altitudeFt>0</altitudeFt>
                </position>
                <position>
                    <lat>48.996</lat>
                    <lon>2.5585</lon>
                    <date>2013-07-11T20:21:17+02:00</date>
                    <speedMph>8</speedMph>
                    <altitudeFt>0</altitudeFt>
                </position>
                <position>
                    <lat>48.9961</lat>
                    <lon>2.5584</lon>
                    <date>2013-07-11T20:21:12+02:00</date>
                    <speedMph>8</speedMph>
                    <altitudeFt>0</altitudeFt>
                </position>
                <position>
                    <lat>48.9963</lat>
                    <lon>2.5583</lon>
                    <date>2013-07-11T20:21:02+02:00</date>
                    <speedMph>8</speedMph>
                    <altitudeFt>0</altitudeFt>
                </position>
                <position>
                    <lat>48.9967</lat>
                    <lon>2.5582</lon>
                    <date>2013-07-11T20:20:57+02:00</date>
                    <speedMph>8</speedMph>
                    <altitudeFt>0</altitudeFt>
                </position>
                <position>
                    <lat>48.9968</lat>
                    <lon>2.5582</lon>
                    <date>2013-07-11T20:20:52+02:00</date>
                    <speedMph>8</speedMph>
                    <altitudeFt>0</altitudeFt>
                </position>
                <position>
                    <lat>48.997</lat>
                    <lon>2.5581</lon>
                    <date>2013-07-11T20:20:47+02:00</date>
                    <speedMph>4</speedMph>
                    <altitudeFt>0</altitudeFt>
                </position>
                <position>
                    <lat>48.9971</lat>
                    <lon>2.5581</lon>
                    <date>2013-07-11T20:20:42+02:00</date>
                    <speedMph>4</speedMph>
                    <altitudeFt>0</altitudeFt>
                </position>
                <position>
                    <lat>48.9972</lat>
                    <lon>2.5581</lon>
                    <date>2013-07-11T20:20:32+02:00</date>
                    <speedMph>4</speedMph>
                    <altitudeFt>0</altitudeFt>
                </position>
                <position>
                    <lat>48.9974</lat>
                    <lon>2.5581</lon>
                    <date>2013-07-11T20:20:27+02:00</date>
                    <speedMph>8</speedMph>
                    <altitudeFt>0</altitudeFt>
                </position>
                <position>
                    <lat>48.9975</lat>
                    <lon>2.5581</lon>
                    <date>2013-07-11T20:20:22+02:00</date>
                    <speedMph>8</speedMph>
                    <altitudeFt>0</altitudeFt>
                </position>
                <position>
                    <lat>48.9979</lat>
                    <lon>2.558</lon>
                    <date>2013-07-11T20:20:12+02:00</date>
                    <speedMph>8</speedMph>
                    <altitudeFt>0</altitudeFt>
                </position>
                <position>
                    <lat>48.9981</lat>
                    <lon>2.558</lon>
                    <date>2013-07-11T20:20:07+02:00</date>
                    <speedMph>8</speedMph>
                    <altitudeFt>0</altitudeFt>
                </position>
                <position>
                    <lat>48.9982</lat>
                    <lon>2.5578</lon>
                    <date>2013-07-11T20:20:02+02:00</date>
                    <speedMph>8</speedMph>
                    <altitudeFt>0</altitudeFt>
                </position>
                <position>
                    <lat>48.9983</lat>
                    <lon>2.5575</lon>
                    <date>2013-07-11T20:19:57+02:00</date>
                    <speedMph>12</speedMph>
                    <altitudeFt>0</altitudeFt>
                </position>
                <position>
                    <lat>48.9984</lat>
                    <lon>2.5572</lon>
                    <date>2013-07-11T20:19:52+02:00</date>
                    <speedMph>12</speedMph>
                    <altitudeFt>0</altitudeFt>
                </position>
                <position>
                    <lat>48.9984</lat>
                    <lon>2.5568</lon>
                    <date>2013-07-11T20:19:47+02:00</date>
                    <speedMph>12</speedMph>
                    <altitudeFt>0</altitudeFt>
                </position>
                <position>
                    <lat>48.9985</lat>
                    <lon>2.5564</lon>
                    <date>2013-07-11T20:19:42+02:00</date>
                    <speedMph>12</speedMph>
                    <altitudeFt>0</altitudeFt>
                </position>
                <position>
                    <lat>48.9995</lat>
                    <lon>2.5555</lon>
                    <date>2013-07-11T20:19:22+02:00</date>
                    <speedMph>12</speedMph>
                    <altitudeFt>0</altitudeFt>
                </position>
                <position>
                    <lat>48.9997</lat>
                    <lon>2.5555</lon>
                    <date>2013-07-11T20:19:17+02:00</date>
                    <speedMph>12</speedMph>
                    <altitudeFt>0</altitudeFt>
                </position>
                <position>
                    <lat>48.9998</lat>
                    <lon>2.5555</lon>
                    <date>2013-07-11T20:19:12+02:00</date>
                    <speedMph>12</speedMph>
                    <altitudeFt>0</altitudeFt>
                </position>
                <position>
                    <lat>49.0001</lat>
                    <lon>2.5557</lon>
                    <date>2013-07-11T20:19:07+02:00</date>
                    <speedMph>16</speedMph>
                    <altitudeFt>0</altitudeFt>
                </position>
                <position>
                    <lat>49.0004</lat>
                    <lon>2.5559</lon>
                    <date>2013-07-11T20:19:02+02:00</date>
                    <speedMph>12</speedMph>
                    <altitudeFt>0</altitudeFt>
                </position>
                <position>
                    <lat>49.0006</lat>
                    <lon>2.5561</lon>
                    <date>2013-07-11T20:18:57+02:00</date>
                    <speedMph>12</speedMph>
                    <altitudeFt>0</altitudeFt>
                </position>
                <position>
                    <lat>49.0009</lat>
                    <lon>2.5562</lon>
                    <date>2013-07-11T20:18:52+02:00</date>
                    <speedMph>12</speedMph>
                    <altitudeFt>0</altitudeFt>
                </position>
                <position>
                    <lat>49.0012</lat>
                    <lon>2.5561</lon>
                    <date>2013-07-11T20:18:47+02:00</date>
                    <speedMph>16</speedMph>
                    <altitudeFt>0</altitudeFt>
                </position>
                <position>
                    <lat>49.0015</lat>
                    <lon>2.556</lon>
                    <date>2013-07-11T20:18:42+02:00</date>
                    <speedMph>16</speedMph>
                    <altitudeFt>0</altitudeFt>
                </position>
                <position>
                    <lat>49.0019</lat>
                    <lon>2.5559</lon>
                    <date>2013-07-11T20:18:37+02:00</date>
                    <speedMph>20</speedMph>
                    <altitudeFt>0</altitudeFt>
                </position>
                <position>
                    <lat>49.0027</lat>
                    <lon>2.5555</lon>
                    <date>2013-07-11T20:18:27+02:00</date>
                    <speedMph>16</speedMph>
                    <altitudeFt>0</altitudeFt>
                </position>
                <position>
                    <lat>49.003</lat>
                    <lon>2.5553</lon>
                    <date>2013-07-11T20:18:22+02:00</date>
                    <speedMph>16</speedMph>
                    <altitudeFt>0</altitudeFt>
                </position>
                <position>
                    <lat>49.0034</lat>
                    <lon>2.5552</lon>
                    <date>2013-07-11T20:18:17+02:00</date>
                    <speedMph>16</speedMph>
                    <altitudeFt>0</altitudeFt>
                </position>
                <position>
                    <lat>49.0037</lat>
                    <lon>2.555</lon>
                    <date>2013-07-11T20:18:12+02:00</date>
                    <speedMph>16</speedMph>
                    <altitudeFt>0</altitudeFt>
                </position>
                <position>
                    <lat>49.0043</lat>
                    <lon>2.5548</lon>
                    <date>2013-07-11T20:18:02+02:00</date>
                    <speedMph>12</speedMph>
                    <altitudeFt>0</altitudeFt>
                </position>
                <position>
                    <lat>49.0045</lat>
                    <lon>2.5547</lon>
                    <date>2013-07-11T20:17:57+02:00</date>
                    <speedMph>12</speedMph>
                    <altitudeFt>0</altitudeFt>
                </position>
                <position>
                    <lat>49.0048</lat>
                    <lon>2.5547</lon>
                    <date>2013-07-11T20:17:52+02:00</date>
                    <speedMph>12</speedMph>
                    <altitudeFt>0</altitudeFt>
                </position>
                <position>
                    <lat>49.0051</lat>
                    <lon>2.5549</lon>
                    <date>2013-07-11T20:17:47+02:00</date>
                    <speedMph>16</speedMph>
                    <altitudeFt>0</altitudeFt>
                </position>
                <position>
                    <lat>49.0053</lat>
                    <lon>2.5552</lon>
                    <date>2013-07-11T20:17:42+02:00</date>
                    <speedMph>12</speedMph>
                    <altitudeFt>0</altitudeFt>
                </position>
                <position>
                    <lat>49.0055</lat>
                    <lon>2.5559</lon>
                    <date>2013-07-11T20:17:32+02:00</date>
                    <speedMph>12</speedMph>
                    <altitudeFt>0</altitudeFt>
                </position>
                <position>
                    <lat>49.0056</lat>
                    <lon>2.5564</lon>
                    <date>2013-07-11T20:17:27+02:00</date>
                    <speedMph>12</speedMph>
                    <altitudeFt>0</altitudeFt>
                </position>
                <position>
                    <lat>49.0056</lat>
                    <lon>2.557</lon>
                    <date>2013-07-11T20:17:22+02:00</date>
                    <speedMph>12</speedMph>
                    <altitudeFt>0</altitudeFt>
                </position>
                <position>
                    <lat>49.0056</lat>
                    <lon>2.5574</lon>
                    <date>2013-07-11T20:17:17+02:00</date>
                    <speedMph>12</speedMph>
                    <altitudeFt>0</altitudeFt>
                </position>
                <position>
                    <lat>49.0056</lat>
                    <lon>2.5577</lon>
                    <date>2013-07-11T20:17:12+02:00</date>
                    <speedMph>12</speedMph>
                    <altitudeFt>0</altitudeFt>
                </position>
                <position>
                    <lat>49.0057</lat>
                    <lon>2.5599</lon>
                    <date>2013-07-11T20:16:47+02:00</date>
                    <speedMph>16</speedMph>
                    <altitudeFt>0</altitudeFt>
                </position>
                <position>
                    <lat>49.0058</lat>
                    <lon>2.5605</lon>
                    <date>2013-07-11T20:16:42+02:00</date>
                    <speedMph>16</speedMph>
                    <altitudeFt>0</altitudeFt>
                </position>
                <position>
                    <lat>49.0061</lat>
                    <lon>2.5657</lon>
                    <date>2013-07-11T20:15:37+02:00</date>
                    <speedMph>4</speedMph>
                    <altitudeFt>0</altitudeFt>
                </position>
                <position>
                    <lat>49.0061</lat>
                    <lon>2.5662</lon>
                    <date>2013-07-11T20:13:47+02:00</date>
                    <speedMph>0</speedMph>
                    <altitudeFt>0</altitudeFt>
                </position>
                <position>
                    <lat>49.0061</lat>
                    <lon>2.5661</lon>
                    <date>2013-07-11T20:13:27+02:00</date>
                    <speedMph>0</speedMph>
                    <altitudeFt>0</altitudeFt>
                </position>
            </positions>
        </flightTrack>
    </flightTracks>
</flightstatslog>
