<?xml version="1.0" encoding="UTF-8" standalone="yes"?>
<flightstatslog>
    <appendix>
        <airports>
            <airport>
                <fs>AMS</fs>
                <latitude>52.308613</latitude>
                <longitude>4.763889</longitude>
                <city>Amsterdam</city>
            </airport>
            <airport>
                <fs>MUC</fs>
                <latitude>48.353783</latitude>
                <longitude>11.786086</longitude>
                <city>Munich</city>
            </airport>
        </airports>
    </appendix>
    <flightTracks>
        <flightTrack>
            <flightId>3953745</flightId>
            <departureAirportFsCode>AMS</departureAirportFsCode>
            <arrivalAirportFsCode>MUC</arrivalAirportFsCode>
            <positions>
                <position>
                    <lat>48.357</lat>
                    <lon>11.7997</lon>
                    <date>2013-07-11T20:41:37+02:00</date>
                    <speedMph>4</speedMph>
                    <altitudeFt>0</altitudeFt>
                </position>
                <position>
                    <lat>48.3573</lat>
                    <lon>11.8008</lon>
                    <date>2013-07-11T20:41:12+02:00</date>
                    <speedMph>8</speedMph>
                    <altitudeFt>0</altitudeFt>
                </position>
                <position>
                    <lat>48.3585</lat>
                    <lon>11.8</lon>
                    <date>2013-07-11T20:40:47+02:00</date>
                    <speedMph>16</speedMph>
                    <altitudeFt>0</altitudeFt>
                </position>
                <position>
                    <lat>48.3585</lat>
                    <lon>11.7994</lon>
                    <date>2013-07-11T20:40:37+02:00</date>
                    <speedMph>20</speedMph>
                    <altitudeFt>0</altitudeFt>
                </position>
                <position>
                    <lat>48.3584</lat>
                    <lon>11.7988</lon>
                    <date>2013-07-11T20:40:32+02:00</date>
                    <speedMph>20</speedMph>
                    <altitudeFt>0</altitudeFt>
                </position>
                <position>
                    <lat>48.3583</lat>
                    <lon>11.7957</lon>
                    <date>2013-07-11T20:40:12+02:00</date>
                    <speedMph>20</speedMph>
                    <altitudeFt>0</altitudeFt>
                </position>
                <position>
                    <lat>48.3585</lat>
                    <lon>11.7948</lon>
                    <date>2013-07-11T20:40:07+02:00</date>
                    <speedMph>20</speedMph>
                    <altitudeFt>0</altitudeFt>
                </position>
                <position>
                    <lat>48.3592</lat>
                    <lon>11.7936</lon>
                    <date>2013-07-11T20:39:52+02:00</date>
                    <speedMph>20</speedMph>
                    <altitudeFt>0</altitudeFt>
                </position>
                <position>
                    <lat>48.3595</lat>
                    <lon>11.7934</lon>
                    <date>2013-07-11T20:39:47+02:00</date>
                    <speedMph>20</speedMph>
                    <altitudeFt>0</altitudeFt>
                </position>
                <position>
                    <lat>48.362</lat>
                    <lon>11.793</lon>
                    <date>2013-07-11T20:39:27+02:00</date>
                    <speedMph>24</speedMph>
                    <altitudeFt>0</altitudeFt>
                </position>
                <position>
                    <lat>48.3623</lat>
                    <lon>11.7931</lon>
                    <date>2013-07-11T20:39:22+02:00</date>
                    <speedMph>24</speedMph>
                    <altitudeFt>0</altitudeFt>
                </position>
                <position>
                    <lat>48.3628</lat>
                    <lon>11.7936</lon>
                    <date>2013-07-11T20:39:12+02:00</date>
                    <speedMph>28</speedMph>
                    <altitudeFt>0</altitudeFt>
                </position>
                <position>
                    <lat>48.3632</lat>
                    <lon>11.7944</lon>
                    <date>2013-07-11T20:39:07+02:00</date>
                    <speedMph>36</speedMph>
                    <altitudeFt>0</altitudeFt>
                </position>
                <position>
                    <lat>48.3654</lat>
                    <lon>11.8017</lon>
                    <date>2013-07-11T20:38:47+02:00</date>
                    <speedMph>64</speedMph>
                    <altitudeFt>1300</altitudeFt>
                </position>
                <position>
                    <lat>48.3655</lat>
                    <lon>11.8034</lon>
                    <date>2013-07-11T20:38:42+02:00</date>
                    <speedMph>72</speedMph>
                    <altitudeFt>1280</altitudeFt>
                </position>
                <position>
                    <lat>48.3658</lat>
                    <lon>11.8068</lon>
                    <date>2013-07-11T20:38:32+02:00</date>
                    <speedMph>96</speedMph>
                    <altitudeFt>1280</altitudeFt>
                </position>
                <position>
                    <lat>48.3663</lat>
                    <lon>11.8135</lon>
                    <date>2013-07-11T20:38:27+02:00</date>
                    <speedMph>124</speedMph>
                    <altitudeFt>1280</altitudeFt>
                </position>
                <position>
                    <lat>48.3666</lat>
                    <lon>11.8177</lon>
                    <date>2013-07-11T20:38:22+02:00</date>
                    <speedMph>128</speedMph>
                    <altitudeFt>1280</altitudeFt>
                </position>
                <position>
                    <lat>48.367</lat>
                    <lon>11.8223</lon>
                    <date>2013-07-11T20:38:17+02:00</date>
                    <speedMph>132</speedMph>
                    <altitudeFt>1330</altitudeFt>
                </position>
                <position>
                    <lat>48.3674</lat>
                    <lon>11.8271</lon>
                    <date>2013-07-11T20:38:07+02:00</date>
                    <speedMph>132</speedMph>
                    <altitudeFt>1400</altitudeFt>
                </position>
                <position>
                    <lat>48.3676</lat>
                    <lon>11.8307</lon>
                    <date>2013-07-11T20:38:02+02:00</date>
                    <speedMph>132</speedMph>
                    <altitudeFt>1450</altitudeFt>
                </position>
                <position>
                    <lat>48.3683</lat>
                    <lon>11.8397</lon>
                    <date>2013-07-11T20:37:57+02:00</date>
                    <speedMph>132</speedMph>
                    <altitudeFt>1550</altitudeFt>
                </position>
                <position>
                    <lat>48.3687</lat>
                    <lon>11.8449</lon>
                    <date>2013-07-11T20:37:47+02:00</date>
                    <speedMph>132</speedMph>
                    <altitudeFt>1630</altitudeFt>
                </position>
                <position>
                    <lat>48.3694</lat>
                    <lon>11.8536</lon>
                    <date>2013-07-11T20:37:37+02:00</date>
                    <speedMph>132</speedMph>
                    <altitudeFt>1730</altitudeFt>
                </position>
                <position>
                    <lat>48.3701</lat>
                    <lon>11.8631</lon>
                    <date>2013-07-11T20:37:32+02:00</date>
                    <speedMph>132</speedMph>
                    <altitudeFt>1850</altitudeFt>
                </position>
                <position>
                    <lat>48.3705</lat>
                    <lon>11.8693</lon>
                    <date>2013-07-11T20:37:27+02:00</date>
                    <speedMph>132</speedMph>
                    <altitudeFt>1930</altitudeFt>
                </position>
                <position>
                    <lat>48.3708</lat>
                    <lon>11.8732</lon>
                    <date>2013-07-11T20:37:17+02:00</date>
                    <speedMph>132</speedMph>
                    <altitudeFt>1980</altitudeFt>
                </position>
                <position>
                    <lat>48.3715</lat>
                    <lon>11.8816</lon>
                    <date>2013-07-11T20:37:12+02:00</date>
                    <speedMph>132</speedMph>
                    <altitudeFt>2080</altitudeFt>
                </position>
                <position>
                    <lat>48.3718</lat>
                    <lon>11.8862</lon>
                    <date>2013-07-11T20:37:02+02:00</date>
                    <speedMph>132</speedMph>
                    <altitudeFt>2150</altitudeFt>
                </position>
                <position>
                    <lat>48.3722</lat>
                    <lon>11.8912</lon>
                    <date>2013-07-11T20:36:57+02:00</date>
                    <speedMph>132</speedMph>
                    <altitudeFt>2200</altitudeFt>
                </position>
                <position>
                    <lat>48.3728</lat>
                    <lon>11.8995</lon>
                    <date>2013-07-11T20:36:52+02:00</date>
                    <speedMph>132</speedMph>
                    <altitudeFt>2300</altitudeFt>
                </position>
                <position>
                    <lat>48.3735</lat>
                    <lon>11.9092</lon>
                    <date>2013-07-11T20:36:37+02:00</date>
                    <speedMph>132</speedMph>
                    <altitudeFt>2430</altitudeFt>
                </position>
                <position>
                    <lat>48.3739</lat>
                    <lon>11.9138</lon>
                    <date>2013-07-11T20:36:32+02:00</date>
                    <speedMph>136</speedMph>
                    <altitudeFt>2480</altitudeFt>
                </position>
                <position>
                    <lat>48.3743</lat>
                    <lon>11.9184</lon>
                    <date>2013-07-11T20:36:27+02:00</date>
                    <speedMph>136</speedMph>
                    <altitudeFt>2550</altitudeFt>
                </position>
                <position>
                    <lat>48.3755</lat>
                    <lon>11.9338</lon>
                    <date>2013-07-11T20:36:17+02:00</date>
                    <speedMph>152</speedMph>
                    <altitudeFt>2730</altitudeFt>
                </position>
                <position>
                    <lat>48.3758</lat>
                    <lon>11.9383</lon>
                    <date>2013-07-11T20:36:07+02:00</date>
                    <speedMph>152</speedMph>
                    <altitudeFt>2780</altitudeFt>
                </position>
                <position>
                    <lat>48.3762</lat>
                    <lon>11.9437</lon>
                    <date>2013-07-11T20:36:02+02:00</date>
                    <speedMph>156</speedMph>
                    <altitudeFt>2850</altitudeFt>
                </position>
                <position>
                    <lat>48.377</lat>
                    <lon>11.9544</lon>
                    <date>2013-07-11T20:35:57+02:00</date>
                    <speedMph>160</speedMph>
                    <altitudeFt>3000</altitudeFt>
                </position>
                <position>
                    <lat>48.3775</lat>
                    <lon>11.9604</lon>
                    <date>2013-07-11T20:35:47+02:00</date>
                    <speedMph>160</speedMph>
                    <altitudeFt>3080</altitudeFt>
                </position>
                <position>
                    <lat>48.3783</lat>
                    <lon>11.9703</lon>
                    <date>2013-07-11T20:35:42+02:00</date>
                    <speedMph>160</speedMph>
                    <altitudeFt>3230</altitudeFt>
                </position>
                <position>
                    <lat>48.3787</lat>
                    <lon>11.9756</lon>
                    <date>2013-07-11T20:35:37+02:00</date>
                    <speedMph>160</speedMph>
                    <altitudeFt>3300</altitudeFt>
                </position>
                <position>
                    <lat>48.3791</lat>
                    <lon>11.9819</lon>
                    <date>2013-07-11T20:35:27+02:00</date>
                    <speedMph>160</speedMph>
                    <altitudeFt>3380</altitudeFt>
                </position>
                <position>
                    <lat>48.3796</lat>
                    <lon>11.9879</lon>
                    <date>2013-07-11T20:35:22+02:00</date>
                    <speedMph>160</speedMph>
                    <altitudeFt>3430</altitudeFt>
                </position>
                <position>
                    <lat>48.3805</lat>
                    <lon>11.9995</lon>
                    <date>2013-07-11T20:35:17+02:00</date>
                    <speedMph>160</speedMph>
                    <altitudeFt>3550</altitudeFt>
                </position>
                <position>
                    <lat>48.381</lat>
                    <lon>12.0059</lon>
                    <date>2013-07-11T20:35:12+02:00</date>
                    <speedMph>160</speedMph>
                    <altitudeFt>3650</altitudeFt>
                </position>
                <position>
                    <lat>48.3813</lat>
                    <lon>12.0102</lon>
                    <date>2013-07-11T20:35:07+02:00</date>
                    <speedMph>160</speedMph>
                    <altitudeFt>3700</altitudeFt>
                </position>
                <position>
                    <lat>48.3821</lat>
                    <lon>12.0213</lon>
                    <date>2013-07-11T20:34:57+02:00</date>
                    <speedMph>164</speedMph>
                    <altitudeFt>3780</altitudeFt>
                </position>
                <position>
                    <lat>48.3825</lat>
                    <lon>12.0257</lon>
                    <date>2013-07-11T20:34:47+02:00</date>
                    <speedMph>164</speedMph>
                    <altitudeFt>3800</altitudeFt>
                </position>
                <position>
                    <lat>48.3833</lat>
                    <lon>12.0376</lon>
                    <date>2013-07-11T20:34:37+02:00</date>
                    <speedMph>180</speedMph>
                    <altitudeFt>3800</altitudeFt>
                </position>
                <position>
                    <lat>48.3838</lat>
                    <lon>12.0437</lon>
                    <date>2013-07-11T20:34:32+02:00</date>
                    <speedMph>184</speedMph>
                    <altitudeFt>3830</altitudeFt>
                </position>
                <position>
                    <lat>48.3847</lat>
                    <lon>12.0555</lon>
                    <date>2013-07-11T20:34:27+02:00</date>
                    <speedMph>192</speedMph>
                    <altitudeFt>3830</altitudeFt>
                </position>
                <position>
                    <lat>48.3854</lat>
                    <lon>12.064</lon>
                    <date>2013-07-11T20:34:22+02:00</date>
                    <speedMph>192</speedMph>
                    <altitudeFt>3830</altitudeFt>
                </position>
                <position>
                    <lat>48.3863</lat>
                    <lon>12.0769</lon>
                    <date>2013-07-11T20:34:07+02:00</date>
                    <speedMph>200</speedMph>
                    <altitudeFt>3850</altitudeFt>
                </position>
                <position>
                    <lat>48.3875</lat>
                    <lon>12.091</lon>
                    <date>2013-07-11T20:34:02+02:00</date>
                    <speedMph>212</speedMph>
                    <altitudeFt>3830</altitudeFt>
                </position>
                <position>
                    <lat>48.3882</lat>
                    <lon>12.1003</lon>
                    <date>2013-07-11T20:33:57+02:00</date>
                    <speedMph>220</speedMph>
                    <altitudeFt>3830</altitudeFt>
                </position>
                <position>
                    <lat>48.3888</lat>
                    <lon>12.1066</lon>
                    <date>2013-07-11T20:33:47+02:00</date>
                    <speedMph>224</speedMph>
                    <altitudeFt>3830</altitudeFt>
                </position>
                <position>
                    <lat>48.39</lat>
                    <lon>12.1214</lon>
                    <date>2013-07-11T20:33:42+02:00</date>
                    <speedMph>236</speedMph>
                    <altitudeFt>3830</altitudeFt>
                </position>
                <position>
                    <lat>48.3908</lat>
                    <lon>12.1298</lon>
                    <date>2013-07-11T20:33:32+02:00</date>
                    <speedMph>232</speedMph>
                    <altitudeFt>3830</altitudeFt>
                </position>
                <position>
                    <lat>48.3915</lat>
                    <lon>12.1387</lon>
                    <date>2013-07-11T20:33:27+02:00</date>
                    <speedMph>232</speedMph>
                    <altitudeFt>3830</altitudeFt>
                </position>
                <position>
                    <lat>48.3925</lat>
                    <lon>12.1555</lon>
                    <date>2013-07-11T20:33:22+02:00</date>
                    <speedMph>236</speedMph>
                    <altitudeFt>3830</altitudeFt>
                </position>
                <position>
                    <lat>48.3926</lat>
                    <lon>12.1612</lon>
                    <date>2013-07-11T20:33:17+02:00</date>
                    <speedMph>236</speedMph>
                    <altitudeFt>3830</altitudeFt>
                </position>
                <position>
                    <lat>48.3927</lat>
                    <lon>12.1692</lon>
                    <date>2013-07-11T20:33:07+02:00</date>
                    <speedMph>236</speedMph>
                    <altitudeFt>3830</altitudeFt>
                </position>
                <position>
                    <lat>48.3933</lat>
                    <lon>12.1858</lon>
                    <date>2013-07-11T20:33:02+02:00</date>
                    <speedMph>236</speedMph>
                    <altitudeFt>3850</altitudeFt>
                </position>
                <position>
                    <lat>48.3947</lat>
                    <lon>12.1945</lon>
                    <date>2013-07-11T20:32:57+02:00</date>
                    <speedMph>236</speedMph>
                    <altitudeFt>3830</altitudeFt>
                </position>
                <position>
                    <lat>48.3971</lat>
                    <lon>12.2016</lon>
                    <date>2013-07-11T20:32:52+02:00</date>
                    <speedMph>236</speedMph>
                    <altitudeFt>3830</altitudeFt>
                </position>
                <position>
                    <lat>48.4007</lat>
                    <lon>12.2084</lon>
                    <date>2013-07-11T20:32:47+02:00</date>
                    <speedMph>236</speedMph>
                    <altitudeFt>3830</altitudeFt>
                </position>
                <position>
                    <lat>48.4041</lat>
                    <lon>12.2144</lon>
                    <date>2013-07-11T20:32:42+02:00</date>
                    <speedMph>236</speedMph>
                    <altitudeFt>3830</altitudeFt>
                </position>
                <position>
                    <lat>48.4082</lat>
                    <lon>12.2216</lon>
                    <date>2013-07-11T20:32:32+02:00</date>
                    <speedMph>240</speedMph>
                    <altitudeFt>3900</altitudeFt>
                </position>
                <position>
                    <lat>48.4118</lat>
                    <lon>12.2276</lon>
                    <date>2013-07-11T20:32:27+02:00</date>
                    <speedMph>244</speedMph>
                    <altitudeFt>3980</altitudeFt>
                </position>
                <position>
                    <lat>48.4155</lat>
                    <lon>12.2337</lon>
                    <date>2013-07-11T20:32:22+02:00</date>
                    <speedMph>236</speedMph>
                    <altitudeFt>4050</altitudeFt>
                </position>
                <position>
                    <lat>48.4406</lat>
                    <lon>12.2498</lon>
                    <date>2013-07-11T20:32:02+02:00</date>
                    <speedMph>248</speedMph>
                    <altitudeFt>4480</altitudeFt>
                </position>
                <position>
                    <lat>48.4467</lat>
                    <lon>12.2485</lon>
                    <date>2013-07-11T20:31:57+02:00</date>
                    <speedMph>248</speedMph>
                    <altitudeFt>4580</altitudeFt>
                </position>
                <position>
                    <lat>48.4517</lat>
                    <lon>12.2472</lon>
                    <date>2013-07-11T20:31:52+02:00</date>
                    <speedMph>248</speedMph>
                    <altitudeFt>4650</altitudeFt>
                </position>
                <position>
                    <lat>48.4576</lat>
                    <lon>12.2452</lon>
                    <date>2013-07-11T20:31:47+02:00</date>
                    <speedMph>240</speedMph>
                    <altitudeFt>4750</altitudeFt>
                </position>
                <position>
                    <lat>48.4633</lat>
                    <lon>12.2421</lon>
                    <date>2013-07-11T20:31:42+02:00</date>
                    <speedMph>240</speedMph>
                    <altitudeFt>4830</altitudeFt>
                </position>
                <position>
                    <lat>48.4691</lat>
                    <lon>12.2367</lon>
                    <date>2013-07-11T20:31:37+02:00</date>
                    <speedMph>248</speedMph>
                    <altitudeFt>4930</altitudeFt>
                </position>
                <position>
                    <lat>48.472</lat>
                    <lon>12.2327</lon>
                    <date>2013-07-11T20:31:32+02:00</date>
                    <speedMph>244</speedMph>
                    <altitudeFt>4980</altitudeFt>
                </position>
                <position>
                    <lat>48.4805</lat>
                    <lon>12.2018</lon>
                    <date>2013-07-11T20:31:17+02:00</date>
                    <speedMph>244</speedMph>
                    <altitudeFt>5300</altitudeFt>
                </position>
                <position>
                    <lat>48.4801</lat>
                    <lon>12.1925</lon>
                    <date>2013-07-11T20:31:07+02:00</date>
                    <speedMph>244</speedMph>
                    <altitudeFt>5400</altitudeFt>
                </position>
                <position>
                    <lat>48.4794</lat>
                    <lon>12.1823</lon>
                    <date>2013-07-11T20:30:57+02:00</date>
                    <speedMph>244</speedMph>
                    <altitudeFt>5500</altitudeFt>
                </position>
                <position>
                    <lat>48.4777</lat>
                    <lon>12.1601</lon>
                    <date>2013-07-11T20:30:47+02:00</date>
                    <speedMph>248</speedMph>
                    <altitudeFt>5730</altitudeFt>
                </position>
                <position>
                    <lat>48.4769</lat>
                    <lon>12.1503</lon>
                    <date>2013-07-11T20:30:37+02:00</date>
                    <speedMph>248</speedMph>
                    <altitudeFt>5800</altitudeFt>
                </position>
                <position>
                    <lat>48.4752</lat>
                    <lon>12.1251</lon>
                    <date>2013-07-11T20:30:27+02:00</date>
                    <speedMph>248</speedMph>
                    <altitudeFt>5830</altitudeFt>
                </position>
                <position>
                    <lat>48.4745</lat>
                    <lon>12.1158</lon>
                    <date>2013-07-11T20:30:17+02:00</date>
                    <speedMph>248</speedMph>
                    <altitudeFt>5830</altitudeFt>
                </position>
                <position>
                    <lat>48.4724</lat>
                    <lon>12.0899</lon>
                    <date>2013-07-11T20:30:07+02:00</date>
                    <speedMph>248</speedMph>
                    <altitudeFt>5950</altitudeFt>
                </position>
                <position>
                    <lat>48.4712</lat>
                    <lon>12.0727</lon>
                    <date>2013-07-11T20:29:57+02:00</date>
                    <speedMph>248</speedMph>
                    <altitudeFt>6130</altitudeFt>
                </position>
                <position>
                    <lat>48.4705</lat>
                    <lon>12.0633</lon>
                    <date>2013-07-11T20:29:47+02:00</date>
                    <speedMph>248</speedMph>
                    <altitudeFt>6200</altitudeFt>
                </position>
                <position>
                    <lat>48.4688</lat>
                    <lon>12.0388</lon>
                    <date>2013-07-11T20:29:37+02:00</date>
                    <speedMph>252</speedMph>
                    <altitudeFt>6450</altitudeFt>
                </position>
                <position>
                    <lat>48.4673</lat>
                    <lon>12.0209</lon>
                    <date>2013-07-11T20:29:27+02:00</date>
                    <speedMph>252</speedMph>
                    <altitudeFt>6630</altitudeFt>
                </position>
                <position>
                    <lat>48.4667</lat>
                    <lon>12.0129</lon>
                    <date>2013-07-11T20:29:17+02:00</date>
                    <speedMph>252</speedMph>
                    <altitudeFt>6700</altitudeFt>
                </position>
                <position>
                    <lat>48.4654</lat>
                    <lon>11.9945</lon>
                    <date>2013-07-11T20:29:07+02:00</date>
                    <speedMph>256</speedMph>
                    <altitudeFt>6880</altitudeFt>
                </position>
                <position>
                    <lat>48.4632</lat>
                    <lon>11.9684</lon>
                    <date>2013-07-11T20:28:57+02:00</date>
                    <speedMph>256</speedMph>
                    <altitudeFt>7130</altitudeFt>
                </position>
                <position>
                    <lat>48.4619</lat>
                    <lon>11.95</lon>
                    <date>2013-07-11T20:28:47+02:00</date>
                    <speedMph>260</speedMph>
                    <altitudeFt>7300</altitudeFt>
                </position>
                <position>
                    <lat>48.4605</lat>
                    <lon>11.9309</lon>
                    <date>2013-07-11T20:28:37+02:00</date>
                    <speedMph>264</speedMph>
                    <altitudeFt>7450</altitudeFt>
                </position>
                <position>
                    <lat>48.4598</lat>
                    <lon>11.9219</lon>
                    <date>2013-07-11T20:28:27+02:00</date>
                    <speedMph>264</speedMph>
                    <altitudeFt>7550</altitudeFt>
                </position>
                <position>
                    <lat>48.4585</lat>
                    <lon>11.9042</lon>
                    <date>2013-07-11T20:28:17+02:00</date>
                    <speedMph>264</speedMph>
                    <altitudeFt>7700</altitudeFt>
                </position>
                <position>
                    <lat>48.4565</lat>
                    <lon>11.8781</lon>
                    <date>2013-07-11T20:28:07+02:00</date>
                    <speedMph>264</speedMph>
                    <altitudeFt>7950</altitudeFt>
                </position>
                <position>
                    <lat>48.4557</lat>
                    <lon>11.867</lon>
                    <date>2013-07-11T20:27:57+02:00</date>
                    <speedMph>264</speedMph>
                    <altitudeFt>8050</altitudeFt>
                </position>
                <position>
                    <lat>48.4535</lat>
                    <lon>11.8388</lon>
                    <date>2013-07-11T20:27:47+02:00</date>
                    <speedMph>268</speedMph>
                    <altitudeFt>8350</altitudeFt>
                </position>
                <position>
                    <lat>48.4522</lat>
                    <lon>11.8214</lon>
                    <date>2013-07-11T20:27:37+02:00</date>
                    <speedMph>268</speedMph>
                    <altitudeFt>8600</altitudeFt>
                </position>
                <position>
                    <lat>48.4507</lat>
                    <lon>11.8025</lon>
                    <date>2013-07-11T20:27:27+02:00</date>
                    <speedMph>268</speedMph>
                    <altitudeFt>8850</altitudeFt>
                </position>
                <position>
                    <lat>48.4494</lat>
                    <lon>11.7853</lon>
                    <date>2013-07-11T20:27:17+02:00</date>
                    <speedMph>264</speedMph>
                    <altitudeFt>9000</altitudeFt>
                </position>
                <position>
                    <lat>48.448</lat>
                    <lon>11.767</lon>
                    <date>2013-07-11T20:27:07+02:00</date>
                    <speedMph>264</speedMph>
                    <altitudeFt>9000</altitudeFt>
                </position>
                <position>
                    <lat>48.4473</lat>
                    <lon>11.758</lon>
                    <date>2013-07-11T20:26:57+02:00</date>
                    <speedMph>264</speedMph>
                    <altitudeFt>9000</altitudeFt>
                </position>
                <position>
                    <lat>48.4451</lat>
                    <lon>11.7296</lon>
                    <date>2013-07-11T20:26:47+02:00</date>
                    <speedMph>264</speedMph>
                    <altitudeFt>9000</altitudeFt>
                </position>
                <position>
                    <lat>48.4445</lat>
                    <lon>11.7213</lon>
                    <date>2013-07-11T20:26:37+02:00</date>
                    <speedMph>264</speedMph>
                    <altitudeFt>9000</altitudeFt>
                </position>
                <position>
                    <lat>48.4423</lat>
                    <lon>11.693</lon>
                    <date>2013-07-11T20:26:27+02:00</date>
                    <speedMph>264</speedMph>
                    <altitudeFt>9000</altitudeFt>
                </position>
                <position>
                    <lat>48.4415</lat>
                    <lon>11.6836</lon>
                    <date>2013-07-11T20:26:17+02:00</date>
                    <speedMph>264</speedMph>
                    <altitudeFt>9000</altitudeFt>
                </position>
                <position>
                    <lat>48.4395</lat>
                    <lon>11.6569</lon>
                    <date>2013-07-11T20:26:07+02:00</date>
                    <speedMph>264</speedMph>
                    <altitudeFt>9200</altitudeFt>
                </position>
                <position>
                    <lat>48.438</lat>
                    <lon>11.6389</lon>
                    <date>2013-07-11T20:25:57+02:00</date>
                    <speedMph>268</speedMph>
                    <altitudeFt>9350</altitudeFt>
                </position>
                <position>
                    <lat>48.4374</lat>
                    <lon>11.6302</lon>
                    <date>2013-07-11T20:25:47+02:00</date>
                    <speedMph>268</speedMph>
                    <altitudeFt>9430</altitudeFt>
                </position>
                <position>
                    <lat>48.4351</lat>
                    <lon>11.6016</lon>
                    <date>2013-07-11T20:25:37+02:00</date>
                    <speedMph>268</speedMph>
                    <altitudeFt>9680</altitudeFt>
                </position>
                <position>
                    <lat>48.4336</lat>
                    <lon>11.5825</lon>
                    <date>2013-07-11T20:25:27+02:00</date>
                    <speedMph>268</speedMph>
                    <altitudeFt>9850</altitudeFt>
                </position>
                <position>
                    <lat>48.4329</lat>
                    <lon>11.5731</lon>
                    <date>2013-07-11T20:25:17+02:00</date>
                    <speedMph>268</speedMph>
                    <altitudeFt>9950</altitudeFt>
                </position>
                <position>
                    <lat>48.4299</lat>
                    <lon>11.536</lon>
                    <date>2013-07-11T20:24:57+02:00</date>
                    <speedMph>268</speedMph>
                    <altitudeFt>10280</altitudeFt>
                </position>
                <position>
                    <lat>48.4257</lat>
                    <lon>11.4815</lon>
                    <date>2013-07-11T20:24:27+02:00</date>
                    <speedMph>272</speedMph>
                    <altitudeFt>10780</altitudeFt>
                </position>
                <position>
                    <lat>48.4176</lat>
                    <lon>11.3756</lon>
                    <date>2013-07-11T20:23:57+02:00</date>
                    <speedMph>308</speedMph>
                    <altitudeFt>11450</altitudeFt>
                </position>
                <position>
                    <lat>48.4199</lat>
                    <lon>11.3465</lon>
                    <date>2013-07-11T20:23:27+02:00</date>
                    <speedMph>316</speedMph>
                    <altitudeFt>11680</altitudeFt>
                </position>
                <position>
                    <lat>48.4501</lat>
                    <lon>11.2822</lon>
                    <date>2013-07-11T20:22:57+02:00</date>
                    <speedMph>320</speedMph>
                    <altitudeFt>12300</altitudeFt>
                </position>
                <position>
                    <lat>48.4866</lat>
                    <lon>11.233</lon>
                    <date>2013-07-11T20:22:27+02:00</date>
                    <speedMph>328</speedMph>
                    <altitudeFt>13080</altitudeFt>
                </position>
                <position>
                    <lat>48.5127</lat>
                    <lon>11.1978</lon>
                    <date>2013-07-11T20:21:57+02:00</date>
                    <speedMph>336</speedMph>
                    <altitudeFt>13630</altitudeFt>
                </position>
                <position>
                    <lat>48.5497</lat>
                    <lon>11.1478</lon>
                    <date>2013-07-11T20:21:27+02:00</date>
                    <speedMph>340</speedMph>
                    <altitudeFt>14400</altitudeFt>
                </position>
                <position>
                    <lat>48.5777</lat>
                    <lon>11.1098</lon>
                    <date>2013-07-11T20:20:57+02:00</date>
                    <speedMph>340</speedMph>
                    <altitudeFt>14880</altitudeFt>
                </position>
                <position>
                    <lat>48.6536</lat>
                    <lon>11.0066</lon>
                    <date>2013-07-11T20:19:57+02:00</date>
                    <speedMph>340</speedMph>
                    <altitudeFt>15000</altitudeFt>
                </position>
                <position>
                    <lat>48.7258</lat>
                    <lon>10.902</lon>
                    <date>2013-07-11T20:18:57+02:00</date>
                    <speedMph>0</speedMph>
                    <altitudeFt>15000</altitudeFt>
                </position>
                <position>
                    <lat>48.8839</lat>
                    <lon>10.6548</lon>
                    <date>2013-07-11T20:16:32+02:00</date>
                    <speedMph>368</speedMph>
                    <altitudeFt>19180</altitudeFt>
                </position>
                <position>
                    <lat>48.95</lat>
                    <lon>10.5475</lon>
                    <date>2013-07-11T20:15:32+02:00</date>
                    <speedMph>372</speedMph>
                    <altitudeFt>19550</altitudeFt>
                </position>
                <position>
                    <lat>49.0194</lat>
                    <lon>10.4369</lon>
                    <date>2013-07-11T20:14:32+02:00</date>
                    <speedMph>376</speedMph>
                    <altitudeFt>21200</altitudeFt>
                </position>
                <position>
                    <lat>49.1005</lat>
                    <lon>10.3072</lon>
                    <date>2013-07-11T20:13:32+02:00</date>
                    <speedMph>380</speedMph>
                    <altitudeFt>23100</altitudeFt>
                </position>
                <position>
                    <lat>49.1713</lat>
                    <lon>10.19</lon>
                    <date>2013-07-11T20:12:32+02:00</date>
                    <speedMph>392</speedMph>
                    <altitudeFt>24480</altitudeFt>
                </position>
                <position>
                    <lat>49.2675</lat>
                    <lon>10.0252</lon>
                    <date>2013-07-11T20:11:32+02:00</date>
                    <speedMph>408</speedMph>
                    <altitudeFt>25630</altitudeFt>
                </position>
                <position>
                    <lat>49.3337</lat>
                    <lon>9.9113</lon>
                    <date>2013-07-11T20:10:15+02:00</date>
                    <speedMph>444</speedMph>
                    <altitudeFt>26550</altitudeFt>
                </position>
                <position>
                    <lat>49.4156</lat>
                    <lon>9.7693</lon>
                    <date>2013-07-11T20:09:15+02:00</date>
                    <speedMph>496</speedMph>
                    <altitudeFt>27850</altitudeFt>
                </position>
                <position>
                    <lat>49.5111</lat>
                    <lon>9.6028</lon>
                    <date>2013-07-11T20:08:15+02:00</date>
                    <speedMph>500</speedMph>
                    <altitudeFt>30050</altitudeFt>
                </position>
                <position>
                    <lat>49.6022</lat>
                    <lon>9.4448</lon>
                    <date>2013-07-11T20:07:15+02:00</date>
                    <speedMph>492</speedMph>
                    <altitudeFt>32130</altitudeFt>
                </position>
                <position>
                    <lat>49.703</lat>
                    <lon>9.3124</lon>
                    <date>2013-07-11T20:06:15+02:00</date>
                    <speedMph>496</speedMph>
                    <altitudeFt>33000</altitudeFt>
                </position>
                <position>
                    <lat>49.8074</lat>
                    <lon>9.1853</lon>
                    <date>2013-07-11T20:05:15+02:00</date>
                    <speedMph>496</speedMph>
                    <altitudeFt>33000</altitudeFt>
                </position>
                <position>
                    <lat>49.9183</lat>
                    <lon>9.0497</lon>
                    <date>2013-07-11T20:04:15+02:00</date>
                    <speedMph>492</speedMph>
                    <altitudeFt>33030</altitudeFt>
                </position>
                <position>
                    <lat>50.0254</lat>
                    <lon>8.9177</lon>
                    <date>2013-07-11T20:03:15+02:00</date>
                    <speedMph>492</speedMph>
                    <altitudeFt>34130</altitudeFt>
                </position>
                <position>
                    <lat>50.1385</lat>
                    <lon>8.7776</lon>
                    <date>2013-07-11T20:02:15+02:00</date>
                    <speedMph>488</speedMph>
                    <altitudeFt>35280</altitudeFt>
                </position>
                <position>
                    <lat>50.2351</lat>
                    <lon>8.6572</lon>
                    <date>2013-07-11T20:01:15+02:00</date>
                    <speedMph>480</speedMph>
                    <altitudeFt>36280</altitudeFt>
                </position>
                <position>
                    <lat>50.3374</lat>
                    <lon>8.5291</lon>
                    <date>2013-07-11T20:00:15+02:00</date>
                    <speedMph>476</speedMph>
                    <altitudeFt>37000</altitudeFt>
                </position>
                <position>
                    <lat>50.4367</lat>
                    <lon>8.404</lon>
                    <date>2013-07-11T19:59:15+02:00</date>
                    <speedMph>476</speedMph>
                    <altitudeFt>37000</altitudeFt>
                </position>
                <position>
                    <lat>50.545</lat>
                    <lon>8.2668</lon>
                    <date>2013-07-11T19:58:15+02:00</date>
                    <speedMph>480</speedMph>
                    <altitudeFt>37000</altitudeFt>
                </position>
                <position>
                    <lat>50.6464</lat>
                    <lon>8.1373</lon>
                    <date>2013-07-11T19:57:15+02:00</date>
                    <speedMph>476</speedMph>
                    <altitudeFt>37000</altitudeFt>
                </position>
                <position>
                    <lat>50.7512</lat>
                    <lon>8.0029</lon>
                    <date>2013-07-11T19:56:15+02:00</date>
                    <speedMph>476</speedMph>
                    <altitudeFt>37000</altitudeFt>
                </position>
                <position>
                    <lat>50.8516</lat>
                    <lon>7.8735</lon>
                    <date>2013-07-11T19:55:15+02:00</date>
                    <speedMph>476</speedMph>
                    <altitudeFt>37000</altitudeFt>
                </position>
                <position>
                    <lat>50.9592</lat>
                    <lon>7.7326</lon>
                    <date>2013-07-11T19:54:15+02:00</date>
                    <speedMph>476</speedMph>
                    <altitudeFt>37000</altitudeFt>
                </position>
                <position>
                    <lat>51.0612</lat>
                    <lon>7.6065</lon>
                    <date>2013-07-11T19:53:15+02:00</date>
                    <speedMph>468</speedMph>
                    <altitudeFt>37000</altitudeFt>
                </position>
                <position>
                    <lat>51.168</lat>
                    <lon>7.4753</lon>
                    <date>2013-07-11T19:52:15+02:00</date>
                    <speedMph>468</speedMph>
                    <altitudeFt>37000</altitudeFt>
                </position>
                <position>
                    <lat>51.2636</lat>
                    <lon>7.3574</lon>
                    <date>2013-07-11T19:51:15+02:00</date>
                    <speedMph>452</speedMph>
                    <altitudeFt>36900</altitudeFt>
                </position>
                <position>
                    <lat>51.3633</lat>
                    <lon>7.2338</lon>
                    <date>2013-07-11T19:50:15+02:00</date>
                    <speedMph>456</speedMph>
                    <altitudeFt>35900</altitudeFt>
                </position>
                <position>
                    <lat>51.4564</lat>
                    <lon>7.1176</lon>
                    <date>2013-07-11T19:49:15+02:00</date>
                    <speedMph>464</speedMph>
                    <altitudeFt>34630</altitudeFt>
                </position>
                <position>
                    <lat>51.5676</lat>
                    <lon>6.9783</lon>
                    <date>2013-07-11T19:48:15+02:00</date>
                    <speedMph>468</speedMph>
                    <altitudeFt>33230</altitudeFt>
                </position>
                <position>
                    <lat>51.6497</lat>
                    <lon>6.8341</lon>
                    <date>2013-07-11T19:47:15+02:00</date>
                    <speedMph>464</speedMph>
                    <altitudeFt>31850</altitudeFt>
                </position>
                <position>
                    <lat>51.7257</lat>
                    <lon>6.6619</lon>
                    <date>2013-07-11T19:46:15+02:00</date>
                    <speedMph>456</speedMph>
                    <altitudeFt>30780</altitudeFt>
                </position>
                <position>
                    <lat>51.7994</lat>
                    <lon>6.495</lon>
                    <date>2013-07-11T19:45:15+02:00</date>
                    <speedMph>456</speedMph>
                    <altitudeFt>29130</altitudeFt>
                </position>
                <position>
                    <lat>51.8726</lat>
                    <lon>6.3272</lon>
                    <date>2013-07-11T19:44:15+02:00</date>
                    <speedMph>448</speedMph>
                    <altitudeFt>27680</altitudeFt>
                </position>
                <position>
                    <lat>51.9403</lat>
                    <lon>6.1711</lon>
                    <date>2013-07-11T19:43:15+02:00</date>
                    <speedMph>436</speedMph>
                    <altitudeFt>26180</altitudeFt>
                </position>
                <position>
                    <lat>52.0053</lat>
                    <lon>6.0204</lon>
                    <date>2013-07-11T19:42:15+02:00</date>
                    <speedMph>424</speedMph>
                    <altitudeFt>24480</altitudeFt>
                </position>
                <position>
                    <lat>52.0749</lat>
                    <lon>5.8585</lon>
                    <date>2013-07-11T19:41:15+02:00</date>
                    <speedMph>408</speedMph>
                    <altitudeFt>22400</altitudeFt>
                </position>
                <position>
                    <lat>52.1384</lat>
                    <lon>5.7091</lon>
                    <date>2013-07-11T19:40:15+02:00</date>
                    <speedMph>400</speedMph>
                    <altitudeFt>20630</altitudeFt>
                </position>
                <position>
                    <lat>52.2023</lat>
                    <lon>5.558</lon>
                    <date>2013-07-11T19:39:15+02:00</date>
                    <speedMph>388</speedMph>
                    <altitudeFt>18680</altitudeFt>
                </position>
                <position>
                    <lat>52.2662</lat>
                    <lon>5.4065</lon>
                    <date>2013-07-11T19:38:15+02:00</date>
                    <speedMph>376</speedMph>
                    <altitudeFt>16650</altitudeFt>
                </position>
                <position>
                    <lat>52.3172</lat>
                    <lon>5.2847</lon>
                    <date>2013-07-11T19:37:15+02:00</date>
                    <speedMph>364</speedMph>
                    <altitudeFt>14830</altitudeFt>
                </position>
                <position>
                    <lat>52.3461</lat>
                    <lon>5.2152</lon>
                    <date>2013-07-11T19:36:45+02:00</date>
                    <speedMph>356</speedMph>
                    <altitudeFt>13780</altitudeFt>
                </position>
                <position>
                    <lat>52.374</lat>
                    <lon>5.1484</lon>
                    <date>2013-07-11T19:36:15+02:00</date>
                    <speedMph>352</speedMph>
                    <altitudeFt>12600</altitudeFt>
                </position>
                <position>
                    <lat>52.3984</lat>
                    <lon>5.09</lon>
                    <date>2013-07-11T19:35:45+02:00</date>
                    <speedMph>340</speedMph>
                    <altitudeFt>11730</altitudeFt>
                </position>
                <position>
                    <lat>52.4264</lat>
                    <lon>5.0224</lon>
                    <date>2013-07-11T19:35:15+02:00</date>
                    <speedMph>320</speedMph>
                    <altitudeFt>10730</altitudeFt>
                </position>
                <position>
                    <lat>52.4484</lat>
                    <lon>4.9696</lon>
                    <date>2013-07-11T19:34:45+02:00</date>
                    <speedMph>304</speedMph>
                    <altitudeFt>9900</altitudeFt>
                </position>
                <position>
                    <lat>52.46</lat>
                    <lon>4.9481</lon>
                    <date>2013-07-11T19:34:35+02:00</date>
                    <speedMph>304</speedMph>
                    <altitudeFt>9350</altitudeFt>
                </position>
                <position>
                    <lat>52.4734</lat>
                    <lon>4.9281</lon>
                    <date>2013-07-11T19:34:25+02:00</date>
                    <speedMph>296</speedMph>
                    <altitudeFt>8780</altitudeFt>
                </position>
                <position>
                    <lat>52.4774</lat>
                    <lon>4.9191</lon>
                    <date>2013-07-11T19:34:15+02:00</date>
                    <speedMph>292</speedMph>
                    <altitudeFt>8530</altitudeFt>
                </position>
                <position>
                    <lat>52.4851</lat>
                    <lon>4.8749</lon>
                    <date>2013-07-11T19:33:55+02:00</date>
                    <speedMph>280</speedMph>
                    <altitudeFt>7500</altitudeFt>
                </position>
                <position>
                    <lat>52.4842</lat>
                    <lon>4.8537</lon>
                    <date>2013-07-11T19:33:45+02:00</date>
                    <speedMph>280</speedMph>
                    <altitudeFt>7030</altitudeFt>
                </position>
                <position>
                    <lat>52.483</lat>
                    <lon>4.8291</lon>
                    <date>2013-07-11T19:33:35+02:00</date>
                    <speedMph>272</speedMph>
                    <altitudeFt>6450</altitudeFt>
                </position>
                <position>
                    <lat>52.4822</lat>
                    <lon>4.8122</lon>
                    <date>2013-07-11T19:33:25+02:00</date>
                    <speedMph>272</speedMph>
                    <altitudeFt>6080</altitudeFt>
                </position>
                <position>
                    <lat>52.4794</lat>
                    <lon>4.7883</lon>
                    <date>2013-07-11T19:33:15+02:00</date>
                    <speedMph>264</speedMph>
                    <altitudeFt>5500</altitudeFt>
                </position>
                <position>
                    <lat>52.4746</lat>
                    <lon>4.7739</lon>
                    <date>2013-07-11T19:33:05+02:00</date>
                    <speedMph>260</speedMph>
                    <altitudeFt>5150</altitudeFt>
                </position>
                <position>
                    <lat>52.4621</lat>
                    <lon>4.7558</lon>
                    <date>2013-07-11T19:32:55+02:00</date>
                    <speedMph>248</speedMph>
                    <altitudeFt>4630</altitudeFt>
                </position>
                <position>
                    <lat>52.4587</lat>
                    <lon>4.7527</lon>
                    <date>2013-07-11T19:32:50+02:00</date>
                    <speedMph>244</speedMph>
                    <altitudeFt>4500</altitudeFt>
                </position>
                <position>
                    <lat>52.4541</lat>
                    <lon>4.7484</lon>
                    <date>2013-07-11T19:32:45+02:00</date>
                    <speedMph>240</speedMph>
                    <altitudeFt>4380</altitudeFt>
                </position>
                <position>
                    <lat>52.4503</lat>
                    <lon>4.745</lon>
                    <date>2013-07-11T19:32:40+02:00</date>
                    <speedMph>236</speedMph>
                    <altitudeFt>4250</altitudeFt>
                </position>
                <position>
                    <lat>52.4467</lat>
                    <lon>4.7416</lon>
                    <date>2013-07-11T19:32:35+02:00</date>
                    <speedMph>232</speedMph>
                    <altitudeFt>4150</altitudeFt>
                </position>
                <position>
                    <lat>52.4395</lat>
                    <lon>4.735</lon>
                    <date>2013-07-11T19:32:30+02:00</date>
                    <speedMph>224</speedMph>
                    <altitudeFt>3830</altitudeFt>
                </position>
                <position>
                    <lat>52.4286</lat>
                    <lon>4.7249</lon>
                    <date>2013-07-11T19:32:25+02:00</date>
                    <speedMph>212</speedMph>
                    <altitudeFt>3450</altitudeFt>
                </position>
                <position>
                    <lat>52.4222</lat>
                    <lon>4.7198</lon>
                    <date>2013-07-11T19:32:10+02:00</date>
                    <speedMph>200</speedMph>
                    <altitudeFt>3400</altitudeFt>
                </position>
                <position>
                    <lat>52.4153</lat>
                    <lon>4.7173</lon>
                    <date>2013-07-11T19:32:00+02:00</date>
                    <speedMph>180</speedMph>
                    <altitudeFt>3350</altitudeFt>
                </position>
                <position>
                    <lat>52.4118</lat>
                    <lon>4.7168</lon>
                    <date>2013-07-11T19:31:55+02:00</date>
                    <speedMph>172</speedMph>
                    <altitudeFt>3330</altitudeFt>
                </position>
                <position>
                    <lat>52.4057</lat>
                    <lon>4.7162</lon>
                    <date>2013-07-11T19:31:50+02:00</date>
                    <speedMph>156</speedMph>
                    <altitudeFt>3230</altitudeFt>
                </position>
                <position>
                    <lat>52.4014</lat>
                    <lon>4.7158</lon>
                    <date>2013-07-11T19:31:45+02:00</date>
                    <speedMph>148</speedMph>
                    <altitudeFt>3080</altitudeFt>
                </position>
                <position>
                    <lat>52.4003</lat>
                    <lon>4.7157</lon>
                    <date>2013-07-11T19:31:40+02:00</date>
                    <speedMph>148</speedMph>
                    <altitudeFt>3030</altitudeFt>
                </position>
                <position>
                    <lat>52.396</lat>
                    <lon>4.7152</lon>
                    <date>2013-07-11T19:31:35+02:00</date>
                    <speedMph>148</speedMph>
                    <altitudeFt>2800</altitudeFt>
                </position>
                <position>
                    <lat>52.3899</lat>
                    <lon>4.7146</lon>
                    <date>2013-07-11T19:31:30+02:00</date>
                    <speedMph>144</speedMph>
                    <altitudeFt>2430</altitudeFt>
                </position>
                <position>
                    <lat>52.3888</lat>
                    <lon>4.7144</lon>
                    <date>2013-07-11T19:31:25+02:00</date>
                    <speedMph>144</speedMph>
                    <altitudeFt>2380</altitudeFt>
                </position>
                <position>
                    <lat>52.3864</lat>
                    <lon>4.7141</lon>
                    <date>2013-07-11T19:31:20+02:00</date>
                    <speedMph>144</speedMph>
                    <altitudeFt>2230</altitudeFt>
                </position>
                <position>
                    <lat>52.3839</lat>
                    <lon>4.7137</lon>
                    <date>2013-07-11T19:31:15+02:00</date>
                    <speedMph>144</speedMph>
                    <altitudeFt>2080</altitudeFt>
                </position>
                <position>
                    <lat>52.378</lat>
                    <lon>4.7129</lon>
                    <date>2013-07-11T19:31:10+02:00</date>
                    <speedMph>140</speedMph>
                    <altitudeFt>1780</altitudeFt>
                </position>
                <position>
                    <lat>52.3749</lat>
                    <lon>4.7128</lon>
                    <date>2013-07-11T19:31:00+02:00</date>
                    <speedMph>140</speedMph>
                    <altitudeFt>1580</altitudeFt>
                </position>
                <position>
                    <lat>52.3722</lat>
                    <lon>4.7125</lon>
                    <date>2013-07-11T19:30:55+02:00</date>
                    <speedMph>140</speedMph>
                    <altitudeFt>1400</altitudeFt>
                </position>
                <position>
                    <lat>52.3647</lat>
                    <lon>4.712</lon>
                    <date>2013-07-11T19:30:50+02:00</date>
                    <speedMph>140</speedMph>
                    <altitudeFt>880</altitudeFt>
                </position>
                <position>
                    <lat>52.3638</lat>
                    <lon>4.7119</lon>
                    <date>2013-07-11T19:30:45+02:00</date>
                    <speedMph>140</speedMph>
                    <altitudeFt>800</altitudeFt>
                </position>
                <position>
                    <lat>52.3617</lat>
                    <lon>4.7118</lon>
                    <date>2013-07-11T19:30:40+02:00</date>
                    <speedMph>144</speedMph>
                    <altitudeFt>650</altitudeFt>
                </position>
                <position>
                    <lat>52.3587</lat>
                    <lon>4.7115</lon>
                    <date>2013-07-11T19:30:35+02:00</date>
                    <speedMph>144</speedMph>
                    <altitudeFt>400</altitudeFt>
                </position>
                <position>
                    <lat>52.3544</lat>
                    <lon>4.7112</lon>
                    <date>2013-07-11T19:30:30+02:00</date>
                    <speedMph>148</speedMph>
                    <altitudeFt>50</altitudeFt>
                </position>
                <position>
                    <lat>52.3492</lat>
                    <lon>4.7107</lon>
                    <date>2013-07-11T19:30:25+02:00</date>
                    <speedMph>116</speedMph>
                    <altitudeFt>0</altitudeFt>
                </position>
                <position>
                    <lat>52.3368</lat>
                    <lon>4.7095</lon>
                    <date>2013-07-11T19:30:05+02:00</date>
                    <speedMph>48</speedMph>
                    <altitudeFt>0</altitudeFt>
                </position>
                <position>
                    <lat>52.3352</lat>
                    <lon>4.7094</lon>
                    <date>2013-07-11T19:29:55+02:00</date>
                    <speedMph>36</speedMph>
                    <altitudeFt>0</altitudeFt>
                </position>
                <position>
                    <lat>52.3343</lat>
                    <lon>4.7094</lon>
                    <date>2013-07-11T19:28:55+02:00</date>
                    <speedMph>24</speedMph>
                    <altitudeFt>0</altitudeFt>
                </position>
                <position>
                    <lat>52.334</lat>
                    <lon>4.7095</lon>
                    <date>2013-07-11T19:28:50+02:00</date>
                    <speedMph>28</speedMph>
                    <altitudeFt>0</altitudeFt>
                </position>
                <position>
                    <lat>52.3339</lat>
                    <lon>4.7097</lon>
                    <date>2013-07-11T19:28:45+02:00</date>
                    <speedMph>36</speedMph>
                    <altitudeFt>0</altitudeFt>
                </position>
                <position>
                    <lat>52.3336</lat>
                    <lon>4.71</lon>
                    <date>2013-07-11T19:28:40+02:00</date>
                    <speedMph>16</speedMph>
                    <altitudeFt>0</altitudeFt>
                </position>
                <position>
                    <lat>52.333</lat>
                    <lon>4.7111</lon>
                    <date>2013-07-11T19:27:55+02:00</date>
                    <speedMph>0</speedMph>
                    <altitudeFt>0</altitudeFt>
                </position>
                <position>
                    <lat>52.333</lat>
                    <lon>4.7111</lon>
                    <date>2013-07-11T19:27:35+02:00</date>
                    <speedMph>0</speedMph>
                    <altitudeFt>0</altitudeFt>
                </position>
                <position>
                    <lat>52.333</lat>
                    <lon>4.7111</lon>
                    <date>2013-07-11T19:26:44+02:00</date>
                    <speedMph>0</speedMph>
                    <altitudeFt>0</altitudeFt>
                </position>
                <position>
                    <lat>52.333</lat>
                    <lon>4.7111</lon>
                    <date>2013-07-11T19:26:29+02:00</date>
                    <speedMph>0</speedMph>
                    <altitudeFt>0</altitudeFt>
                </position>
                <position>
                    <lat>52.333</lat>
                    <lon>4.7111</lon>
                    <date>2013-07-11T19:25:34+02:00</date>
                    <speedMph>4</speedMph>
                    <altitudeFt>0</altitudeFt>
                </position>
                <position>
                    <lat>52.333</lat>
                    <lon>4.7111</lon>
                    <date>2013-07-11T19:25:29+02:00</date>
                    <speedMph>12</speedMph>
                    <altitudeFt>0</altitudeFt>
                </position>
                <position>
                    <lat>52.3328</lat>
                    <lon>4.7116</lon>
                    <date>2013-07-11T19:25:24+02:00</date>
                    <speedMph>24</speedMph>
                    <altitudeFt>0</altitudeFt>
                </position>
                <position>
                    <lat>52.3326</lat>
                    <lon>4.7119</lon>
                    <date>2013-07-11T19:25:14+02:00</date>
                    <speedMph>24</speedMph>
                    <altitudeFt>0</altitudeFt>
                </position>
                <position>
                    <lat>52.3325</lat>
                    <lon>4.7121</lon>
                    <date>2013-07-11T19:25:09+02:00</date>
                    <speedMph>20</speedMph>
                    <altitudeFt>0</altitudeFt>
                </position>
                <position>
                    <lat>52.3324</lat>
                    <lon>4.7123</lon>
                    <date>2013-07-11T19:25:04+02:00</date>
                    <speedMph>20</speedMph>
                    <altitudeFt>0</altitudeFt>
                </position>
                <position>
                    <lat>52.3323</lat>
                    <lon>4.7124</lon>
                    <date>2013-07-11T19:24:59+02:00</date>
                    <speedMph>16</speedMph>
                    <altitudeFt>0</altitudeFt>
                </position>
                <position>
                    <lat>52.3322</lat>
                    <lon>4.7127</lon>
                    <date>2013-07-11T19:24:19+02:00</date>
                    <speedMph>4</speedMph>
                    <altitudeFt>0</altitudeFt>
                </position>
                <position>
                    <lat>52.3321</lat>
                    <lon>4.7127</lon>
                    <date>2013-07-11T19:24:14+02:00</date>
                    <speedMph>12</speedMph>
                    <altitudeFt>0</altitudeFt>
                </position>
                <position>
                    <lat>52.3321</lat>
                    <lon>4.7128</lon>
                    <date>2013-07-11T19:24:09+02:00</date>
                    <speedMph>12</speedMph>
                    <altitudeFt>0</altitudeFt>
                </position>
                <position>
                    <lat>52.332</lat>
                    <lon>4.713</lon>
                    <date>2013-07-11T19:24:04+02:00</date>
                    <speedMph>20</speedMph>
                    <altitudeFt>0</altitudeFt>
                </position>
                <position>
                    <lat>52.3319</lat>
                    <lon>4.7132</lon>
                    <date>2013-07-11T19:23:59+02:00</date>
                    <speedMph>24</speedMph>
                    <altitudeFt>0</altitudeFt>
                </position>
                <position>
                    <lat>52.3318</lat>
                    <lon>4.7134</lon>
                    <date>2013-07-11T19:23:54+02:00</date>
                    <speedMph>20</speedMph>
                    <altitudeFt>0</altitudeFt>
                </position>
                <position>
                    <lat>52.3316</lat>
                    <lon>4.7137</lon>
                    <date>2013-07-11T19:23:49+02:00</date>
                    <speedMph>20</speedMph>
                    <altitudeFt>0</altitudeFt>
                </position>
                <position>
                    <lat>52.3315</lat>
                    <lon>4.7139</lon>
                    <date>2013-07-11T19:23:44+02:00</date>
                    <speedMph>16</speedMph>
                    <altitudeFt>0</altitudeFt>
                </position>
                <position>
                    <lat>52.3315</lat>
                    <lon>4.714</lon>
                    <date>2013-07-11T19:23:39+02:00</date>
                    <speedMph>16</speedMph>
                    <altitudeFt>0</altitudeFt>
                </position>
                <position>
                    <lat>52.3314</lat>
                    <lon>4.7142</lon>
                    <date>2013-07-11T19:23:34+02:00</date>
                    <speedMph>16</speedMph>
                    <altitudeFt>0</altitudeFt>
                </position>
                <position>
                    <lat>52.3315</lat>
                    <lon>4.7159</lon>
                    <date>2013-07-11T19:23:14+02:00</date>
                    <speedMph>16</speedMph>
                    <altitudeFt>0</altitudeFt>
                </position>
                <position>
                    <lat>52.3315</lat>
                    <lon>4.7164</lon>
                    <date>2013-07-11T19:23:09+02:00</date>
                    <speedMph>16</speedMph>
                    <altitudeFt>0</altitudeFt>
                </position>
                <position>
                    <lat>52.3313</lat>
                    <lon>4.7168</lon>
                    <date>2013-07-11T19:23:04+02:00</date>
                    <speedMph>20</speedMph>
                    <altitudeFt>0</altitudeFt>
                </position>
                <position>
                    <lat>52.3311</lat>
                    <lon>4.7173</lon>
                    <date>2013-07-11T19:22:59+02:00</date>
                    <speedMph>20</speedMph>
                    <altitudeFt>0</altitudeFt>
                </position>
                <position>
                    <lat>52.3305</lat>
                    <lon>4.7183</lon>
                    <date>2013-07-11T19:22:54+02:00</date>
                    <speedMph>20</speedMph>
                    <altitudeFt>0</altitudeFt>
                </position>
                <position>
                    <lat>52.3303</lat>
                    <lon>4.7187</lon>
                    <date>2013-07-11T19:22:49+02:00</date>
                    <speedMph>20</speedMph>
                    <altitudeFt>0</altitudeFt>
                </position>
                <position>
                    <lat>52.3297</lat>
                    <lon>4.7197</lon>
                    <date>2013-07-11T19:22:39+02:00</date>
                    <speedMph>20</speedMph>
                    <altitudeFt>0</altitudeFt>
                </position>
                <position>
                    <lat>52.3293</lat>
                    <lon>4.7205</lon>
                    <date>2013-07-11T19:22:34+02:00</date>
                    <speedMph>20</speedMph>
                    <altitudeFt>0</altitudeFt>
                </position>
                <position>
                    <lat>52.329</lat>
                    <lon>4.7211</lon>
                    <date>2013-07-11T19:22:29+02:00</date>
                    <speedMph>20</speedMph>
                    <altitudeFt>0</altitudeFt>
                </position>
                <position>
                    <lat>52.3288</lat>
                    <lon>4.7215</lon>
                    <date>2013-07-11T19:22:24+02:00</date>
                    <speedMph>20</speedMph>
                    <altitudeFt>0</altitudeFt>
                </position>
                <position>
                    <lat>52.3286</lat>
                    <lon>4.722</lon>
                    <date>2013-07-11T19:22:19+02:00</date>
                    <speedMph>16</speedMph>
                    <altitudeFt>0</altitudeFt>
                </position>
                <position>
                    <lat>52.3284</lat>
                    <lon>4.7223</lon>
                    <date>2013-07-11T19:22:14+02:00</date>
                    <speedMph>16</speedMph>
                    <altitudeFt>0</altitudeFt>
                </position>
                <position>
                    <lat>52.3281</lat>
                    <lon>4.7227</lon>
                    <date>2013-07-11T19:22:09+02:00</date>
                    <speedMph>36</speedMph>
                    <altitudeFt>0</altitudeFt>
                </position>
                <position>
                    <lat>52.3278</lat>
                    <lon>4.7234</lon>
                    <date>2013-07-11T19:22:04+02:00</date>
                    <speedMph>32</speedMph>
                    <altitudeFt>0</altitudeFt>
                </position>
                <position>
                    <lat>52.3276</lat>
                    <lon>4.7237</lon>
                    <date>2013-07-11T19:21:59+02:00</date>
                    <speedMph>32</speedMph>
                    <altitudeFt>0</altitudeFt>
                </position>
                <position>
                    <lat>52.3275</lat>
                    <lon>4.724</lon>
                    <date>2013-07-11T19:21:54+02:00</date>
                    <speedMph>32</speedMph>
                    <altitudeFt>0</altitudeFt>
                </position>
                <position>
                    <lat>52.3271</lat>
                    <lon>4.7246</lon>
                    <date>2013-07-11T19:21:49+02:00</date>
                    <speedMph>28</speedMph>
                    <altitudeFt>0</altitudeFt>
                </position>
                <position>
                    <lat>52.3268</lat>
                    <lon>4.7252</lon>
                    <date>2013-07-11T19:21:39+02:00</date>
                    <speedMph>28</speedMph>
                    <altitudeFt>0</altitudeFt>
                </position>
                <position>
                    <lat>52.3267</lat>
                    <lon>4.7253</lon>
                    <date>2013-07-11T19:21:34+02:00</date>
                    <speedMph>28</speedMph>
                    <altitudeFt>0</altitudeFt>
                </position>
                <position>
                    <lat>52.3265</lat>
                    <lon>4.7256</lon>
                    <date>2013-07-11T19:21:29+02:00</date>
                    <speedMph>28</speedMph>
                    <altitudeFt>0</altitudeFt>
                </position>
                <position>
                    <lat>52.3262</lat>
                    <lon>4.7261</lon>
                    <date>2013-07-11T19:21:24+02:00</date>
                    <speedMph>36</speedMph>
                    <altitudeFt>0</altitudeFt>
                </position>
                <position>
                    <lat>52.326</lat>
                    <lon>4.7263</lon>
                    <date>2013-07-11T19:21:19+02:00</date>
                    <speedMph>20</speedMph>
                    <altitudeFt>0</altitudeFt>
                </position>
                <position>
                    <lat>52.3258</lat>
                    <lon>4.7266</lon>
                    <date>2013-07-11T19:21:14+02:00</date>
                    <speedMph>20</speedMph>
                    <altitudeFt>0</altitudeFt>
                </position>
                <position>
                    <lat>52.3253</lat>
                    <lon>4.7274</lon>
                    <date>2013-07-11T19:21:09+02:00</date>
                    <speedMph>20</speedMph>
                    <altitudeFt>0</altitudeFt>
                </position>
                <position>
                    <lat>52.3247</lat>
                    <lon>4.7283</lon>
                    <date>2013-07-11T19:20:59+02:00</date>
                    <speedMph>20</speedMph>
                    <altitudeFt>0</altitudeFt>
                </position>
                <position>
                    <lat>52.3244</lat>
                    <lon>4.7286</lon>
                    <date>2013-07-11T19:20:54+02:00</date>
                    <speedMph>24</speedMph>
                    <altitudeFt>0</altitudeFt>
                </position>
                <position>
                    <lat>52.3239</lat>
                    <lon>4.7293</lon>
                    <date>2013-07-11T19:20:49+02:00</date>
                    <speedMph>24</speedMph>
                    <altitudeFt>0</altitudeFt>
                </position>
                <position>
                    <lat>52.3237</lat>
                    <lon>4.7296</lon>
                    <date>2013-07-11T19:20:44+02:00</date>
                    <speedMph>24</speedMph>
                    <altitudeFt>0</altitudeFt>
                </position>
                <position>
                    <lat>52.323</lat>
                    <lon>4.7306</lon>
                    <date>2013-07-11T19:20:39+02:00</date>
                    <speedMph>24</speedMph>
                    <altitudeFt>0</altitudeFt>
                </position>
                <position>
                    <lat>52.3224</lat>
                    <lon>4.7314</lon>
                    <date>2013-07-11T19:20:29+02:00</date>
                    <speedMph>24</speedMph>
                    <altitudeFt>0</altitudeFt>
                </position>
                <position>
                    <lat>52.3221</lat>
                    <lon>4.7319</lon>
                    <date>2013-07-11T19:20:24+02:00</date>
                    <speedMph>24</speedMph>
                    <altitudeFt>0</altitudeFt>
                </position>
                <position>
                    <lat>52.3215</lat>
                    <lon>4.7328</lon>
                    <date>2013-07-11T19:20:19+02:00</date>
                    <speedMph>20</speedMph>
                    <altitudeFt>0</altitudeFt>
                </position>
                <position>
                    <lat>52.3212</lat>
                    <lon>4.7331</lon>
                    <date>2013-07-11T19:20:14+02:00</date>
                    <speedMph>20</speedMph>
                    <altitudeFt>0</altitudeFt>
                </position>
                <position>
                    <lat>52.3206</lat>
                    <lon>4.7347</lon>
                    <date>2013-07-11T19:19:59+02:00</date>
                    <speedMph>20</speedMph>
                    <altitudeFt>0</altitudeFt>
                </position>
                <position>
                    <lat>52.3205</lat>
                    <lon>4.7361</lon>
                    <date>2013-07-11T19:19:54+02:00</date>
                    <speedMph>24</speedMph>
                    <altitudeFt>0</altitudeFt>
                </position>
                <position>
                    <lat>52.3205</lat>
                    <lon>4.7371</lon>
                    <date>2013-07-11T19:19:49+02:00</date>
                    <speedMph>28</speedMph>
                    <altitudeFt>0</altitudeFt>
                </position>
                <position>
                    <lat>52.3205</lat>
                    <lon>4.7384</lon>
                    <date>2013-07-11T19:19:44+02:00</date>
                    <speedMph>24</speedMph>
                    <altitudeFt>0</altitudeFt>
                </position>
                <position>
                    <lat>52.3205</lat>
                    <lon>4.7387</lon>
                    <date>2013-07-11T19:19:39+02:00</date>
                    <speedMph>24</speedMph>
                    <altitudeFt>0</altitudeFt>
                </position>
                <position>
                    <lat>52.3204</lat>
                    <lon>4.7404</lon>
                    <date>2013-07-11T19:19:34+02:00</date>
                    <speedMph>24</speedMph>
                    <altitudeFt>0</altitudeFt>
                </position>
                <position>
                    <lat>52.3204</lat>
                    <lon>4.741</lon>
                    <date>2013-07-11T19:19:29+02:00</date>
                    <speedMph>24</speedMph>
                    <altitudeFt>0</altitudeFt>
                </position>
                <position>
                    <lat>52.3199</lat>
                    <lon>4.7433</lon>
                    <date>2013-07-11T19:19:14+02:00</date>
                    <speedMph>16</speedMph>
                    <altitudeFt>0</altitudeFt>
                </position>
                <position>
                    <lat>52.3189</lat>
                    <lon>4.7432</lon>
                    <date>2013-07-11T19:19:04+02:00</date>
                    <speedMph>28</speedMph>
                    <altitudeFt>0</altitudeFt>
                </position>
                <position>
                    <lat>52.3185</lat>
                    <lon>4.7432</lon>
                    <date>2013-07-11T19:18:54+02:00</date>
                    <speedMph>28</speedMph>
                    <altitudeFt>0</altitudeFt>
                </position>
                <position>
                    <lat>52.3173</lat>
                    <lon>4.7431</lon>
                    <date>2013-07-11T19:18:49+02:00</date>
                    <speedMph>28</speedMph>
                    <altitudeFt>0</altitudeFt>
                </position>
                <position>
                    <lat>52.3167</lat>
                    <lon>4.7431</lon>
                    <date>2013-07-11T19:18:44+02:00</date>
                    <speedMph>28</speedMph>
                    <altitudeFt>0</altitudeFt>
                </position>
                <position>
                    <lat>52.3154</lat>
                    <lon>4.7429</lon>
                    <date>2013-07-11T19:18:34+02:00</date>
                    <speedMph>28</speedMph>
                    <altitudeFt>0</altitudeFt>
                </position>
                <position>
                    <lat>52.3147</lat>
                    <lon>4.7428</lon>
                    <date>2013-07-11T19:18:29+02:00</date>
                    <speedMph>28</speedMph>
                    <altitudeFt>0</altitudeFt>
                </position>
                <position>
                    <lat>52.314</lat>
                    <lon>4.7428</lon>
                    <date>2013-07-11T19:18:24+02:00</date>
                    <speedMph>28</speedMph>
                    <altitudeFt>0</altitudeFt>
                </position>
                <position>
                    <lat>52.3128</lat>
                    <lon>4.7427</lon>
                    <date>2013-07-11T19:18:14+02:00</date>
                    <speedMph>28</speedMph>
                    <altitudeFt>0</altitudeFt>
                </position>
                <position>
                    <lat>52.3119</lat>
                    <lon>4.7426</lon>
                    <date>2013-07-11T19:18:09+02:00</date>
                    <speedMph>28</speedMph>
                    <altitudeFt>0</altitudeFt>
                </position>
                <position>
                    <lat>52.3116</lat>
                    <lon>4.7426</lon>
                    <date>2013-07-11T19:18:04+02:00</date>
                    <speedMph>28</speedMph>
                    <altitudeFt>0</altitudeFt>
                </position>
                <position>
                    <lat>52.3102</lat>
                    <lon>4.7424</lon>
                    <date>2013-07-11T19:17:54+02:00</date>
                    <speedMph>24</speedMph>
                    <altitudeFt>0</altitudeFt>
                </position>
                <position>
                    <lat>52.3093</lat>
                    <lon>4.7424</lon>
                    <date>2013-07-11T19:17:44+02:00</date>
                    <speedMph>24</speedMph>
                    <altitudeFt>0</altitudeFt>
                </position>
                <position>
                    <lat>52.3086</lat>
                    <lon>4.7423</lon>
                    <date>2013-07-11T19:17:34+02:00</date>
                    <speedMph>24</speedMph>
                    <altitudeFt>0</altitudeFt>
                </position>
                <position>
                    <lat>52.3036</lat>
                    <lon>4.7424</lon>
                    <date>2013-07-11T19:16:54+02:00</date>
                    <speedMph>20</speedMph>
                    <altitudeFt>0</altitudeFt>
                </position>
                <position>
                    <lat>52.3031</lat>
                    <lon>4.7433</lon>
                    <date>2013-07-11T19:16:39+02:00</date>
                    <speedMph>24</speedMph>
                    <altitudeFt>0</altitudeFt>
                </position>
                <position>
                    <lat>52.3022</lat>
                    <lon>4.7449</lon>
                    <date>2013-07-11T19:16:34+02:00</date>
                    <speedMph>28</speedMph>
                    <altitudeFt>0</altitudeFt>
                </position>
                <position>
                    <lat>52.3017</lat>
                    <lon>4.7458</lon>
                    <date>2013-07-11T19:16:29+02:00</date>
                    <speedMph>28</speedMph>
                    <altitudeFt>0</altitudeFt>
                </position>
                <position>
                    <lat>52.3015</lat>
                    <lon>4.7462</lon>
                    <date>2013-07-11T19:16:24+02:00</date>
                    <speedMph>28</speedMph>
                    <altitudeFt>0</altitudeFt>
                </position>
                <position>
                    <lat>52.3011</lat>
                    <lon>4.747</lon>
                    <date>2013-07-11T19:16:19+02:00</date>
                    <speedMph>28</speedMph>
                    <altitudeFt>0</altitudeFt>
                </position>
                <position>
                    <lat>52.3008</lat>
                    <lon>4.7475</lon>
                    <date>2013-07-11T19:16:14+02:00</date>
                    <speedMph>28</speedMph>
                    <altitudeFt>0</altitudeFt>
                </position>
                <position>
                    <lat>52.3002</lat>
                    <lon>4.7486</lon>
                    <date>2013-07-11T19:16:09+02:00</date>
                    <speedMph>28</speedMph>
                    <altitudeFt>0</altitudeFt>
                </position>
                <position>
                    <lat>52.2998</lat>
                    <lon>4.7494</lon>
                    <date>2013-07-11T19:16:04+02:00</date>
                    <speedMph>28</speedMph>
                    <altitudeFt>0</altitudeFt>
                </position>
                <position>
                    <lat>52.2998</lat>
                    <lon>4.7495</lon>
                    <date>2013-07-11T19:15:59+02:00</date>
                    <speedMph>28</speedMph>
                    <altitudeFt>0</altitudeFt>
                </position>
                <position>
                    <lat>52.2984</lat>
                    <lon>4.7532</lon>
                    <date>2013-07-11T19:15:39+02:00</date>
                    <speedMph>20</speedMph>
                    <altitudeFt>0</altitudeFt>
                </position>
                <position>
                    <lat>52.2985</lat>
                    <lon>4.7534</lon>
                    <date>2013-07-11T19:15:34+02:00</date>
                    <speedMph>20</speedMph>
                    <altitudeFt>0</altitudeFt>
                </position>
                <position>
                    <lat>52.2991</lat>
                    <lon>4.7553</lon>
                    <date>2013-07-11T19:15:24+02:00</date>
                    <speedMph>28</speedMph>
                    <altitudeFt>0</altitudeFt>
                </position>
                <position>
                    <lat>52.2999</lat>
                    <lon>4.7571</lon>
                    <date>2013-07-11T19:15:08+02:00</date>
                    <speedMph>24</speedMph>
                    <altitudeFt>0</altitudeFt>
                </position>
                <position>
                    <lat>52.3003</lat>
                    <lon>4.7583</lon>
                    <date>2013-07-11T19:15:03+02:00</date>
                    <speedMph>24</speedMph>
                    <altitudeFt>0</altitudeFt>
                </position>
                <position>
                    <lat>52.3007</lat>
                    <lon>4.7594</lon>
                    <date>2013-07-11T19:14:58+02:00</date>
                    <speedMph>24</speedMph>
                    <altitudeFt>0</altitudeFt>
                </position>
                <position>
                    <lat>52.3008</lat>
                    <lon>4.7596</lon>
                    <date>2013-07-11T19:14:53+02:00</date>
                    <speedMph>24</speedMph>
                    <altitudeFt>0</altitudeFt>
                </position>
                <position>
                    <lat>52.3014</lat>
                    <lon>4.7611</lon>
                    <date>2013-07-11T19:14:48+02:00</date>
                    <speedMph>24</speedMph>
                    <altitudeFt>0</altitudeFt>
                </position>
                <position>
                    <lat>52.3016</lat>
                    <lon>4.7617</lon>
                    <date>2013-07-11T19:14:43+02:00</date>
                    <speedMph>24</speedMph>
                    <altitudeFt>0</altitudeFt>
                </position>
                <position>
                    <lat>52.3019</lat>
                    <lon>4.7625</lon>
                    <date>2013-07-11T19:14:38+02:00</date>
                    <speedMph>24</speedMph>
                    <altitudeFt>0</altitudeFt>
                </position>
                <position>
                    <lat>52.3022</lat>
                    <lon>4.7632</lon>
                    <date>2013-07-11T19:14:28+02:00</date>
                    <speedMph>20</speedMph>
                    <altitudeFt>0</altitudeFt>
                </position>
                <position>
                    <lat>52.3025</lat>
                    <lon>4.7639</lon>
                    <date>2013-07-11T19:14:23+02:00</date>
                    <speedMph>16</speedMph>
                    <altitudeFt>0</altitudeFt>
                </position>
            </positions>
        </flightTrack>
    </flightTracks>
</flightstatslog>
