<?xml version="1.0" encoding="UTF-8" standalone="yes"?>
<flightstatslog>
    <appendix>
        <airports>
            <airport>
                <fs>WRO</fs>
                <latitude>51.102683</latitude>
                <longitude>16.885836</longitude>
                <city>Wroclaw</city>
            </airport>
            <airport>
                <fs>MUC</fs>
                <latitude>48.353783</latitude>
                <longitude>11.786086</longitude>
                <city>Munich</city>
            </airport>
        </airports>
    </appendix>
    <flightTracks>
        <flightTrack>
            <flightId>3953744</flightId>
            <departureAirportFsCode>WRO</departureAirportFsCode>
            <arrivalAirportFsCode>MUC</arrivalAirportFsCode>
            <positions>
                <position>
                    <lat>48.3504</lat>
                    <lon>11.7993</lon>
                    <date>2013-07-11T20:47:37+02:00</date>
                    <speedMph>4</speedMph>
                    <altitudeFt>0</altitudeFt>
                </position>
                <position>
                    <lat>48.3504</lat>
                    <lon>11.7993</lon>
                    <date>2013-07-11T20:47:32+02:00</date>
                    <speedMph>4</speedMph>
                    <altitudeFt>0</altitudeFt>
                </position>
                <position>
                    <lat>48.3508</lat>
                    <lon>11.7988</lon>
                    <date>2013-07-11T20:47:17+02:00</date>
                    <speedMph>8</speedMph>
                    <altitudeFt>0</altitudeFt>
                </position>
                <position>
                    <lat>48.3507</lat>
                    <lon>11.7956</lon>
                    <date>2013-07-11T20:46:47+02:00</date>
                    <speedMph>16</speedMph>
                    <altitudeFt>0</altitudeFt>
                </position>
                <position>
                    <lat>48.3509</lat>
                    <lon>11.7953</lon>
                    <date>2013-07-11T20:46:42+02:00</date>
                    <speedMph>16</speedMph>
                    <altitudeFt>0</altitudeFt>
                </position>
                <position>
                    <lat>48.351</lat>
                    <lon>11.7952</lon>
                    <date>2013-07-11T20:46:37+02:00</date>
                    <speedMph>16</speedMph>
                    <altitudeFt>0</altitudeFt>
                </position>
                <position>
                    <lat>48.3517</lat>
                    <lon>11.795</lon>
                    <date>2013-07-11T20:46:27+02:00</date>
                    <speedMph>24</speedMph>
                    <altitudeFt>0</altitudeFt>
                </position>
                <position>
                    <lat>48.3593</lat>
                    <lon>11.7935</lon>
                    <date>2013-07-11T20:45:32+02:00</date>
                    <speedMph>24</speedMph>
                    <altitudeFt>0</altitudeFt>
                </position>
                <position>
                    <lat>48.3602</lat>
                    <lon>11.7933</lon>
                    <date>2013-07-11T20:45:17+02:00</date>
                    <speedMph>24</speedMph>
                    <altitudeFt>0</altitudeFt>
                </position>
                <position>
                    <lat>48.3621</lat>
                    <lon>11.793</lon>
                    <date>2013-07-11T20:44:57+02:00</date>
                    <speedMph>20</speedMph>
                    <altitudeFt>0</altitudeFt>
                </position>
                <position>
                    <lat>48.363</lat>
                    <lon>11.794</lon>
                    <date>2013-07-11T20:44:52+02:00</date>
                    <speedMph>28</speedMph>
                    <altitudeFt>0</altitudeFt>
                </position>
                <position>
                    <lat>48.3634</lat>
                    <lon>11.7947</lon>
                    <date>2013-07-11T20:44:47+02:00</date>
                    <speedMph>36</speedMph>
                    <altitudeFt>0</altitudeFt>
                </position>
                <position>
                    <lat>48.3638</lat>
                    <lon>11.7956</lon>
                    <date>2013-07-11T20:44:37+02:00</date>
                    <speedMph>40</speedMph>
                    <altitudeFt>0</altitudeFt>
                </position>
                <position>
                    <lat>48.3654</lat>
                    <lon>11.8019</lon>
                    <date>2013-07-11T20:44:17+02:00</date>
                    <speedMph>68</speedMph>
                    <altitudeFt>1280</altitudeFt>
                </position>
                <position>
                    <lat>48.3657</lat>
                    <lon>11.8057</lon>
                    <date>2013-07-11T20:44:07+02:00</date>
                    <speedMph>108</speedMph>
                    <altitudeFt>1280</altitudeFt>
                </position>
                <position>
                    <lat>48.3664</lat>
                    <lon>11.8148</lon>
                    <date>2013-07-11T20:43:57+02:00</date>
                    <speedMph>136</speedMph>
                    <altitudeFt>1280</altitudeFt>
                </position>
                <position>
                    <lat>48.3668</lat>
                    <lon>11.8192</lon>
                    <date>2013-07-11T20:43:52+02:00</date>
                    <speedMph>140</speedMph>
                    <altitudeFt>1300</altitudeFt>
                </position>
                <position>
                    <lat>48.3671</lat>
                    <lon>11.824</lon>
                    <date>2013-07-11T20:43:47+02:00</date>
                    <speedMph>140</speedMph>
                    <altitudeFt>1380</altitudeFt>
                </position>
                <position>
                    <lat>48.3679</lat>
                    <lon>11.8339</lon>
                    <date>2013-07-11T20:43:42+02:00</date>
                    <speedMph>140</speedMph>
                    <altitudeFt>1480</altitudeFt>
                </position>
                <position>
                    <lat>48.3682</lat>
                    <lon>11.8386</lon>
                    <date>2013-07-11T20:43:37+02:00</date>
                    <speedMph>140</speedMph>
                    <altitudeFt>1550</altitudeFt>
                </position>
                <position>
                    <lat>48.3686</lat>
                    <lon>11.8438</lon>
                    <date>2013-07-11T20:43:27+02:00</date>
                    <speedMph>140</speedMph>
                    <altitudeFt>1630</altitudeFt>
                </position>
                <position>
                    <lat>48.3694</lat>
                    <lon>11.8536</lon>
                    <date>2013-07-11T20:43:22+02:00</date>
                    <speedMph>144</speedMph>
                    <altitudeFt>1730</altitudeFt>
                </position>
                <position>
                    <lat>48.3698</lat>
                    <lon>11.8588</lon>
                    <date>2013-07-11T20:43:12+02:00</date>
                    <speedMph>140</speedMph>
                    <altitudeFt>1800</altitudeFt>
                </position>
                <position>
                    <lat>48.3702</lat>
                    <lon>11.8636</lon>
                    <date>2013-07-11T20:43:07+02:00</date>
                    <speedMph>140</speedMph>
                    <altitudeFt>1880</altitudeFt>
                </position>
                <position>
                    <lat>48.3709</lat>
                    <lon>11.8734</lon>
                    <date>2013-07-11T20:43:02+02:00</date>
                    <speedMph>140</speedMph>
                    <altitudeFt>1980</altitudeFt>
                </position>
                <position>
                    <lat>48.3713</lat>
                    <lon>11.8782</lon>
                    <date>2013-07-11T20:42:52+02:00</date>
                    <speedMph>140</speedMph>
                    <altitudeFt>2050</altitudeFt>
                </position>
                <position>
                    <lat>48.3715</lat>
                    <lon>11.8821</lon>
                    <date>2013-07-11T20:42:47+02:00</date>
                    <speedMph>140</speedMph>
                    <altitudeFt>2100</altitudeFt>
                </position>
                <position>
                    <lat>48.372</lat>
                    <lon>11.8874</lon>
                    <date>2013-07-11T20:42:42+02:00</date>
                    <speedMph>140</speedMph>
                    <altitudeFt>2150</altitudeFt>
                </position>
                <position>
                    <lat>48.3727</lat>
                    <lon>11.8969</lon>
                    <date>2013-07-11T20:42:37+02:00</date>
                    <speedMph>140</speedMph>
                    <altitudeFt>2280</altitudeFt>
                </position>
                <position>
                    <lat>48.3731</lat>
                    <lon>11.9019</lon>
                    <date>2013-07-11T20:42:27+02:00</date>
                    <speedMph>144</speedMph>
                    <altitudeFt>2330</altitudeFt>
                </position>
                <position>
                    <lat>48.3734</lat>
                    <lon>11.9071</lon>
                    <date>2013-07-11T20:42:22+02:00</date>
                    <speedMph>144</speedMph>
                    <altitudeFt>2400</altitudeFt>
                </position>
                <position>
                    <lat>48.3742</lat>
                    <lon>11.9174</lon>
                    <date>2013-07-11T20:42:17+02:00</date>
                    <speedMph>152</speedMph>
                    <altitudeFt>2530</altitudeFt>
                </position>
                <position>
                    <lat>48.3746</lat>
                    <lon>11.9223</lon>
                    <date>2013-07-11T20:42:07+02:00</date>
                    <speedMph>156</speedMph>
                    <altitudeFt>2580</altitudeFt>
                </position>
                <position>
                    <lat>48.3755</lat>
                    <lon>11.9338</lon>
                    <date>2013-07-11T20:42:02+02:00</date>
                    <speedMph>164</speedMph>
                    <altitudeFt>2730</altitudeFt>
                </position>
                <position>
                    <lat>48.3759</lat>
                    <lon>11.9395</lon>
                    <date>2013-07-11T20:41:52+02:00</date>
                    <speedMph>168</speedMph>
                    <altitudeFt>2800</altitudeFt>
                </position>
                <position>
                    <lat>48.3763</lat>
                    <lon>11.9452</lon>
                    <date>2013-07-11T20:41:47+02:00</date>
                    <speedMph>172</speedMph>
                    <altitudeFt>2880</altitudeFt>
                </position>
                <position>
                    <lat>48.3777</lat>
                    <lon>11.9625</lon>
                    <date>2013-07-11T20:41:37+02:00</date>
                    <speedMph>188</speedMph>
                    <altitudeFt>3100</altitudeFt>
                </position>
                <position>
                    <lat>48.3782</lat>
                    <lon>11.9695</lon>
                    <date>2013-07-11T20:41:27+02:00</date>
                    <speedMph>188</speedMph>
                    <altitudeFt>3200</altitudeFt>
                </position>
                <position>
                    <lat>48.3787</lat>
                    <lon>11.9758</lon>
                    <date>2013-07-11T20:41:22+02:00</date>
                    <speedMph>188</speedMph>
                    <altitudeFt>3280</altitudeFt>
                </position>
                <position>
                    <lat>48.3798</lat>
                    <lon>11.9893</lon>
                    <date>2013-07-11T20:41:17+02:00</date>
                    <speedMph>188</speedMph>
                    <altitudeFt>3450</altitudeFt>
                </position>
                <position>
                    <lat>48.3803</lat>
                    <lon>11.996</lon>
                    <date>2013-07-11T20:41:12+02:00</date>
                    <speedMph>192</speedMph>
                    <altitudeFt>3530</altitudeFt>
                </position>
                <position>
                    <lat>48.3808</lat>
                    <lon>12.0026</lon>
                    <date>2013-07-11T20:41:02+02:00</date>
                    <speedMph>192</speedMph>
                    <altitudeFt>3600</altitudeFt>
                </position>
                <position>
                    <lat>48.3817</lat>
                    <lon>12.0154</lon>
                    <date>2013-07-11T20:40:57+02:00</date>
                    <speedMph>188</speedMph>
                    <altitudeFt>3750</altitudeFt>
                </position>
                <position>
                    <lat>48.3823</lat>
                    <lon>12.0224</lon>
                    <date>2013-07-11T20:40:52+02:00</date>
                    <speedMph>188</speedMph>
                    <altitudeFt>3800</altitudeFt>
                </position>
                <position>
                    <lat>48.3828</lat>
                    <lon>12.0285</lon>
                    <date>2013-07-11T20:40:47+02:00</date>
                    <speedMph>188</speedMph>
                    <altitudeFt>3830</altitudeFt>
                </position>
                <position>
                    <lat>48.3833</lat>
                    <lon>12.0355</lon>
                    <date>2013-07-11T20:40:37+02:00</date>
                    <speedMph>188</speedMph>
                    <altitudeFt>3830</altitudeFt>
                </position>
                <position>
                    <lat>48.3838</lat>
                    <lon>12.0419</lon>
                    <date>2013-07-11T20:40:32+02:00</date>
                    <speedMph>188</speedMph>
                    <altitudeFt>3830</altitudeFt>
                </position>
                <position>
                    <lat>48.3848</lat>
                    <lon>12.0545</lon>
                    <date>2013-07-11T20:40:27+02:00</date>
                    <speedMph>188</speedMph>
                    <altitudeFt>3830</altitudeFt>
                </position>
                <position>
                    <lat>48.3853</lat>
                    <lon>12.0604</lon>
                    <date>2013-07-11T20:40:17+02:00</date>
                    <speedMph>192</speedMph>
                    <altitudeFt>3830</altitudeFt>
                </position>
                <position>
                    <lat>48.3865</lat>
                    <lon>12.0752</lon>
                    <date>2013-07-11T20:40:12+02:00</date>
                    <speedMph>192</speedMph>
                    <altitudeFt>3830</altitudeFt>
                </position>
                <position>
                    <lat>48.3871</lat>
                    <lon>12.0816</lon>
                    <date>2013-07-11T20:40:07+02:00</date>
                    <speedMph>192</speedMph>
                    <altitudeFt>3830</altitudeFt>
                </position>
                <position>
                    <lat>48.3876</lat>
                    <lon>12.0874</lon>
                    <date>2013-07-11T20:40:02+02:00</date>
                    <speedMph>192</speedMph>
                    <altitudeFt>3850</altitudeFt>
                </position>
                <position>
                    <lat>48.3881</lat>
                    <lon>12.0941</lon>
                    <date>2013-07-11T20:39:52+02:00</date>
                    <speedMph>196</speedMph>
                    <altitudeFt>3830</altitudeFt>
                </position>
                <position>
                    <lat>48.3885</lat>
                    <lon>12.101</lon>
                    <date>2013-07-11T20:39:47+02:00</date>
                    <speedMph>204</speedMph>
                    <altitudeFt>3830</altitudeFt>
                </position>
                <position>
                    <lat>48.3889</lat>
                    <lon>12.1152</lon>
                    <date>2013-07-11T20:39:42+02:00</date>
                    <speedMph>216</speedMph>
                    <altitudeFt>3830</altitudeFt>
                </position>
                <position>
                    <lat>48.389</lat>
                    <lon>12.1229</lon>
                    <date>2013-07-11T20:39:32+02:00</date>
                    <speedMph>220</speedMph>
                    <altitudeFt>3830</altitudeFt>
                </position>
                <position>
                    <lat>48.3894</lat>
                    <lon>12.1309</lon>
                    <date>2013-07-11T20:39:27+02:00</date>
                    <speedMph>224</speedMph>
                    <altitudeFt>3850</altitudeFt>
                </position>
                <position>
                    <lat>48.3919</lat>
                    <lon>12.1451</lon>
                    <date>2013-07-11T20:39:22+02:00</date>
                    <speedMph>236</speedMph>
                    <altitudeFt>3830</altitudeFt>
                </position>
                <position>
                    <lat>48.3953</lat>
                    <lon>12.1526</lon>
                    <date>2013-07-11T20:39:12+02:00</date>
                    <speedMph>236</speedMph>
                    <altitudeFt>3830</altitudeFt>
                </position>
                <position>
                    <lat>48.3988</lat>
                    <lon>12.1588</lon>
                    <date>2013-07-11T20:39:07+02:00</date>
                    <speedMph>244</speedMph>
                    <altitudeFt>3830</altitudeFt>
                </position>
                <position>
                    <lat>48.4254</lat>
                    <lon>12.1814</lon>
                    <date>2013-07-11T20:38:47+02:00</date>
                    <speedMph>244</speedMph>
                    <altitudeFt>3830</altitudeFt>
                </position>
                <position>
                    <lat>48.4276</lat>
                    <lon>12.1813</lon>
                    <date>2013-07-11T20:38:42+02:00</date>
                    <speedMph>244</speedMph>
                    <altitudeFt>3830</altitudeFt>
                </position>
                <position>
                    <lat>48.4347</lat>
                    <lon>12.18</lon>
                    <date>2013-07-11T20:38:32+02:00</date>
                    <speedMph>244</speedMph>
                    <altitudeFt>3850</altitudeFt>
                </position>
                <position>
                    <lat>48.4449</lat>
                    <lon>12.1777</lon>
                    <date>2013-07-11T20:38:27+02:00</date>
                    <speedMph>244</speedMph>
                    <altitudeFt>4000</altitudeFt>
                </position>
                <position>
                    <lat>48.45</lat>
                    <lon>12.1765</lon>
                    <date>2013-07-11T20:38:22+02:00</date>
                    <speedMph>244</speedMph>
                    <altitudeFt>4100</altitudeFt>
                </position>
                <position>
                    <lat>48.4566</lat>
                    <lon>12.1745</lon>
                    <date>2013-07-11T20:38:17+02:00</date>
                    <speedMph>244</speedMph>
                    <altitudeFt>4200</altitudeFt>
                </position>
                <position>
                    <lat>48.4614</lat>
                    <lon>12.1726</lon>
                    <date>2013-07-11T20:38:07+02:00</date>
                    <speedMph>236</speedMph>
                    <altitudeFt>4300</altitudeFt>
                </position>
                <position>
                    <lat>48.4659</lat>
                    <lon>12.1696</lon>
                    <date>2013-07-11T20:38:02+02:00</date>
                    <speedMph>244</speedMph>
                    <altitudeFt>4350</altitudeFt>
                </position>
                <position>
                    <lat>48.4744</lat>
                    <lon>12.1591</lon>
                    <date>2013-07-11T20:37:57+02:00</date>
                    <speedMph>240</speedMph>
                    <altitudeFt>4550</altitudeFt>
                </position>
                <position>
                    <lat>48.4807</lat>
                    <lon>12.1187</lon>
                    <date>2013-07-11T20:37:32+02:00</date>
                    <speedMph>236</speedMph>
                    <altitudeFt>4850</altitudeFt>
                </position>
                <position>
                    <lat>48.4801</lat>
                    <lon>12.109</lon>
                    <date>2013-07-11T20:37:27+02:00</date>
                    <speedMph>236</speedMph>
                    <altitudeFt>4830</altitudeFt>
                </position>
                <position>
                    <lat>48.4796</lat>
                    <lon>12.1021</lon>
                    <date>2013-07-11T20:37:17+02:00</date>
                    <speedMph>236</speedMph>
                    <altitudeFt>4830</altitudeFt>
                </position>
                <position>
                    <lat>48.4783</lat>
                    <lon>12.0525</lon>
                    <date>2013-07-11T20:36:52+02:00</date>
                    <speedMph>244</speedMph>
                    <altitudeFt>4850</altitudeFt>
                </position>
                <position>
                    <lat>48.4809</lat>
                    <lon>12.0362</lon>
                    <date>2013-07-11T20:36:37+02:00</date>
                    <speedMph>244</speedMph>
                    <altitudeFt>4930</altitudeFt>
                </position>
                <position>
                    <lat>48.4842</lat>
                    <lon>12.0197</lon>
                    <date>2013-07-11T20:36:27+02:00</date>
                    <speedMph>244</speedMph>
                    <altitudeFt>5080</altitudeFt>
                </position>
                <position>
                    <lat>48.4943</lat>
                    <lon>11.9993</lon>
                    <date>2013-07-11T20:36:17+02:00</date>
                    <speedMph>240</speedMph>
                    <altitudeFt>5330</altitudeFt>
                </position>
                <position>
                    <lat>48.5001</lat>
                    <lon>11.9939</lon>
                    <date>2013-07-11T20:36:07+02:00</date>
                    <speedMph>248</speedMph>
                    <altitudeFt>5400</altitudeFt>
                </position>
                <position>
                    <lat>48.516</lat>
                    <lon>11.9881</lon>
                    <date>2013-07-11T20:35:57+02:00</date>
                    <speedMph>248</speedMph>
                    <altitudeFt>5650</altitudeFt>
                </position>
                <position>
                    <lat>48.5217</lat>
                    <lon>11.9867</lon>
                    <date>2013-07-11T20:35:47+02:00</date>
                    <speedMph>248</speedMph>
                    <altitudeFt>5730</altitudeFt>
                </position>
                <position>
                    <lat>48.5496</lat>
                    <lon>11.9815</lon>
                    <date>2013-07-11T20:35:27+02:00</date>
                    <speedMph>240</speedMph>
                    <altitudeFt>6130</altitudeFt>
                </position>
                <position>
                    <lat>48.5608</lat>
                    <lon>11.9857</lon>
                    <date>2013-07-11T20:35:17+02:00</date>
                    <speedMph>236</speedMph>
                    <altitudeFt>6300</altitudeFt>
                </position>
                <position>
                    <lat>48.57</lat>
                    <lon>11.9957</lon>
                    <date>2013-07-11T20:35:07+02:00</date>
                    <speedMph>240</speedMph>
                    <altitudeFt>6450</altitudeFt>
                </position>
                <position>
                    <lat>48.5759</lat>
                    <lon>12.0095</lon>
                    <date>2013-07-11T20:34:57+02:00</date>
                    <speedMph>236</speedMph>
                    <altitudeFt>6600</altitudeFt>
                </position>
                <position>
                    <lat>48.5774</lat>
                    <lon>12.0179</lon>
                    <date>2013-07-11T20:34:47+02:00</date>
                    <speedMph>236</speedMph>
                    <altitudeFt>6700</altitudeFt>
                </position>
                <position>
                    <lat>48.5788</lat>
                    <lon>12.0345</lon>
                    <date>2013-07-11T20:34:37+02:00</date>
                    <speedMph>236</speedMph>
                    <altitudeFt>6880</altitudeFt>
                </position>
                <position>
                    <lat>48.5805</lat>
                    <lon>12.0575</lon>
                    <date>2013-07-11T20:34:27+02:00</date>
                    <speedMph>236</speedMph>
                    <altitudeFt>7100</altitudeFt>
                </position>
                <position>
                    <lat>48.5818</lat>
                    <lon>12.0741</lon>
                    <date>2013-07-11T20:34:17+02:00</date>
                    <speedMph>236</speedMph>
                    <altitudeFt>7280</altitudeFt>
                </position>
                <position>
                    <lat>48.5826</lat>
                    <lon>12.0838</lon>
                    <date>2013-07-11T20:34:07+02:00</date>
                    <speedMph>236</speedMph>
                    <altitudeFt>7380</altitudeFt>
                </position>
                <position>
                    <lat>48.5845</lat>
                    <lon>12.1093</lon>
                    <date>2013-07-11T20:33:57+02:00</date>
                    <speedMph>236</speedMph>
                    <altitudeFt>7630</altitudeFt>
                </position>
                <position>
                    <lat>48.585</lat>
                    <lon>12.116</lon>
                    <date>2013-07-11T20:33:47+02:00</date>
                    <speedMph>236</speedMph>
                    <altitudeFt>7700</altitudeFt>
                </position>
                <position>
                    <lat>48.5868</lat>
                    <lon>12.1425</lon>
                    <date>2013-07-11T20:33:37+02:00</date>
                    <speedMph>236</speedMph>
                    <altitudeFt>7950</altitudeFt>
                </position>
                <position>
                    <lat>48.5874</lat>
                    <lon>12.1503</lon>
                    <date>2013-07-11T20:33:27+02:00</date>
                    <speedMph>236</speedMph>
                    <altitudeFt>8050</altitudeFt>
                </position>
                <position>
                    <lat>48.589</lat>
                    <lon>12.173</lon>
                    <date>2013-07-11T20:33:17+02:00</date>
                    <speedMph>236</speedMph>
                    <altitudeFt>8280</altitudeFt>
                </position>
                <position>
                    <lat>48.5909</lat>
                    <lon>12.1981</lon>
                    <date>2013-07-11T20:33:02+02:00</date>
                    <speedMph>236</speedMph>
                    <altitudeFt>8530</altitudeFt>
                </position>
                <position>
                    <lat>48.5922</lat>
                    <lon>12.215</lon>
                    <date>2013-07-11T20:32:52+02:00</date>
                    <speedMph>236</speedMph>
                    <altitudeFt>8700</altitudeFt>
                </position>
                <position>
                    <lat>48.5933</lat>
                    <lon>12.231</lon>
                    <date>2013-07-11T20:32:42+02:00</date>
                    <speedMph>240</speedMph>
                    <altitudeFt>8880</altitudeFt>
                </position>
                <position>
                    <lat>48.594</lat>
                    <lon>12.2397</lon>
                    <date>2013-07-11T20:32:32+02:00</date>
                    <speedMph>240</speedMph>
                    <altitudeFt>8950</altitudeFt>
                </position>
                <position>
                    <lat>48.5953</lat>
                    <lon>12.256</lon>
                    <date>2013-07-11T20:32:22+02:00</date>
                    <speedMph>240</speedMph>
                    <altitudeFt>9130</altitudeFt>
                </position>
                <position>
                    <lat>48.6</lat>
                    <lon>12.2814</lon>
                    <date>2013-07-11T20:32:12+02:00</date>
                    <speedMph>244</speedMph>
                    <altitudeFt>9380</altitudeFt>
                </position>
                <position>
                    <lat>48.602</lat>
                    <lon>12.2875</lon>
                    <date>2013-07-11T20:32:02+02:00</date>
                    <speedMph>244</speedMph>
                    <altitudeFt>9450</altitudeFt>
                </position>
                <position>
                    <lat>48.6108</lat>
                    <lon>12.3103</lon>
                    <date>2013-07-11T20:31:52+02:00</date>
                    <speedMph>244</speedMph>
                    <altitudeFt>9700</altitudeFt>
                </position>
                <position>
                    <lat>48.6173</lat>
                    <lon>12.3272</lon>
                    <date>2013-07-11T20:31:42+02:00</date>
                    <speedMph>244</speedMph>
                    <altitudeFt>9880</altitudeFt>
                </position>
                <position>
                    <lat>48.6226</lat>
                    <lon>12.3408</lon>
                    <date>2013-07-11T20:31:32+02:00</date>
                    <speedMph>248</speedMph>
                    <altitudeFt>10030</altitudeFt>
                </position>
                <position>
                    <lat>48.6405</lat>
                    <lon>12.3862</lon>
                    <date>2013-07-11T20:31:02+02:00</date>
                    <speedMph>256</speedMph>
                    <altitudeFt>10530</altitudeFt>
                </position>
                <position>
                    <lat>48.656</lat>
                    <lon>12.4258</lon>
                    <date>2013-07-11T20:30:32+02:00</date>
                    <speedMph>264</speedMph>
                    <altitudeFt>10950</altitudeFt>
                </position>
                <position>
                    <lat>48.6775</lat>
                    <lon>12.4819</lon>
                    <date>2013-07-11T20:30:02+02:00</date>
                    <speedMph>268</speedMph>
                    <altitudeFt>11500</altitudeFt>
                </position>
                <position>
                    <lat>48.696</lat>
                    <lon>12.5298</lon>
                    <date>2013-07-11T20:29:32+02:00</date>
                    <speedMph>268</speedMph>
                    <altitudeFt>11980</altitudeFt>
                </position>
                <position>
                    <lat>48.7154</lat>
                    <lon>12.5791</lon>
                    <date>2013-07-11T20:29:02+02:00</date>
                    <speedMph>272</speedMph>
                    <altitudeFt>12450</altitudeFt>
                </position>
                <position>
                    <lat>48.736</lat>
                    <lon>12.6322</lon>
                    <date>2013-07-11T20:28:32+02:00</date>
                    <speedMph>276</speedMph>
                    <altitudeFt>12980</altitudeFt>
                </position>
                <position>
                    <lat>48.7543</lat>
                    <lon>12.6799</lon>
                    <date>2013-07-11T20:28:02+02:00</date>
                    <speedMph>280</speedMph>
                    <altitudeFt>13430</altitudeFt>
                </position>
                <position>
                    <lat>48.7789</lat>
                    <lon>12.7274</lon>
                    <date>2013-07-11T20:27:32+02:00</date>
                    <speedMph>288</speedMph>
                    <altitudeFt>13930</altitudeFt>
                </position>
                <position>
                    <lat>48.8089</lat>
                    <lon>12.7519</lon>
                    <date>2013-07-11T20:27:02+02:00</date>
                    <speedMph>292</speedMph>
                    <altitudeFt>14300</altitudeFt>
                </position>
                <position>
                    <lat>48.853</lat>
                    <lon>12.7835</lon>
                    <date>2013-07-11T20:26:32+02:00</date>
                    <speedMph>300</speedMph>
                    <altitudeFt>14880</altitudeFt>
                </position>
                <position>
                    <lat>48.8881</lat>
                    <lon>12.8086</lon>
                    <date>2013-07-11T20:26:02+02:00</date>
                    <speedMph>308</speedMph>
                    <altitudeFt>15300</altitudeFt>
                </position>
                <position>
                    <lat>48.9683</lat>
                    <lon>12.8664</lon>
                    <date>2013-07-11T20:25:02+02:00</date>
                    <speedMph>316</speedMph>
                    <altitudeFt>16280</altitudeFt>
                </position>
                <position>
                    <lat>49.0441</lat>
                    <lon>12.9214</lon>
                    <date>2013-07-11T20:24:02+02:00</date>
                    <speedMph>316</speedMph>
                    <altitudeFt>17000</altitudeFt>
                </position>
                <position>
                    <lat>49.1241</lat>
                    <lon>12.9794</lon>
                    <date>2013-07-11T20:23:02+02:00</date>
                    <speedMph>352</speedMph>
                    <altitudeFt>17380</altitudeFt>
                </position>
                <position>
                    <lat>49.2335</lat>
                    <lon>13.0597</lon>
                    <date>2013-07-11T20:22:02+02:00</date>
                    <speedMph>416</speedMph>
                    <altitudeFt>18600</altitudeFt>
                </position>
                <position>
                    <lat>49.3204</lat>
                    <lon>13.1234</lon>
                    <date>2013-07-11T20:21:02+02:00</date>
                    <speedMph>444</speedMph>
                    <altitudeFt>20630</altitudeFt>
                </position>
                <position>
                    <lat>49.4438</lat>
                    <lon>13.1945</lon>
                    <date>2013-07-11T20:20:02+02:00</date>
                    <speedMph>468</speedMph>
                    <altitudeFt>23780</altitudeFt>
                </position>
                <position>
                    <lat>49.5683</lat>
                    <lon>13.2638</lon>
                    <date>2013-07-11T20:19:02+02:00</date>
                    <speedMph>488</speedMph>
                    <altitudeFt>26530</altitudeFt>
                </position>
                <position>
                    <lat>49.6891</lat>
                    <lon>13.3617</lon>
                    <date>2013-07-11T20:18:02+02:00</date>
                    <speedMph>488</speedMph>
                    <altitudeFt>27930</altitudeFt>
                </position>
                <position>
                    <lat>49.7951</lat>
                    <lon>13.4918</lon>
                    <date>2013-07-11T20:17:02+02:00</date>
                    <speedMph>500</speedMph>
                    <altitudeFt>29330</altitudeFt>
                </position>
                <position>
                    <lat>49.9218</lat>
                    <lon>13.6481</lon>
                    <date>2013-07-11T20:16:02+02:00</date>
                    <speedMph>504</speedMph>
                    <altitudeFt>30980</altitudeFt>
                </position>
                <position>
                    <lat>50.0131</lat>
                    <lon>13.7614</lon>
                    <date>2013-07-11T20:15:02+02:00</date>
                    <speedMph>504</speedMph>
                    <altitudeFt>31880</altitudeFt>
                </position>
                <position>
                    <lat>50.13</lat>
                    <lon>13.9076</lon>
                    <date>2013-07-11T20:14:02+02:00</date>
                    <speedMph>504</speedMph>
                    <altitudeFt>32000</altitudeFt>
                </position>
                <position>
                    <lat>50.2388</lat>
                    <lon>14.0445</lon>
                    <date>2013-07-11T20:13:02+02:00</date>
                    <speedMph>508</speedMph>
                    <altitudeFt>32000</altitudeFt>
                </position>
                <position>
                    <lat>50.3475</lat>
                    <lon>14.182</lon>
                    <date>2013-07-11T20:12:02+02:00</date>
                    <speedMph>504</speedMph>
                    <altitudeFt>32000</altitudeFt>
                </position>
                <position>
                    <lat>50.4513</lat>
                    <lon>14.3142</lon>
                    <date>2013-07-11T20:11:00+02:00</date>
                    <speedMph>496</speedMph>
                    <altitudeFt>32000</altitudeFt>
                </position>
                <position>
                    <lat>50.5557</lat>
                    <lon>14.4479</lon>
                    <date>2013-07-11T20:10:00+02:00</date>
                    <speedMph>500</speedMph>
                    <altitudeFt>32000</altitudeFt>
                </position>
                <position>
                    <lat>50.6637</lat>
                    <lon>14.587</lon>
                    <date>2013-07-11T20:09:00+02:00</date>
                    <speedMph>500</speedMph>
                    <altitudeFt>32000</altitudeFt>
                </position>
                <position>
                    <lat>50.781</lat>
                    <lon>14.739</lon>
                    <date>2013-07-11T20:08:00+02:00</date>
                    <speedMph>504</speedMph>
                    <altitudeFt>32000</altitudeFt>
                </position>
                <position>
                    <lat>50.8657</lat>
                    <lon>14.8821</lon>
                    <date>2013-07-11T20:07:00+02:00</date>
                    <speedMph>476</speedMph>
                    <altitudeFt>31480</altitudeFt>
                </position>
                <position>
                    <lat>50.9097</lat>
                    <lon>15.0688</lon>
                    <date>2013-07-11T20:06:00+02:00</date>
                    <speedMph>456</speedMph>
                    <altitudeFt>30250</altitudeFt>
                </position>
                <position>
                    <lat>50.9476</lat>
                    <lon>15.2676</lon>
                    <date>2013-07-11T20:05:00+02:00</date>
                    <speedMph>448</speedMph>
                    <altitudeFt>28900</altitudeFt>
                </position>
                <position>
                    <lat>50.9737</lat>
                    <lon>15.4562</lon>
                    <date>2013-07-11T20:04:00+02:00</date>
                    <speedMph>440</speedMph>
                    <altitudeFt>27600</altitudeFt>
                </position>
                <position>
                    <lat>50.9965</lat>
                    <lon>15.6393</lon>
                    <date>2013-07-11T20:03:00+02:00</date>
                    <speedMph>420</speedMph>
                    <altitudeFt>26230</altitudeFt>
                </position>
                <position>
                    <lat>51.0177</lat>
                    <lon>15.814</lon>
                    <date>2013-07-11T20:02:00+02:00</date>
                    <speedMph>392</speedMph>
                    <altitudeFt>24750</altitudeFt>
                </position>
                <position>
                    <lat>51.0377</lat>
                    <lon>15.9784</lon>
                    <date>2013-07-11T20:01:00+02:00</date>
                    <speedMph>368</speedMph>
                    <altitudeFt>22650</altitudeFt>
                </position>
                <position>
                    <lat>51.0565</lat>
                    <lon>16.1377</lon>
                    <date>2013-07-11T20:00:00+02:00</date>
                    <speedMph>348</speedMph>
                    <altitudeFt>20100</altitudeFt>
                </position>
                <position>
                    <lat>51.0743</lat>
                    <lon>16.2858</lon>
                    <date>2013-07-11T19:59:00+02:00</date>
                    <speedMph>332</speedMph>
                    <altitudeFt>17200</altitudeFt>
                </position>
                <position>
                    <lat>51.0894</lat>
                    <lon>16.4156</lon>
                    <date>2013-07-11T19:58:00+02:00</date>
                    <speedMph>340</speedMph>
                    <altitudeFt>13630</altitudeFt>
                </position>
                <position>
                    <lat>51.0992</lat>
                    <lon>16.5004</lon>
                    <date>2013-07-11T19:57:30+02:00</date>
                    <speedMph>320</speedMph>
                    <altitudeFt>11950</altitudeFt>
                </position>
                <position>
                    <lat>51.1062</lat>
                    <lon>16.5587</lon>
                    <date>2013-07-11T19:57:00+02:00</date>
                    <speedMph>288</speedMph>
                    <altitudeFt>11150</altitudeFt>
                </position>
                <position>
                    <lat>51.1099</lat>
                    <lon>16.6211</lon>
                    <date>2013-07-11T19:56:30+02:00</date>
                    <speedMph>248</speedMph>
                    <altitudeFt>9900</altitudeFt>
                </position>
                <position>
                    <lat>51.1087</lat>
                    <lon>16.6347</lon>
                    <date>2013-07-11T19:56:20+02:00</date>
                    <speedMph>236</speedMph>
                    <altitudeFt>9630</altitudeFt>
                </position>
                <position>
                    <lat>51.1048</lat>
                    <lon>16.6759</lon>
                    <date>2013-07-11T19:56:00+02:00</date>
                    <speedMph>232</speedMph>
                    <altitudeFt>8030</altitudeFt>
                </position>
                <position>
                    <lat>51.1055</lat>
                    <lon>16.689</lon>
                    <date>2013-07-11T19:55:50+02:00</date>
                    <speedMph>232</speedMph>
                    <altitudeFt>7550</altitudeFt>
                </position>
                <position>
                    <lat>51.1076</lat>
                    <lon>16.7092</lon>
                    <date>2013-07-11T19:55:40+02:00</date>
                    <speedMph>224</speedMph>
                    <altitudeFt>6880</altitudeFt>
                </position>
                <position>
                    <lat>51.1089</lat>
                    <lon>16.7218</lon>
                    <date>2013-07-11T19:55:30+02:00</date>
                    <speedMph>220</speedMph>
                    <altitudeFt>6430</altitudeFt>
                </position>
                <position>
                    <lat>51.1109</lat>
                    <lon>16.7404</lon>
                    <date>2013-07-11T19:55:20+02:00</date>
                    <speedMph>208</speedMph>
                    <altitudeFt>5780</altitudeFt>
                </position>
                <position>
                    <lat>51.1121</lat>
                    <lon>16.7518</lon>
                    <date>2013-07-11T19:55:10+02:00</date>
                    <speedMph>208</speedMph>
                    <altitudeFt>5300</altitudeFt>
                </position>
                <position>
                    <lat>51.1141</lat>
                    <lon>16.7726</lon>
                    <date>2013-07-11T19:55:00+02:00</date>
                    <speedMph>196</speedMph>
                    <altitudeFt>4550</altitudeFt>
                </position>
                <position>
                    <lat>51.1146</lat>
                    <lon>16.7783</lon>
                    <date>2013-07-11T19:54:55+02:00</date>
                    <speedMph>192</speedMph>
                    <altitudeFt>4400</altitudeFt>
                </position>
                <position>
                    <lat>51.1151</lat>
                    <lon>16.7838</lon>
                    <date>2013-07-11T19:54:50+02:00</date>
                    <speedMph>184</speedMph>
                    <altitudeFt>4280</altitudeFt>
                </position>
                <position>
                    <lat>51.1157</lat>
                    <lon>16.789</lon>
                    <date>2013-07-11T19:54:45+02:00</date>
                    <speedMph>180</speedMph>
                    <altitudeFt>4150</altitudeFt>
                </position>
                <position>
                    <lat>51.1162</lat>
                    <lon>16.7939</lon>
                    <date>2013-07-11T19:54:40+02:00</date>
                    <speedMph>176</speedMph>
                    <altitudeFt>4050</altitudeFt>
                </position>
                <position>
                    <lat>51.1168</lat>
                    <lon>16.7994</lon>
                    <date>2013-07-11T19:54:35+02:00</date>
                    <speedMph>168</speedMph>
                    <altitudeFt>3950</altitudeFt>
                </position>
                <position>
                    <lat>51.1181</lat>
                    <lon>16.8118</lon>
                    <date>2013-07-11T19:54:30+02:00</date>
                    <speedMph>156</speedMph>
                    <altitudeFt>3650</altitudeFt>
                </position>
                <position>
                    <lat>51.1189</lat>
                    <lon>16.8215</lon>
                    <date>2013-07-11T19:54:20+02:00</date>
                    <speedMph>152</speedMph>
                    <altitudeFt>3280</altitudeFt>
                </position>
                <position>
                    <lat>51.1191</lat>
                    <lon>16.8251</lon>
                    <date>2013-07-11T19:54:15+02:00</date>
                    <speedMph>152</speedMph>
                    <altitudeFt>3130</altitudeFt>
                </position>
                <position>
                    <lat>51.1189</lat>
                    <lon>16.8296</lon>
                    <date>2013-07-11T19:54:10+02:00</date>
                    <speedMph>152</speedMph>
                    <altitudeFt>2900</altitudeFt>
                </position>
                <position>
                    <lat>51.1181</lat>
                    <lon>16.8342</lon>
                    <date>2013-07-11T19:54:05+02:00</date>
                    <speedMph>148</speedMph>
                    <altitudeFt>2700</altitudeFt>
                </position>
                <position>
                    <lat>51.1159</lat>
                    <lon>16.8418</lon>
                    <date>2013-07-11T19:54:00+02:00</date>
                    <speedMph>140</speedMph>
                    <altitudeFt>2350</altitudeFt>
                </position>
                <position>
                    <lat>51.1149</lat>
                    <lon>16.8454</lon>
                    <date>2013-07-11T19:53:55+02:00</date>
                    <speedMph>140</speedMph>
                    <altitudeFt>2130</altitudeFt>
                </position>
                <position>
                    <lat>51.1138</lat>
                    <lon>16.8489</lon>
                    <date>2013-07-11T19:53:50+02:00</date>
                    <speedMph>144</speedMph>
                    <altitudeFt>1900</altitudeFt>
                </position>
                <position>
                    <lat>51.1127</lat>
                    <lon>16.8527</lon>
                    <date>2013-07-11T19:53:45+02:00</date>
                    <speedMph>144</speedMph>
                    <altitudeFt>1680</altitudeFt>
                </position>
                <position>
                    <lat>51.1115</lat>
                    <lon>16.8565</lon>
                    <date>2013-07-11T19:53:40+02:00</date>
                    <speedMph>148</speedMph>
                    <altitudeFt>1430</altitudeFt>
                </position>
                <position>
                    <lat>51.1091</lat>
                    <lon>16.8644</lon>
                    <date>2013-07-11T19:53:35+02:00</date>
                    <speedMph>148</speedMph>
                    <altitudeFt>1000</altitudeFt>
                </position>
                <position>
                    <lat>51.1069</lat>
                    <lon>16.8718</lon>
                    <date>2013-07-11T19:53:30+02:00</date>
                    <speedMph>152</speedMph>
                    <altitudeFt>580</altitudeFt>
                </position>
                <position>
                    <lat>51.1057</lat>
                    <lon>16.876</lon>
                    <date>2013-07-11T19:53:20+02:00</date>
                    <speedMph>156</speedMph>
                    <altitudeFt>400</altitudeFt>
                </position>
                <position>
                    <lat>51.1032</lat>
                    <lon>16.8841</lon>
                    <date>2013-07-11T19:53:15+02:00</date>
                    <speedMph>132</speedMph>
                    <altitudeFt>350</altitudeFt>
                </position>
                <position>
                    <lat>51.1022</lat>
                    <lon>16.8875</lon>
                    <date>2013-07-11T19:53:10+02:00</date>
                    <speedMph>116</speedMph>
                    <altitudeFt>350</altitudeFt>
                </position>
                <position>
                    <lat>51.1013</lat>
                    <lon>16.8902</lon>
                    <date>2013-07-11T19:53:05+02:00</date>
                    <speedMph>100</speedMph>
                    <altitudeFt>350</altitudeFt>
                </position>
                <position>
                    <lat>51.0992</lat>
                    <lon>16.8976</lon>
                    <date>2013-07-11T19:52:45+02:00</date>
                    <speedMph>32</speedMph>
                    <altitudeFt>0</altitudeFt>
                </position>
                <position>
                    <lat>51.0992</lat>
                    <lon>16.8978</lon>
                    <date>2013-07-11T19:52:40+02:00</date>
                    <speedMph>32</speedMph>
                    <altitudeFt>0</altitudeFt>
                </position>
                <position>
                    <lat>51.0995</lat>
                    <lon>16.8982</lon>
                    <date>2013-07-11T19:52:35+02:00</date>
                    <speedMph>32</speedMph>
                    <altitudeFt>0</altitudeFt>
                </position>
                <position>
                    <lat>51.1</lat>
                    <lon>16.8986</lon>
                    <date>2013-07-11T19:52:30+02:00</date>
                    <speedMph>36</speedMph>
                    <altitudeFt>0</altitudeFt>
                </position>
                <position>
                    <lat>51.1002</lat>
                    <lon>16.8987</lon>
                    <date>2013-07-11T19:52:20+02:00</date>
                    <speedMph>36</speedMph>
                    <altitudeFt>0</altitudeFt>
                </position>
                <position>
                    <lat>51.1007</lat>
                    <lon>16.8991</lon>
                    <date>2013-07-11T19:52:15+02:00</date>
                    <speedMph>32</speedMph>
                    <altitudeFt>0</altitudeFt>
                </position>
                <position>
                    <lat>51.1009</lat>
                    <lon>16.8993</lon>
                    <date>2013-07-11T19:52:10+02:00</date>
                    <speedMph>28</speedMph>
                    <altitudeFt>0</altitudeFt>
                </position>
                <position>
                    <lat>51.1011</lat>
                    <lon>16.8994</lon>
                    <date>2013-07-11T19:52:05+02:00</date>
                    <speedMph>28</speedMph>
                    <altitudeFt>0</altitudeFt>
                </position>
                <position>
                    <lat>51.1012</lat>
                    <lon>16.8996</lon>
                    <date>2013-07-11T19:52:00+02:00</date>
                    <speedMph>24</speedMph>
                    <altitudeFt>0</altitudeFt>
                </position>
                <position>
                    <lat>51.1017</lat>
                    <lon>16.8997</lon>
                    <date>2013-07-11T19:51:50+02:00</date>
                    <speedMph>24</speedMph>
                    <altitudeFt>0</altitudeFt>
                </position>
                <position>
                    <lat>51.1019</lat>
                    <lon>16.8996</lon>
                    <date>2013-07-11T19:51:45+02:00</date>
                    <speedMph>24</speedMph>
                    <altitudeFt>0</altitudeFt>
                </position>
                <position>
                    <lat>51.1021</lat>
                    <lon>16.8989</lon>
                    <date>2013-07-11T19:51:40+02:00</date>
                    <speedMph>20</speedMph>
                    <altitudeFt>0</altitudeFt>
                </position>
                <position>
                    <lat>51.1023</lat>
                    <lon>16.8983</lon>
                    <date>2013-07-11T19:51:35+02:00</date>
                    <speedMph>24</speedMph>
                    <altitudeFt>0</altitudeFt>
                </position>
                <position>
                    <lat>51.1025</lat>
                    <lon>16.8977</lon>
                    <date>2013-07-11T19:51:30+02:00</date>
                    <speedMph>28</speedMph>
                    <altitudeFt>0</altitudeFt>
                </position>
                <position>
                    <lat>51.103</lat>
                    <lon>16.896</lon>
                    <date>2013-07-11T19:51:20+02:00</date>
                    <speedMph>32</speedMph>
                    <altitudeFt>0</altitudeFt>
                </position>
                <position>
                    <lat>51.1035</lat>
                    <lon>16.8943</lon>
                    <date>2013-07-11T19:51:15+02:00</date>
                    <speedMph>32</speedMph>
                    <altitudeFt>0</altitudeFt>
                </position>
                <position>
                    <lat>51.1038</lat>
                    <lon>16.8934</lon>
                    <date>2013-07-11T19:51:10+02:00</date>
                    <speedMph>32</speedMph>
                    <altitudeFt>0</altitudeFt>
                </position>
                <position>
                    <lat>51.104</lat>
                    <lon>16.8927</lon>
                    <date>2013-07-11T19:51:05+02:00</date>
                    <speedMph>28</speedMph>
                    <altitudeFt>0</altitudeFt>
                </position>
                <position>
                    <lat>51.1042</lat>
                    <lon>16.8919</lon>
                    <date>2013-07-11T19:51:00+02:00</date>
                    <speedMph>28</speedMph>
                    <altitudeFt>0</altitudeFt>
                </position>
                <position>
                    <lat>51.105</lat>
                    <lon>16.8892</lon>
                    <date>2013-07-11T19:50:50+02:00</date>
                    <speedMph>28</speedMph>
                    <altitudeFt>0</altitudeFt>
                </position>
                <position>
                    <lat>51.1053</lat>
                    <lon>16.8884</lon>
                    <date>2013-07-11T19:50:45+02:00</date>
                    <speedMph>28</speedMph>
                    <altitudeFt>0</altitudeFt>
                </position>
                <position>
                    <lat>51.1055</lat>
                    <lon>16.8877</lon>
                    <date>2013-07-11T19:50:40+02:00</date>
                    <speedMph>28</speedMph>
                    <altitudeFt>0</altitudeFt>
                </position>
                <position>
                    <lat>51.1057</lat>
                    <lon>16.887</lon>
                    <date>2013-07-11T19:50:35+02:00</date>
                    <speedMph>28</speedMph>
                    <altitudeFt>0</altitudeFt>
                </position>
                <position>
                    <lat>51.1059</lat>
                    <lon>16.8864</lon>
                    <date>2013-07-11T19:50:30+02:00</date>
                    <speedMph>24</speedMph>
                    <altitudeFt>0</altitudeFt>
                </position>
                <position>
                    <lat>51.1066</lat>
                    <lon>16.8841</lon>
                    <date>2013-07-11T19:50:20+02:00</date>
                    <speedMph>24</speedMph>
                    <altitudeFt>0</altitudeFt>
                </position>
                <position>
                    <lat>51.1068</lat>
                    <lon>16.8835</lon>
                    <date>2013-07-11T19:50:15+02:00</date>
                    <speedMph>24</speedMph>
                    <altitudeFt>0</altitudeFt>
                </position>
                <position>
                    <lat>51.107</lat>
                    <lon>16.8829</lon>
                    <date>2013-07-11T19:50:10+02:00</date>
                    <speedMph>20</speedMph>
                    <altitudeFt>0</altitudeFt>
                </position>
                <position>
                    <lat>51.1071</lat>
                    <lon>16.8824</lon>
                    <date>2013-07-11T19:50:05+02:00</date>
                    <speedMph>20</speedMph>
                    <altitudeFt>0</altitudeFt>
                </position>
                <position>
                    <lat>51.1075</lat>
                    <lon>16.8812</lon>
                    <date>2013-07-11T19:50:00+02:00</date>
                    <speedMph>16</speedMph>
                    <altitudeFt>0</altitudeFt>
                </position>
                <position>
                    <lat>51.1076</lat>
                    <lon>16.8809</lon>
                    <date>2013-07-11T19:49:55+02:00</date>
                    <speedMph>16</speedMph>
                    <altitudeFt>0</altitudeFt>
                </position>
                <position>
                    <lat>51.1077</lat>
                    <lon>16.8804</lon>
                    <date>2013-07-11T19:49:50+02:00</date>
                    <speedMph>36</speedMph>
                    <altitudeFt>0</altitudeFt>
                </position>
                <position>
                    <lat>51.1078</lat>
                    <lon>16.8802</lon>
                    <date>2013-07-11T19:49:45+02:00</date>
                    <speedMph>32</speedMph>
                    <altitudeFt>0</altitudeFt>
                </position>
                <position>
                    <lat>51.1079</lat>
                    <lon>16.8798</lon>
                    <date>2013-07-11T19:49:40+02:00</date>
                    <speedMph>28</speedMph>
                    <altitudeFt>0</altitudeFt>
                </position>
                <position>
                    <lat>51.108</lat>
                    <lon>16.8794</lon>
                    <date>2013-07-11T19:49:35+02:00</date>
                    <speedMph>28</speedMph>
                    <altitudeFt>0</altitudeFt>
                </position>
                <position>
                    <lat>51.1082</lat>
                    <lon>16.8789</lon>
                    <date>2013-07-11T19:49:30+02:00</date>
                    <speedMph>20</speedMph>
                    <altitudeFt>0</altitudeFt>
                </position>
                <position>
                    <lat>51.1082</lat>
                    <lon>16.8787</lon>
                    <date>2013-07-11T19:49:25+02:00</date>
                    <speedMph>20</speedMph>
                    <altitudeFt>0</altitudeFt>
                </position>
                <position>
                    <lat>51.1083</lat>
                    <lon>16.8786</lon>
                    <date>2013-07-11T19:49:20+02:00</date>
                    <speedMph>16</speedMph>
                    <altitudeFt>0</altitudeFt>
                </position>
                <position>
                    <lat>51.1084</lat>
                    <lon>16.8784</lon>
                    <date>2013-07-11T19:49:15+02:00</date>
                    <speedMph>12</speedMph>
                    <altitudeFt>0</altitudeFt>
                </position>
                <position>
                    <lat>51.1084</lat>
                    <lon>16.8783</lon>
                    <date>2013-07-11T19:48:35+02:00</date>
                    <speedMph>0</speedMph>
                    <altitudeFt>0</altitudeFt>
                </position>
                <position>
                    <lat>51.1084</lat>
                    <lon>16.8783</lon>
                    <date>2013-07-11T19:48:20+02:00</date>
                    <speedMph>0</speedMph>
                    <altitudeFt>0</altitudeFt>
                </position>
                <position>
                    <lat>51.1084</lat>
                    <lon>16.8783</lon>
                    <date>2013-07-11T19:47:50+02:00</date>
                    <speedMph>0</speedMph>
                    <altitudeFt>0</altitudeFt>
                </position>
                <position>
                    <lat>51.1084</lat>
                    <lon>16.8783</lon>
                    <date>2013-07-11T19:47:40+02:00</date>
                    <speedMph>0</speedMph>
                    <altitudeFt>0</altitudeFt>
                </position>
                <position>
                    <lat>51.1084</lat>
                    <lon>16.8784</lon>
                    <date>2013-07-11T19:47:20+02:00</date>
                    <speedMph>8</speedMph>
                    <altitudeFt>0</altitudeFt>
                </position>
                <position>
                    <lat>51.1083</lat>
                    <lon>16.8787</lon>
                    <date>2013-07-11T19:47:00+02:00</date>
                    <speedMph>4</speedMph>
                    <altitudeFt>0</altitudeFt>
                </position>
                <position>
                    <lat>51.1084</lat>
                    <lon>16.8789</lon>
                    <date>2013-07-11T19:46:45+02:00</date>
                    <speedMph>4</speedMph>
                    <altitudeFt>0</altitudeFt>
                </position>
                <position>
                    <lat>51.1086</lat>
                    <lon>16.8792</lon>
                    <date>2013-07-11T19:46:20+02:00</date>
                    <speedMph>8</speedMph>
                    <altitudeFt>0</altitudeFt>
                </position>
            </positions>
        </flightTrack>
    </flightTracks>
</flightstatslog>
