<?xml version="1.0" encoding="UTF-8" standalone="yes"?>
<flightstatslog>
    <appendix>
        <airports>
            <airport>
                <fs>BUD</fs>
                <latitude>47.436933</latitude>
                <longitude>19.255592</longitude>
                <city>Budapest</city>
            </airport>
            <airport>
                <fs>AMS</fs>
                <latitude>52.308613</latitude>
                <longitude>4.763889</longitude>
                <city>Amsterdam</city>
            </airport>
        </airports>
    </appendix>
    <flightTracks>
        <flightTrack>
            <flightId>4738233</flightId>
            <departureAirportFsCode>BUD</departureAirportFsCode>
            <arrivalAirportFsCode>AMS</arrivalAirportFsCode>
            <positions>
                <position>
                    <lat>52.3051</lat>
                    <lon>4.7656</lon>
                    <date>2013-07-11T21:30:59+02:00</date>
                    <speedMph>4</speedMph>
                    <altitudeFt>0</altitudeFt>
                </position>
                <position>
                    <lat>52.3049</lat>
                    <lon>4.765</lon>
                    <date>2013-07-11T21:30:29+02:00</date>
                    <speedMph>16</speedMph>
                    <altitudeFt>0</altitudeFt>
                </position>
                <position>
                    <lat>52.3044</lat>
                    <lon>4.7651</lon>
                    <date>2013-07-11T21:30:14+02:00</date>
                    <speedMph>8</speedMph>
                    <altitudeFt>0</altitudeFt>
                </position>
                <position>
                    <lat>52.3032</lat>
                    <lon>4.7674</lon>
                    <date>2013-07-11T21:29:34+02:00</date>
                    <speedMph>32</speedMph>
                    <altitudeFt>0</altitudeFt>
                </position>
                <position>
                    <lat>52.302</lat>
                    <lon>4.7668</lon>
                    <date>2013-07-11T21:29:14+02:00</date>
                    <speedMph>16</speedMph>
                    <altitudeFt>0</altitudeFt>
                </position>
                <position>
                    <lat>52.3017</lat>
                    <lon>4.7666</lon>
                    <date>2013-07-11T21:29:09+02:00</date>
                    <speedMph>16</speedMph>
                    <altitudeFt>0</altitudeFt>
                </position>
                <position>
                    <lat>52.3014</lat>
                    <lon>4.7663</lon>
                    <date>2013-07-11T21:29:04+02:00</date>
                    <speedMph>16</speedMph>
                    <altitudeFt>0</altitudeFt>
                </position>
                <position>
                    <lat>52.3006</lat>
                    <lon>4.7656</lon>
                    <date>2013-07-11T21:28:54+02:00</date>
                    <speedMph>20</speedMph>
                    <altitudeFt>0</altitudeFt>
                </position>
                <position>
                    <lat>52.3003</lat>
                    <lon>4.7653</lon>
                    <date>2013-07-11T21:28:49+02:00</date>
                    <speedMph>24</speedMph>
                    <altitudeFt>0</altitudeFt>
                </position>
                <position>
                    <lat>52.3</lat>
                    <lon>4.765</lon>
                    <date>2013-07-11T21:28:44+02:00</date>
                    <speedMph>24</speedMph>
                    <altitudeFt>0</altitudeFt>
                </position>
                <position>
                    <lat>52.2993</lat>
                    <lon>4.7637</lon>
                    <date>2013-07-11T21:28:39+02:00</date>
                    <speedMph>32</speedMph>
                    <altitudeFt>0</altitudeFt>
                </position>
                <position>
                    <lat>52.2991</lat>
                    <lon>4.7631</lon>
                    <date>2013-07-11T21:28:34+02:00</date>
                    <speedMph>32</speedMph>
                    <altitudeFt>0</altitudeFt>
                </position>
                <position>
                    <lat>52.2944</lat>
                    <lon>4.7505</lon>
                    <date>2013-07-11T21:28:04+02:00</date>
                    <speedMph>92</speedMph>
                    <altitudeFt>0</altitudeFt>
                </position>
                <position>
                    <lat>52.2891</lat>
                    <lon>4.737</lon>
                    <date>2013-07-11T21:27:44+02:00</date>
                    <speedMph>120</speedMph>
                    <altitudeFt>0</altitudeFt>
                </position>
                <position>
                    <lat>52.288</lat>
                    <lon>4.7339</lon>
                    <date>2013-07-11T21:27:39+02:00</date>
                    <speedMph>120</speedMph>
                    <altitudeFt>0</altitudeFt>
                </position>
                <position>
                    <lat>52.2868</lat>
                    <lon>4.7308</lon>
                    <date>2013-07-11T21:27:34+02:00</date>
                    <speedMph>120</speedMph>
                    <altitudeFt>0</altitudeFt>
                </position>
                <position>
                    <lat>52.2856</lat>
                    <lon>4.7278</lon>
                    <date>2013-07-11T21:27:29+02:00</date>
                    <speedMph>120</speedMph>
                    <altitudeFt>0</altitudeFt>
                </position>
                <position>
                    <lat>52.2837</lat>
                    <lon>4.7233</lon>
                    <date>2013-07-11T21:27:24+02:00</date>
                    <speedMph>120</speedMph>
                    <altitudeFt>0</altitudeFt>
                </position>
                <position>
                    <lat>52.2821</lat>
                    <lon>4.7187</lon>
                    <date>2013-07-11T21:27:19+02:00</date>
                    <speedMph>116</speedMph>
                    <altitudeFt>0</altitudeFt>
                </position>
                <position>
                    <lat>52.2809</lat>
                    <lon>4.7156</lon>
                    <date>2013-07-11T21:27:14+02:00</date>
                    <speedMph>120</speedMph>
                    <altitudeFt>50</altitudeFt>
                </position>
                <position>
                    <lat>52.2794</lat>
                    <lon>4.7118</lon>
                    <date>2013-07-11T21:27:09+02:00</date>
                    <speedMph>120</speedMph>
                    <altitudeFt>100</altitudeFt>
                </position>
                <position>
                    <lat>52.2783</lat>
                    <lon>4.7087</lon>
                    <date>2013-07-11T21:27:04+02:00</date>
                    <speedMph>120</speedMph>
                    <altitudeFt>130</altitudeFt>
                </position>
                <position>
                    <lat>52.2763</lat>
                    <lon>4.7034</lon>
                    <date>2013-07-11T21:26:59+02:00</date>
                    <speedMph>120</speedMph>
                    <altitudeFt>200</altitudeFt>
                </position>
                <position>
                    <lat>52.275</lat>
                    <lon>4.7003</lon>
                    <date>2013-07-11T21:26:54+02:00</date>
                    <speedMph>120</speedMph>
                    <altitudeFt>250</altitudeFt>
                </position>
                <position>
                    <lat>52.2738</lat>
                    <lon>4.6972</lon>
                    <date>2013-07-11T21:26:49+02:00</date>
                    <speedMph>120</speedMph>
                    <altitudeFt>300</altitudeFt>
                </position>
                <position>
                    <lat>52.2714</lat>
                    <lon>4.6909</lon>
                    <date>2013-07-11T21:26:44+02:00</date>
                    <speedMph>120</speedMph>
                    <altitudeFt>400</altitudeFt>
                </position>
                <position>
                    <lat>52.2701</lat>
                    <lon>4.6879</lon>
                    <date>2013-07-11T21:26:39+02:00</date>
                    <speedMph>120</speedMph>
                    <altitudeFt>450</altitudeFt>
                </position>
                <position>
                    <lat>52.2688</lat>
                    <lon>4.6849</lon>
                    <date>2013-07-11T21:26:34+02:00</date>
                    <speedMph>120</speedMph>
                    <altitudeFt>500</altitudeFt>
                </position>
                <position>
                    <lat>52.2676</lat>
                    <lon>4.6818</lon>
                    <date>2013-07-11T21:26:29+02:00</date>
                    <speedMph>124</speedMph>
                    <altitudeFt>530</altitudeFt>
                </position>
                <position>
                    <lat>52.2663</lat>
                    <lon>4.6788</lon>
                    <date>2013-07-11T21:26:24+02:00</date>
                    <speedMph>124</speedMph>
                    <altitudeFt>550</altitudeFt>
                </position>
                <position>
                    <lat>52.2641</lat>
                    <lon>4.6722</lon>
                    <date>2013-07-11T21:26:19+02:00</date>
                    <speedMph>124</speedMph>
                    <altitudeFt>630</altitudeFt>
                </position>
                <position>
                    <lat>52.2629</lat>
                    <lon>4.6689</lon>
                    <date>2013-07-11T21:26:14+02:00</date>
                    <speedMph>124</speedMph>
                    <altitudeFt>680</altitudeFt>
                </position>
                <position>
                    <lat>52.2618</lat>
                    <lon>4.6656</lon>
                    <date>2013-07-11T21:26:09+02:00</date>
                    <speedMph>124</speedMph>
                    <altitudeFt>730</altitudeFt>
                </position>
                <position>
                    <lat>52.2593</lat>
                    <lon>4.6594</lon>
                    <date>2013-07-11T21:26:04+02:00</date>
                    <speedMph>124</speedMph>
                    <altitudeFt>850</altitudeFt>
                </position>
                <position>
                    <lat>52.2571</lat>
                    <lon>4.6548</lon>
                    <date>2013-07-11T21:25:59+02:00</date>
                    <speedMph>132</speedMph>
                    <altitudeFt>900</altitudeFt>
                </position>
                <position>
                    <lat>52.2564</lat>
                    <lon>4.6532</lon>
                    <date>2013-07-11T21:25:54+02:00</date>
                    <speedMph>132</speedMph>
                    <altitudeFt>930</altitudeFt>
                </position>
                <position>
                    <lat>52.2548</lat>
                    <lon>4.65</lon>
                    <date>2013-07-11T21:25:49+02:00</date>
                    <speedMph>132</speedMph>
                    <altitudeFt>930</altitudeFt>
                </position>
                <position>
                    <lat>52.2533</lat>
                    <lon>4.647</lon>
                    <date>2013-07-11T21:25:44+02:00</date>
                    <speedMph>132</speedMph>
                    <altitudeFt>930</altitudeFt>
                </position>
                <position>
                    <lat>52.2498</lat>
                    <lon>4.6417</lon>
                    <date>2013-07-11T21:25:39+02:00</date>
                    <speedMph>128</speedMph>
                    <altitudeFt>930</altitudeFt>
                </position>
                <position>
                    <lat>52.2479</lat>
                    <lon>4.6394</lon>
                    <date>2013-07-11T21:25:34+02:00</date>
                    <speedMph>128</speedMph>
                    <altitudeFt>930</altitudeFt>
                </position>
                <position>
                    <lat>52.2445</lat>
                    <lon>4.6361</lon>
                    <date>2013-07-11T21:25:29+02:00</date>
                    <speedMph>128</speedMph>
                    <altitudeFt>930</altitudeFt>
                </position>
                <position>
                    <lat>52.2314</lat>
                    <lon>4.6309</lon>
                    <date>2013-07-11T21:25:09+02:00</date>
                    <speedMph>136</speedMph>
                    <altitudeFt>900</altitudeFt>
                </position>
                <position>
                    <lat>52.2306</lat>
                    <lon>4.6309</lon>
                    <date>2013-07-11T21:25:04+02:00</date>
                    <speedMph>136</speedMph>
                    <altitudeFt>900</altitudeFt>
                </position>
                <position>
                    <lat>52.2275</lat>
                    <lon>4.6314</lon>
                    <date>2013-07-11T21:24:59+02:00</date>
                    <speedMph>140</speedMph>
                    <altitudeFt>930</altitudeFt>
                </position>
                <position>
                    <lat>52.2232</lat>
                    <lon>4.6336</lon>
                    <date>2013-07-11T21:24:54+02:00</date>
                    <speedMph>148</speedMph>
                    <altitudeFt>950</altitudeFt>
                </position>
                <position>
                    <lat>52.2193</lat>
                    <lon>4.6375</lon>
                    <date>2013-07-11T21:24:49+02:00</date>
                    <speedMph>152</speedMph>
                    <altitudeFt>1050</altitudeFt>
                </position>
                <position>
                    <lat>52.217</lat>
                    <lon>4.6393</lon>
                    <date>2013-07-11T21:24:44+02:00</date>
                    <speedMph>152</speedMph>
                    <altitudeFt>1130</altitudeFt>
                </position>
                <position>
                    <lat>52.2149</lat>
                    <lon>4.6417</lon>
                    <date>2013-07-11T21:24:39+02:00</date>
                    <speedMph>156</speedMph>
                    <altitudeFt>1200</altitudeFt>
                </position>
                <position>
                    <lat>52.2092</lat>
                    <lon>4.6475</lon>
                    <date>2013-07-11T21:24:34+02:00</date>
                    <speedMph>164</speedMph>
                    <altitudeFt>1300</altitudeFt>
                </position>
                <position>
                    <lat>52.2073</lat>
                    <lon>4.6496</lon>
                    <date>2013-07-11T21:24:29+02:00</date>
                    <speedMph>164</speedMph>
                    <altitudeFt>1350</altitudeFt>
                </position>
                <position>
                    <lat>52.2049</lat>
                    <lon>4.6522</lon>
                    <date>2013-07-11T21:24:24+02:00</date>
                    <speedMph>168</speedMph>
                    <altitudeFt>1400</altitudeFt>
                </position>
                <position>
                    <lat>52.2021</lat>
                    <lon>4.655</lon>
                    <date>2013-07-11T21:24:19+02:00</date>
                    <speedMph>172</speedMph>
                    <altitudeFt>1480</altitudeFt>
                </position>
                <position>
                    <lat>52.1993</lat>
                    <lon>4.6577</lon>
                    <date>2013-07-11T21:24:14+02:00</date>
                    <speedMph>176</speedMph>
                    <altitudeFt>1530</altitudeFt>
                </position>
                <position>
                    <lat>52.1944</lat>
                    <lon>4.6643</lon>
                    <date>2013-07-11T21:24:09+02:00</date>
                    <speedMph>180</speedMph>
                    <altitudeFt>1650</altitudeFt>
                </position>
                <position>
                    <lat>52.1922</lat>
                    <lon>4.6686</lon>
                    <date>2013-07-11T21:24:04+02:00</date>
                    <speedMph>184</speedMph>
                    <altitudeFt>1730</altitudeFt>
                </position>
                <position>
                    <lat>52.19</lat>
                    <lon>4.6745</lon>
                    <date>2013-07-11T21:23:59+02:00</date>
                    <speedMph>184</speedMph>
                    <altitudeFt>1730</altitudeFt>
                </position>
                <position>
                    <lat>52.1889</lat>
                    <lon>4.6782</lon>
                    <date>2013-07-11T21:23:54+02:00</date>
                    <speedMph>184</speedMph>
                    <altitudeFt>1730</altitudeFt>
                </position>
                <position>
                    <lat>52.185</lat>
                    <lon>4.6918</lon>
                    <date>2013-07-11T21:23:44+02:00</date>
                    <speedMph>184</speedMph>
                    <altitudeFt>1730</altitudeFt>
                </position>
                <position>
                    <lat>52.1818</lat>
                    <lon>4.7019</lon>
                    <date>2013-07-11T21:23:39+02:00</date>
                    <speedMph>184</speedMph>
                    <altitudeFt>1730</altitudeFt>
                </position>
                <position>
                    <lat>52.1806</lat>
                    <lon>4.7056</lon>
                    <date>2013-07-11T21:23:34+02:00</date>
                    <speedMph>188</speedMph>
                    <altitudeFt>1730</altitudeFt>
                </position>
                <position>
                    <lat>52.1772</lat>
                    <lon>4.7169</lon>
                    <date>2013-07-11T21:23:24+02:00</date>
                    <speedMph>188</speedMph>
                    <altitudeFt>1730</altitudeFt>
                </position>
                <position>
                    <lat>52.1726</lat>
                    <lon>4.731</lon>
                    <date>2013-07-11T21:23:14+02:00</date>
                    <speedMph>196</speedMph>
                    <altitudeFt>1730</altitudeFt>
                </position>
                <position>
                    <lat>52.1693</lat>
                    <lon>4.7415</lon>
                    <date>2013-07-11T21:23:04+02:00</date>
                    <speedMph>200</speedMph>
                    <altitudeFt>1730</altitudeFt>
                </position>
                <position>
                    <lat>52.1656</lat>
                    <lon>4.7536</lon>
                    <date>2013-07-11T21:22:59+02:00</date>
                    <speedMph>212</speedMph>
                    <altitudeFt>1700</altitudeFt>
                </position>
                <position>
                    <lat>52.1633</lat>
                    <lon>4.7625</lon>
                    <date>2013-07-11T21:22:54+02:00</date>
                    <speedMph>220</speedMph>
                    <altitudeFt>1730</altitudeFt>
                </position>
                <position>
                    <lat>52.1631</lat>
                    <lon>4.7641</lon>
                    <date>2013-07-11T21:22:49+02:00</date>
                    <speedMph>220</speedMph>
                    <altitudeFt>1730</altitudeFt>
                </position>
                <position>
                    <lat>52.1624</lat>
                    <lon>4.7706</lon>
                    <date>2013-07-11T21:22:44+02:00</date>
                    <speedMph>224</speedMph>
                    <altitudeFt>1730</altitudeFt>
                </position>
                <position>
                    <lat>52.1621</lat>
                    <lon>4.7842</lon>
                    <date>2013-07-11T21:22:39+02:00</date>
                    <speedMph>232</speedMph>
                    <altitudeFt>1750</altitudeFt>
                </position>
                <position>
                    <lat>52.162</lat>
                    <lon>4.7946</lon>
                    <date>2013-07-11T21:22:34+02:00</date>
                    <speedMph>232</speedMph>
                    <altitudeFt>1800</altitudeFt>
                </position>
                <position>
                    <lat>52.1619</lat>
                    <lon>4.7982</lon>
                    <date>2013-07-11T21:22:29+02:00</date>
                    <speedMph>232</speedMph>
                    <altitudeFt>1830</altitudeFt>
                </position>
                <position>
                    <lat>52.1618</lat>
                    <lon>4.8174</lon>
                    <date>2013-07-11T21:22:19+02:00</date>
                    <speedMph>232</speedMph>
                    <altitudeFt>2130</altitudeFt>
                </position>
                <position>
                    <lat>52.1617</lat>
                    <lon>4.8261</lon>
                    <date>2013-07-11T21:22:14+02:00</date>
                    <speedMph>232</speedMph>
                    <altitudeFt>2330</altitudeFt>
                </position>
                <position>
                    <lat>52.1614</lat>
                    <lon>4.8488</lon>
                    <date>2013-07-11T21:22:04+02:00</date>
                    <speedMph>232</speedMph>
                    <altitudeFt>2780</altitudeFt>
                </position>
                <position>
                    <lat>52.1614</lat>
                    <lon>4.8523</lon>
                    <date>2013-07-11T21:21:59+02:00</date>
                    <speedMph>232</speedMph>
                    <altitudeFt>2850</altitudeFt>
                </position>
                <position>
                    <lat>52.1611</lat>
                    <lon>4.868</lon>
                    <date>2013-07-11T21:21:54+02:00</date>
                    <speedMph>240</speedMph>
                    <altitudeFt>3050</altitudeFt>
                </position>
                <position>
                    <lat>52.1608</lat>
                    <lon>4.8806</lon>
                    <date>2013-07-11T21:21:44+02:00</date>
                    <speedMph>240</speedMph>
                    <altitudeFt>3250</altitudeFt>
                </position>
                <position>
                    <lat>52.1607</lat>
                    <lon>4.8878</lon>
                    <date>2013-07-11T21:21:39+02:00</date>
                    <speedMph>240</speedMph>
                    <altitudeFt>3380</altitudeFt>
                </position>
                <position>
                    <lat>52.1606</lat>
                    <lon>4.8949</lon>
                    <date>2013-07-11T21:21:34+02:00</date>
                    <speedMph>240</speedMph>
                    <altitudeFt>3500</altitudeFt>
                </position>
                <position>
                    <lat>52.1605</lat>
                    <lon>4.9006</lon>
                    <date>2013-07-11T21:21:29+02:00</date>
                    <speedMph>240</speedMph>
                    <altitudeFt>3600</altitudeFt>
                </position>
                <position>
                    <lat>52.1601</lat>
                    <lon>4.9222</lon>
                    <date>2013-07-11T21:21:24+02:00</date>
                    <speedMph>240</speedMph>
                    <altitudeFt>4000</altitudeFt>
                </position>
                <position>
                    <lat>52.16</lat>
                    <lon>4.9239</lon>
                    <date>2013-07-11T21:21:19+02:00</date>
                    <speedMph>240</speedMph>
                    <altitudeFt>4030</altitudeFt>
                </position>
                <position>
                    <lat>52.1599</lat>
                    <lon>4.9329</lon>
                    <date>2013-07-11T21:21:14+02:00</date>
                    <speedMph>236</speedMph>
                    <altitudeFt>4200</altitudeFt>
                </position>
                <position>
                    <lat>52.1597</lat>
                    <lon>4.9384</lon>
                    <date>2013-07-11T21:21:09+02:00</date>
                    <speedMph>236</speedMph>
                    <altitudeFt>4300</altitudeFt>
                </position>
                <position>
                    <lat>52.1595</lat>
                    <lon>4.9525</lon>
                    <date>2013-07-11T21:21:04+02:00</date>
                    <speedMph>240</speedMph>
                    <altitudeFt>4530</altitudeFt>
                </position>
                <position>
                    <lat>52.1593</lat>
                    <lon>4.9597</lon>
                    <date>2013-07-11T21:20:59+02:00</date>
                    <speedMph>240</speedMph>
                    <altitudeFt>4650</altitudeFt>
                </position>
                <position>
                    <lat>52.1592</lat>
                    <lon>4.9669</lon>
                    <date>2013-07-11T21:20:54+02:00</date>
                    <speedMph>240</speedMph>
                    <altitudeFt>4750</altitudeFt>
                </position>
                <position>
                    <lat>52.1589</lat>
                    <lon>4.9815</lon>
                    <date>2013-07-11T21:20:44+02:00</date>
                    <speedMph>244</speedMph>
                    <altitudeFt>4880</altitudeFt>
                </position>
                <position>
                    <lat>52.1586</lat>
                    <lon>4.996</lon>
                    <date>2013-07-11T21:20:39+02:00</date>
                    <speedMph>244</speedMph>
                    <altitudeFt>5000</altitudeFt>
                </position>
                <position>
                    <lat>52.1584</lat>
                    <lon>5.0109</lon>
                    <date>2013-07-11T21:20:29+02:00</date>
                    <speedMph>248</speedMph>
                    <altitudeFt>5130</altitudeFt>
                </position>
                <position>
                    <lat>52.1581</lat>
                    <lon>5.0332</lon>
                    <date>2013-07-11T21:20:19+02:00</date>
                    <speedMph>252</speedMph>
                    <altitudeFt>5300</altitudeFt>
                </position>
                <position>
                    <lat>52.1578</lat>
                    <lon>5.0483</lon>
                    <date>2013-07-11T21:20:09+02:00</date>
                    <speedMph>256</speedMph>
                    <altitudeFt>5400</altitudeFt>
                </position>
                <position>
                    <lat>52.1575</lat>
                    <lon>5.0716</lon>
                    <date>2013-07-11T21:19:59+02:00</date>
                    <speedMph>264</speedMph>
                    <altitudeFt>5500</altitudeFt>
                </position>
                <position>
                    <lat>52.1571</lat>
                    <lon>5.0954</lon>
                    <date>2013-07-11T21:19:49+02:00</date>
                    <speedMph>264</speedMph>
                    <altitudeFt>5730</altitudeFt>
                </position>
                <position>
                    <lat>52.1568</lat>
                    <lon>5.1114</lon>
                    <date>2013-07-11T21:19:39+02:00</date>
                    <speedMph>264</speedMph>
                    <altitudeFt>5900</altitudeFt>
                </position>
                <position>
                    <lat>52.1561</lat>
                    <lon>5.1512</lon>
                    <date>2013-07-11T21:19:29+02:00</date>
                    <speedMph>268</speedMph>
                    <altitudeFt>6400</altitudeFt>
                </position>
                <position>
                    <lat>52.1559</lat>
                    <lon>5.1651</lon>
                    <date>2013-07-11T21:19:19+02:00</date>
                    <speedMph>268</speedMph>
                    <altitudeFt>6530</altitudeFt>
                </position>
                <position>
                    <lat>52.1557</lat>
                    <lon>5.177</lon>
                    <date>2013-07-11T21:19:09+02:00</date>
                    <speedMph>268</speedMph>
                    <altitudeFt>6680</altitudeFt>
                </position>
                <position>
                    <lat>52.155</lat>
                    <lon>5.2134</lon>
                    <date>2013-07-11T21:18:59+02:00</date>
                    <speedMph>272</speedMph>
                    <altitudeFt>7030</altitudeFt>
                </position>
                <position>
                    <lat>52.1547</lat>
                    <lon>5.2338</lon>
                    <date>2013-07-11T21:18:49+02:00</date>
                    <speedMph>276</speedMph>
                    <altitudeFt>7200</altitudeFt>
                </position>
                <position>
                    <lat>52.1544</lat>
                    <lon>5.2505</lon>
                    <date>2013-07-11T21:18:39+02:00</date>
                    <speedMph>280</speedMph>
                    <altitudeFt>7350</altitudeFt>
                </position>
                <position>
                    <lat>52.1541</lat>
                    <lon>5.2672</lon>
                    <date>2013-07-11T21:18:29+02:00</date>
                    <speedMph>280</speedMph>
                    <altitudeFt>7500</altitudeFt>
                </position>
                <position>
                    <lat>52.1536</lat>
                    <lon>5.2925</lon>
                    <date>2013-07-11T21:18:19+02:00</date>
                    <speedMph>284</speedMph>
                    <altitudeFt>7680</altitudeFt>
                </position>
                <position>
                    <lat>52.1531</lat>
                    <lon>5.3181</lon>
                    <date>2013-07-11T21:18:09+02:00</date>
                    <speedMph>284</speedMph>
                    <altitudeFt>7800</altitudeFt>
                </position>
                <position>
                    <lat>52.1523</lat>
                    <lon>5.3566</lon>
                    <date>2013-07-11T21:17:59+02:00</date>
                    <speedMph>284</speedMph>
                    <altitudeFt>8030</altitudeFt>
                </position>
                <position>
                    <lat>52.1521</lat>
                    <lon>5.3672</lon>
                    <date>2013-07-11T21:17:49+02:00</date>
                    <speedMph>284</speedMph>
                    <altitudeFt>8100</altitudeFt>
                </position>
                <position>
                    <lat>52.1518</lat>
                    <lon>5.3758</lon>
                    <date>2013-07-11T21:17:39+02:00</date>
                    <speedMph>284</speedMph>
                    <altitudeFt>8150</altitudeFt>
                </position>
                <position>
                    <lat>52.1511</lat>
                    <lon>5.4078</lon>
                    <date>2013-07-11T21:17:29+02:00</date>
                    <speedMph>284</speedMph>
                    <altitudeFt>8330</altitudeFt>
                </position>
                <position>
                    <lat>52.1495</lat>
                    <lon>5.4659</lon>
                    <date>2013-07-11T21:16:54+02:00</date>
                    <speedMph>288</speedMph>
                    <altitudeFt>8650</altitudeFt>
                </position>
                <position>
                    <lat>52.1495</lat>
                    <lon>5.4703</lon>
                    <date>2013-07-11T21:16:44+02:00</date>
                    <speedMph>288</speedMph>
                    <altitudeFt>8680</altitudeFt>
                </position>
                <position>
                    <lat>52.151</lat>
                    <lon>5.4964</lon>
                    <date>2013-07-11T21:16:34+02:00</date>
                    <speedMph>292</speedMph>
                    <altitudeFt>8880</altitudeFt>
                </position>
                <position>
                    <lat>52.1524</lat>
                    <lon>5.5136</lon>
                    <date>2013-07-11T21:16:24+02:00</date>
                    <speedMph>292</speedMph>
                    <altitudeFt>9030</altitudeFt>
                </position>
                <position>
                    <lat>52.1545</lat>
                    <lon>5.5398</lon>
                    <date>2013-07-11T21:16:14+02:00</date>
                    <speedMph>292</speedMph>
                    <altitudeFt>9280</altitudeFt>
                </position>
                <position>
                    <lat>52.157</lat>
                    <lon>5.5656</lon>
                    <date>2013-07-11T21:16:04+02:00</date>
                    <speedMph>292</speedMph>
                    <altitudeFt>9500</altitudeFt>
                </position>
                <position>
                    <lat>52.1588</lat>
                    <lon>5.5829</lon>
                    <date>2013-07-11T21:15:54+02:00</date>
                    <speedMph>292</speedMph>
                    <altitudeFt>9630</altitudeFt>
                </position>
                <position>
                    <lat>52.1605</lat>
                    <lon>5.6004</lon>
                    <date>2013-07-11T21:15:44+02:00</date>
                    <speedMph>296</speedMph>
                    <altitudeFt>9730</altitudeFt>
                </position>
                <position>
                    <lat>52.1631</lat>
                    <lon>5.6271</lon>
                    <date>2013-07-11T21:15:34+02:00</date>
                    <speedMph>300</speedMph>
                    <altitudeFt>9880</altitudeFt>
                </position>
                <position>
                    <lat>52.1689</lat>
                    <lon>5.6861</lon>
                    <date>2013-07-11T21:15:14+02:00</date>
                    <speedMph>312</speedMph>
                    <altitudeFt>10400</altitudeFt>
                </position>
                <position>
                    <lat>52.1765</lat>
                    <lon>5.7622</lon>
                    <date>2013-07-11T21:14:44+02:00</date>
                    <speedMph>336</speedMph>
                    <altitudeFt>10880</altitudeFt>
                </position>
                <position>
                    <lat>52.1828</lat>
                    <lon>5.8323</lon>
                    <date>2013-07-11T21:14:14+02:00</date>
                    <speedMph>336</speedMph>
                    <altitudeFt>11800</altitudeFt>
                </position>
                <position>
                    <lat>52.1807</lat>
                    <lon>5.8954</lon>
                    <date>2013-07-11T21:13:44+02:00</date>
                    <speedMph>336</speedMph>
                    <altitudeFt>12750</altitudeFt>
                </position>
                <position>
                    <lat>52.178</lat>
                    <lon>5.9739</lon>
                    <date>2013-07-11T21:13:14+02:00</date>
                    <speedMph>340</speedMph>
                    <altitudeFt>13900</altitudeFt>
                </position>
                <position>
                    <lat>52.1754</lat>
                    <lon>6.0457</lon>
                    <date>2013-07-11T21:12:44+02:00</date>
                    <speedMph>344</speedMph>
                    <altitudeFt>14900</altitudeFt>
                </position>
                <position>
                    <lat>52.1716</lat>
                    <lon>6.1472</lon>
                    <date>2013-07-11T21:12:04+02:00</date>
                    <speedMph>352</speedMph>
                    <altitudeFt>16300</altitudeFt>
                </position>
                <position>
                    <lat>52.1636</lat>
                    <lon>6.3578</lon>
                    <date>2013-07-11T21:10:52+02:00</date>
                    <speedMph>360</speedMph>
                    <altitudeFt>19530</altitudeFt>
                </position>
                <position>
                    <lat>52.1568</lat>
                    <lon>6.5238</lon>
                    <date>2013-07-11T21:09:52+02:00</date>
                    <speedMph>368</speedMph>
                    <altitudeFt>21880</altitudeFt>
                </position>
                <position>
                    <lat>52.1486</lat>
                    <lon>6.7206</lon>
                    <date>2013-07-11T21:08:52+02:00</date>
                    <speedMph>388</speedMph>
                    <altitudeFt>24550</altitudeFt>
                </position>
                <position>
                    <lat>52.1544</lat>
                    <lon>6.8617</lon>
                    <date>2013-07-11T21:07:52+02:00</date>
                    <speedMph>396</speedMph>
                    <altitudeFt>26480</altitudeFt>
                </position>
                <position>
                    <lat>52.1633</lat>
                    <lon>7.0757</lon>
                    <date>2013-07-11T21:06:52+02:00</date>
                    <speedMph>404</speedMph>
                    <altitudeFt>29450</altitudeFt>
                </position>
                <position>
                    <lat>52.138</lat>
                    <lon>7.2081</lon>
                    <date>2013-07-11T21:05:52+02:00</date>
                    <speedMph>408</speedMph>
                    <altitudeFt>31280</altitudeFt>
                </position>
                <position>
                    <lat>52.0959</lat>
                    <lon>7.3838</lon>
                    <date>2013-07-11T21:04:52+02:00</date>
                    <speedMph>412</speedMph>
                    <altitudeFt>32880</altitudeFt>
                </position>
                <position>
                    <lat>52.0506</lat>
                    <lon>7.5529</lon>
                    <date>2013-07-11T21:03:52+02:00</date>
                    <speedMph>408</speedMph>
                    <altitudeFt>33850</altitudeFt>
                </position>
                <position>
                    <lat>52.0013</lat>
                    <lon>7.7239</lon>
                    <date>2013-07-11T21:02:52+02:00</date>
                    <speedMph>404</speedMph>
                    <altitudeFt>34850</altitudeFt>
                </position>
                <position>
                    <lat>51.9557</lat>
                    <lon>7.8799</lon>
                    <date>2013-07-11T21:01:52+02:00</date>
                    <speedMph>400</speedMph>
                    <altitudeFt>35780</altitudeFt>
                </position>
                <position>
                    <lat>51.9077</lat>
                    <lon>8.0411</lon>
                    <date>2013-07-11T21:00:52+02:00</date>
                    <speedMph>408</speedMph>
                    <altitudeFt>36750</altitudeFt>
                </position>
                <position>
                    <lat>51.8569</lat>
                    <lon>8.2138</lon>
                    <date>2013-07-11T20:59:52+02:00</date>
                    <speedMph>408</speedMph>
                    <altitudeFt>38250</altitudeFt>
                </position>
                <position>
                    <lat>51.8068</lat>
                    <lon>8.3801</lon>
                    <date>2013-07-11T20:58:52+02:00</date>
                    <speedMph>416</speedMph>
                    <altitudeFt>39730</altitudeFt>
                </position>
                <position>
                    <lat>51.7646</lat>
                    <lon>8.5214</lon>
                    <date>2013-07-11T20:57:52+02:00</date>
                    <speedMph>412</speedMph>
                    <altitudeFt>40000</altitudeFt>
                </position>
                <position>
                    <lat>51.7118</lat>
                    <lon>8.6953</lon>
                    <date>2013-07-11T20:56:52+02:00</date>
                    <speedMph>412</speedMph>
                    <altitudeFt>40000</altitudeFt>
                </position>
                <position>
                    <lat>51.6615</lat>
                    <lon>8.8603</lon>
                    <date>2013-07-11T20:55:52+02:00</date>
                    <speedMph>412</speedMph>
                    <altitudeFt>40000</altitudeFt>
                </position>
                <position>
                    <lat>51.6058</lat>
                    <lon>9.0412</lon>
                    <date>2013-07-11T20:54:52+02:00</date>
                    <speedMph>412</speedMph>
                    <altitudeFt>40000</altitudeFt>
                </position>
                <position>
                    <lat>51.5589</lat>
                    <lon>9.1919</lon>
                    <date>2013-07-11T20:53:52+02:00</date>
                    <speedMph>412</speedMph>
                    <altitudeFt>40000</altitudeFt>
                </position>
                <position>
                    <lat>51.506</lat>
                    <lon>9.3633</lon>
                    <date>2013-07-11T20:52:52+02:00</date>
                    <speedMph>408</speedMph>
                    <altitudeFt>40000</altitudeFt>
                </position>
                <position>
                    <lat>51.4537</lat>
                    <lon>9.5303</lon>
                    <date>2013-07-11T20:51:52+02:00</date>
                    <speedMph>408</speedMph>
                    <altitudeFt>40000</altitudeFt>
                </position>
                <position>
                    <lat>51.4061</lat>
                    <lon>9.6831</lon>
                    <date>2013-07-11T20:50:52+02:00</date>
                    <speedMph>404</speedMph>
                    <altitudeFt>40000</altitudeFt>
                </position>
                <position>
                    <lat>51.3501</lat>
                    <lon>9.8593</lon>
                    <date>2013-07-11T20:49:52+02:00</date>
                    <speedMph>404</speedMph>
                    <altitudeFt>40000</altitudeFt>
                </position>
                <position>
                    <lat>51.3031</lat>
                    <lon>10.0054</lon>
                    <date>2013-07-11T20:48:52+02:00</date>
                    <speedMph>404</speedMph>
                    <altitudeFt>40000</altitudeFt>
                </position>
                <position>
                    <lat>51.2542</lat>
                    <lon>10.1566</lon>
                    <date>2013-07-11T20:47:52+02:00</date>
                    <speedMph>404</speedMph>
                    <altitudeFt>40000</altitudeFt>
                </position>
                <position>
                    <lat>51.2023</lat>
                    <lon>10.3178</lon>
                    <date>2013-07-11T20:46:52+02:00</date>
                    <speedMph>404</speedMph>
                    <altitudeFt>40000</altitudeFt>
                </position>
                <position>
                    <lat>51.1511</lat>
                    <lon>10.4741</lon>
                    <date>2013-07-11T20:45:52+02:00</date>
                    <speedMph>408</speedMph>
                    <altitudeFt>40000</altitudeFt>
                </position>
                <position>
                    <lat>51.0971</lat>
                    <lon>10.6381</lon>
                    <date>2013-07-11T20:44:52+02:00</date>
                    <speedMph>408</speedMph>
                    <altitudeFt>40000</altitudeFt>
                </position>
                <position>
                    <lat>51.048</lat>
                    <lon>10.787</lon>
                    <date>2013-07-11T20:43:52+02:00</date>
                    <speedMph>412</speedMph>
                    <altitudeFt>40000</altitudeFt>
                </position>
                <position>
                    <lat>50.9939</lat>
                    <lon>10.9501</lon>
                    <date>2013-07-11T20:42:52+02:00</date>
                    <speedMph>412</speedMph>
                    <altitudeFt>40000</altitudeFt>
                </position>
                <position>
                    <lat>50.9415</lat>
                    <lon>11.1074</lon>
                    <date>2013-07-11T20:41:52+02:00</date>
                    <speedMph>412</speedMph>
                    <altitudeFt>40000</altitudeFt>
                </position>
                <position>
                    <lat>50.8857</lat>
                    <lon>11.2718</lon>
                    <date>2013-07-11T20:40:52+02:00</date>
                    <speedMph>412</speedMph>
                    <altitudeFt>40000</altitudeFt>
                </position>
                <position>
                    <lat>50.8337</lat>
                    <lon>11.4279</lon>
                    <date>2013-07-11T20:39:52+02:00</date>
                    <speedMph>408</speedMph>
                    <altitudeFt>40000</altitudeFt>
                </position>
                <position>
                    <lat>50.7802</lat>
                    <lon>11.5831</lon>
                    <date>2013-07-11T20:38:52+02:00</date>
                    <speedMph>408</speedMph>
                    <altitudeFt>40000</altitudeFt>
                </position>
                <position>
                    <lat>50.7242</lat>
                    <lon>11.7455</lon>
                    <date>2013-07-11T20:37:52+02:00</date>
                    <speedMph>408</speedMph>
                    <altitudeFt>40000</altitudeFt>
                </position>
                <position>
                    <lat>50.6699</lat>
                    <lon>11.9052</lon>
                    <date>2013-07-11T20:36:52+02:00</date>
                    <speedMph>408</speedMph>
                    <altitudeFt>40000</altitudeFt>
                </position>
                <position>
                    <lat>50.6179</lat>
                    <lon>12.054</lon>
                    <date>2013-07-11T20:35:52+02:00</date>
                    <speedMph>408</speedMph>
                    <altitudeFt>40000</altitudeFt>
                </position>
                <position>
                    <lat>50.5616</lat>
                    <lon>12.2156</lon>
                    <date>2013-07-11T20:34:52+02:00</date>
                    <speedMph>408</speedMph>
                    <altitudeFt>40000</altitudeFt>
                </position>
                <position>
                    <lat>50.5089</lat>
                    <lon>12.3683</lon>
                    <date>2013-07-11T20:33:52+02:00</date>
                    <speedMph>408</speedMph>
                    <altitudeFt>40000</altitudeFt>
                </position>
                <position>
                    <lat>50.4543</lat>
                    <lon>12.5215</lon>
                    <date>2013-07-11T20:32:52+02:00</date>
                    <speedMph>408</speedMph>
                    <altitudeFt>40000</altitudeFt>
                </position>
                <position>
                    <lat>50.3965</lat>
                    <lon>12.6846</lon>
                    <date>2013-07-11T20:31:52+02:00</date>
                    <speedMph>412</speedMph>
                    <altitudeFt>40000</altitudeFt>
                </position>
                <position>
                    <lat>50.3361</lat>
                    <lon>12.8531</lon>
                    <date>2013-07-11T20:30:52+02:00</date>
                    <speedMph>412</speedMph>
                    <altitudeFt>40000</altitudeFt>
                </position>
                <position>
                    <lat>50.2833</lat>
                    <lon>12.9999</lon>
                    <date>2013-07-11T20:29:52+02:00</date>
                    <speedMph>412</speedMph>
                    <altitudeFt>40000</altitudeFt>
                </position>
                <position>
                    <lat>50.2273</lat>
                    <lon>13.1559</lon>
                    <date>2013-07-11T20:28:52+02:00</date>
                    <speedMph>416</speedMph>
                    <altitudeFt>40000</altitudeFt>
                </position>
                <position>
                    <lat>50.1692</lat>
                    <lon>13.3154</lon>
                    <date>2013-07-11T20:27:52+02:00</date>
                    <speedMph>420</speedMph>
                    <altitudeFt>40000</altitudeFt>
                </position>
                <position>
                    <lat>50.1108</lat>
                    <lon>13.473</lon>
                    <date>2013-07-11T20:26:52+02:00</date>
                    <speedMph>420</speedMph>
                    <altitudeFt>40000</altitudeFt>
                </position>
                <position>
                    <lat>50.0571</lat>
                    <lon>13.6201</lon>
                    <date>2013-07-11T20:25:52+02:00</date>
                    <speedMph>420</speedMph>
                    <altitudeFt>40000</altitudeFt>
                </position>
                <position>
                    <lat>49.9971</lat>
                    <lon>13.7827</lon>
                    <date>2013-07-11T20:24:52+02:00</date>
                    <speedMph>424</speedMph>
                    <altitudeFt>40000</altitudeFt>
                </position>
                <position>
                    <lat>49.9377</lat>
                    <lon>13.9422</lon>
                    <date>2013-07-11T20:23:52+02:00</date>
                    <speedMph>424</speedMph>
                    <altitudeFt>40000</altitudeFt>
                </position>
                <position>
                    <lat>49.8871</lat>
                    <lon>14.0927</lon>
                    <date>2013-07-11T20:22:52+02:00</date>
                    <speedMph>424</speedMph>
                    <altitudeFt>40000</altitudeFt>
                </position>
                <position>
                    <lat>49.8409</lat>
                    <lon>14.2657</lon>
                    <date>2013-07-11T20:21:52+02:00</date>
                    <speedMph>424</speedMph>
                    <altitudeFt>40000</altitudeFt>
                </position>
                <position>
                    <lat>49.7971</lat>
                    <lon>14.4274</lon>
                    <date>2013-07-11T20:20:52+02:00</date>
                    <speedMph>424</speedMph>
                    <altitudeFt>40000</altitudeFt>
                </position>
                <position>
                    <lat>49.7487</lat>
                    <lon>14.5999</lon>
                    <date>2013-07-11T20:19:52+02:00</date>
                    <speedMph>424</speedMph>
                    <altitudeFt>40000</altitudeFt>
                </position>
                <position>
                    <lat>49.7027</lat>
                    <lon>14.7691</lon>
                    <date>2013-07-11T20:18:52+02:00</date>
                    <speedMph>424</speedMph>
                    <altitudeFt>40000</altitudeFt>
                </position>
                <position>
                    <lat>49.6583</lat>
                    <lon>14.9265</lon>
                    <date>2013-07-11T20:17:52+02:00</date>
                    <speedMph>420</speedMph>
                    <altitudeFt>40000</altitudeFt>
                </position>
                <position>
                    <lat>49.6095</lat>
                    <lon>15.1018</lon>
                    <date>2013-07-11T20:16:52+02:00</date>
                    <speedMph>420</speedMph>
                    <altitudeFt>40000</altitudeFt>
                </position>
                <position>
                    <lat>49.5655</lat>
                    <lon>15.2573</lon>
                    <date>2013-07-11T20:15:52+02:00</date>
                    <speedMph>416</speedMph>
                    <altitudeFt>40000</altitudeFt>
                </position>
                <position>
                    <lat>49.5174</lat>
                    <lon>15.4256</lon>
                    <date>2013-07-11T20:14:52+02:00</date>
                    <speedMph>416</speedMph>
                    <altitudeFt>40000</altitudeFt>
                </position>
                <position>
                    <lat>49.4714</lat>
                    <lon>15.588</lon>
                    <date>2013-07-11T20:13:52+02:00</date>
                    <speedMph>416</speedMph>
                    <altitudeFt>40000</altitudeFt>
                </position>
                <position>
                    <lat>49.4256</lat>
                    <lon>15.747</lon>
                    <date>2013-07-11T20:12:52+02:00</date>
                    <speedMph>416</speedMph>
                    <altitudeFt>40000</altitudeFt>
                </position>
                <position>
                    <lat>49.3794</lat>
                    <lon>15.9059</lon>
                    <date>2013-07-11T20:11:52+02:00</date>
                    <speedMph>416</speedMph>
                    <altitudeFt>40000</altitudeFt>
                </position>
                <position>
                    <lat>49.3309</lat>
                    <lon>16.0711</lon>
                    <date>2013-07-11T20:10:50+02:00</date>
                    <speedMph>408</speedMph>
                    <altitudeFt>40000</altitudeFt>
                </position>
                <position>
                    <lat>49.283</lat>
                    <lon>16.2343</lon>
                    <date>2013-07-11T20:09:50+02:00</date>
                    <speedMph>408</speedMph>
                    <altitudeFt>40000</altitudeFt>
                </position>
                <position>
                    <lat>49.236</lat>
                    <lon>16.3926</lon>
                    <date>2013-07-11T20:08:50+02:00</date>
                    <speedMph>412</speedMph>
                    <altitudeFt>40000</altitudeFt>
                </position>
                <position>
                    <lat>49.1899</lat>
                    <lon>16.5484</lon>
                    <date>2013-07-11T20:07:50+02:00</date>
                    <speedMph>412</speedMph>
                    <altitudeFt>40000</altitudeFt>
                </position>
                <position>
                    <lat>49.1405</lat>
                    <lon>16.7122</lon>
                    <date>2013-07-11T20:06:50+02:00</date>
                    <speedMph>416</speedMph>
                    <altitudeFt>40000</altitudeFt>
                </position>
                <position>
                    <lat>49.0923</lat>
                    <lon>16.8746</lon>
                    <date>2013-07-11T20:05:50+02:00</date>
                    <speedMph>416</speedMph>
                    <altitudeFt>40000</altitudeFt>
                </position>
                <position>
                    <lat>49.0471</lat>
                    <lon>17.0233</lon>
                    <date>2013-07-11T20:04:50+02:00</date>
                    <speedMph>416</speedMph>
                    <altitudeFt>40000</altitudeFt>
                </position>
                <position>
                    <lat>48.998</lat>
                    <lon>17.1852</lon>
                    <date>2013-07-11T20:03:50+02:00</date>
                    <speedMph>416</speedMph>
                    <altitudeFt>40000</altitudeFt>
                </position>
                <position>
                    <lat>48.9495</lat>
                    <lon>17.3429</lon>
                    <date>2013-07-11T20:02:50+02:00</date>
                    <speedMph>424</speedMph>
                    <altitudeFt>40000</altitudeFt>
                </position>
                <position>
                    <lat>48.8908</lat>
                    <lon>17.4971</lon>
                    <date>2013-07-11T20:01:50+02:00</date>
                    <speedMph>428</speedMph>
                    <altitudeFt>40000</altitudeFt>
                </position>
                <position>
                    <lat>48.821</lat>
                    <lon>17.6453</lon>
                    <date>2013-07-11T20:00:50+02:00</date>
                    <speedMph>420</speedMph>
                    <altitudeFt>39650</altitudeFt>
                </position>
                <position>
                    <lat>48.7539</lat>
                    <lon>17.788</lon>
                    <date>2013-07-11T19:59:50+02:00</date>
                    <speedMph>420</speedMph>
                    <altitudeFt>38400</altitudeFt>
                </position>
                <position>
                    <lat>48.6718</lat>
                    <lon>17.9151</lon>
                    <date>2013-07-11T19:58:50+02:00</date>
                    <speedMph>428</speedMph>
                    <altitudeFt>36850</altitudeFt>
                </position>
                <position>
                    <lat>48.5694</lat>
                    <lon>18.0132</lon>
                    <date>2013-07-11T19:57:50+02:00</date>
                    <speedMph>428</speedMph>
                    <altitudeFt>35180</altitudeFt>
                </position>
                <position>
                    <lat>48.4692</lat>
                    <lon>18.1104</lon>
                    <date>2013-07-11T19:56:50+02:00</date>
                    <speedMph>420</speedMph>
                    <altitudeFt>34830</altitudeFt>
                </position>
                <position>
                    <lat>48.3678</lat>
                    <lon>18.2063</lon>
                    <date>2013-07-11T19:55:50+02:00</date>
                    <speedMph>424</speedMph>
                    <altitudeFt>34000</altitudeFt>
                </position>
                <position>
                    <lat>48.2595</lat>
                    <lon>18.311</lon>
                    <date>2013-07-11T19:54:50+02:00</date>
                    <speedMph>420</speedMph>
                    <altitudeFt>33900</altitudeFt>
                </position>
                <position>
                    <lat>48.1685</lat>
                    <lon>18.3973</lon>
                    <date>2013-07-11T19:53:50+02:00</date>
                    <speedMph>412</speedMph>
                    <altitudeFt>31930</altitudeFt>
                </position>
                <position>
                    <lat>48.0812</lat>
                    <lon>18.5091</lon>
                    <date>2013-07-11T19:52:50+02:00</date>
                    <speedMph>408</speedMph>
                    <altitudeFt>29750</altitudeFt>
                </position>
                <position>
                    <lat>47.9973</lat>
                    <lon>18.6172</lon>
                    <date>2013-07-11T19:51:50+02:00</date>
                    <speedMph>384</speedMph>
                    <altitudeFt>27530</altitudeFt>
                </position>
                <position>
                    <lat>47.9099</lat>
                    <lon>18.7288</lon>
                    <date>2013-07-11T19:50:50+02:00</date>
                    <speedMph>368</speedMph>
                    <altitudeFt>24650</altitudeFt>
                </position>
                <position>
                    <lat>47.8374</lat>
                    <lon>18.8161</lon>
                    <date>2013-07-11T19:49:50+02:00</date>
                    <speedMph>364</speedMph>
                    <altitudeFt>21880</altitudeFt>
                </position>
                <position>
                    <lat>47.749</lat>
                    <lon>18.9029</lon>
                    <date>2013-07-11T19:48:50+02:00</date>
                    <speedMph>336</speedMph>
                    <altitudeFt>18350</altitudeFt>
                </position>
                <position>
                    <lat>47.67</lat>
                    <lon>18.98</lon>
                    <date>2013-07-11T19:47:50+02:00</date>
                    <speedMph>344</speedMph>
                    <altitudeFt>14230</altitudeFt>
                </position>
                <position>
                    <lat>47.6353</lat>
                    <lon>19.0131</lon>
                    <date>2013-07-11T19:47:20+02:00</date>
                    <speedMph>328</speedMph>
                    <altitudeFt>12650</altitudeFt>
                </position>
                <position>
                    <lat>47.5978</lat>
                    <lon>19.0493</lon>
                    <date>2013-07-11T19:46:50+02:00</date>
                    <speedMph>296</speedMph>
                    <altitudeFt>11200</altitudeFt>
                </position>
                <position>
                    <lat>47.5652</lat>
                    <lon>19.0808</lon>
                    <date>2013-07-11T19:46:20+02:00</date>
                    <speedMph>268</speedMph>
                    <altitudeFt>9800</altitudeFt>
                </position>
                <position>
                    <lat>47.5502</lat>
                    <lon>19.098</lon>
                    <date>2013-07-11T19:46:10+02:00</date>
                    <speedMph>264</speedMph>
                    <altitudeFt>8730</altitudeFt>
                </position>
                <position>
                    <lat>47.5456</lat>
                    <lon>19.1041</lon>
                    <date>2013-07-11T19:46:00+02:00</date>
                    <speedMph>264</speedMph>
                    <altitudeFt>8380</altitudeFt>
                </position>
                <position>
                    <lat>47.5372</lat>
                    <lon>19.1152</lon>
                    <date>2013-07-11T19:45:50+02:00</date>
                    <speedMph>264</speedMph>
                    <altitudeFt>7630</altitudeFt>
                </position>
                <position>
                    <lat>47.528</lat>
                    <lon>19.1287</lon>
                    <date>2013-07-11T19:45:40+02:00</date>
                    <speedMph>256</speedMph>
                    <altitudeFt>6850</altitudeFt>
                </position>
                <position>
                    <lat>47.5193</lat>
                    <lon>19.1409</lon>
                    <date>2013-07-11T19:45:30+02:00</date>
                    <speedMph>252</speedMph>
                    <altitudeFt>6200</altitudeFt>
                </position>
                <position>
                    <lat>47.5112</lat>
                    <lon>19.1532</lon>
                    <date>2013-07-11T19:45:20+02:00</date>
                    <speedMph>240</speedMph>
                    <altitudeFt>5630</altitudeFt>
                </position>
                <position>
                    <lat>47.5034</lat>
                    <lon>19.1645</lon>
                    <date>2013-07-11T19:45:10+02:00</date>
                    <speedMph>220</speedMph>
                    <altitudeFt>5230</altitudeFt>
                </position>
                <position>
                    <lat>47.4956</lat>
                    <lon>19.1741</lon>
                    <date>2013-07-11T19:45:00+02:00</date>
                    <speedMph>204</speedMph>
                    <altitudeFt>4880</altitudeFt>
                </position>
                <position>
                    <lat>47.4916</lat>
                    <lon>19.1781</lon>
                    <date>2013-07-11T19:44:55+02:00</date>
                    <speedMph>192</speedMph>
                    <altitudeFt>4730</altitudeFt>
                </position>
                <position>
                    <lat>47.4882</lat>
                    <lon>19.1816</lon>
                    <date>2013-07-11T19:44:50+02:00</date>
                    <speedMph>176</speedMph>
                    <altitudeFt>4580</altitudeFt>
                </position>
                <position>
                    <lat>47.4843</lat>
                    <lon>19.1848</lon>
                    <date>2013-07-11T19:44:45+02:00</date>
                    <speedMph>172</speedMph>
                    <altitudeFt>4400</altitudeFt>
                </position>
                <position>
                    <lat>47.4809</lat>
                    <lon>19.1878</lon>
                    <date>2013-07-11T19:44:40+02:00</date>
                    <speedMph>156</speedMph>
                    <altitudeFt>4230</altitudeFt>
                </position>
                <position>
                    <lat>47.4778</lat>
                    <lon>19.1907</lon>
                    <date>2013-07-11T19:44:35+02:00</date>
                    <speedMph>152</speedMph>
                    <altitudeFt>4100</altitudeFt>
                </position>
                <position>
                    <lat>47.4748</lat>
                    <lon>19.1934</lon>
                    <date>2013-07-11T19:44:30+02:00</date>
                    <speedMph>136</speedMph>
                    <altitudeFt>3950</altitudeFt>
                </position>
                <position>
                    <lat>47.472</lat>
                    <lon>19.1958</lon>
                    <date>2013-07-11T19:44:25+02:00</date>
                    <speedMph>132</speedMph>
                    <altitudeFt>3780</altitudeFt>
                </position>
                <position>
                    <lat>47.4694</lat>
                    <lon>19.1982</lon>
                    <date>2013-07-11T19:44:20+02:00</date>
                    <speedMph>132</speedMph>
                    <altitudeFt>3550</altitudeFt>
                </position>
                <position>
                    <lat>47.464</lat>
                    <lon>19.2028</lon>
                    <date>2013-07-11T19:44:10+02:00</date>
                    <speedMph>132</speedMph>
                    <altitudeFt>2950</altitudeFt>
                </position>
                <position>
                    <lat>47.4615</lat>
                    <lon>19.205</lon>
                    <date>2013-07-11T19:44:05+02:00</date>
                    <speedMph>132</speedMph>
                    <altitudeFt>2700</altitudeFt>
                </position>
                <position>
                    <lat>47.4588</lat>
                    <lon>19.2075</lon>
                    <date>2013-07-11T19:44:00+02:00</date>
                    <speedMph>124</speedMph>
                    <altitudeFt>2430</altitudeFt>
                </position>
                <position>
                    <lat>47.4561</lat>
                    <lon>19.21</lon>
                    <date>2013-07-11T19:43:55+02:00</date>
                    <speedMph>132</speedMph>
                    <altitudeFt>2150</altitudeFt>
                </position>
                <position>
                    <lat>47.4536</lat>
                    <lon>19.2136</lon>
                    <date>2013-07-11T19:43:50+02:00</date>
                    <speedMph>136</speedMph>
                    <altitudeFt>1930</altitudeFt>
                </position>
                <position>
                    <lat>47.4517</lat>
                    <lon>19.2162</lon>
                    <date>2013-07-11T19:43:45+02:00</date>
                    <speedMph>128</speedMph>
                    <altitudeFt>1780</altitudeFt>
                </position>
                <position>
                    <lat>47.4496</lat>
                    <lon>19.2195</lon>
                    <date>2013-07-11T19:43:40+02:00</date>
                    <speedMph>124</speedMph>
                    <altitudeFt>1580</altitudeFt>
                </position>
                <position>
                    <lat>47.4473</lat>
                    <lon>19.2229</lon>
                    <date>2013-07-11T19:43:35+02:00</date>
                    <speedMph>128</speedMph>
                    <altitudeFt>1380</altitudeFt>
                </position>
                <position>
                    <lat>47.4454</lat>
                    <lon>19.2261</lon>
                    <date>2013-07-11T19:43:30+02:00</date>
                    <speedMph>124</speedMph>
                    <altitudeFt>1150</altitudeFt>
                </position>
                <position>
                    <lat>47.4434</lat>
                    <lon>19.2295</lon>
                    <date>2013-07-11T19:43:25+02:00</date>
                    <speedMph>128</speedMph>
                    <altitudeFt>930</altitudeFt>
                </position>
                <position>
                    <lat>47.4414</lat>
                    <lon>19.2328</lon>
                    <date>2013-07-11T19:43:20+02:00</date>
                    <speedMph>132</speedMph>
                    <altitudeFt>700</altitudeFt>
                </position>
                <position>
                    <lat>47.4394</lat>
                    <lon>19.2364</lon>
                    <date>2013-07-11T19:43:15+02:00</date>
                    <speedMph>132</speedMph>
                    <altitudeFt>530</altitudeFt>
                </position>
                <position>
                    <lat>47.4374</lat>
                    <lon>19.2397</lon>
                    <date>2013-07-11T19:43:10+02:00</date>
                    <speedMph>120</speedMph>
                    <altitudeFt>0</altitudeFt>
                </position>
                <position>
                    <lat>47.4354</lat>
                    <lon>19.2427</lon>
                    <date>2013-07-11T19:43:05+02:00</date>
                    <speedMph>104</speedMph>
                    <altitudeFt>0</altitudeFt>
                </position>
                <position>
                    <lat>47.4338</lat>
                    <lon>19.2452</lon>
                    <date>2013-07-11T19:43:00+02:00</date>
                    <speedMph>84</speedMph>
                    <altitudeFt>0</altitudeFt>
                </position>
                <position>
                    <lat>47.4315</lat>
                    <lon>19.2513</lon>
                    <date>2013-07-11T19:41:50+02:00</date>
                    <speedMph>0</speedMph>
                    <altitudeFt>0</altitudeFt>
                </position>
                <position>
                    <lat>47.4315</lat>
                    <lon>19.2513</lon>
                    <date>2013-07-11T19:41:45+02:00</date>
                    <speedMph>4</speedMph>
                    <altitudeFt>0</altitudeFt>
                </position>
                <position>
                    <lat>47.4316</lat>
                    <lon>19.2514</lon>
                    <date>2013-07-11T19:41:40+02:00</date>
                    <speedMph>8</speedMph>
                    <altitudeFt>0</altitudeFt>
                </position>
                <position>
                    <lat>47.4317</lat>
                    <lon>19.2516</lon>
                    <date>2013-07-11T19:41:35+02:00</date>
                    <speedMph>8</speedMph>
                    <altitudeFt>0</altitudeFt>
                </position>
                <position>
                    <lat>47.4319</lat>
                    <lon>19.2518</lon>
                    <date>2013-07-11T19:41:30+02:00</date>
                    <speedMph>12</speedMph>
                    <altitudeFt>0</altitudeFt>
                </position>
                <position>
                    <lat>47.432</lat>
                    <lon>19.252</lon>
                    <date>2013-07-11T19:41:25+02:00</date>
                    <speedMph>12</speedMph>
                    <altitudeFt>0</altitudeFt>
                </position>
                <position>
                    <lat>47.4323</lat>
                    <lon>19.2523</lon>
                    <date>2013-07-11T19:41:20+02:00</date>
                    <speedMph>16</speedMph>
                    <altitudeFt>0</altitudeFt>
                </position>
                <position>
                    <lat>47.4325</lat>
                    <lon>19.2527</lon>
                    <date>2013-07-11T19:41:15+02:00</date>
                    <speedMph>16</speedMph>
                    <altitudeFt>0</altitudeFt>
                </position>
                <position>
                    <lat>47.4328</lat>
                    <lon>19.2531</lon>
                    <date>2013-07-11T19:41:05+02:00</date>
                    <speedMph>16</speedMph>
                    <altitudeFt>0</altitudeFt>
                </position>
                <position>
                    <lat>47.4333</lat>
                    <lon>19.2538</lon>
                    <date>2013-07-11T19:41:00+02:00</date>
                    <speedMph>16</speedMph>
                    <altitudeFt>0</altitudeFt>
                </position>
                <position>
                    <lat>47.4336</lat>
                    <lon>19.2542</lon>
                    <date>2013-07-11T19:40:55+02:00</date>
                    <speedMph>16</speedMph>
                    <altitudeFt>0</altitudeFt>
                </position>
                <position>
                    <lat>47.4339</lat>
                    <lon>19.2545</lon>
                    <date>2013-07-11T19:40:50+02:00</date>
                    <speedMph>16</speedMph>
                    <altitudeFt>0</altitudeFt>
                </position>
                <position>
                    <lat>47.4343</lat>
                    <lon>19.2551</lon>
                    <date>2013-07-11T19:40:45+02:00</date>
                    <speedMph>16</speedMph>
                    <altitudeFt>0</altitudeFt>
                </position>
                <position>
                    <lat>47.4345</lat>
                    <lon>19.2553</lon>
                    <date>2013-07-11T19:40:40+02:00</date>
                    <speedMph>16</speedMph>
                    <altitudeFt>0</altitudeFt>
                </position>
                <position>
                    <lat>47.4347</lat>
                    <lon>19.2556</lon>
                    <date>2013-07-11T19:40:35+02:00</date>
                    <speedMph>12</speedMph>
                    <altitudeFt>0</altitudeFt>
                </position>
                <position>
                    <lat>47.4355</lat>
                    <lon>19.2568</lon>
                    <date>2013-07-11T19:40:15+02:00</date>
                    <speedMph>8</speedMph>
                    <altitudeFt>0</altitudeFt>
                </position>
                <position>
                    <lat>47.4352</lat>
                    <lon>19.2577</lon>
                    <date>2013-07-11T19:40:00+02:00</date>
                    <speedMph>8</speedMph>
                    <altitudeFt>0</altitudeFt>
                </position>
                <position>
                    <lat>47.4352</lat>
                    <lon>19.2587</lon>
                    <date>2013-07-11T19:39:40+02:00</date>
                    <speedMph>12</speedMph>
                    <altitudeFt>0</altitudeFt>
                </position>
                <position>
                    <lat>47.4356</lat>
                    <lon>19.2592</lon>
                    <date>2013-07-11T19:39:30+02:00</date>
                    <speedMph>12</speedMph>
                    <altitudeFt>0</altitudeFt>
                </position>
                <position>
                    <lat>47.436</lat>
                    <lon>19.2599</lon>
                    <date>2013-07-11T19:39:10+02:00</date>
                    <speedMph>4</speedMph>
                    <altitudeFt>0</altitudeFt>
                </position>
                <position>
                    <lat>47.436</lat>
                    <lon>19.26</lon>
                    <date>2013-07-11T19:39:05+02:00</date>
                    <speedMph>4</speedMph>
                    <altitudeFt>0</altitudeFt>
                </position>
                <position>
                    <lat>47.4359</lat>
                    <lon>19.2603</lon>
                    <date>2013-07-11T19:39:00+02:00</date>
                    <speedMph>4</speedMph>
                    <altitudeFt>0</altitudeFt>
                </position>
                <position>
                    <lat>47.4359</lat>
                    <lon>19.2603</lon>
                    <date>2013-07-11T19:38:55+02:00</date>
                    <speedMph>4</speedMph>
                    <altitudeFt>0</altitudeFt>
                </position>
                <position>
                    <lat>47.4358</lat>
                    <lon>19.2604</lon>
                    <date>2013-07-11T19:38:50+02:00</date>
                    <speedMph>4</speedMph>
                    <altitudeFt>0</altitudeFt>
                </position>
                <position>
                    <lat>47.4358</lat>
                    <lon>19.2605</lon>
                    <date>2013-07-11T19:38:45+02:00</date>
                    <speedMph>0</speedMph>
                    <altitudeFt>0</altitudeFt>
                </position>
                <position>
                    <lat>47.4358</lat>
                    <lon>19.2605</lon>
                    <date>2013-07-11T19:38:40+02:00</date>
                    <speedMph>0</speedMph>
                    <altitudeFt>0</altitudeFt>
                </position>
            </positions>
        </flightTrack>
    </flightTracks>
</flightstatslog>
