<?xml version="1.0" encoding="UTF-8" standalone="yes"?>
<flightstatslog>
    <appendix>
        <airports>
            <airport>
                <fs>AGP</fs>
                <latitude>36.6749</latitude>
                <longitude>-4.499106</longitude>
                <city>Malaga</city>
            </airport>
            <airport>
                <fs>RTM</fs>
                <latitude>51.956944</latitude>
                <longitude>4.437222</longitude>
                <city>Rotterdam</city>
            </airport>
        </airports>
    </appendix>
    <flightTracks>
        <flightTrack>
            <flightId>4737697</flightId>
            <departureAirportFsCode>AGP</departureAirportFsCode>
            <arrivalAirportFsCode>RTM</arrivalAirportFsCode>
            <positions>
                <position>
                    <lat>51.9504</lat>
                    <lon>4.4346</lon>
                    <date>2013-07-11T22:32:28+02:00</date>
                    <speedMph>4</speedMph>
                    <altitudeFt>0</altitudeFt>
                </position>
                <position>
                    <lat>51.9501</lat>
                    <lon>4.4351</lon>
                    <date>2013-07-11T22:32:08+02:00</date>
                    <speedMph>8</speedMph>
                    <altitudeFt>0</altitudeFt>
                </position>
                <position>
                    <lat>51.9502</lat>
                    <lon>4.4355</lon>
                    <date>2013-07-11T22:32:03+02:00</date>
                    <speedMph>12</speedMph>
                    <altitudeFt>0</altitudeFt>
                </position>
                <position>
                    <lat>51.9503</lat>
                    <lon>4.4356</lon>
                    <date>2013-07-11T22:31:53+02:00</date>
                    <speedMph>12</speedMph>
                    <altitudeFt>0</altitudeFt>
                </position>
                <position>
                    <lat>51.9511</lat>
                    <lon>4.4364</lon>
                    <date>2013-07-11T22:31:33+02:00</date>
                    <speedMph>12</speedMph>
                    <altitudeFt>0</altitudeFt>
                </position>
                <position>
                    <lat>51.9514</lat>
                    <lon>4.4362</lon>
                    <date>2013-07-11T22:31:28+02:00</date>
                    <speedMph>12</speedMph>
                    <altitudeFt>0</altitudeFt>
                </position>
                <position>
                    <lat>51.9519</lat>
                    <lon>4.4356</lon>
                    <date>2013-07-11T22:31:23+02:00</date>
                    <speedMph>12</speedMph>
                    <altitudeFt>0</altitudeFt>
                </position>
                <position>
                    <lat>51.9539</lat>
                    <lon>4.4377</lon>
                    <date>2013-07-11T22:30:38+02:00</date>
                    <speedMph>24</speedMph>
                    <altitudeFt>0</altitudeFt>
                </position>
                <position>
                    <lat>51.9516</lat>
                    <lon>4.4272</lon>
                    <date>2013-07-11T22:27:13+02:00</date>
                    <speedMph>128</speedMph>
                    <altitudeFt>0</altitudeFt>
                </position>
                <position>
                    <lat>51.9509</lat>
                    <lon>4.4247</lon>
                    <date>2013-07-11T22:27:08+02:00</date>
                    <speedMph>128</speedMph>
                    <altitudeFt>0</altitudeFt>
                </position>
                <position>
                    <lat>51.9491</lat>
                    <lon>4.4206</lon>
                    <date>2013-07-11T22:27:03+02:00</date>
                    <speedMph>124</speedMph>
                    <altitudeFt>0</altitudeFt>
                </position>
                <position>
                    <lat>51.9474</lat>
                    <lon>4.4165</lon>
                    <date>2013-07-11T22:26:58+02:00</date>
                    <speedMph>128</speedMph>
                    <altitudeFt>0</altitudeFt>
                </position>
                <position>
                    <lat>51.9458</lat>
                    <lon>4.4124</lon>
                    <date>2013-07-11T22:26:53+02:00</date>
                    <speedMph>128</speedMph>
                    <altitudeFt>0</altitudeFt>
                </position>
                <position>
                    <lat>51.9441</lat>
                    <lon>4.4082</lon>
                    <date>2013-07-11T22:26:48+02:00</date>
                    <speedMph>128</speedMph>
                    <altitudeFt>50</altitudeFt>
                </position>
                <position>
                    <lat>51.9424</lat>
                    <lon>4.404</lon>
                    <date>2013-07-11T22:26:43+02:00</date>
                    <speedMph>128</speedMph>
                    <altitudeFt>130</altitudeFt>
                </position>
                <position>
                    <lat>51.9411</lat>
                    <lon>4.4006</lon>
                    <date>2013-07-11T22:26:38+02:00</date>
                    <speedMph>128</speedMph>
                    <altitudeFt>180</altitudeFt>
                </position>
                <position>
                    <lat>51.9391</lat>
                    <lon>4.3957</lon>
                    <date>2013-07-11T22:26:33+02:00</date>
                    <speedMph>128</speedMph>
                    <altitudeFt>230</altitudeFt>
                </position>
                <position>
                    <lat>51.9374</lat>
                    <lon>4.3914</lon>
                    <date>2013-07-11T22:26:28+02:00</date>
                    <speedMph>128</speedMph>
                    <altitudeFt>300</altitudeFt>
                </position>
                <position>
                    <lat>51.9359</lat>
                    <lon>4.3873</lon>
                    <date>2013-07-11T22:26:23+02:00</date>
                    <speedMph>128</speedMph>
                    <altitudeFt>350</altitudeFt>
                </position>
                <position>
                    <lat>51.9342</lat>
                    <lon>4.3831</lon>
                    <date>2013-07-11T22:26:18+02:00</date>
                    <speedMph>132</speedMph>
                    <altitudeFt>400</altitudeFt>
                </position>
                <position>
                    <lat>51.9327</lat>
                    <lon>4.379</lon>
                    <date>2013-07-11T22:26:13+02:00</date>
                    <speedMph>128</speedMph>
                    <altitudeFt>450</altitudeFt>
                </position>
                <position>
                    <lat>51.9307</lat>
                    <lon>4.3742</lon>
                    <date>2013-07-11T22:26:08+02:00</date>
                    <speedMph>128</speedMph>
                    <altitudeFt>530</altitudeFt>
                </position>
                <position>
                    <lat>51.9278</lat>
                    <lon>4.3669</lon>
                    <date>2013-07-11T22:25:58+02:00</date>
                    <speedMph>128</speedMph>
                    <altitudeFt>650</altitudeFt>
                </position>
                <position>
                    <lat>51.913</lat>
                    <lon>4.3304</lon>
                    <date>2013-07-11T22:25:18+02:00</date>
                    <speedMph>156</speedMph>
                    <altitudeFt>1180</altitudeFt>
                </position>
                <position>
                    <lat>51.9096</lat>
                    <lon>4.322</lon>
                    <date>2013-07-11T22:25:08+02:00</date>
                    <speedMph>156</speedMph>
                    <altitudeFt>1300</altitudeFt>
                </position>
                <position>
                    <lat>51.9077</lat>
                    <lon>4.3172</lon>
                    <date>2013-07-11T22:25:03+02:00</date>
                    <speedMph>156</speedMph>
                    <altitudeFt>1350</altitudeFt>
                </position>
                <position>
                    <lat>51.9041</lat>
                    <lon>4.3083</lon>
                    <date>2013-07-11T22:24:53+02:00</date>
                    <speedMph>160</speedMph>
                    <altitudeFt>1480</altitudeFt>
                </position>
                <position>
                    <lat>51.9024</lat>
                    <lon>4.3042</lon>
                    <date>2013-07-11T22:24:48+02:00</date>
                    <speedMph>160</speedMph>
                    <altitudeFt>1530</altitudeFt>
                </position>
                <position>
                    <lat>51.8997</lat>
                    <lon>4.2969</lon>
                    <date>2013-07-11T22:24:43+02:00</date>
                    <speedMph>164</speedMph>
                    <altitudeFt>1630</altitudeFt>
                </position>
                <position>
                    <lat>51.8963</lat>
                    <lon>4.2885</lon>
                    <date>2013-07-11T22:24:38+02:00</date>
                    <speedMph>160</speedMph>
                    <altitudeFt>1780</altitudeFt>
                </position>
                <position>
                    <lat>51.8941</lat>
                    <lon>4.2821</lon>
                    <date>2013-07-11T22:24:28+02:00</date>
                    <speedMph>160</speedMph>
                    <altitudeFt>1880</altitudeFt>
                </position>
                <position>
                    <lat>51.8914</lat>
                    <lon>4.2759</lon>
                    <date>2013-07-11T22:24:23+02:00</date>
                    <speedMph>160</speedMph>
                    <altitudeFt>1950</altitudeFt>
                </position>
                <position>
                    <lat>51.8902</lat>
                    <lon>4.2727</lon>
                    <date>2013-07-11T22:24:18+02:00</date>
                    <speedMph>160</speedMph>
                    <altitudeFt>2000</altitudeFt>
                </position>
                <position>
                    <lat>51.8863</lat>
                    <lon>4.2622</lon>
                    <date>2013-07-11T22:24:08+02:00</date>
                    <speedMph>164</speedMph>
                    <altitudeFt>2130</altitudeFt>
                </position>
                <position>
                    <lat>51.8832</lat>
                    <lon>4.2549</lon>
                    <date>2013-07-11T22:24:03+02:00</date>
                    <speedMph>168</speedMph>
                    <altitudeFt>2230</altitudeFt>
                </position>
                <position>
                    <lat>51.8813</lat>
                    <lon>4.2507</lon>
                    <date>2013-07-11T22:23:58+02:00</date>
                    <speedMph>168</speedMph>
                    <altitudeFt>2300</altitudeFt>
                </position>
                <position>
                    <lat>51.8774</lat>
                    <lon>4.2416</lon>
                    <date>2013-07-11T22:23:48+02:00</date>
                    <speedMph>164</speedMph>
                    <altitudeFt>2400</altitudeFt>
                </position>
                <position>
                    <lat>51.8723</lat>
                    <lon>4.2316</lon>
                    <date>2013-07-11T22:23:38+02:00</date>
                    <speedMph>168</speedMph>
                    <altitudeFt>2550</altitudeFt>
                </position>
                <position>
                    <lat>51.8696</lat>
                    <lon>4.2266</lon>
                    <date>2013-07-11T22:23:33+02:00</date>
                    <speedMph>172</speedMph>
                    <altitudeFt>2650</altitudeFt>
                </position>
                <position>
                    <lat>51.8666</lat>
                    <lon>4.221</lon>
                    <date>2013-07-11T22:23:28+02:00</date>
                    <speedMph>176</speedMph>
                    <altitudeFt>2750</altitudeFt>
                </position>
                <position>
                    <lat>51.8635</lat>
                    <lon>4.2165</lon>
                    <date>2013-07-11T22:23:23+02:00</date>
                    <speedMph>176</speedMph>
                    <altitudeFt>2830</altitudeFt>
                </position>
                <position>
                    <lat>51.861</lat>
                    <lon>4.213</lon>
                    <date>2013-07-11T22:23:18+02:00</date>
                    <speedMph>172</speedMph>
                    <altitudeFt>2850</altitudeFt>
                </position>
                <position>
                    <lat>51.8577</lat>
                    <lon>4.2087</lon>
                    <date>2013-07-11T22:23:13+02:00</date>
                    <speedMph>184</speedMph>
                    <altitudeFt>2900</altitudeFt>
                </position>
                <position>
                    <lat>51.8544</lat>
                    <lon>4.2046</lon>
                    <date>2013-07-11T22:23:08+02:00</date>
                    <speedMph>180</speedMph>
                    <altitudeFt>2950</altitudeFt>
                </position>
                <position>
                    <lat>51.8464</lat>
                    <lon>4.1993</lon>
                    <date>2013-07-11T22:22:58+02:00</date>
                    <speedMph>188</speedMph>
                    <altitudeFt>3000</altitudeFt>
                </position>
                <position>
                    <lat>51.8423</lat>
                    <lon>4.1969</lon>
                    <date>2013-07-11T22:22:53+02:00</date>
                    <speedMph>192</speedMph>
                    <altitudeFt>3030</altitudeFt>
                </position>
                <position>
                    <lat>51.8338</lat>
                    <lon>4.1919</lon>
                    <date>2013-07-11T22:22:48+02:00</date>
                    <speedMph>208</speedMph>
                    <altitudeFt>3050</altitudeFt>
                </position>
                <position>
                    <lat>51.8271</lat>
                    <lon>4.1882</lon>
                    <date>2013-07-11T22:22:38+02:00</date>
                    <speedMph>212</speedMph>
                    <altitudeFt>3080</altitudeFt>
                </position>
                <position>
                    <lat>51.8247</lat>
                    <lon>4.1866</lon>
                    <date>2013-07-11T22:22:33+02:00</date>
                    <speedMph>204</speedMph>
                    <altitudeFt>3100</altitudeFt>
                </position>
                <position>
                    <lat>51.8155</lat>
                    <lon>4.181</lon>
                    <date>2013-07-11T22:22:23+02:00</date>
                    <speedMph>208</speedMph>
                    <altitudeFt>3180</altitudeFt>
                </position>
                <position>
                    <lat>51.8105</lat>
                    <lon>4.1782</lon>
                    <date>2013-07-11T22:22:18+02:00</date>
                    <speedMph>212</speedMph>
                    <altitudeFt>3230</altitudeFt>
                </position>
                <position>
                    <lat>51.8003</lat>
                    <lon>4.1727</lon>
                    <date>2013-07-11T22:22:13+02:00</date>
                    <speedMph>224</speedMph>
                    <altitudeFt>3330</altitudeFt>
                </position>
                <position>
                    <lat>51.7954</lat>
                    <lon>4.1696</lon>
                    <date>2013-07-11T22:22:03+02:00</date>
                    <speedMph>228</speedMph>
                    <altitudeFt>3380</altitudeFt>
                </position>
                <position>
                    <lat>51.7803</lat>
                    <lon>4.1607</lon>
                    <date>2013-07-11T22:21:48+02:00</date>
                    <speedMph>236</speedMph>
                    <altitudeFt>3500</altitudeFt>
                </position>
                <position>
                    <lat>51.7737</lat>
                    <lon>4.1564</lon>
                    <date>2013-07-11T22:21:43+02:00</date>
                    <speedMph>244</speedMph>
                    <altitudeFt>3550</altitudeFt>
                </position>
                <position>
                    <lat>51.7705</lat>
                    <lon>4.1546</lon>
                    <date>2013-07-11T22:21:38+02:00</date>
                    <speedMph>244</speedMph>
                    <altitudeFt>3580</altitudeFt>
                </position>
                <position>
                    <lat>51.7651</lat>
                    <lon>4.1514</lon>
                    <date>2013-07-11T22:21:33+02:00</date>
                    <speedMph>244</speedMph>
                    <altitudeFt>3630</altitudeFt>
                </position>
                <position>
                    <lat>51.7594</lat>
                    <lon>4.1476</lon>
                    <date>2013-07-11T22:21:28+02:00</date>
                    <speedMph>248</speedMph>
                    <altitudeFt>3680</altitudeFt>
                </position>
                <position>
                    <lat>51.7546</lat>
                    <lon>4.145</lon>
                    <date>2013-07-11T22:21:23+02:00</date>
                    <speedMph>252</speedMph>
                    <altitudeFt>3730</altitudeFt>
                </position>
                <position>
                    <lat>51.7364</lat>
                    <lon>4.134</lon>
                    <date>2013-07-11T22:21:08+02:00</date>
                    <speedMph>244</speedMph>
                    <altitudeFt>4050</altitudeFt>
                </position>
                <position>
                    <lat>51.7269</lat>
                    <lon>4.1287</lon>
                    <date>2013-07-11T22:21:03+02:00</date>
                    <speedMph>256</speedMph>
                    <altitudeFt>4230</altitudeFt>
                </position>
                <position>
                    <lat>51.7216</lat>
                    <lon>4.1254</lon>
                    <date>2013-07-11T22:20:58+02:00</date>
                    <speedMph>256</speedMph>
                    <altitudeFt>4350</altitudeFt>
                </position>
                <position>
                    <lat>51.7181</lat>
                    <lon>4.1234</lon>
                    <date>2013-07-11T22:20:48+02:00</date>
                    <speedMph>256</speedMph>
                    <altitudeFt>4400</altitudeFt>
                </position>
                <position>
                    <lat>51.7074</lat>
                    <lon>4.1169</lon>
                    <date>2013-07-11T22:20:43+02:00</date>
                    <speedMph>256</speedMph>
                    <altitudeFt>4600</altitudeFt>
                </position>
                <position>
                    <lat>51.7017</lat>
                    <lon>4.1136</lon>
                    <date>2013-07-11T22:20:38+02:00</date>
                    <speedMph>260</speedMph>
                    <altitudeFt>4730</altitudeFt>
                </position>
                <position>
                    <lat>51.6964</lat>
                    <lon>4.1103</lon>
                    <date>2013-07-11T22:20:28+02:00</date>
                    <speedMph>260</speedMph>
                    <altitudeFt>4830</altitudeFt>
                </position>
                <position>
                    <lat>51.6804</lat>
                    <lon>4.1008</lon>
                    <date>2013-07-11T22:20:18+02:00</date>
                    <speedMph>260</speedMph>
                    <altitudeFt>5130</altitudeFt>
                </position>
                <position>
                    <lat>51.6748</lat>
                    <lon>4.0974</lon>
                    <date>2013-07-11T22:20:08+02:00</date>
                    <speedMph>260</speedMph>
                    <altitudeFt>5280</altitudeFt>
                </position>
                <position>
                    <lat>51.6578</lat>
                    <lon>4.0875</lon>
                    <date>2013-07-11T22:19:58+02:00</date>
                    <speedMph>256</speedMph>
                    <altitudeFt>5730</altitudeFt>
                </position>
                <position>
                    <lat>51.6468</lat>
                    <lon>4.081</lon>
                    <date>2013-07-11T22:19:48+02:00</date>
                    <speedMph>260</speedMph>
                    <altitudeFt>5950</altitudeFt>
                </position>
                <position>
                    <lat>51.6356</lat>
                    <lon>4.0748</lon>
                    <date>2013-07-11T22:19:38+02:00</date>
                    <speedMph>272</speedMph>
                    <altitudeFt>5980</altitudeFt>
                </position>
                <position>
                    <lat>51.6231</lat>
                    <lon>4.0672</lon>
                    <date>2013-07-11T22:19:28+02:00</date>
                    <speedMph>276</speedMph>
                    <altitudeFt>5980</altitudeFt>
                </position>
                <position>
                    <lat>51.6108</lat>
                    <lon>4.0598</lon>
                    <date>2013-07-11T22:19:18+02:00</date>
                    <speedMph>288</speedMph>
                    <altitudeFt>5980</altitudeFt>
                </position>
                <position>
                    <lat>51.5896</lat>
                    <lon>4.0475</lon>
                    <date>2013-07-11T22:19:03+02:00</date>
                    <speedMph>328</speedMph>
                    <altitudeFt>5980</altitudeFt>
                </position>
                <position>
                    <lat>51.5768</lat>
                    <lon>4.0402</lon>
                    <date>2013-07-11T22:18:53+02:00</date>
                    <speedMph>328</speedMph>
                    <altitudeFt>5980</altitudeFt>
                </position>
                <position>
                    <lat>51.5655</lat>
                    <lon>4.0335</lon>
                    <date>2013-07-11T22:18:43+02:00</date>
                    <speedMph>340</speedMph>
                    <altitudeFt>6030</altitudeFt>
                </position>
                <position>
                    <lat>51.5566</lat>
                    <lon>4.0283</lon>
                    <date>2013-07-11T22:18:33+02:00</date>
                    <speedMph>344</speedMph>
                    <altitudeFt>6130</altitudeFt>
                </position>
                <position>
                    <lat>51.5386</lat>
                    <lon>4.0177</lon>
                    <date>2013-07-11T22:18:23+02:00</date>
                    <speedMph>348</speedMph>
                    <altitudeFt>6530</altitudeFt>
                </position>
                <position>
                    <lat>51.5204</lat>
                    <lon>4.007</lon>
                    <date>2013-07-11T22:18:13+02:00</date>
                    <speedMph>352</speedMph>
                    <altitudeFt>7080</altitudeFt>
                </position>
                <position>
                    <lat>51.5077</lat>
                    <lon>3.9998</lon>
                    <date>2013-07-11T22:18:03+02:00</date>
                    <speedMph>352</speedMph>
                    <altitudeFt>7480</altitudeFt>
                </position>
                <position>
                    <lat>51.4956</lat>
                    <lon>3.9926</lon>
                    <date>2013-07-11T22:17:53+02:00</date>
                    <speedMph>352</speedMph>
                    <altitudeFt>7880</altitudeFt>
                </position>
                <position>
                    <lat>51.4746</lat>
                    <lon>3.98</lon>
                    <date>2013-07-11T22:17:43+02:00</date>
                    <speedMph>356</speedMph>
                    <altitudeFt>8500</altitudeFt>
                </position>
                <position>
                    <lat>51.4618</lat>
                    <lon>3.9727</lon>
                    <date>2013-07-11T22:17:33+02:00</date>
                    <speedMph>356</speedMph>
                    <altitudeFt>8900</altitudeFt>
                </position>
                <position>
                    <lat>51.4428</lat>
                    <lon>3.9618</lon>
                    <date>2013-07-11T22:17:23+02:00</date>
                    <speedMph>360</speedMph>
                    <altitudeFt>9450</altitudeFt>
                </position>
                <position>
                    <lat>51.4291</lat>
                    <lon>3.9535</lon>
                    <date>2013-07-11T22:17:13+02:00</date>
                    <speedMph>360</speedMph>
                    <altitudeFt>9930</altitudeFt>
                </position>
                <position>
                    <lat>51.3935</lat>
                    <lon>3.9325</lon>
                    <date>2013-07-11T22:16:48+02:00</date>
                    <speedMph>356</speedMph>
                    <altitudeFt>11280</altitudeFt>
                </position>
                <position>
                    <lat>51.3508</lat>
                    <lon>3.9078</lon>
                    <date>2013-07-11T22:16:18+02:00</date>
                    <speedMph>340</speedMph>
                    <altitudeFt>13030</altitudeFt>
                </position>
                <position>
                    <lat>51.307</lat>
                    <lon>3.8819</lon>
                    <date>2013-07-11T22:15:48+02:00</date>
                    <speedMph>324</speedMph>
                    <altitudeFt>14680</altitudeFt>
                </position>
                <position>
                    <lat>51.2503</lat>
                    <lon>3.8496</lon>
                    <date>2013-07-11T22:15:08+02:00</date>
                    <speedMph>300</speedMph>
                    <altitudeFt>16730</altitudeFt>
                </position>
                <position>
                    <lat>51.1747</lat>
                    <lon>3.7898</lon>
                    <date>2013-07-11T22:14:08+02:00</date>
                    <speedMph>316</speedMph>
                    <altitudeFt>17980</altitudeFt>
                </position>
                <position>
                    <lat>51.0978</lat>
                    <lon>3.7284</lon>
                    <date>2013-07-11T22:13:08+02:00</date>
                    <speedMph>324</speedMph>
                    <altitudeFt>18100</altitudeFt>
                </position>
                <position>
                    <lat>51.0109</lat>
                    <lon>3.66</lon>
                    <date>2013-07-11T22:12:08+02:00</date>
                    <speedMph>332</speedMph>
                    <altitudeFt>19880</altitudeFt>
                </position>
                <position>
                    <lat>50.9166</lat>
                    <lon>3.5869</lon>
                    <date>2013-07-11T22:11:04+02:00</date>
                    <speedMph>344</speedMph>
                    <altitudeFt>21800</altitudeFt>
                </position>
                <position>
                    <lat>50.839</lat>
                    <lon>3.5262</lon>
                    <date>2013-07-11T22:10:04+02:00</date>
                    <speedMph>352</speedMph>
                    <altitudeFt>23350</altitudeFt>
                </position>
                <position>
                    <lat>50.7461</lat>
                    <lon>3.4542</lon>
                    <date>2013-07-11T22:09:04+02:00</date>
                    <speedMph>360</speedMph>
                    <altitudeFt>25250</altitudeFt>
                </position>
                <position>
                    <lat>50.6533</lat>
                    <lon>3.3835</lon>
                    <date>2013-07-11T22:08:04+02:00</date>
                    <speedMph>372</speedMph>
                    <altitudeFt>27050</altitudeFt>
                </position>
                <position>
                    <lat>50.5643</lat>
                    <lon>3.3148</lon>
                    <date>2013-07-11T22:07:04+02:00</date>
                    <speedMph>380</speedMph>
                    <altitudeFt>28280</altitudeFt>
                </position>
                <position>
                    <lat>50.4715</lat>
                    <lon>3.2441</lon>
                    <date>2013-07-11T22:06:04+02:00</date>
                    <speedMph>392</speedMph>
                    <altitudeFt>29250</altitudeFt>
                </position>
                <position>
                    <lat>50.3693</lat>
                    <lon>3.1658</lon>
                    <date>2013-07-11T22:05:04+02:00</date>
                    <speedMph>396</speedMph>
                    <altitudeFt>30300</altitudeFt>
                </position>
                <position>
                    <lat>50.2707</lat>
                    <lon>3.0904</lon>
                    <date>2013-07-11T22:04:04+02:00</date>
                    <speedMph>404</speedMph>
                    <altitudeFt>31700</altitudeFt>
                </position>
                <position>
                    <lat>50.1708</lat>
                    <lon>3.0153</lon>
                    <date>2013-07-11T22:03:04+02:00</date>
                    <speedMph>412</speedMph>
                    <altitudeFt>33180</altitudeFt>
                </position>
                <position>
                    <lat>50.0642</lat>
                    <lon>2.9182</lon>
                    <date>2013-07-11T22:02:04+02:00</date>
                    <speedMph>424</speedMph>
                    <altitudeFt>34800</altitudeFt>
                </position>
                <position>
                    <lat>49.9677</lat>
                    <lon>2.8195</lon>
                    <date>2013-07-11T22:01:04+02:00</date>
                    <speedMph>432</speedMph>
                    <altitudeFt>36330</altitudeFt>
                </position>
                <position>
                    <lat>49.8739</lat>
                    <lon>2.7229</lon>
                    <date>2013-07-11T22:00:04+02:00</date>
                    <speedMph>432</speedMph>
                    <altitudeFt>37700</altitudeFt>
                </position>
                <position>
                    <lat>49.7686</lat>
                    <lon>2.6144</lon>
                    <date>2013-07-11T21:59:04+02:00</date>
                    <speedMph>436</speedMph>
                    <altitudeFt>39100</altitudeFt>
                </position>
                <position>
                    <lat>49.6719</lat>
                    <lon>2.515</lon>
                    <date>2013-07-11T21:58:04+02:00</date>
                    <speedMph>436</speedMph>
                    <altitudeFt>40000</altitudeFt>
                </position>
                <position>
                    <lat>49.5636</lat>
                    <lon>2.4059</lon>
                    <date>2013-07-11T21:57:04+02:00</date>
                    <speedMph>436</speedMph>
                    <altitudeFt>40000</altitudeFt>
                </position>
                <position>
                    <lat>49.457</lat>
                    <lon>2.299</lon>
                    <date>2013-07-11T21:56:04+02:00</date>
                    <speedMph>436</speedMph>
                    <altitudeFt>40000</altitudeFt>
                </position>
                <position>
                    <lat>49.3572</lat>
                    <lon>2.1978</lon>
                    <date>2013-07-11T21:55:04+02:00</date>
                    <speedMph>436</speedMph>
                    <altitudeFt>40000</altitudeFt>
                </position>
                <position>
                    <lat>49.2627</lat>
                    <lon>2.1037</lon>
                    <date>2013-07-11T21:54:04+02:00</date>
                    <speedMph>432</speedMph>
                    <altitudeFt>40000</altitudeFt>
                </position>
                <position>
                    <lat>49.1616</lat>
                    <lon>2.0037</lon>
                    <date>2013-07-11T21:53:04+02:00</date>
                    <speedMph>432</speedMph>
                    <altitudeFt>40000</altitudeFt>
                </position>
                <position>
                    <lat>49.0624</lat>
                    <lon>1.9053</lon>
                    <date>2013-07-11T21:52:04+02:00</date>
                    <speedMph>436</speedMph>
                    <altitudeFt>40000</altitudeFt>
                </position>
                <position>
                    <lat>48.9644</lat>
                    <lon>1.8086</lon>
                    <date>2013-07-11T21:51:04+02:00</date>
                    <speedMph>436</speedMph>
                    <altitudeFt>40000</altitudeFt>
                </position>
                <position>
                    <lat>48.8602</lat>
                    <lon>1.7068</lon>
                    <date>2013-07-11T21:50:04+02:00</date>
                    <speedMph>440</speedMph>
                    <altitudeFt>40000</altitudeFt>
                </position>
                <position>
                    <lat>48.7552</lat>
                    <lon>1.6052</lon>
                    <date>2013-07-11T21:49:04+02:00</date>
                    <speedMph>440</speedMph>
                    <altitudeFt>40000</altitudeFt>
                </position>
                <position>
                    <lat>48.6562</lat>
                    <lon>1.5091</lon>
                    <date>2013-07-11T21:48:04+02:00</date>
                    <speedMph>440</speedMph>
                    <altitudeFt>40000</altitudeFt>
                </position>
                <position>
                    <lat>48.5466</lat>
                    <lon>1.4022</lon>
                    <date>2013-07-11T21:47:04+02:00</date>
                    <speedMph>440</speedMph>
                    <altitudeFt>40000</altitudeFt>
                </position>
                <position>
                    <lat>48.4417</lat>
                    <lon>1.3017</lon>
                    <date>2013-07-11T21:46:04+02:00</date>
                    <speedMph>440</speedMph>
                    <altitudeFt>40000</altitudeFt>
                </position>
                <position>
                    <lat>48.3473</lat>
                    <lon>1.2128</lon>
                    <date>2013-07-11T21:45:04+02:00</date>
                    <speedMph>444</speedMph>
                    <altitudeFt>40000</altitudeFt>
                </position>
                <position>
                    <lat>48.2439</lat>
                    <lon>1.1139</lon>
                    <date>2013-07-11T21:44:04+02:00</date>
                    <speedMph>440</speedMph>
                    <altitudeFt>40000</altitudeFt>
                </position>
                <position>
                    <lat>48.1341</lat>
                    <lon>1.0092</lon>
                    <date>2013-07-11T21:43:04+02:00</date>
                    <speedMph>440</speedMph>
                    <altitudeFt>40000</altitudeFt>
                </position>
                <position>
                    <lat>48.0407</lat>
                    <lon>0.922</lon>
                    <date>2013-07-11T21:42:04+02:00</date>
                    <speedMph>440</speedMph>
                    <altitudeFt>40000</altitudeFt>
                </position>
                <position>
                    <lat>47.9313</lat>
                    <lon>0.8191</lon>
                    <date>2013-07-11T21:41:04+02:00</date>
                    <speedMph>436</speedMph>
                    <altitudeFt>40000</altitudeFt>
                </position>
                <position>
                    <lat>47.8293</lat>
                    <lon>0.7228</lon>
                    <date>2013-07-11T21:40:04+02:00</date>
                    <speedMph>436</speedMph>
                    <altitudeFt>40000</altitudeFt>
                </position>
                <position>
                    <lat>47.7253</lat>
                    <lon>0.6452</lon>
                    <date>2013-07-11T21:39:04+02:00</date>
                    <speedMph>428</speedMph>
                    <altitudeFt>40000</altitudeFt>
                </position>
                <position>
                    <lat>47.6052</lat>
                    <lon>0.6262</lon>
                    <date>2013-07-11T21:38:04+02:00</date>
                    <speedMph>432</speedMph>
                    <altitudeFt>40000</altitudeFt>
                </position>
                <position>
                    <lat>47.4798</lat>
                    <lon>0.6093</lon>
                    <date>2013-07-11T21:37:04+02:00</date>
                    <speedMph>432</speedMph>
                    <altitudeFt>40000</altitudeFt>
                </position>
                <position>
                    <lat>47.3718</lat>
                    <lon>0.5945</lon>
                    <date>2013-07-11T21:36:04+02:00</date>
                    <speedMph>432</speedMph>
                    <altitudeFt>40000</altitudeFt>
                </position>
                <position>
                    <lat>47.2398</lat>
                    <lon>0.5759</lon>
                    <date>2013-07-11T21:35:04+02:00</date>
                    <speedMph>440</speedMph>
                    <altitudeFt>40000</altitudeFt>
                </position>
                <position>
                    <lat>47.1155</lat>
                    <lon>0.5581</lon>
                    <date>2013-07-11T21:34:04+02:00</date>
                    <speedMph>444</speedMph>
                    <altitudeFt>40000</altitudeFt>
                </position>
                <position>
                    <lat>47.0004</lat>
                    <lon>0.5411</lon>
                    <date>2013-07-11T21:33:04+02:00</date>
                    <speedMph>444</speedMph>
                    <altitudeFt>40000</altitudeFt>
                </position>
                <position>
                    <lat>46.8635</lat>
                    <lon>0.521</lon>
                    <date>2013-07-11T21:32:04+02:00</date>
                    <speedMph>444</speedMph>
                    <altitudeFt>40000</altitudeFt>
                </position>
                <position>
                    <lat>46.748</lat>
                    <lon>0.4764</lon>
                    <date>2013-07-11T21:31:04+02:00</date>
                    <speedMph>448</speedMph>
                    <altitudeFt>40000</altitudeFt>
                </position>
                <position>
                    <lat>46.6358</lat>
                    <lon>0.3969</lon>
                    <date>2013-07-11T21:30:04+02:00</date>
                    <speedMph>444</speedMph>
                    <altitudeFt>40000</altitudeFt>
                </position>
                <position>
                    <lat>46.536</lat>
                    <lon>0.3269</lon>
                    <date>2013-07-11T21:29:04+02:00</date>
                    <speedMph>444</speedMph>
                    <altitudeFt>40000</altitudeFt>
                </position>
                <position>
                    <lat>46.4152</lat>
                    <lon>0.2421</lon>
                    <date>2013-07-11T21:28:04+02:00</date>
                    <speedMph>444</speedMph>
                    <altitudeFt>40000</altitudeFt>
                </position>
                <position>
                    <lat>46.3143</lat>
                    <lon>0.1705</lon>
                    <date>2013-07-11T21:27:04+02:00</date>
                    <speedMph>444</speedMph>
                    <altitudeFt>40000</altitudeFt>
                </position>
                <position>
                    <lat>46.1657</lat>
                    <lon>0.0688</lon>
                    <date>2013-07-11T21:26:04+02:00</date>
                    <speedMph>448</speedMph>
                    <altitudeFt>40000</altitudeFt>
                </position>
                <position>
                    <lat>46.0858</lat>
                    <lon>0.0128</lon>
                    <date>2013-07-11T21:25:04+02:00</date>
                    <speedMph>448</speedMph>
                    <altitudeFt>40000</altitudeFt>
                </position>
                <position>
                    <lat>45.9719</lat>
                    <lon>-0.0658</lon>
                    <date>2013-07-11T21:24:04+02:00</date>
                    <speedMph>448</speedMph>
                    <altitudeFt>40000</altitudeFt>
                </position>
                <position>
                    <lat>45.8696</lat>
                    <lon>-0.1363</lon>
                    <date>2013-07-11T21:23:04+02:00</date>
                    <speedMph>448</speedMph>
                    <altitudeFt>40000</altitudeFt>
                </position>
                <position>
                    <lat>45.7485</lat>
                    <lon>-0.2201</lon>
                    <date>2013-07-11T21:22:04+02:00</date>
                    <speedMph>452</speedMph>
                    <altitudeFt>40000</altitudeFt>
                </position>
                <position>
                    <lat>45.6362</lat>
                    <lon>-0.2957</lon>
                    <date>2013-07-11T21:21:04+02:00</date>
                    <speedMph>448</speedMph>
                    <altitudeFt>40000</altitudeFt>
                </position>
                <position>
                    <lat>45.5329</lat>
                    <lon>-0.3668</lon>
                    <date>2013-07-11T21:20:04+02:00</date>
                    <speedMph>448</speedMph>
                    <altitudeFt>40000</altitudeFt>
                </position>
                <position>
                    <lat>45.4103</lat>
                    <lon>-0.4489</lon>
                    <date>2013-07-11T21:19:04+02:00</date>
                    <speedMph>444</speedMph>
                    <altitudeFt>40000</altitudeFt>
                </position>
                <position>
                    <lat>45.2957</lat>
                    <lon>-0.5263</lon>
                    <date>2013-07-11T21:18:04+02:00</date>
                    <speedMph>444</speedMph>
                    <altitudeFt>40000</altitudeFt>
                </position>
                <position>
                    <lat>45.1925</lat>
                    <lon>-0.5945</lon>
                    <date>2013-07-11T21:17:04+02:00</date>
                    <speedMph>444</speedMph>
                    <altitudeFt>39630</altitudeFt>
                </position>
                <position>
                    <lat>45.071</lat>
                    <lon>-0.6764</lon>
                    <date>2013-07-11T21:16:04+02:00</date>
                    <speedMph>448</speedMph>
                    <altitudeFt>38780</altitudeFt>
                </position>
                <position>
                    <lat>44.9559</lat>
                    <lon>-0.7521</lon>
                    <date>2013-07-11T21:15:04+02:00</date>
                    <speedMph>444</speedMph>
                    <altitudeFt>38050</altitudeFt>
                </position>
                <position>
                    <lat>44.8447</lat>
                    <lon>-0.8267</lon>
                    <date>2013-07-11T21:14:04+02:00</date>
                    <speedMph>444</speedMph>
                    <altitudeFt>38000</altitudeFt>
                </position>
                <position>
                    <lat>44.7318</lat>
                    <lon>-0.9</lon>
                    <date>2013-07-11T21:13:04+02:00</date>
                    <speedMph>444</speedMph>
                    <altitudeFt>38000</altitudeFt>
                </position>
                <position>
                    <lat>44.6209</lat>
                    <lon>-0.973</lon>
                    <date>2013-07-11T21:12:04+02:00</date>
                    <speedMph>444</speedMph>
                    <altitudeFt>38000</altitudeFt>
                </position>
                <position>
                    <lat>44.489</lat>
                    <lon>-1.0578</lon>
                    <date>2013-07-11T21:10:57+02:00</date>
                    <speedMph>444</speedMph>
                    <altitudeFt>38000</altitudeFt>
                </position>
                <position>
                    <lat>44.3788</lat>
                    <lon>-1.1308</lon>
                    <date>2013-07-11T21:09:57+02:00</date>
                    <speedMph>444</speedMph>
                    <altitudeFt>38000</altitudeFt>
                </position>
                <position>
                    <lat>44.2625</lat>
                    <lon>-1.2058</lon>
                    <date>2013-07-11T21:08:57+02:00</date>
                    <speedMph>444</speedMph>
                    <altitudeFt>38000</altitudeFt>
                </position>
                <position>
                    <lat>44.1602</lat>
                    <lon>-1.2716</lon>
                    <date>2013-07-11T21:07:57+02:00</date>
                    <speedMph>444</speedMph>
                    <altitudeFt>38000</altitudeFt>
                </position>
                <position>
                    <lat>44.0481</lat>
                    <lon>-1.3433</lon>
                    <date>2013-07-11T21:06:57+02:00</date>
                    <speedMph>444</speedMph>
                    <altitudeFt>38000</altitudeFt>
                </position>
                <position>
                    <lat>43.9439</lat>
                    <lon>-1.4089</lon>
                    <date>2013-07-11T21:05:57+02:00</date>
                    <speedMph>444</speedMph>
                    <altitudeFt>38000</altitudeFt>
                </position>
                <position>
                    <lat>43.832</lat>
                    <lon>-1.4806</lon>
                    <date>2013-07-11T21:04:57+02:00</date>
                    <speedMph>444</speedMph>
                    <altitudeFt>38000</altitudeFt>
                </position>
                <position>
                    <lat>43.7197</lat>
                    <lon>-1.552</lon>
                    <date>2013-07-11T21:03:57+02:00</date>
                    <speedMph>448</speedMph>
                    <altitudeFt>38000</altitudeFt>
                </position>
                <position>
                    <lat>43.5972</lat>
                    <lon>-1.6292</lon>
                    <date>2013-07-11T21:02:57+02:00</date>
                    <speedMph>440</speedMph>
                    <altitudeFt>38000</altitudeFt>
                </position>
                <position>
                    <lat>43.478</lat>
                    <lon>-1.7034</lon>
                    <date>2013-07-11T21:01:57+02:00</date>
                    <speedMph>448</speedMph>
                    <altitudeFt>38000</altitudeFt>
                </position>
                <position>
                    <lat>43.383</lat>
                    <lon>-1.763</lon>
                    <date>2013-07-11T21:00:57+02:00</date>
                    <speedMph>444</speedMph>
                    <altitudeFt>38000</altitudeFt>
                </position>
                <position>
                    <lat>43.2539</lat>
                    <lon>-1.8444</lon>
                    <date>2013-07-11T20:59:57+02:00</date>
                    <speedMph>444</speedMph>
                    <altitudeFt>38000</altitudeFt>
                </position>
                <position>
                    <lat>43.1505</lat>
                    <lon>-1.9037</lon>
                    <date>2013-07-11T20:58:57+02:00</date>
                    <speedMph>444</speedMph>
                    <altitudeFt>38000</altitudeFt>
                </position>
                <position>
                    <lat>43.0356</lat>
                    <lon>-1.9662</lon>
                    <date>2013-07-11T20:57:57+02:00</date>
                    <speedMph>444</speedMph>
                    <altitudeFt>38000</altitudeFt>
                </position>
                <position>
                    <lat>42.9202</lat>
                    <lon>-2.0283</lon>
                    <date>2013-07-11T20:56:57+02:00</date>
                    <speedMph>448</speedMph>
                    <altitudeFt>38000</altitudeFt>
                </position>
                <position>
                    <lat>42.7904</lat>
                    <lon>-2.0979</lon>
                    <date>2013-07-11T20:55:57+02:00</date>
                    <speedMph>452</speedMph>
                    <altitudeFt>38000</altitudeFt>
                </position>
                <position>
                    <lat>42.6884</lat>
                    <lon>-2.1524</lon>
                    <date>2013-07-11T20:54:57+02:00</date>
                    <speedMph>456</speedMph>
                    <altitudeFt>38000</altitudeFt>
                </position>
                <position>
                    <lat>42.5716</lat>
                    <lon>-2.2152</lon>
                    <date>2013-07-11T20:53:57+02:00</date>
                    <speedMph>456</speedMph>
                    <altitudeFt>38000</altitudeFt>
                </position>
                <position>
                    <lat>42.4535</lat>
                    <lon>-2.2781</lon>
                    <date>2013-07-11T20:52:57+02:00</date>
                    <speedMph>456</speedMph>
                    <altitudeFt>38000</altitudeFt>
                </position>
                <position>
                    <lat>42.3101</lat>
                    <lon>-2.3544</lon>
                    <date>2013-07-11T20:51:57+02:00</date>
                    <speedMph>452</speedMph>
                    <altitudeFt>38000</altitudeFt>
                </position>
                <position>
                    <lat>42.2128</lat>
                    <lon>-2.4055</lon>
                    <date>2013-07-11T20:50:57+02:00</date>
                    <speedMph>448</speedMph>
                    <altitudeFt>38000</altitudeFt>
                </position>
                <position>
                    <lat>42.0954</lat>
                    <lon>-2.4676</lon>
                    <date>2013-07-11T20:49:57+02:00</date>
                    <speedMph>444</speedMph>
                    <altitudeFt>38000</altitudeFt>
                </position>
                <position>
                    <lat>41.9788</lat>
                    <lon>-2.5279</lon>
                    <date>2013-07-11T20:48:57+02:00</date>
                    <speedMph>444</speedMph>
                    <altitudeFt>38000</altitudeFt>
                </position>
                <position>
                    <lat>41.8695</lat>
                    <lon>-2.5852</lon>
                    <date>2013-07-11T20:47:57+02:00</date>
                    <speedMph>448</speedMph>
                    <altitudeFt>38000</altitudeFt>
                </position>
                <position>
                    <lat>41.7581</lat>
                    <lon>-2.6438</lon>
                    <date>2013-07-11T20:46:57+02:00</date>
                    <speedMph>452</speedMph>
                    <altitudeFt>38000</altitudeFt>
                </position>
                <position>
                    <lat>41.6418</lat>
                    <lon>-2.7033</lon>
                    <date>2013-07-11T20:45:57+02:00</date>
                    <speedMph>456</speedMph>
                    <altitudeFt>38000</altitudeFt>
                </position>
                <position>
                    <lat>41.513</lat>
                    <lon>-2.7694</lon>
                    <date>2013-07-11T20:44:57+02:00</date>
                    <speedMph>456</speedMph>
                    <altitudeFt>38000</altitudeFt>
                </position>
                <position>
                    <lat>41.3829</lat>
                    <lon>-2.8366</lon>
                    <date>2013-07-11T20:43:57+02:00</date>
                    <speedMph>460</speedMph>
                    <altitudeFt>38000</altitudeFt>
                </position>
                <position>
                    <lat>41.2784</lat>
                    <lon>-2.8907</lon>
                    <date>2013-07-11T20:42:57+02:00</date>
                    <speedMph>460</speedMph>
                    <altitudeFt>38000</altitudeFt>
                </position>
                <position>
                    <lat>41.1537</lat>
                    <lon>-2.9536</lon>
                    <date>2013-07-11T20:41:57+02:00</date>
                    <speedMph>460</speedMph>
                    <altitudeFt>38000</altitudeFt>
                </position>
                <position>
                    <lat>41.0365</lat>
                    <lon>-3.013</lon>
                    <date>2013-07-11T20:40:57+02:00</date>
                    <speedMph>460</speedMph>
                    <altitudeFt>38000</altitudeFt>
                </position>
                <position>
                    <lat>40.9175</lat>
                    <lon>-3.0732</lon>
                    <date>2013-07-11T20:39:57+02:00</date>
                    <speedMph>460</speedMph>
                    <altitudeFt>38000</altitudeFt>
                </position>
                <position>
                    <lat>40.7978</lat>
                    <lon>-3.1331</lon>
                    <date>2013-07-11T20:38:57+02:00</date>
                    <speedMph>460</speedMph>
                    <altitudeFt>38000</altitudeFt>
                </position>
                <position>
                    <lat>40.6774</lat>
                    <lon>-3.194</lon>
                    <date>2013-07-11T20:37:57+02:00</date>
                    <speedMph>460</speedMph>
                    <altitudeFt>38000</altitudeFt>
                </position>
                <position>
                    <lat>40.5693</lat>
                    <lon>-3.2477</lon>
                    <date>2013-07-11T20:36:57+02:00</date>
                    <speedMph>460</speedMph>
                    <altitudeFt>38000</altitudeFt>
                </position>
                <position>
                    <lat>40.4388</lat>
                    <lon>-3.3128</lon>
                    <date>2013-07-11T20:35:57+02:00</date>
                    <speedMph>460</speedMph>
                    <altitudeFt>38000</altitudeFt>
                </position>
                <position>
                    <lat>40.32</lat>
                    <lon>-3.3725</lon>
                    <date>2013-07-11T20:34:57+02:00</date>
                    <speedMph>460</speedMph>
                    <altitudeFt>38000</altitudeFt>
                </position>
                <position>
                    <lat>40.1686</lat>
                    <lon>-3.4284</lon>
                    <date>2013-07-11T20:33:57+02:00</date>
                    <speedMph>444</speedMph>
                    <altitudeFt>38000</altitudeFt>
                </position>
                <position>
                    <lat>40.0541</lat>
                    <lon>-3.422</lon>
                    <date>2013-07-11T20:32:57+02:00</date>
                    <speedMph>444</speedMph>
                    <altitudeFt>38030</altitudeFt>
                </position>
                <position>
                    <lat>39.9551</lat>
                    <lon>-3.4299</lon>
                    <date>2013-07-11T20:31:57+02:00</date>
                    <speedMph>452</speedMph>
                    <altitudeFt>38000</altitudeFt>
                </position>
                <position>
                    <lat>39.8294</lat>
                    <lon>-3.4545</lon>
                    <date>2013-07-11T20:30:57+02:00</date>
                    <speedMph>452</speedMph>
                    <altitudeFt>38000</altitudeFt>
                </position>
                <position>
                    <lat>39.7033</lat>
                    <lon>-3.472</lon>
                    <date>2013-07-11T20:29:57+02:00</date>
                    <speedMph>452</speedMph>
                    <altitudeFt>38000</altitudeFt>
                </position>
                <position>
                    <lat>39.5731</lat>
                    <lon>-3.4852</lon>
                    <date>2013-07-11T20:28:57+02:00</date>
                    <speedMph>452</speedMph>
                    <altitudeFt>38000</altitudeFt>
                </position>
                <position>
                    <lat>39.4564</lat>
                    <lon>-3.4968</lon>
                    <date>2013-07-11T20:27:57+02:00</date>
                    <speedMph>456</speedMph>
                    <altitudeFt>38000</altitudeFt>
                </position>
                <position>
                    <lat>39.3298</lat>
                    <lon>-3.5097</lon>
                    <date>2013-07-11T20:26:57+02:00</date>
                    <speedMph>456</speedMph>
                    <altitudeFt>38000</altitudeFt>
                </position>
                <position>
                    <lat>39.2031</lat>
                    <lon>-3.522</lon>
                    <date>2013-07-11T20:25:57+02:00</date>
                    <speedMph>452</speedMph>
                    <altitudeFt>38000</altitudeFt>
                </position>
                <position>
                    <lat>39.074</lat>
                    <lon>-3.535</lon>
                    <date>2013-07-11T20:24:57+02:00</date>
                    <speedMph>452</speedMph>
                    <altitudeFt>38000</altitudeFt>
                </position>
                <position>
                    <lat>38.9503</lat>
                    <lon>-3.5472</lon>
                    <date>2013-07-11T20:23:57+02:00</date>
                    <speedMph>452</speedMph>
                    <altitudeFt>38000</altitudeFt>
                </position>
                <position>
                    <lat>38.821</lat>
                    <lon>-3.5601</lon>
                    <date>2013-07-11T20:22:57+02:00</date>
                    <speedMph>452</speedMph>
                    <altitudeFt>38000</altitudeFt>
                </position>
                <position>
                    <lat>38.7064</lat>
                    <lon>-3.5714</lon>
                    <date>2013-07-11T20:21:57+02:00</date>
                    <speedMph>452</speedMph>
                    <altitudeFt>38000</altitudeFt>
                </position>
                <position>
                    <lat>38.5461</lat>
                    <lon>-3.587</lon>
                    <date>2013-07-11T20:20:57+02:00</date>
                    <speedMph>452</speedMph>
                    <altitudeFt>38000</altitudeFt>
                </position>
                <position>
                    <lat>38.4609</lat>
                    <lon>-3.5954</lon>
                    <date>2013-07-11T20:19:57+02:00</date>
                    <speedMph>452</speedMph>
                    <altitudeFt>38030</altitudeFt>
                </position>
                <position>
                    <lat>38.3336</lat>
                    <lon>-3.6076</lon>
                    <date>2013-07-11T20:18:57+02:00</date>
                    <speedMph>456</speedMph>
                    <altitudeFt>37030</altitudeFt>
                </position>
                <position>
                    <lat>38.2014</lat>
                    <lon>-3.6204</lon>
                    <date>2013-07-11T20:17:57+02:00</date>
                    <speedMph>452</speedMph>
                    <altitudeFt>36150</altitudeFt>
                </position>
                <position>
                    <lat>38.0849</lat>
                    <lon>-3.6513</lon>
                    <date>2013-07-11T20:16:57+02:00</date>
                    <speedMph>456</speedMph>
                    <altitudeFt>35100</altitudeFt>
                </position>
                <position>
                    <lat>37.9641</lat>
                    <lon>-3.6977</lon>
                    <date>2013-07-11T20:15:57+02:00</date>
                    <speedMph>460</speedMph>
                    <altitudeFt>33750</altitudeFt>
                </position>
                <position>
                    <lat>37.8421</lat>
                    <lon>-3.7435</lon>
                    <date>2013-07-11T20:14:57+02:00</date>
                    <speedMph>464</speedMph>
                    <altitudeFt>32030</altitudeFt>
                </position>
                <position>
                    <lat>37.7131</lat>
                    <lon>-3.7928</lon>
                    <date>2013-07-11T20:13:57+02:00</date>
                    <speedMph>464</speedMph>
                    <altitudeFt>30430</altitudeFt>
                </position>
                <position>
                    <lat>37.5905</lat>
                    <lon>-3.839</lon>
                    <date>2013-07-11T20:12:57+02:00</date>
                    <speedMph>456</speedMph>
                    <altitudeFt>29000</altitudeFt>
                </position>
                <position>
                    <lat>37.4686</lat>
                    <lon>-3.8849</lon>
                    <date>2013-07-11T20:11:57+02:00</date>
                    <speedMph>444</speedMph>
                    <altitudeFt>27430</altitudeFt>
                </position>
                <position>
                    <lat>37.3453</lat>
                    <lon>-3.9308</lon>
                    <date>2013-07-11T20:10:55+02:00</date>
                    <speedMph>432</speedMph>
                    <altitudeFt>25500</altitudeFt>
                </position>
                <position>
                    <lat>37.242</lat>
                    <lon>-3.9693</lon>
                    <date>2013-07-11T20:09:55+02:00</date>
                    <speedMph>424</speedMph>
                    <altitudeFt>23680</altitudeFt>
                </position>
                <position>
                    <lat>37.1222</lat>
                    <lon>-4.0209</lon>
                    <date>2013-07-11T20:08:55+02:00</date>
                    <speedMph>416</speedMph>
                    <altitudeFt>21330</altitudeFt>
                </position>
                <position>
                    <lat>37.0174</lat>
                    <lon>-4.0717</lon>
                    <date>2013-07-11T20:07:55+02:00</date>
                    <speedMph>396</speedMph>
                    <altitudeFt>19200</altitudeFt>
                </position>
                <position>
                    <lat>36.9198</lat>
                    <lon>-4.1188</lon>
                    <date>2013-07-11T20:06:55+02:00</date>
                    <speedMph>380</speedMph>
                    <altitudeFt>16780</altitudeFt>
                </position>
                <position>
                    <lat>36.8234</lat>
                    <lon>-4.1649</lon>
                    <date>2013-07-11T20:05:55+02:00</date>
                    <speedMph>372</speedMph>
                    <altitudeFt>14000</altitudeFt>
                </position>
                <position>
                    <lat>36.7716</lat>
                    <lon>-4.1896</lon>
                    <date>2013-07-11T20:05:25+02:00</date>
                    <speedMph>372</speedMph>
                    <altitudeFt>12350</altitudeFt>
                </position>
                <position>
                    <lat>36.7264</lat>
                    <lon>-4.2118</lon>
                    <date>2013-07-11T20:04:55+02:00</date>
                    <speedMph>364</speedMph>
                    <altitudeFt>11250</altitudeFt>
                </position>
                <position>
                    <lat>36.6815</lat>
                    <lon>-4.2327</lon>
                    <date>2013-07-11T20:04:25+02:00</date>
                    <speedMph>332</speedMph>
                    <altitudeFt>10600</altitudeFt>
                </position>
                <position>
                    <lat>36.637</lat>
                    <lon>-4.2536</lon>
                    <date>2013-07-11T20:03:55+02:00</date>
                    <speedMph>308</speedMph>
                    <altitudeFt>9700</altitudeFt>
                </position>
                <position>
                    <lat>36.6264</lat>
                    <lon>-4.2587</lon>
                    <date>2013-07-11T20:03:45+02:00</date>
                    <speedMph>308</speedMph>
                    <altitudeFt>9350</altitudeFt>
                </position>
                <position>
                    <lat>36.6099</lat>
                    <lon>-4.2668</lon>
                    <date>2013-07-11T20:03:35+02:00</date>
                    <speedMph>300</speedMph>
                    <altitudeFt>8880</altitudeFt>
                </position>
                <position>
                    <lat>36.6002</lat>
                    <lon>-4.2711</lon>
                    <date>2013-07-11T20:03:25+02:00</date>
                    <speedMph>296</speedMph>
                    <altitudeFt>8700</altitudeFt>
                </position>
                <position>
                    <lat>36.5854</lat>
                    <lon>-4.2784</lon>
                    <date>2013-07-11T20:03:15+02:00</date>
                    <speedMph>280</speedMph>
                    <altitudeFt>8480</altitudeFt>
                </position>
                <position>
                    <lat>36.5735</lat>
                    <lon>-4.2863</lon>
                    <date>2013-07-11T20:03:05+02:00</date>
                    <speedMph>268</speedMph>
                    <altitudeFt>8330</altitudeFt>
                </position>
                <position>
                    <lat>36.5627</lat>
                    <lon>-4.2946</lon>
                    <date>2013-07-11T20:02:55+02:00</date>
                    <speedMph>260</speedMph>
                    <altitudeFt>8000</altitudeFt>
                </position>
                <position>
                    <lat>36.5555</lat>
                    <lon>-4.3029</lon>
                    <date>2013-07-11T20:02:45+02:00</date>
                    <speedMph>260</speedMph>
                    <altitudeFt>7650</altitudeFt>
                </position>
                <position>
                    <lat>36.5483</lat>
                    <lon>-4.3307</lon>
                    <date>2013-07-11T20:02:30+02:00</date>
                    <speedMph>260</speedMph>
                    <altitudeFt>6850</altitudeFt>
                </position>
                <position>
                    <lat>36.5492</lat>
                    <lon>-4.338</lon>
                    <date>2013-07-11T20:02:20+02:00</date>
                    <speedMph>256</speedMph>
                    <altitudeFt>6600</altitudeFt>
                </position>
                <position>
                    <lat>36.555</lat>
                    <lon>-4.354</lon>
                    <date>2013-07-11T20:02:10+02:00</date>
                    <speedMph>252</speedMph>
                    <altitudeFt>6050</altitudeFt>
                </position>
                <position>
                    <lat>36.5612</lat>
                    <lon>-4.3628</lon>
                    <date>2013-07-11T20:02:00+02:00</date>
                    <speedMph>252</speedMph>
                    <altitudeFt>5700</altitudeFt>
                </position>
                <position>
                    <lat>36.5684</lat>
                    <lon>-4.3719</lon>
                    <date>2013-07-11T20:01:50+02:00</date>
                    <speedMph>248</speedMph>
                    <altitudeFt>5330</altitudeFt>
                </position>
                <position>
                    <lat>36.5787</lat>
                    <lon>-4.3838</lon>
                    <date>2013-07-11T20:01:40+02:00</date>
                    <speedMph>244</speedMph>
                    <altitudeFt>4800</altitudeFt>
                </position>
                <position>
                    <lat>36.5818</lat>
                    <lon>-4.3877</lon>
                    <date>2013-07-11T20:01:35+02:00</date>
                    <speedMph>244</speedMph>
                    <altitudeFt>4650</altitudeFt>
                </position>
                <position>
                    <lat>36.585</lat>
                    <lon>-4.3916</lon>
                    <date>2013-07-11T20:01:30+02:00</date>
                    <speedMph>244</speedMph>
                    <altitudeFt>4500</altitudeFt>
                </position>
                <position>
                    <lat>36.5917</lat>
                    <lon>-4.3992</lon>
                    <date>2013-07-11T20:01:25+02:00</date>
                    <speedMph>236</speedMph>
                    <altitudeFt>4200</altitudeFt>
                </position>
                <position>
                    <lat>36.5947</lat>
                    <lon>-4.4031</lon>
                    <date>2013-07-11T20:01:20+02:00</date>
                    <speedMph>236</speedMph>
                    <altitudeFt>4080</altitudeFt>
                </position>
                <position>
                    <lat>36.5976</lat>
                    <lon>-4.4068</lon>
                    <date>2013-07-11T20:01:15+02:00</date>
                    <speedMph>236</speedMph>
                    <altitudeFt>3900</altitudeFt>
                </position>
                <position>
                    <lat>36.6005</lat>
                    <lon>-4.4097</lon>
                    <date>2013-07-11T20:01:10+02:00</date>
                    <speedMph>236</speedMph>
                    <altitudeFt>3730</altitudeFt>
                </position>
                <position>
                    <lat>36.6042</lat>
                    <lon>-4.4144</lon>
                    <date>2013-07-11T20:01:05+02:00</date>
                    <speedMph>240</speedMph>
                    <altitudeFt>3480</altitudeFt>
                </position>
                <position>
                    <lat>36.6105</lat>
                    <lon>-4.4221</lon>
                    <date>2013-07-11T20:01:00+02:00</date>
                    <speedMph>236</speedMph>
                    <altitudeFt>3080</altitudeFt>
                </position>
                <position>
                    <lat>36.6136</lat>
                    <lon>-4.4259</lon>
                    <date>2013-07-11T20:00:55+02:00</date>
                    <speedMph>236</speedMph>
                    <altitudeFt>2930</altitudeFt>
                </position>
                <position>
                    <lat>36.6168</lat>
                    <lon>-4.4297</lon>
                    <date>2013-07-11T20:00:50+02:00</date>
                    <speedMph>232</speedMph>
                    <altitudeFt>2780</altitudeFt>
                </position>
                <position>
                    <lat>36.6245</lat>
                    <lon>-4.4388</lon>
                    <date>2013-07-11T20:00:45+02:00</date>
                    <speedMph>216</speedMph>
                    <altitudeFt>2580</altitudeFt>
                </position>
                <position>
                    <lat>36.6263</lat>
                    <lon>-4.4405</lon>
                    <date>2013-07-11T20:00:40+02:00</date>
                    <speedMph>212</speedMph>
                    <altitudeFt>2550</altitudeFt>
                </position>
                <position>
                    <lat>36.6291</lat>
                    <lon>-4.4439</lon>
                    <date>2013-07-11T20:00:35+02:00</date>
                    <speedMph>204</speedMph>
                    <altitudeFt>2480</altitudeFt>
                </position>
                <position>
                    <lat>36.6317</lat>
                    <lon>-4.4472</lon>
                    <date>2013-07-11T20:00:30+02:00</date>
                    <speedMph>204</speedMph>
                    <altitudeFt>2400</altitudeFt>
                </position>
                <position>
                    <lat>36.6337</lat>
                    <lon>-4.4496</lon>
                    <date>2013-07-11T20:00:25+02:00</date>
                    <speedMph>196</speedMph>
                    <altitudeFt>2350</altitudeFt>
                </position>
                <position>
                    <lat>36.639</lat>
                    <lon>-4.4558</lon>
                    <date>2013-07-11T20:00:20+02:00</date>
                    <speedMph>184</speedMph>
                    <altitudeFt>2200</altitudeFt>
                </position>
                <position>
                    <lat>36.6415</lat>
                    <lon>-4.4588</lon>
                    <date>2013-07-11T20:00:15+02:00</date>
                    <speedMph>180</speedMph>
                    <altitudeFt>2150</altitudeFt>
                </position>
                <position>
                    <lat>36.6439</lat>
                    <lon>-4.4617</lon>
                    <date>2013-07-11T20:00:10+02:00</date>
                    <speedMph>172</speedMph>
                    <altitudeFt>2080</altitudeFt>
                </position>
                <position>
                    <lat>36.6514</lat>
                    <lon>-4.4704</lon>
                    <date>2013-07-11T20:00:05+02:00</date>
                    <speedMph>164</speedMph>
                    <altitudeFt>1700</altitudeFt>
                </position>
                <position>
                    <lat>36.652</lat>
                    <lon>-4.471</lon>
                    <date>2013-07-11T19:59:55+02:00</date>
                    <speedMph>164</speedMph>
                    <altitudeFt>1680</altitudeFt>
                </position>
                <position>
                    <lat>36.6563</lat>
                    <lon>-4.4762</lon>
                    <date>2013-07-11T19:59:50+02:00</date>
                    <speedMph>164</speedMph>
                    <altitudeFt>1380</altitudeFt>
                </position>
                <position>
                    <lat>36.6588</lat>
                    <lon>-4.4787</lon>
                    <date>2013-07-11T19:59:45+02:00</date>
                    <speedMph>164</speedMph>
                    <altitudeFt>1200</altitudeFt>
                </position>
                <position>
                    <lat>36.6611</lat>
                    <lon>-4.4812</lon>
                    <date>2013-07-11T19:59:40+02:00</date>
                    <speedMph>160</speedMph>
                    <altitudeFt>1080</altitudeFt>
                </position>
                <position>
                    <lat>36.6672</lat>
                    <lon>-4.4887</lon>
                    <date>2013-07-11T19:59:35+02:00</date>
                    <speedMph>156</speedMph>
                    <altitudeFt>650</altitudeFt>
                </position>
                <position>
                    <lat>36.6683</lat>
                    <lon>-4.49</lon>
                    <date>2013-07-11T19:59:30+02:00</date>
                    <speedMph>152</speedMph>
                    <altitudeFt>550</altitudeFt>
                </position>
                <position>
                    <lat>36.6683</lat>
                    <lon>-4.49</lon>
                    <date>2013-07-11T19:59:25+02:00</date>
                    <speedMph>152</speedMph>
                    <altitudeFt>550</altitudeFt>
                </position>
                <position>
                    <lat>36.672</lat>
                    <lon>-4.4954</lon>
                    <date>2013-07-11T19:59:20+02:00</date>
                    <speedMph>156</speedMph>
                    <altitudeFt>250</altitudeFt>
                </position>
                <position>
                    <lat>36.675</lat>
                    <lon>-4.4994</lon>
                    <date>2013-07-11T19:59:15+02:00</date>
                    <speedMph>140</speedMph>
                    <altitudeFt>0</altitudeFt>
                </position>
                <position>
                    <lat>36.6779</lat>
                    <lon>-4.5035</lon>
                    <date>2013-07-11T19:59:10+02:00</date>
                    <speedMph>120</speedMph>
                    <altitudeFt>0</altitudeFt>
                </position>
                <position>
                    <lat>36.6792</lat>
                    <lon>-4.5051</lon>
                    <date>2013-07-11T19:59:05+02:00</date>
                    <speedMph>104</speedMph>
                    <altitudeFt>0</altitudeFt>
                </position>
                <position>
                    <lat>36.6817</lat>
                    <lon>-4.5088</lon>
                    <date>2013-07-11T19:59:00+02:00</date>
                    <speedMph>72</speedMph>
                    <altitudeFt>0</altitudeFt>
                </position>
                <position>
                    <lat>36.6821</lat>
                    <lon>-4.5092</lon>
                    <date>2013-07-11T19:58:55+02:00</date>
                    <speedMph>68</speedMph>
                    <altitudeFt>0</altitudeFt>
                </position>
                <position>
                    <lat>36.6844</lat>
                    <lon>-4.5122</lon>
                    <date>2013-07-11T19:58:30+02:00</date>
                    <speedMph>20</speedMph>
                    <altitudeFt>0</altitudeFt>
                </position>
                <position>
                    <lat>36.6846</lat>
                    <lon>-4.5121</lon>
                    <date>2013-07-11T19:58:25+02:00</date>
                    <speedMph>24</speedMph>
                    <altitudeFt>0</altitudeFt>
                </position>
                <position>
                    <lat>36.6848</lat>
                    <lon>-4.5119</lon>
                    <date>2013-07-11T19:58:20+02:00</date>
                    <speedMph>24</speedMph>
                    <altitudeFt>0</altitudeFt>
                </position>
                <position>
                    <lat>36.6851</lat>
                    <lon>-4.5105</lon>
                    <date>2013-07-11T19:58:00+02:00</date>
                    <speedMph>32</speedMph>
                    <altitudeFt>0</altitudeFt>
                </position>
                <position>
                    <lat>36.6851</lat>
                    <lon>-4.5104</lon>
                    <date>2013-07-11T19:57:55+02:00</date>
                    <speedMph>32</speedMph>
                    <altitudeFt>0</altitudeFt>
                </position>
                <position>
                    <lat>36.6849</lat>
                    <lon>-4.5101</lon>
                    <date>2013-07-11T19:57:50+02:00</date>
                    <speedMph>32</speedMph>
                    <altitudeFt>0</altitudeFt>
                </position>
                <position>
                    <lat>36.6848</lat>
                    <lon>-4.5099</lon>
                    <date>2013-07-11T19:57:45+02:00</date>
                    <speedMph>20</speedMph>
                    <altitudeFt>0</altitudeFt>
                </position>
                <position>
                    <lat>36.6846</lat>
                    <lon>-4.5095</lon>
                    <date>2013-07-11T19:57:40+02:00</date>
                    <speedMph>24</speedMph>
                    <altitudeFt>0</altitudeFt>
                </position>
                <position>
                    <lat>36.684</lat>
                    <lon>-4.5087</lon>
                    <date>2013-07-11T19:57:35+02:00</date>
                    <speedMph>24</speedMph>
                    <altitudeFt>0</altitudeFt>
                </position>
                <position>
                    <lat>36.6835</lat>
                    <lon>-4.5081</lon>
                    <date>2013-07-11T19:57:30+02:00</date>
                    <speedMph>28</speedMph>
                    <altitudeFt>0</altitudeFt>
                </position>
                <position>
                    <lat>36.6833</lat>
                    <lon>-4.5079</lon>
                    <date>2013-07-11T19:57:25+02:00</date>
                    <speedMph>28</speedMph>
                    <altitudeFt>0</altitudeFt>
                </position>
                <position>
                    <lat>36.683</lat>
                    <lon>-4.5074</lon>
                    <date>2013-07-11T19:57:20+02:00</date>
                    <speedMph>28</speedMph>
                    <altitudeFt>0</altitudeFt>
                </position>
                <position>
                    <lat>36.6824</lat>
                    <lon>-4.5064</lon>
                    <date>2013-07-11T19:57:15+02:00</date>
                    <speedMph>24</speedMph>
                    <altitudeFt>0</altitudeFt>
                </position>
                <position>
                    <lat>36.6821</lat>
                    <lon>-4.5061</lon>
                    <date>2013-07-11T19:57:10+02:00</date>
                    <speedMph>24</speedMph>
                    <altitudeFt>0</altitudeFt>
                </position>
                <position>
                    <lat>36.6818</lat>
                    <lon>-4.5057</lon>
                    <date>2013-07-11T19:57:05+02:00</date>
                    <speedMph>24</speedMph>
                    <altitudeFt>0</altitudeFt>
                </position>
                <position>
                    <lat>36.6814</lat>
                    <lon>-4.5052</lon>
                    <date>2013-07-11T19:57:00+02:00</date>
                    <speedMph>24</speedMph>
                    <altitudeFt>0</altitudeFt>
                </position>
                <position>
                    <lat>36.6808</lat>
                    <lon>-4.5043</lon>
                    <date>2013-07-11T19:56:55+02:00</date>
                    <speedMph>24</speedMph>
                    <altitudeFt>0</altitudeFt>
                </position>
                <position>
                    <lat>36.6805</lat>
                    <lon>-4.5038</lon>
                    <date>2013-07-11T19:56:50+02:00</date>
                    <speedMph>24</speedMph>
                    <altitudeFt>0</altitudeFt>
                </position>
                <position>
                    <lat>36.68</lat>
                    <lon>-4.5031</lon>
                    <date>2013-07-11T19:56:45+02:00</date>
                    <speedMph>24</speedMph>
                    <altitudeFt>0</altitudeFt>
                </position>
                <position>
                    <lat>36.6796</lat>
                    <lon>-4.5026</lon>
                    <date>2013-07-11T19:56:40+02:00</date>
                    <speedMph>24</speedMph>
                    <altitudeFt>0</altitudeFt>
                </position>
                <position>
                    <lat>36.6793</lat>
                    <lon>-4.5022</lon>
                    <date>2013-07-11T19:56:35+02:00</date>
                    <speedMph>24</speedMph>
                    <altitudeFt>0</altitudeFt>
                </position>
                <position>
                    <lat>36.679</lat>
                    <lon>-4.5018</lon>
                    <date>2013-07-11T19:56:30+02:00</date>
                    <speedMph>20</speedMph>
                    <altitudeFt>0</altitudeFt>
                </position>
                <position>
                    <lat>36.6787</lat>
                    <lon>-4.5014</lon>
                    <date>2013-07-11T19:56:25+02:00</date>
                    <speedMph>20</speedMph>
                    <altitudeFt>0</altitudeFt>
                </position>
                <position>
                    <lat>36.6777</lat>
                    <lon>-4.4998</lon>
                    <date>2013-07-11T19:56:05+02:00</date>
                    <speedMph>32</speedMph>
                    <altitudeFt>0</altitudeFt>
                </position>
                <position>
                    <lat>36.6778</lat>
                    <lon>-4.4993</lon>
                    <date>2013-07-11T19:56:00+02:00</date>
                    <speedMph>32</speedMph>
                    <altitudeFt>0</altitudeFt>
                </position>
                <position>
                    <lat>36.6779</lat>
                    <lon>-4.499</lon>
                    <date>2013-07-11T19:55:55+02:00</date>
                    <speedMph>32</speedMph>
                    <altitudeFt>0</altitudeFt>
                </position>
                <position>
                    <lat>36.678</lat>
                    <lon>-4.4987</lon>
                    <date>2013-07-11T19:55:50+02:00</date>
                    <speedMph>32</speedMph>
                    <altitudeFt>0</altitudeFt>
                </position>
                <position>
                    <lat>36.6781</lat>
                    <lon>-4.4984</lon>
                    <date>2013-07-11T19:55:45+02:00</date>
                    <speedMph>32</speedMph>
                    <altitudeFt>0</altitudeFt>
                </position>
                <position>
                    <lat>36.6784</lat>
                    <lon>-4.498</lon>
                    <date>2013-07-11T19:55:40+02:00</date>
                    <speedMph>28</speedMph>
                    <altitudeFt>0</altitudeFt>
                </position>
                <position>
                    <lat>36.6786</lat>
                    <lon>-4.4978</lon>
                    <date>2013-07-11T19:55:35+02:00</date>
                    <speedMph>28</speedMph>
                    <altitudeFt>0</altitudeFt>
                </position>
                <position>
                    <lat>36.6788</lat>
                    <lon>-4.4977</lon>
                    <date>2013-07-11T19:55:30+02:00</date>
                    <speedMph>28</speedMph>
                    <altitudeFt>0</altitudeFt>
                </position>
                <position>
                    <lat>36.679</lat>
                    <lon>-4.4975</lon>
                    <date>2013-07-11T19:55:25+02:00</date>
                    <speedMph>28</speedMph>
                    <altitudeFt>0</altitudeFt>
                </position>
                <position>
                    <lat>36.6793</lat>
                    <lon>-4.4971</lon>
                    <date>2013-07-11T19:55:20+02:00</date>
                    <speedMph>28</speedMph>
                    <altitudeFt>0</altitudeFt>
                </position>
                <position>
                    <lat>36.6794</lat>
                    <lon>-4.4969</lon>
                    <date>2013-07-11T19:55:15+02:00</date>
                    <speedMph>32</speedMph>
                    <altitudeFt>0</altitudeFt>
                </position>
                <position>
                    <lat>36.6802</lat>
                    <lon>-4.4958</lon>
                    <date>2013-07-11T19:54:55+02:00</date>
                    <speedMph>28</speedMph>
                    <altitudeFt>0</altitudeFt>
                </position>
                <position>
                    <lat>36.6802</lat>
                    <lon>-4.4956</lon>
                    <date>2013-07-11T19:54:50+02:00</date>
                    <speedMph>28</speedMph>
                    <altitudeFt>0</altitudeFt>
                </position>
                <position>
                    <lat>36.68</lat>
                    <lon>-4.4953</lon>
                    <date>2013-07-11T19:54:45+02:00</date>
                    <speedMph>28</speedMph>
                    <altitudeFt>0</altitudeFt>
                </position>
                <position>
                    <lat>36.6799</lat>
                    <lon>-4.4952</lon>
                    <date>2013-07-11T19:54:40+02:00</date>
                    <speedMph>28</speedMph>
                    <altitudeFt>0</altitudeFt>
                </position>
                <position>
                    <lat>36.6794</lat>
                    <lon>-4.4944</lon>
                    <date>2013-07-11T19:54:30+02:00</date>
                    <speedMph>24</speedMph>
                    <altitudeFt>0</altitudeFt>
                </position>
                <position>
                    <lat>36.6793</lat>
                    <lon>-4.4943</lon>
                    <date>2013-07-11T19:54:25+02:00</date>
                    <speedMph>24</speedMph>
                    <altitudeFt>0</altitudeFt>
                </position>
            </positions>
        </flightTrack>
    </flightTracks>
</flightstatslog>
