<?xml version="1.0" encoding="UTF-8" standalone="yes"?>
<flightstatslog>
    <appendix>
        <airports>
            <airport>
                <fs>EDI</fs>
                <latitude>55.95</latitude>
                <longitude>-3.3725</longitude>
                <city>Edinburgh</city>
            </airport>
            <airport>
                <fs>AMS</fs>
                <latitude>52.308613</latitude>
                <longitude>4.763889</longitude>
                <city>Amsterdam</city>
            </airport>
        </airports>
    </appendix>
    <flightTracks>
        <flightTrack>
            <flightId>4219680</flightId>
            <departureAirportFsCode>EDI</departureAirportFsCode>
            <arrivalAirportFsCode>AMS</arrivalAirportFsCode>
            <positions>
                <position>
                    <lat>52.3122</lat>
                    <lon>4.7546</lon>
                    <date>2013-07-11T20:03:45+02:00</date>
                    <speedMph>20</speedMph>
                    <altitudeFt>0</altitudeFt>
                </position>
                <position>
                    <lat>52.3127</lat>
                    <lon>4.7545</lon>
                    <date>2013-07-11T20:03:40+02:00</date>
                    <speedMph>16</speedMph>
                    <altitudeFt>0</altitudeFt>
                </position>
                <position>
                    <lat>52.3135</lat>
                    <lon>4.7544</lon>
                    <date>2013-07-11T20:03:30+02:00</date>
                    <speedMph>16</speedMph>
                    <altitudeFt>0</altitudeFt>
                </position>
                <position>
                    <lat>52.3143</lat>
                    <lon>4.7544</lon>
                    <date>2013-07-11T20:03:25+02:00</date>
                    <speedMph>16</speedMph>
                    <altitudeFt>0</altitudeFt>
                </position>
                <position>
                    <lat>52.3148</lat>
                    <lon>4.7544</lon>
                    <date>2013-07-11T20:03:10+02:00</date>
                    <speedMph>16</speedMph>
                    <altitudeFt>0</altitudeFt>
                </position>
                <position>
                    <lat>52.3153</lat>
                    <lon>4.7583</lon>
                    <date>2013-07-11T20:02:45+02:00</date>
                    <speedMph>28</speedMph>
                    <altitudeFt>0</altitudeFt>
                </position>
                <position>
                    <lat>52.3155</lat>
                    <lon>4.763</lon>
                    <date>2013-07-11T20:02:25+02:00</date>
                    <speedMph>28</speedMph>
                    <altitudeFt>0</altitudeFt>
                </position>
                <position>
                    <lat>52.3155</lat>
                    <lon>4.7631</lon>
                    <date>2013-07-11T20:02:20+02:00</date>
                    <speedMph>28</speedMph>
                    <altitudeFt>0</altitudeFt>
                </position>
                <position>
                    <lat>52.3155</lat>
                    <lon>4.7657</lon>
                    <date>2013-07-11T20:02:10+02:00</date>
                    <speedMph>28</speedMph>
                    <altitudeFt>0</altitudeFt>
                </position>
                <position>
                    <lat>52.3156</lat>
                    <lon>4.7677</lon>
                    <date>2013-07-11T20:02:00+02:00</date>
                    <speedMph>28</speedMph>
                    <altitudeFt>0</altitudeFt>
                </position>
                <position>
                    <lat>52.3156</lat>
                    <lon>4.768</lon>
                    <date>2013-07-11T20:01:55+02:00</date>
                    <speedMph>28</speedMph>
                    <altitudeFt>0</altitudeFt>
                </position>
                <position>
                    <lat>52.3158</lat>
                    <lon>4.7726</lon>
                    <date>2013-07-11T20:01:35+02:00</date>
                    <speedMph>24</speedMph>
                    <altitudeFt>0</altitudeFt>
                </position>
                <position>
                    <lat>52.3158</lat>
                    <lon>4.7729</lon>
                    <date>2013-07-11T20:01:30+02:00</date>
                    <speedMph>24</speedMph>
                    <altitudeFt>0</altitudeFt>
                </position>
                <position>
                    <lat>52.3156</lat>
                    <lon>4.7744</lon>
                    <date>2013-07-11T20:01:25+02:00</date>
                    <speedMph>24</speedMph>
                    <altitudeFt>0</altitudeFt>
                </position>
                <position>
                    <lat>52.3153</lat>
                    <lon>4.7752</lon>
                    <date>2013-07-11T20:01:20+02:00</date>
                    <speedMph>24</speedMph>
                    <altitudeFt>0</altitudeFt>
                </position>
                <position>
                    <lat>52.3136</lat>
                    <lon>4.7765</lon>
                    <date>2013-07-11T20:01:00+02:00</date>
                    <speedMph>24</speedMph>
                    <altitudeFt>0</altitudeFt>
                </position>
                <position>
                    <lat>52.313</lat>
                    <lon>4.7765</lon>
                    <date>2013-07-11T20:00:55+02:00</date>
                    <speedMph>24</speedMph>
                    <altitudeFt>0</altitudeFt>
                </position>
                <position>
                    <lat>52.3116</lat>
                    <lon>4.7763</lon>
                    <date>2013-07-11T20:00:45+02:00</date>
                    <speedMph>24</speedMph>
                    <altitudeFt>0</altitudeFt>
                </position>
                <position>
                    <lat>52.3113</lat>
                    <lon>4.7763</lon>
                    <date>2013-07-11T20:00:40+02:00</date>
                    <speedMph>24</speedMph>
                    <altitudeFt>0</altitudeFt>
                </position>
                <position>
                    <lat>52.3107</lat>
                    <lon>4.7763</lon>
                    <date>2013-07-11T20:00:35+02:00</date>
                    <speedMph>20</speedMph>
                    <altitudeFt>0</altitudeFt>
                </position>
                <position>
                    <lat>52.3071</lat>
                    <lon>4.7759</lon>
                    <date>2013-07-11T19:59:55+02:00</date>
                    <speedMph>32</speedMph>
                    <altitudeFt>0</altitudeFt>
                </position>
                <position>
                    <lat>52.3068</lat>
                    <lon>4.7759</lon>
                    <date>2013-07-11T19:59:50+02:00</date>
                    <speedMph>32</speedMph>
                    <altitudeFt>0</altitudeFt>
                </position>
                <position>
                    <lat>52.3063</lat>
                    <lon>4.7757</lon>
                    <date>2013-07-11T19:59:40+02:00</date>
                    <speedMph>32</speedMph>
                    <altitudeFt>0</altitudeFt>
                </position>
                <position>
                    <lat>52.3058</lat>
                    <lon>4.7751</lon>
                    <date>2013-07-11T19:59:35+02:00</date>
                    <speedMph>28</speedMph>
                    <altitudeFt>0</altitudeFt>
                </position>
                <position>
                    <lat>52.3057</lat>
                    <lon>4.775</lon>
                    <date>2013-07-11T19:59:30+02:00</date>
                    <speedMph>28</speedMph>
                    <altitudeFt>0</altitudeFt>
                </position>
                <position>
                    <lat>52.3057</lat>
                    <lon>4.775</lon>
                    <date>2013-07-11T19:59:25+02:00</date>
                    <speedMph>28</speedMph>
                    <altitudeFt>0</altitudeFt>
                </position>
                <position>
                    <lat>52.3055</lat>
                    <lon>4.7745</lon>
                    <date>2013-07-11T19:59:20+02:00</date>
                    <speedMph>24</speedMph>
                    <altitudeFt>0</altitudeFt>
                </position>
                <position>
                    <lat>52.3054</lat>
                    <lon>4.7742</lon>
                    <date>2013-07-11T19:59:15+02:00</date>
                    <speedMph>24</speedMph>
                    <altitudeFt>0</altitudeFt>
                </position>
                <position>
                    <lat>52.3045</lat>
                    <lon>4.7741</lon>
                    <date>2013-07-11T19:59:00+02:00</date>
                    <speedMph>20</speedMph>
                    <altitudeFt>0</altitudeFt>
                </position>
                <position>
                    <lat>52.3043</lat>
                    <lon>4.7741</lon>
                    <date>2013-07-11T19:58:55+02:00</date>
                    <speedMph>20</speedMph>
                    <altitudeFt>0</altitudeFt>
                </position>
                <position>
                    <lat>52.3039</lat>
                    <lon>4.7738</lon>
                    <date>2013-07-11T19:58:50+02:00</date>
                    <speedMph>28</speedMph>
                    <altitudeFt>0</altitudeFt>
                </position>
                <position>
                    <lat>52.3014</lat>
                    <lon>4.7694</lon>
                    <date>2013-07-11T19:58:30+02:00</date>
                    <speedMph>56</speedMph>
                    <altitudeFt>0</altitudeFt>
                </position>
                <position>
                    <lat>52.3006</lat>
                    <lon>4.7672</lon>
                    <date>2013-07-11T19:58:25+02:00</date>
                    <speedMph>64</speedMph>
                    <altitudeFt>0</altitudeFt>
                </position>
                <position>
                    <lat>52.2996</lat>
                    <lon>4.7644</lon>
                    <date>2013-07-11T19:58:20+02:00</date>
                    <speedMph>72</speedMph>
                    <altitudeFt>0</altitudeFt>
                </position>
                <position>
                    <lat>52.2883</lat>
                    <lon>4.7351</lon>
                    <date>2013-07-11T19:57:35+02:00</date>
                    <speedMph>132</speedMph>
                    <altitudeFt>0</altitudeFt>
                </position>
                <position>
                    <lat>52.2866</lat>
                    <lon>4.7306</lon>
                    <date>2013-07-11T19:57:30+02:00</date>
                    <speedMph>132</speedMph>
                    <altitudeFt>0</altitudeFt>
                </position>
                <position>
                    <lat>52.2862</lat>
                    <lon>4.7297</lon>
                    <date>2013-07-11T19:57:25+02:00</date>
                    <speedMph>132</speedMph>
                    <altitudeFt>0</altitudeFt>
                </position>
                <position>
                    <lat>52.2846</lat>
                    <lon>4.7255</lon>
                    <date>2013-07-11T19:57:20+02:00</date>
                    <speedMph>132</speedMph>
                    <altitudeFt>0</altitudeFt>
                </position>
                <position>
                    <lat>52.2825</lat>
                    <lon>4.7201</lon>
                    <date>2013-07-11T19:57:15+02:00</date>
                    <speedMph>132</speedMph>
                    <altitudeFt>0</altitudeFt>
                </position>
                <position>
                    <lat>52.2806</lat>
                    <lon>4.7151</lon>
                    <date>2013-07-11T19:57:10+02:00</date>
                    <speedMph>132</speedMph>
                    <altitudeFt>80</altitudeFt>
                </position>
                <position>
                    <lat>52.2797</lat>
                    <lon>4.7127</lon>
                    <date>2013-07-11T19:57:05+02:00</date>
                    <speedMph>132</speedMph>
                    <altitudeFt>100</altitudeFt>
                </position>
                <position>
                    <lat>52.2785</lat>
                    <lon>4.7095</lon>
                    <date>2013-07-11T19:57:00+02:00</date>
                    <speedMph>132</speedMph>
                    <altitudeFt>150</altitudeFt>
                </position>
                <position>
                    <lat>52.2759</lat>
                    <lon>4.7029</lon>
                    <date>2013-07-11T19:56:55+02:00</date>
                    <speedMph>128</speedMph>
                    <altitudeFt>250</altitudeFt>
                </position>
                <position>
                    <lat>52.2739</lat>
                    <lon>4.6979</lon>
                    <date>2013-07-11T19:56:50+02:00</date>
                    <speedMph>128</speedMph>
                    <altitudeFt>300</altitudeFt>
                </position>
                <position>
                    <lat>52.2728</lat>
                    <lon>4.6951</lon>
                    <date>2013-07-11T19:56:45+02:00</date>
                    <speedMph>132</speedMph>
                    <altitudeFt>330</altitudeFt>
                </position>
                <position>
                    <lat>52.2705</lat>
                    <lon>4.6889</lon>
                    <date>2013-07-11T19:56:40+02:00</date>
                    <speedMph>132</speedMph>
                    <altitudeFt>430</altitudeFt>
                </position>
                <position>
                    <lat>52.2695</lat>
                    <lon>4.6865</lon>
                    <date>2013-07-11T19:56:35+02:00</date>
                    <speedMph>128</speedMph>
                    <altitudeFt>450</altitudeFt>
                </position>
                <position>
                    <lat>52.2682</lat>
                    <lon>4.6831</lon>
                    <date>2013-07-11T19:56:30+02:00</date>
                    <speedMph>128</speedMph>
                    <altitudeFt>500</altitudeFt>
                </position>
                <position>
                    <lat>52.2667</lat>
                    <lon>4.679</lon>
                    <date>2013-07-11T19:56:25+02:00</date>
                    <speedMph>132</speedMph>
                    <altitudeFt>550</altitudeFt>
                </position>
                <position>
                    <lat>52.2656</lat>
                    <lon>4.676</lon>
                    <date>2013-07-11T19:56:20+02:00</date>
                    <speedMph>132</speedMph>
                    <altitudeFt>580</altitudeFt>
                </position>
                <position>
                    <lat>52.2632</lat>
                    <lon>4.6696</lon>
                    <date>2013-07-11T19:56:15+02:00</date>
                    <speedMph>136</speedMph>
                    <altitudeFt>680</altitudeFt>
                </position>
                <position>
                    <lat>52.2612</lat>
                    <lon>4.6645</lon>
                    <date>2013-07-11T19:56:10+02:00</date>
                    <speedMph>136</speedMph>
                    <altitudeFt>750</altitudeFt>
                </position>
                <position>
                    <lat>52.2603</lat>
                    <lon>4.6623</lon>
                    <date>2013-07-11T19:56:05+02:00</date>
                    <speedMph>140</speedMph>
                    <altitudeFt>800</altitudeFt>
                </position>
                <position>
                    <lat>52.2569</lat>
                    <lon>4.6538</lon>
                    <date>2013-07-11T19:56:00+02:00</date>
                    <speedMph>144</speedMph>
                    <altitudeFt>930</altitudeFt>
                </position>
                <position>
                    <lat>52.2561</lat>
                    <lon>4.6517</lon>
                    <date>2013-07-11T19:55:55+02:00</date>
                    <speedMph>144</speedMph>
                    <altitudeFt>950</altitudeFt>
                </position>
                <position>
                    <lat>52.2544</lat>
                    <lon>4.6475</lon>
                    <date>2013-07-11T19:55:50+02:00</date>
                    <speedMph>148</speedMph>
                    <altitudeFt>1000</altitudeFt>
                </position>
                <position>
                    <lat>52.2534</lat>
                    <lon>4.6447</lon>
                    <date>2013-07-11T19:55:45+02:00</date>
                    <speedMph>152</speedMph>
                    <altitudeFt>1050</altitudeFt>
                </position>
                <position>
                    <lat>52.251</lat>
                    <lon>4.6384</lon>
                    <date>2013-07-11T19:55:40+02:00</date>
                    <speedMph>156</speedMph>
                    <altitudeFt>1130</altitudeFt>
                </position>
                <position>
                    <lat>52.2485</lat>
                    <lon>4.6317</lon>
                    <date>2013-07-11T19:55:35+02:00</date>
                    <speedMph>164</speedMph>
                    <altitudeFt>1200</altitudeFt>
                </position>
                <position>
                    <lat>52.247</lat>
                    <lon>4.6277</lon>
                    <date>2013-07-11T19:55:30+02:00</date>
                    <speedMph>168</speedMph>
                    <altitudeFt>1250</altitudeFt>
                </position>
                <position>
                    <lat>52.2415</lat>
                    <lon>4.6138</lon>
                    <date>2013-07-11T19:55:20+02:00</date>
                    <speedMph>176</speedMph>
                    <altitudeFt>1430</altitudeFt>
                </position>
                <position>
                    <lat>52.2393</lat>
                    <lon>4.6084</lon>
                    <date>2013-07-11T19:55:15+02:00</date>
                    <speedMph>176</speedMph>
                    <altitudeFt>1530</altitudeFt>
                </position>
                <position>
                    <lat>52.238</lat>
                    <lon>4.605</lon>
                    <date>2013-07-11T19:55:10+02:00</date>
                    <speedMph>176</speedMph>
                    <altitudeFt>1580</altitudeFt>
                </position>
                <position>
                    <lat>52.2359</lat>
                    <lon>4.5995</lon>
                    <date>2013-07-11T19:55:05+02:00</date>
                    <speedMph>176</speedMph>
                    <altitudeFt>1650</altitudeFt>
                </position>
                <position>
                    <lat>52.2323</lat>
                    <lon>4.5897</lon>
                    <date>2013-07-11T19:55:00+02:00</date>
                    <speedMph>176</speedMph>
                    <altitudeFt>1830</altitudeFt>
                </position>
                <position>
                    <lat>52.2306</lat>
                    <lon>4.5848</lon>
                    <date>2013-07-11T19:54:55+02:00</date>
                    <speedMph>180</speedMph>
                    <altitudeFt>1900</altitudeFt>
                </position>
                <position>
                    <lat>52.2291</lat>
                    <lon>4.5806</lon>
                    <date>2013-07-11T19:54:50+02:00</date>
                    <speedMph>180</speedMph>
                    <altitudeFt>1930</altitudeFt>
                </position>
                <position>
                    <lat>52.2276</lat>
                    <lon>4.576</lon>
                    <date>2013-07-11T19:54:45+02:00</date>
                    <speedMph>180</speedMph>
                    <altitudeFt>2000</altitudeFt>
                </position>
                <position>
                    <lat>52.226</lat>
                    <lon>4.5713</lon>
                    <date>2013-07-11T19:54:40+02:00</date>
                    <speedMph>180</speedMph>
                    <altitudeFt>2050</altitudeFt>
                </position>
                <position>
                    <lat>52.2243</lat>
                    <lon>4.5659</lon>
                    <date>2013-07-11T19:54:35+02:00</date>
                    <speedMph>180</speedMph>
                    <altitudeFt>2100</altitudeFt>
                </position>
                <position>
                    <lat>52.2208</lat>
                    <lon>4.5528</lon>
                    <date>2013-07-11T19:54:30+02:00</date>
                    <speedMph>184</speedMph>
                    <altitudeFt>2150</altitudeFt>
                </position>
                <position>
                    <lat>52.219</lat>
                    <lon>4.5423</lon>
                    <date>2013-07-11T19:54:20+02:00</date>
                    <speedMph>184</speedMph>
                    <altitudeFt>2180</altitudeFt>
                </position>
                <position>
                    <lat>52.2184</lat>
                    <lon>4.5368</lon>
                    <date>2013-07-11T19:54:15+02:00</date>
                    <speedMph>184</speedMph>
                    <altitudeFt>2200</altitudeFt>
                </position>
                <position>
                    <lat>52.2179</lat>
                    <lon>4.5322</lon>
                    <date>2013-07-11T19:54:10+02:00</date>
                    <speedMph>184</speedMph>
                    <altitudeFt>2230</altitudeFt>
                </position>
                <position>
                    <lat>52.2171</lat>
                    <lon>4.5255</lon>
                    <date>2013-07-11T19:54:05+02:00</date>
                    <speedMph>188</speedMph>
                    <altitudeFt>2250</altitudeFt>
                </position>
                <position>
                    <lat>52.2159</lat>
                    <lon>4.5135</lon>
                    <date>2013-07-11T19:54:00+02:00</date>
                    <speedMph>192</speedMph>
                    <altitudeFt>2300</altitudeFt>
                </position>
                <position>
                    <lat>52.2154</lat>
                    <lon>4.5093</lon>
                    <date>2013-07-11T19:53:55+02:00</date>
                    <speedMph>192</speedMph>
                    <altitudeFt>2300</altitudeFt>
                </position>
                <position>
                    <lat>52.2147</lat>
                    <lon>4.5023</lon>
                    <date>2013-07-11T19:53:50+02:00</date>
                    <speedMph>196</speedMph>
                    <altitudeFt>2350</altitudeFt>
                </position>
                <position>
                    <lat>52.2141</lat>
                    <lon>4.4965</lon>
                    <date>2013-07-11T19:53:45+02:00</date>
                    <speedMph>196</speedMph>
                    <altitudeFt>2380</altitudeFt>
                </position>
                <position>
                    <lat>52.2134</lat>
                    <lon>4.4893</lon>
                    <date>2013-07-11T19:53:40+02:00</date>
                    <speedMph>200</speedMph>
                    <altitudeFt>2430</altitudeFt>
                </position>
                <position>
                    <lat>52.2124</lat>
                    <lon>4.4791</lon>
                    <date>2013-07-11T19:53:35+02:00</date>
                    <speedMph>200</speedMph>
                    <altitudeFt>2480</altitudeFt>
                </position>
                <position>
                    <lat>52.2102</lat>
                    <lon>4.455</lon>
                    <date>2013-07-11T19:53:20+02:00</date>
                    <speedMph>200</speedMph>
                    <altitudeFt>2600</altitudeFt>
                </position>
                <position>
                    <lat>52.2087</lat>
                    <lon>4.4384</lon>
                    <date>2013-07-11T19:53:10+02:00</date>
                    <speedMph>200</speedMph>
                    <altitudeFt>2700</altitudeFt>
                </position>
                <position>
                    <lat>52.2081</lat>
                    <lon>4.4313</lon>
                    <date>2013-07-11T19:53:05+02:00</date>
                    <speedMph>200</speedMph>
                    <altitudeFt>2750</altitudeFt>
                </position>
                <position>
                    <lat>52.2069</lat>
                    <lon>4.4187</lon>
                    <date>2013-07-11T19:53:00+02:00</date>
                    <speedMph>212</speedMph>
                    <altitudeFt>2780</altitudeFt>
                </position>
                <position>
                    <lat>52.2055</lat>
                    <lon>4.405</lon>
                    <date>2013-07-11T19:52:45+02:00</date>
                    <speedMph>212</speedMph>
                    <altitudeFt>2880</altitudeFt>
                </position>
                <position>
                    <lat>52.2044</lat>
                    <lon>4.3956</lon>
                    <date>2013-07-11T19:52:40+02:00</date>
                    <speedMph>212</speedMph>
                    <altitudeFt>2930</altitudeFt>
                </position>
                <position>
                    <lat>52.2033</lat>
                    <lon>4.3875</lon>
                    <date>2013-07-11T19:52:35+02:00</date>
                    <speedMph>216</speedMph>
                    <altitudeFt>2980</altitudeFt>
                </position>
                <position>
                    <lat>52.2008</lat>
                    <lon>4.3709</lon>
                    <date>2013-07-11T19:52:30+02:00</date>
                    <speedMph>224</speedMph>
                    <altitudeFt>3080</altitudeFt>
                </position>
                <position>
                    <lat>52.2003</lat>
                    <lon>4.367</lon>
                    <date>2013-07-11T19:52:20+02:00</date>
                    <speedMph>224</speedMph>
                    <altitudeFt>3100</altitudeFt>
                </position>
                <position>
                    <lat>52.1964</lat>
                    <lon>4.3311</lon>
                    <date>2013-07-11T19:52:00+02:00</date>
                    <speedMph>244</speedMph>
                    <altitudeFt>3250</altitudeFt>
                </position>
                <position>
                    <lat>52.1971</lat>
                    <lon>4.319</lon>
                    <date>2013-07-11T19:51:50+02:00</date>
                    <speedMph>248</speedMph>
                    <altitudeFt>3330</altitudeFt>
                </position>
                <position>
                    <lat>52.1984</lat>
                    <lon>4.3118</lon>
                    <date>2013-07-11T19:51:45+02:00</date>
                    <speedMph>256</speedMph>
                    <altitudeFt>3380</altitudeFt>
                </position>
                <position>
                    <lat>52.2028</lat>
                    <lon>4.2975</lon>
                    <date>2013-07-11T19:51:40+02:00</date>
                    <speedMph>260</speedMph>
                    <altitudeFt>3500</altitudeFt>
                </position>
                <position>
                    <lat>52.2055</lat>
                    <lon>4.2907</lon>
                    <date>2013-07-11T19:51:35+02:00</date>
                    <speedMph>264</speedMph>
                    <altitudeFt>3550</altitudeFt>
                </position>
                <position>
                    <lat>52.2079</lat>
                    <lon>4.2847</lon>
                    <date>2013-07-11T19:51:30+02:00</date>
                    <speedMph>268</speedMph>
                    <altitudeFt>3600</altitudeFt>
                </position>
                <position>
                    <lat>52.2148</lat>
                    <lon>4.2683</lon>
                    <date>2013-07-11T19:51:20+02:00</date>
                    <speedMph>268</speedMph>
                    <altitudeFt>3830</altitudeFt>
                </position>
                <position>
                    <lat>52.221</lat>
                    <lon>4.2561</lon>
                    <date>2013-07-11T19:51:15+02:00</date>
                    <speedMph>272</speedMph>
                    <altitudeFt>4030</altitudeFt>
                </position>
                <position>
                    <lat>52.2247</lat>
                    <lon>4.2504</lon>
                    <date>2013-07-11T19:51:10+02:00</date>
                    <speedMph>272</speedMph>
                    <altitudeFt>4150</altitudeFt>
                </position>
                <position>
                    <lat>52.2285</lat>
                    <lon>4.2455</lon>
                    <date>2013-07-11T19:51:05+02:00</date>
                    <speedMph>276</speedMph>
                    <altitudeFt>4250</altitudeFt>
                </position>
                <position>
                    <lat>52.233</lat>
                    <lon>4.2398</lon>
                    <date>2013-07-11T19:51:00+02:00</date>
                    <speedMph>276</speedMph>
                    <altitudeFt>4350</altitudeFt>
                </position>
                <position>
                    <lat>52.243</lat>
                    <lon>4.2275</lon>
                    <date>2013-07-11T19:50:50+02:00</date>
                    <speedMph>276</speedMph>
                    <altitudeFt>4630</altitudeFt>
                </position>
                <position>
                    <lat>52.2507</lat>
                    <lon>4.2178</lon>
                    <date>2013-07-11T19:50:45+02:00</date>
                    <speedMph>276</speedMph>
                    <altitudeFt>4850</altitudeFt>
                </position>
                <position>
                    <lat>52.2597</lat>
                    <lon>4.2065</lon>
                    <date>2013-07-11T19:50:35+02:00</date>
                    <speedMph>276</speedMph>
                    <altitudeFt>5100</altitudeFt>
                </position>
                <position>
                    <lat>52.2729</lat>
                    <lon>4.1895</lon>
                    <date>2013-07-11T19:50:25+02:00</date>
                    <speedMph>280</speedMph>
                    <altitudeFt>5350</altitudeFt>
                </position>
                <position>
                    <lat>52.2819</lat>
                    <lon>4.1782</lon>
                    <date>2013-07-11T19:50:15+02:00</date>
                    <speedMph>284</speedMph>
                    <altitudeFt>5530</altitudeFt>
                </position>
                <position>
                    <lat>52.289</lat>
                    <lon>4.1693</lon>
                    <date>2013-07-11T19:50:05+02:00</date>
                    <speedMph>284</speedMph>
                    <altitudeFt>5700</altitudeFt>
                </position>
                <position>
                    <lat>52.3037</lat>
                    <lon>4.1505</lon>
                    <date>2013-07-11T19:49:55+02:00</date>
                    <speedMph>284</speedMph>
                    <altitudeFt>6080</altitudeFt>
                </position>
                <position>
                    <lat>52.3114</lat>
                    <lon>4.1405</lon>
                    <date>2013-07-11T19:49:45+02:00</date>
                    <speedMph>284</speedMph>
                    <altitudeFt>6250</altitudeFt>
                </position>
                <position>
                    <lat>52.3199</lat>
                    <lon>4.1298</lon>
                    <date>2013-07-11T19:49:35+02:00</date>
                    <speedMph>288</speedMph>
                    <altitudeFt>6400</altitudeFt>
                </position>
                <position>
                    <lat>52.3337</lat>
                    <lon>4.1124</lon>
                    <date>2013-07-11T19:49:25+02:00</date>
                    <speedMph>292</speedMph>
                    <altitudeFt>6700</altitudeFt>
                </position>
                <position>
                    <lat>52.3418</lat>
                    <lon>4.1021</lon>
                    <date>2013-07-11T19:49:15+02:00</date>
                    <speedMph>292</speedMph>
                    <altitudeFt>6900</altitudeFt>
                </position>
                <position>
                    <lat>52.3537</lat>
                    <lon>4.0874</lon>
                    <date>2013-07-11T19:49:05+02:00</date>
                    <speedMph>292</speedMph>
                    <altitudeFt>7180</altitudeFt>
                </position>
                <position>
                    <lat>52.3671</lat>
                    <lon>4.0709</lon>
                    <date>2013-07-11T19:48:55+02:00</date>
                    <speedMph>292</speedMph>
                    <altitudeFt>7500</altitudeFt>
                </position>
                <position>
                    <lat>52.3781</lat>
                    <lon>4.0573</lon>
                    <date>2013-07-11T19:48:45+02:00</date>
                    <speedMph>296</speedMph>
                    <altitudeFt>7730</altitudeFt>
                </position>
                <position>
                    <lat>52.385</lat>
                    <lon>4.0489</lon>
                    <date>2013-07-11T19:48:35+02:00</date>
                    <speedMph>296</speedMph>
                    <altitudeFt>7850</altitudeFt>
                </position>
                <position>
                    <lat>52.4011</lat>
                    <lon>4.0291</lon>
                    <date>2013-07-11T19:48:25+02:00</date>
                    <speedMph>300</speedMph>
                    <altitudeFt>8180</altitudeFt>
                </position>
                <position>
                    <lat>52.4127</lat>
                    <lon>4.0148</lon>
                    <date>2013-07-11T19:48:15+02:00</date>
                    <speedMph>300</speedMph>
                    <altitudeFt>8500</altitudeFt>
                </position>
                <position>
                    <lat>52.422</lat>
                    <lon>4.0037</lon>
                    <date>2013-07-11T19:48:05+02:00</date>
                    <speedMph>300</speedMph>
                    <altitudeFt>8730</altitudeFt>
                </position>
                <position>
                    <lat>52.4308</lat>
                    <lon>3.9931</lon>
                    <date>2013-07-11T19:47:55+02:00</date>
                    <speedMph>300</speedMph>
                    <altitudeFt>8930</altitudeFt>
                </position>
                <position>
                    <lat>52.4446</lat>
                    <lon>3.9763</lon>
                    <date>2013-07-11T19:47:45+02:00</date>
                    <speedMph>304</speedMph>
                    <altitudeFt>9180</altitudeFt>
                </position>
                <position>
                    <lat>52.4543</lat>
                    <lon>3.9647</lon>
                    <date>2013-07-11T19:47:35+02:00</date>
                    <speedMph>308</speedMph>
                    <altitudeFt>9280</altitudeFt>
                </position>
                <position>
                    <lat>52.4682</lat>
                    <lon>3.9478</lon>
                    <date>2013-07-11T19:47:25+02:00</date>
                    <speedMph>320</speedMph>
                    <altitudeFt>9430</altitudeFt>
                </position>
                <position>
                    <lat>52.4765</lat>
                    <lon>3.9377</lon>
                    <date>2013-07-11T19:47:15+02:00</date>
                    <speedMph>324</speedMph>
                    <altitudeFt>9500</altitudeFt>
                </position>
                <position>
                    <lat>52.486</lat>
                    <lon>3.926</lon>
                    <date>2013-07-11T19:47:05+02:00</date>
                    <speedMph>332</speedMph>
                    <altitudeFt>9580</altitudeFt>
                </position>
                <position>
                    <lat>52.501</lat>
                    <lon>3.9076</lon>
                    <date>2013-07-11T19:46:55+02:00</date>
                    <speedMph>340</speedMph>
                    <altitudeFt>9730</altitudeFt>
                </position>
                <position>
                    <lat>52.5106</lat>
                    <lon>3.8956</lon>
                    <date>2013-07-11T19:46:45+02:00</date>
                    <speedMph>348</speedMph>
                    <altitudeFt>9830</altitudeFt>
                </position>
                <position>
                    <lat>52.5262</lat>
                    <lon>3.876</lon>
                    <date>2013-07-11T19:46:35+02:00</date>
                    <speedMph>356</speedMph>
                    <altitudeFt>9950</altitudeFt>
                </position>
                <position>
                    <lat>52.5564</lat>
                    <lon>3.8134</lon>
                    <date>2013-07-11T19:46:05+02:00</date>
                    <speedMph>360</speedMph>
                    <altitudeFt>10780</altitudeFt>
                </position>
                <position>
                    <lat>52.5719</lat>
                    <lon>3.7351</lon>
                    <date>2013-07-11T19:45:35+02:00</date>
                    <speedMph>356</speedMph>
                    <altitudeFt>12180</altitudeFt>
                </position>
                <position>
                    <lat>52.5859</lat>
                    <lon>3.6645</lon>
                    <date>2013-07-11T19:45:05+02:00</date>
                    <speedMph>360</speedMph>
                    <altitudeFt>13100</altitudeFt>
                </position>
                <position>
                    <lat>52.6023</lat>
                    <lon>3.5804</lon>
                    <date>2013-07-11T19:44:35+02:00</date>
                    <speedMph>364</speedMph>
                    <altitudeFt>14180</altitudeFt>
                </position>
                <position>
                    <lat>52.6182</lat>
                    <lon>3.4995</lon>
                    <date>2013-07-11T19:44:05+02:00</date>
                    <speedMph>376</speedMph>
                    <altitudeFt>15100</altitudeFt>
                </position>
                <position>
                    <lat>52.6491</lat>
                    <lon>3.3401</lon>
                    <date>2013-07-11T19:43:05+02:00</date>
                    <speedMph>388</speedMph>
                    <altitudeFt>17150</altitudeFt>
                </position>
                <position>
                    <lat>52.6867</lat>
                    <lon>3.1448</lon>
                    <date>2013-07-11T19:42:05+02:00</date>
                    <speedMph>380</speedMph>
                    <altitudeFt>20230</altitudeFt>
                </position>
                <position>
                    <lat>52.7128</lat>
                    <lon>3.0081</lon>
                    <date>2013-07-11T19:41:05+02:00</date>
                    <speedMph>388</speedMph>
                    <altitudeFt>21900</altitudeFt>
                </position>
                <position>
                    <lat>52.7467</lat>
                    <lon>2.8297</lon>
                    <date>2013-07-11T19:40:05+02:00</date>
                    <speedMph>404</speedMph>
                    <altitudeFt>23900</altitudeFt>
                </position>
                <position>
                    <lat>52.781</lat>
                    <lon>2.6478</lon>
                    <date>2013-07-11T19:39:05+02:00</date>
                    <speedMph>412</speedMph>
                    <altitudeFt>25000</altitudeFt>
                </position>
                <position>
                    <lat>52.8131</lat>
                    <lon>2.474</lon>
                    <date>2013-07-11T19:38:05+02:00</date>
                    <speedMph>412</speedMph>
                    <altitudeFt>25650</altitudeFt>
                </position>
                <position>
                    <lat>52.8688</lat>
                    <lon>2.3029</lon>
                    <date>2013-07-11T19:37:05+02:00</date>
                    <speedMph>416</speedMph>
                    <altitudeFt>27630</altitudeFt>
                </position>
                <position>
                    <lat>52.9341</lat>
                    <lon>2.1216</lon>
                    <date>2013-07-11T19:36:05+02:00</date>
                    <speedMph>428</speedMph>
                    <altitudeFt>30030</altitudeFt>
                </position>
                <position>
                    <lat>52.9979</lat>
                    <lon>1.9435</lon>
                    <date>2013-07-11T19:35:05+02:00</date>
                    <speedMph>436</speedMph>
                    <altitudeFt>32330</altitudeFt>
                </position>
                <position>
                    <lat>53.051</lat>
                    <lon>1.7936</lon>
                    <date>2013-07-11T19:34:05+02:00</date>
                    <speedMph>440</speedMph>
                    <altitudeFt>34280</altitudeFt>
                </position>
                <position>
                    <lat>53.1124</lat>
                    <lon>1.6192</lon>
                    <date>2013-07-11T19:33:05+02:00</date>
                    <speedMph>452</speedMph>
                    <altitudeFt>36450</altitudeFt>
                </position>
                <position>
                    <lat>53.1774</lat>
                    <lon>1.434</lon>
                    <date>2013-07-11T19:32:05+02:00</date>
                    <speedMph>452</speedMph>
                    <altitudeFt>37030</altitudeFt>
                </position>
                <position>
                    <lat>53.24</lat>
                    <lon>1.2541</lon>
                    <date>2013-07-11T19:31:05+02:00</date>
                    <speedMph>452</speedMph>
                    <altitudeFt>37000</altitudeFt>
                </position>
                <position>
                    <lat>53.3031</lat>
                    <lon>1.0722</lon>
                    <date>2013-07-11T19:30:05+02:00</date>
                    <speedMph>452</speedMph>
                    <altitudeFt>36980</altitudeFt>
                </position>
                <position>
                    <lat>53.3653</lat>
                    <lon>0.8906</lon>
                    <date>2013-07-11T19:29:05+02:00</date>
                    <speedMph>452</speedMph>
                    <altitudeFt>37030</altitudeFt>
                </position>
                <position>
                    <lat>53.4286</lat>
                    <lon>0.7046</lon>
                    <date>2013-07-11T19:28:05+02:00</date>
                    <speedMph>452</speedMph>
                    <altitudeFt>36980</altitudeFt>
                </position>
                <position>
                    <lat>53.4881</lat>
                    <lon>0.5278</lon>
                    <date>2013-07-11T19:27:04+02:00</date>
                    <speedMph>452</speedMph>
                    <altitudeFt>37000</altitudeFt>
                </position>
                <position>
                    <lat>53.5534</lat>
                    <lon>0.3332</lon>
                    <date>2013-07-11T19:26:04+02:00</date>
                    <speedMph>452</speedMph>
                    <altitudeFt>37000</altitudeFt>
                </position>
                <position>
                    <lat>53.612</lat>
                    <lon>0.1577</lon>
                    <date>2013-07-11T19:25:04+02:00</date>
                    <speedMph>452</speedMph>
                    <altitudeFt>37000</altitudeFt>
                </position>
                <position>
                    <lat>53.6801</lat>
                    <lon>-0.0287</lon>
                    <date>2013-07-11T19:24:04+02:00</date>
                    <speedMph>452</speedMph>
                    <altitudeFt>37030</altitudeFt>
                </position>
                <position>
                    <lat>53.763</lat>
                    <lon>-0.179</lon>
                    <date>2013-07-11T19:23:04+02:00</date>
                    <speedMph>456</speedMph>
                    <altitudeFt>37030</altitudeFt>
                </position>
                <position>
                    <lat>53.8635</lat>
                    <lon>-0.3066</lon>
                    <date>2013-07-11T19:22:04+02:00</date>
                    <speedMph>456</speedMph>
                    <altitudeFt>37030</altitudeFt>
                </position>
                <position>
                    <lat>53.9658</lat>
                    <lon>-0.4327</lon>
                    <date>2013-07-11T19:21:04+02:00</date>
                    <speedMph>452</speedMph>
                    <altitudeFt>36980</altitudeFt>
                </position>
                <position>
                    <lat>54.0595</lat>
                    <lon>-0.5492</lon>
                    <date>2013-07-11T19:20:04+02:00</date>
                    <speedMph>452</speedMph>
                    <altitudeFt>36980</altitudeFt>
                </position>
                <position>
                    <lat>54.1646</lat>
                    <lon>-0.6794</lon>
                    <date>2013-07-11T19:19:04+02:00</date>
                    <speedMph>452</speedMph>
                    <altitudeFt>36980</altitudeFt>
                </position>
                <position>
                    <lat>54.2651</lat>
                    <lon>-0.807</lon>
                    <date>2013-07-11T19:18:04+02:00</date>
                    <speedMph>456</speedMph>
                    <altitudeFt>37000</altitudeFt>
                </position>
                <position>
                    <lat>54.3647</lat>
                    <lon>-0.9438</lon>
                    <date>2013-07-11T19:17:04+02:00</date>
                    <speedMph>460</speedMph>
                    <altitudeFt>37000</altitudeFt>
                </position>
                <position>
                    <lat>54.4634</lat>
                    <lon>-1.0809</lon>
                    <date>2013-07-11T19:16:04+02:00</date>
                    <speedMph>460</speedMph>
                    <altitudeFt>37000</altitudeFt>
                </position>
                <position>
                    <lat>54.568</lat>
                    <lon>-1.2263</lon>
                    <date>2013-07-11T19:15:03+02:00</date>
                    <speedMph>464</speedMph>
                    <altitudeFt>35650</altitudeFt>
                </position>
                <position>
                    <lat>54.6653</lat>
                    <lon>-1.3617</lon>
                    <date>2013-07-11T19:14:03+02:00</date>
                    <speedMph>468</speedMph>
                    <altitudeFt>34250</altitudeFt>
                </position>
                <position>
                    <lat>54.7505</lat>
                    <lon>-1.5096</lon>
                    <date>2013-07-11T19:13:03+02:00</date>
                    <speedMph>468</speedMph>
                    <altitudeFt>32950</altitudeFt>
                </position>
                <position>
                    <lat>54.8652</lat>
                    <lon>-1.7211</lon>
                    <date>2013-07-11T19:12:03+02:00</date>
                    <speedMph>480</speedMph>
                    <altitudeFt>30630</altitudeFt>
                </position>
                <position>
                    <lat>54.9747</lat>
                    <lon>-1.9218</lon>
                    <date>2013-07-11T19:10:38+02:00</date>
                    <speedMph>464</speedMph>
                    <altitudeFt>29150</altitudeFt>
                </position>
                <position>
                    <lat>55.0599</lat>
                    <lon>-2.0841</lon>
                    <date>2013-07-11T19:09:38+02:00</date>
                    <speedMph>452</speedMph>
                    <altitudeFt>27780</altitudeFt>
                </position>
                <position>
                    <lat>55.1426</lat>
                    <lon>-2.2453</lon>
                    <date>2013-07-11T19:08:38+02:00</date>
                    <speedMph>452</speedMph>
                    <altitudeFt>27000</altitudeFt>
                </position>
                <position>
                    <lat>55.2265</lat>
                    <lon>-2.4084</lon>
                    <date>2013-07-11T19:07:38+02:00</date>
                    <speedMph>448</speedMph>
                    <altitudeFt>26800</altitudeFt>
                </position>
                <position>
                    <lat>55.316</lat>
                    <lon>-2.581</lon>
                    <date>2013-07-11T19:06:38+02:00</date>
                    <speedMph>440</speedMph>
                    <altitudeFt>24880</altitudeFt>
                </position>
                <position>
                    <lat>55.395</lat>
                    <lon>-2.7353</lon>
                    <date>2013-07-11T19:05:38+02:00</date>
                    <speedMph>416</speedMph>
                    <altitudeFt>23250</altitudeFt>
                </position>
                <position>
                    <lat>55.4796</lat>
                    <lon>-2.8327</lon>
                    <date>2013-07-11T19:04:38+02:00</date>
                    <speedMph>400</speedMph>
                    <altitudeFt>21530</altitudeFt>
                </position>
                <position>
                    <lat>55.5871</lat>
                    <lon>-2.8838</lon>
                    <date>2013-07-11T19:03:38+02:00</date>
                    <speedMph>400</speedMph>
                    <altitudeFt>20030</altitudeFt>
                </position>
                <position>
                    <lat>55.6952</lat>
                    <lon>-2.934</lon>
                    <date>2013-07-11T19:02:38+02:00</date>
                    <speedMph>384</speedMph>
                    <altitudeFt>17480</altitudeFt>
                </position>
                <position>
                    <lat>55.8065</lat>
                    <lon>-2.9869</lon>
                    <date>2013-07-11T19:01:38+02:00</date>
                    <speedMph>372</speedMph>
                    <altitudeFt>14530</altitudeFt>
                </position>
                <position>
                    <lat>55.8558</lat>
                    <lon>-3.0104</lon>
                    <date>2013-07-11T19:01:08+02:00</date>
                    <speedMph>364</speedMph>
                    <altitudeFt>13130</altitudeFt>
                </position>
                <position>
                    <lat>55.8954</lat>
                    <lon>-3.0287</lon>
                    <date>2013-07-11T19:00:38+02:00</date>
                    <speedMph>364</speedMph>
                    <altitudeFt>11900</altitudeFt>
                </position>
                <position>
                    <lat>55.9455</lat>
                    <lon>-3.0519</lon>
                    <date>2013-07-11T19:00:08+02:00</date>
                    <speedMph>328</speedMph>
                    <altitudeFt>10830</altitudeFt>
                </position>
                <position>
                    <lat>55.9949</lat>
                    <lon>-3.0743</lon>
                    <date>2013-07-11T18:59:38+02:00</date>
                    <speedMph>296</speedMph>
                    <altitudeFt>9550</altitudeFt>
                </position>
                <position>
                    <lat>56.0021</lat>
                    <lon>-3.0775</lon>
                    <date>2013-07-11T18:59:28+02:00</date>
                    <speedMph>304</speedMph>
                    <altitudeFt>9300</altitudeFt>
                </position>
                <position>
                    <lat>56.021</lat>
                    <lon>-3.0863</lon>
                    <date>2013-07-11T18:59:18+02:00</date>
                    <speedMph>288</speedMph>
                    <altitudeFt>8600</altitudeFt>
                </position>
                <position>
                    <lat>56.0274</lat>
                    <lon>-3.0898</lon>
                    <date>2013-07-11T18:59:08+02:00</date>
                    <speedMph>296</speedMph>
                    <altitudeFt>8350</altitudeFt>
                </position>
                <position>
                    <lat>56.0458</lat>
                    <lon>-3.1092</lon>
                    <date>2013-07-11T18:58:58+02:00</date>
                    <speedMph>276</speedMph>
                    <altitudeFt>7830</altitudeFt>
                </position>
                <position>
                    <lat>56.0496</lat>
                    <lon>-3.117</lon>
                    <date>2013-07-11T18:58:48+02:00</date>
                    <speedMph>268</speedMph>
                    <altitudeFt>7650</altitudeFt>
                </position>
                <position>
                    <lat>56.058</lat>
                    <lon>-3.1569</lon>
                    <date>2013-07-11T18:58:33+02:00</date>
                    <speedMph>256</speedMph>
                    <altitudeFt>6680</altitudeFt>
                </position>
                <position>
                    <lat>56.0564</lat>
                    <lon>-3.1781</lon>
                    <date>2013-07-11T18:58:23+02:00</date>
                    <speedMph>252</speedMph>
                    <altitudeFt>5980</altitudeFt>
                </position>
                <position>
                    <lat>56.0516</lat>
                    <lon>-3.1949</lon>
                    <date>2013-07-11T18:58:13+02:00</date>
                    <speedMph>252</speedMph>
                    <altitudeFt>5380</altitudeFt>
                </position>
                <position>
                    <lat>56.0433</lat>
                    <lon>-3.2108</lon>
                    <date>2013-07-11T18:58:03+02:00</date>
                    <speedMph>260</speedMph>
                    <altitudeFt>4630</altitudeFt>
                </position>
                <position>
                    <lat>56.0389</lat>
                    <lon>-3.2178</lon>
                    <date>2013-07-11T18:57:58+02:00</date>
                    <speedMph>260</speedMph>
                    <altitudeFt>4280</altitudeFt>
                </position>
                <position>
                    <lat>56.034</lat>
                    <lon>-3.2257</lon>
                    <date>2013-07-11T18:57:53+02:00</date>
                    <speedMph>260</speedMph>
                    <altitudeFt>3980</altitudeFt>
                </position>
                <position>
                    <lat>56.0295</lat>
                    <lon>-3.2328</lon>
                    <date>2013-07-11T18:57:43+02:00</date>
                    <speedMph>260</speedMph>
                    <altitudeFt>3650</altitudeFt>
                </position>
                <position>
                    <lat>56.0255</lat>
                    <lon>-3.2392</lon>
                    <date>2013-07-11T18:57:38+02:00</date>
                    <speedMph>256</speedMph>
                    <altitudeFt>3380</altitudeFt>
                </position>
                <position>
                    <lat>56.0165</lat>
                    <lon>-3.2534</lon>
                    <date>2013-07-11T18:57:33+02:00</date>
                    <speedMph>244</speedMph>
                    <altitudeFt>2900</altitudeFt>
                </position>
                <position>
                    <lat>56.0121</lat>
                    <lon>-3.2603</lon>
                    <date>2013-07-11T18:57:28+02:00</date>
                    <speedMph>244</speedMph>
                    <altitudeFt>2680</altitudeFt>
                </position>
                <position>
                    <lat>56.0075</lat>
                    <lon>-3.2677</lon>
                    <date>2013-07-11T18:57:23+02:00</date>
                    <speedMph>236</speedMph>
                    <altitudeFt>2450</altitudeFt>
                </position>
                <position>
                    <lat>56.0037</lat>
                    <lon>-3.2737</lon>
                    <date>2013-07-11T18:57:13+02:00</date>
                    <speedMph>224</speedMph>
                    <altitudeFt>2280</altitudeFt>
                </position>
                <position>
                    <lat>55.9958</lat>
                    <lon>-3.2859</lon>
                    <date>2013-07-11T18:57:08+02:00</date>
                    <speedMph>216</speedMph>
                    <altitudeFt>1980</altitudeFt>
                </position>
                <position>
                    <lat>55.9919</lat>
                    <lon>-3.2922</lon>
                    <date>2013-07-11T18:57:03+02:00</date>
                    <speedMph>204</speedMph>
                    <altitudeFt>1880</altitudeFt>
                </position>
                <position>
                    <lat>55.988</lat>
                    <lon>-3.2982</lon>
                    <date>2013-07-11T18:56:58+02:00</date>
                    <speedMph>196</speedMph>
                    <altitudeFt>1780</altitudeFt>
                </position>
                <position>
                    <lat>55.9848</lat>
                    <lon>-3.3032</lon>
                    <date>2013-07-11T18:56:48+02:00</date>
                    <speedMph>196</speedMph>
                    <altitudeFt>1680</altitudeFt>
                </position>
                <position>
                    <lat>55.9813</lat>
                    <lon>-3.3085</lon>
                    <date>2013-07-11T18:56:43+02:00</date>
                    <speedMph>180</speedMph>
                    <altitudeFt>1580</altitudeFt>
                </position>
                <position>
                    <lat>55.978</lat>
                    <lon>-3.3139</lon>
                    <date>2013-07-11T18:56:38+02:00</date>
                    <speedMph>180</speedMph>
                    <altitudeFt>1450</altitudeFt>
                </position>
                <position>
                    <lat>55.972</lat>
                    <lon>-3.3233</lon>
                    <date>2013-07-11T18:56:28+02:00</date>
                    <speedMph>160</speedMph>
                    <altitudeFt>1250</altitudeFt>
                </position>
                <position>
                    <lat>55.9686</lat>
                    <lon>-3.3289</lon>
                    <date>2013-07-11T18:56:23+02:00</date>
                    <speedMph>160</speedMph>
                    <altitudeFt>1130</altitudeFt>
                </position>
                <position>
                    <lat>55.9636</lat>
                    <lon>-3.3369</lon>
                    <date>2013-07-11T18:56:18+02:00</date>
                    <speedMph>156</speedMph>
                    <altitudeFt>800</altitudeFt>
                </position>
                <position>
                    <lat>55.9611</lat>
                    <lon>-3.3413</lon>
                    <date>2013-07-11T18:56:13+02:00</date>
                    <speedMph>148</speedMph>
                    <altitudeFt>630</altitudeFt>
                </position>
                <position>
                    <lat>55.9589</lat>
                    <lon>-3.3461</lon>
                    <date>2013-07-11T18:56:03+02:00</date>
                    <speedMph>148</speedMph>
                    <altitudeFt>450</altitudeFt>
                </position>
                <position>
                    <lat>55.9566</lat>
                    <lon>-3.3526</lon>
                    <date>2013-07-11T18:55:58+02:00</date>
                    <speedMph>148</speedMph>
                    <altitudeFt>280</altitudeFt>
                </position>
                <position>
                    <lat>55.951</lat>
                    <lon>-3.3696</lon>
                    <date>2013-07-11T18:55:43+02:00</date>
                    <speedMph>140</speedMph>
                    <altitudeFt>0</altitudeFt>
                </position>
                <position>
                    <lat>55.9479</lat>
                    <lon>-3.3786</lon>
                    <date>2013-07-11T18:55:38+02:00</date>
                    <speedMph>104</speedMph>
                    <altitudeFt>0</altitudeFt>
                </position>
                <position>
                    <lat>55.9472</lat>
                    <lon>-3.3808</lon>
                    <date>2013-07-11T18:55:33+02:00</date>
                    <speedMph>96</speedMph>
                    <altitudeFt>0</altitudeFt>
                </position>
                <position>
                    <lat>55.946</lat>
                    <lon>-3.3841</lon>
                    <date>2013-07-11T18:55:23+02:00</date>
                    <speedMph>76</speedMph>
                    <altitudeFt>0</altitudeFt>
                </position>
                <position>
                    <lat>55.9453</lat>
                    <lon>-3.3863</lon>
                    <date>2013-07-11T18:55:18+02:00</date>
                    <speedMph>52</speedMph>
                    <altitudeFt>0</altitudeFt>
                </position>
                <position>
                    <lat>55.944</lat>
                    <lon>-3.3895</lon>
                    <date>2013-07-11T18:55:03+02:00</date>
                    <speedMph>12</speedMph>
                    <altitudeFt>0</altitudeFt>
                </position>
                <position>
                    <lat>55.9438</lat>
                    <lon>-3.3895</lon>
                    <date>2013-07-11T18:54:58+02:00</date>
                    <speedMph>12</speedMph>
                    <altitudeFt>0</altitudeFt>
                </position>
                <position>
                    <lat>55.9435</lat>
                    <lon>-3.3893</lon>
                    <date>2013-07-11T18:54:48+02:00</date>
                    <speedMph>12</speedMph>
                    <altitudeFt>0</altitudeFt>
                </position>
                <position>
                    <lat>55.9428</lat>
                    <lon>-3.3881</lon>
                    <date>2013-07-11T18:54:28+02:00</date>
                    <speedMph>12</speedMph>
                    <altitudeFt>0</altitudeFt>
                </position>
                <position>
                    <lat>55.9429</lat>
                    <lon>-3.3877</lon>
                    <date>2013-07-11T18:54:23+02:00</date>
                    <speedMph>16</speedMph>
                    <altitudeFt>0</altitudeFt>
                </position>
                <position>
                    <lat>55.9431</lat>
                    <lon>-3.387</lon>
                    <date>2013-07-11T18:54:13+02:00</date>
                    <speedMph>20</speedMph>
                    <altitudeFt>0</altitudeFt>
                </position>
                <position>
                    <lat>55.9434</lat>
                    <lon>-3.3862</lon>
                    <date>2013-07-11T18:54:08+02:00</date>
                    <speedMph>24</speedMph>
                    <altitudeFt>0</altitudeFt>
                </position>
                <position>
                    <lat>55.944</lat>
                    <lon>-3.3843</lon>
                    <date>2013-07-11T18:54:03+02:00</date>
                    <speedMph>24</speedMph>
                    <altitudeFt>0</altitudeFt>
                </position>
                <position>
                    <lat>55.9442</lat>
                    <lon>-3.3838</lon>
                    <date>2013-07-11T18:53:53+02:00</date>
                    <speedMph>24</speedMph>
                    <altitudeFt>0</altitudeFt>
                </position>
                <position>
                    <lat>55.9445</lat>
                    <lon>-3.383</lon>
                    <date>2013-07-11T18:53:48+02:00</date>
                    <speedMph>24</speedMph>
                    <altitudeFt>0</altitudeFt>
                </position>
                <position>
                    <lat>55.945</lat>
                    <lon>-3.3813</lon>
                    <date>2013-07-11T18:53:38+02:00</date>
                    <speedMph>24</speedMph>
                    <altitudeFt>0</altitudeFt>
                </position>
                <position>
                    <lat>55.9454</lat>
                    <lon>-3.3804</lon>
                    <date>2013-07-11T18:53:33+02:00</date>
                    <speedMph>20</speedMph>
                    <altitudeFt>0</altitudeFt>
                </position>
                <position>
                    <lat>55.9458</lat>
                    <lon>-3.3791</lon>
                    <date>2013-07-11T18:53:28+02:00</date>
                    <speedMph>20</speedMph>
                    <altitudeFt>0</altitudeFt>
                </position>
                <position>
                    <lat>55.9461</lat>
                    <lon>-3.3784</lon>
                    <date>2013-07-11T18:53:23+02:00</date>
                    <speedMph>20</speedMph>
                    <altitudeFt>0</altitudeFt>
                </position>
                <position>
                    <lat>55.9463</lat>
                    <lon>-3.3777</lon>
                    <date>2013-07-11T18:53:18+02:00</date>
                    <speedMph>20</speedMph>
                    <altitudeFt>0</altitudeFt>
                </position>
                <position>
                    <lat>55.9465</lat>
                    <lon>-3.3771</lon>
                    <date>2013-07-11T18:53:08+02:00</date>
                    <speedMph>20</speedMph>
                    <altitudeFt>0</altitudeFt>
                </position>
                <position>
                    <lat>55.9467</lat>
                    <lon>-3.3765</lon>
                    <date>2013-07-11T18:53:03+02:00</date>
                    <speedMph>16</speedMph>
                    <altitudeFt>0</altitudeFt>
                </position>
                <position>
                    <lat>55.947</lat>
                    <lon>-3.3755</lon>
                    <date>2013-07-11T18:52:58+02:00</date>
                    <speedMph>16</speedMph>
                    <altitudeFt>0</altitudeFt>
                </position>
                <position>
                    <lat>55.9473</lat>
                    <lon>-3.3746</lon>
                    <date>2013-07-11T18:52:53+02:00</date>
                    <speedMph>16</speedMph>
                    <altitudeFt>0</altitudeFt>
                </position>
                <position>
                    <lat>55.9476</lat>
                    <lon>-3.3738</lon>
                    <date>2013-07-11T18:52:48+02:00</date>
                    <speedMph>16</speedMph>
                    <altitudeFt>0</altitudeFt>
                </position>
                <position>
                    <lat>55.948</lat>
                    <lon>-3.3725</lon>
                    <date>2013-07-11T18:52:33+02:00</date>
                    <speedMph>12</speedMph>
                    <altitudeFt>0</altitudeFt>
                </position>
                <position>
                    <lat>55.9481</lat>
                    <lon>-3.3722</lon>
                    <date>2013-07-11T18:52:28+02:00</date>
                    <speedMph>12</speedMph>
                    <altitudeFt>0</altitudeFt>
                </position>
                <position>
                    <lat>55.9483</lat>
                    <lon>-3.3718</lon>
                    <date>2013-07-11T18:52:18+02:00</date>
                    <speedMph>12</speedMph>
                    <altitudeFt>0</altitudeFt>
                </position>
                <position>
                    <lat>55.9485</lat>
                    <lon>-3.3713</lon>
                    <date>2013-07-11T18:52:13+02:00</date>
                    <speedMph>12</speedMph>
                    <altitudeFt>0</altitudeFt>
                </position>
                <position>
                    <lat>55.9487</lat>
                    <lon>-3.3706</lon>
                    <date>2013-07-11T18:52:03+02:00</date>
                    <speedMph>12</speedMph>
                    <altitudeFt>0</altitudeFt>
                </position>
                <position>
                    <lat>55.9488</lat>
                    <lon>-3.3701</lon>
                    <date>2013-07-11T18:51:58+02:00</date>
                    <speedMph>8</speedMph>
                    <altitudeFt>0</altitudeFt>
                </position>
                <position>
                    <lat>55.949</lat>
                    <lon>-3.3697</lon>
                    <date>2013-07-11T18:51:53+02:00</date>
                    <speedMph>8</speedMph>
                    <altitudeFt>0</altitudeFt>
                </position>
                <position>
                    <lat>55.9493</lat>
                    <lon>-3.3687</lon>
                    <date>2013-07-11T18:51:28+02:00</date>
                    <speedMph>4</speedMph>
                    <altitudeFt>0</altitudeFt>
                </position>
                <position>
                    <lat>55.949</lat>
                    <lon>-3.3675</lon>
                    <date>2013-07-11T18:51:13+02:00</date>
                    <speedMph>8</speedMph>
                    <altitudeFt>0</altitudeFt>
                </position>
                <position>
                    <lat>55.949</lat>
                    <lon>-3.3673</lon>
                    <date>2013-07-11T18:51:03+02:00</date>
                    <speedMph>8</speedMph>
                    <altitudeFt>0</altitudeFt>
                </position>
                <position>
                    <lat>55.9491</lat>
                    <lon>-3.367</lon>
                    <date>2013-07-11T18:50:53+02:00</date>
                    <speedMph>4</speedMph>
                    <altitudeFt>0</altitudeFt>
                </position>
            </positions>
        </flightTrack>
    </flightTracks>
</flightstatslog>
