<?xml version="1.0" encoding="UTF-8" standalone="yes"?>
<flightstatslog>
    <appendix>
        <airports>
            <airport>
                <fs>ZRH</fs>
                <latitude>47.464722</latitude>
                <longitude>8.549167</longitude>
                <city>Zurich</city>
            </airport>
            <airport>
                <fs>LGW</fs>
                <latitude>51.148056</latitude>
                <longitude>-0.190278</longitude>
                <city>London</city>
            </airport>
        </airports>
    </appendix>
    <flightTracks>
        <flightTrack>
            <flightId>4197442</flightId>
            <departureAirportFsCode>ZRH</departureAirportFsCode>
            <arrivalAirportFsCode>LGW</arrivalAirportFsCode>
            <positions>
                <position>
                    <lat>51.154</lat>
                    <lon>-0.171</lon>
                    <date>2013-07-11T23:04:03+02:00</date>
                    <speedMph>8</speedMph>
                    <altitudeFt>0</altitudeFt>
                </position>
                <position>
                    <lat>51.1495</lat>
                    <lon>-0.1808</lon>
                    <date>2013-07-11T23:01:48+02:00</date>
                    <speedMph>28</speedMph>
                    <altitudeFt>0</altitudeFt>
                </position>
                <position>
                    <lat>51.1459</lat>
                    <lon>-0.2067</lon>
                    <date>2013-07-11T23:00:58+02:00</date>
                    <speedMph>124</speedMph>
                    <altitudeFt>0</altitudeFt>
                </position>
                <position>
                    <lat>51.1447</lat>
                    <lon>-0.215</lon>
                    <date>2013-07-11T23:00:43+02:00</date>
                    <speedMph>120</speedMph>
                    <altitudeFt>30</altitudeFt>
                </position>
                <position>
                    <lat>51.1433</lat>
                    <lon>-0.2256</lon>
                    <date>2013-07-11T23:00:38+02:00</date>
                    <speedMph>120</speedMph>
                    <altitudeFt>150</altitudeFt>
                </position>
                <position>
                    <lat>51.1428</lat>
                    <lon>-0.2286</lon>
                    <date>2013-07-11T23:00:33+02:00</date>
                    <speedMph>120</speedMph>
                    <altitudeFt>200</altitudeFt>
                </position>
                <position>
                    <lat>51.1419</lat>
                    <lon>-0.2352</lon>
                    <date>2013-07-11T23:00:28+02:00</date>
                    <speedMph>120</speedMph>
                    <altitudeFt>280</altitudeFt>
                </position>
                <position>
                    <lat>51.1418</lat>
                    <lon>-0.236</lon>
                    <date>2013-07-11T23:00:23+02:00</date>
                    <speedMph>120</speedMph>
                    <altitudeFt>280</altitudeFt>
                </position>
                <position>
                    <lat>51.1411</lat>
                    <lon>-0.241</lon>
                    <date>2013-07-11T23:00:18+02:00</date>
                    <speedMph>120</speedMph>
                    <altitudeFt>350</altitudeFt>
                </position>
                <position>
                    <lat>51.1406</lat>
                    <lon>-0.245</lon>
                    <date>2013-07-11T23:00:13+02:00</date>
                    <speedMph>120</speedMph>
                    <altitudeFt>400</altitudeFt>
                </position>
                <position>
                    <lat>51.1379</lat>
                    <lon>-0.2638</lon>
                    <date>2013-07-11T22:59:58+02:00</date>
                    <speedMph>120</speedMph>
                    <altitudeFt>630</altitudeFt>
                </position>
                <position>
                    <lat>51.1364</lat>
                    <lon>-0.2746</lon>
                    <date>2013-07-11T22:59:43+02:00</date>
                    <speedMph>120</speedMph>
                    <altitudeFt>750</altitudeFt>
                </position>
                <position>
                    <lat>51.136</lat>
                    <lon>-0.2776</lon>
                    <date>2013-07-11T22:59:33+02:00</date>
                    <speedMph>120</speedMph>
                    <altitudeFt>800</altitudeFt>
                </position>
                <position>
                    <lat>51.1353</lat>
                    <lon>-0.2828</lon>
                    <date>2013-07-11T22:59:28+02:00</date>
                    <speedMph>120</speedMph>
                    <altitudeFt>850</altitudeFt>
                </position>
                <position>
                    <lat>51.1343</lat>
                    <lon>-0.2905</lon>
                    <date>2013-07-11T22:59:18+02:00</date>
                    <speedMph>120</speedMph>
                    <altitudeFt>950</altitudeFt>
                </position>
                <position>
                    <lat>51.1329</lat>
                    <lon>-0.2999</lon>
                    <date>2013-07-11T22:59:08+02:00</date>
                    <speedMph>132</speedMph>
                    <altitudeFt>1080</altitudeFt>
                </position>
                <position>
                    <lat>51.1322</lat>
                    <lon>-0.3056</lon>
                    <date>2013-07-11T22:59:03+02:00</date>
                    <speedMph>136</speedMph>
                    <altitudeFt>1150</altitudeFt>
                </position>
                <position>
                    <lat>51.1316</lat>
                    <lon>-0.31</lon>
                    <date>2013-07-11T22:58:58+02:00</date>
                    <speedMph>136</speedMph>
                    <altitudeFt>1200</altitudeFt>
                </position>
                <position>
                    <lat>51.13</lat>
                    <lon>-0.3214</lon>
                    <date>2013-07-11T22:58:48+02:00</date>
                    <speedMph>148</speedMph>
                    <altitudeFt>1330</altitudeFt>
                </position>
                <position>
                    <lat>51.1287</lat>
                    <lon>-0.33</lon>
                    <date>2013-07-11T22:58:43+02:00</date>
                    <speedMph>152</speedMph>
                    <altitudeFt>1450</altitudeFt>
                </position>
                <position>
                    <lat>51.1264</lat>
                    <lon>-0.3468</lon>
                    <date>2013-07-11T22:58:28+02:00</date>
                    <speedMph>156</speedMph>
                    <altitudeFt>1630</altitudeFt>
                </position>
                <position>
                    <lat>51.1263</lat>
                    <lon>-0.3479</lon>
                    <date>2013-07-11T22:58:23+02:00</date>
                    <speedMph>156</speedMph>
                    <altitudeFt>1680</altitudeFt>
                </position>
                <position>
                    <lat>51.1245</lat>
                    <lon>-0.3608</lon>
                    <date>2013-07-11T22:58:18+02:00</date>
                    <speedMph>156</speedMph>
                    <altitudeFt>1830</altitudeFt>
                </position>
                <position>
                    <lat>51.1237</lat>
                    <lon>-0.3661</lon>
                    <date>2013-07-11T22:58:08+02:00</date>
                    <speedMph>156</speedMph>
                    <altitudeFt>1880</altitudeFt>
                </position>
                <position>
                    <lat>51.1226</lat>
                    <lon>-0.3741</lon>
                    <date>2013-07-11T22:58:03+02:00</date>
                    <speedMph>160</speedMph>
                    <altitudeFt>1980</altitudeFt>
                </position>
                <position>
                    <lat>51.1219</lat>
                    <lon>-0.3797</lon>
                    <date>2013-07-11T22:57:58+02:00</date>
                    <speedMph>160</speedMph>
                    <altitudeFt>2050</altitudeFt>
                </position>
                <position>
                    <lat>51.1212</lat>
                    <lon>-0.3841</lon>
                    <date>2013-07-11T22:57:53+02:00</date>
                    <speedMph>160</speedMph>
                    <altitudeFt>2130</altitudeFt>
                </position>
                <position>
                    <lat>51.1205</lat>
                    <lon>-0.3898</lon>
                    <date>2013-07-11T22:57:48+02:00</date>
                    <speedMph>160</speedMph>
                    <altitudeFt>2200</altitudeFt>
                </position>
                <position>
                    <lat>51.1198</lat>
                    <lon>-0.3942</lon>
                    <date>2013-07-11T22:57:43+02:00</date>
                    <speedMph>164</speedMph>
                    <altitudeFt>2250</altitudeFt>
                </position>
                <position>
                    <lat>51.1191</lat>
                    <lon>-0.3997</lon>
                    <date>2013-07-11T22:57:38+02:00</date>
                    <speedMph>164</speedMph>
                    <altitudeFt>2330</altitudeFt>
                </position>
                <position>
                    <lat>51.1186</lat>
                    <lon>-0.4032</lon>
                    <date>2013-07-11T22:57:33+02:00</date>
                    <speedMph>164</speedMph>
                    <altitudeFt>2380</altitudeFt>
                </position>
                <position>
                    <lat>51.1173</lat>
                    <lon>-0.4123</lon>
                    <date>2013-07-11T22:57:28+02:00</date>
                    <speedMph>164</speedMph>
                    <altitudeFt>2500</altitudeFt>
                </position>
                <position>
                    <lat>51.1167</lat>
                    <lon>-0.4171</lon>
                    <date>2013-07-11T22:57:23+02:00</date>
                    <speedMph>168</speedMph>
                    <altitudeFt>2550</altitudeFt>
                </position>
                <position>
                    <lat>51.1161</lat>
                    <lon>-0.4217</lon>
                    <date>2013-07-11T22:57:18+02:00</date>
                    <speedMph>168</speedMph>
                    <altitudeFt>2600</altitudeFt>
                </position>
                <position>
                    <lat>51.1153</lat>
                    <lon>-0.4268</lon>
                    <date>2013-07-11T22:57:13+02:00</date>
                    <speedMph>172</speedMph>
                    <altitudeFt>2650</altitudeFt>
                </position>
                <position>
                    <lat>51.1136</lat>
                    <lon>-0.4372</lon>
                    <date>2013-07-11T22:57:08+02:00</date>
                    <speedMph>172</speedMph>
                    <altitudeFt>2780</altitudeFt>
                </position>
                <position>
                    <lat>51.1128</lat>
                    <lon>-0.4415</lon>
                    <date>2013-07-11T22:57:03+02:00</date>
                    <speedMph>172</speedMph>
                    <altitudeFt>2800</altitudeFt>
                </position>
                <position>
                    <lat>51.1112</lat>
                    <lon>-0.4498</lon>
                    <date>2013-07-11T22:56:58+02:00</date>
                    <speedMph>176</speedMph>
                    <altitudeFt>2830</altitudeFt>
                </position>
                <position>
                    <lat>51.1098</lat>
                    <lon>-0.4566</lon>
                    <date>2013-07-11T22:56:48+02:00</date>
                    <speedMph>180</speedMph>
                    <altitudeFt>2850</altitudeFt>
                </position>
                <position>
                    <lat>51.1075</lat>
                    <lon>-0.4662</lon>
                    <date>2013-07-11T22:56:43+02:00</date>
                    <speedMph>184</speedMph>
                    <altitudeFt>2900</altitudeFt>
                </position>
                <position>
                    <lat>51.0995</lat>
                    <lon>-0.4844</lon>
                    <date>2013-07-11T22:56:33+02:00</date>
                    <speedMph>184</speedMph>
                    <altitudeFt>3000</altitudeFt>
                </position>
                <position>
                    <lat>51.0841</lat>
                    <lon>-0.4918</lon>
                    <date>2013-07-11T22:56:08+02:00</date>
                    <speedMph>196</speedMph>
                    <altitudeFt>3100</altitudeFt>
                </position>
                <position>
                    <lat>51.0795</lat>
                    <lon>-0.4904</lon>
                    <date>2013-07-11T22:56:03+02:00</date>
                    <speedMph>204</speedMph>
                    <altitudeFt>3150</altitudeFt>
                </position>
                <position>
                    <lat>51.0756</lat>
                    <lon>-0.4887</lon>
                    <date>2013-07-11T22:55:58+02:00</date>
                    <speedMph>208</speedMph>
                    <altitudeFt>3180</altitudeFt>
                </position>
                <position>
                    <lat>51.0726</lat>
                    <lon>-0.4875</lon>
                    <date>2013-07-11T22:55:53+02:00</date>
                    <speedMph>212</speedMph>
                    <altitudeFt>3200</altitudeFt>
                </position>
                <position>
                    <lat>51.0687</lat>
                    <lon>-0.4857</lon>
                    <date>2013-07-11T22:55:48+02:00</date>
                    <speedMph>212</speedMph>
                    <altitudeFt>3230</altitudeFt>
                </position>
                <position>
                    <lat>51.0619</lat>
                    <lon>-0.4819</lon>
                    <date>2013-07-11T22:55:43+02:00</date>
                    <speedMph>220</speedMph>
                    <altitudeFt>3300</altitudeFt>
                </position>
                <position>
                    <lat>51.0574</lat>
                    <lon>-0.4783</lon>
                    <date>2013-07-11T22:55:38+02:00</date>
                    <speedMph>224</speedMph>
                    <altitudeFt>3380</altitudeFt>
                </position>
                <position>
                    <lat>51.0547</lat>
                    <lon>-0.4752</lon>
                    <date>2013-07-11T22:55:33+02:00</date>
                    <speedMph>228</speedMph>
                    <altitudeFt>3400</altitudeFt>
                </position>
                <position>
                    <lat>51.0429</lat>
                    <lon>-0.4511</lon>
                    <date>2013-07-11T22:55:18+02:00</date>
                    <speedMph>236</speedMph>
                    <altitudeFt>3630</altitudeFt>
                </position>
                <position>
                    <lat>51.0411</lat>
                    <lon>-0.447</lon>
                    <date>2013-07-11T22:55:13+02:00</date>
                    <speedMph>240</speedMph>
                    <altitudeFt>3650</altitudeFt>
                </position>
                <position>
                    <lat>51.0379</lat>
                    <lon>-0.4395</lon>
                    <date>2013-07-11T22:55:08+02:00</date>
                    <speedMph>244</speedMph>
                    <altitudeFt>3730</altitudeFt>
                </position>
                <position>
                    <lat>51.0283</lat>
                    <lon>-0.4175</lon>
                    <date>2013-07-11T22:54:58+02:00</date>
                    <speedMph>248</speedMph>
                    <altitudeFt>3950</altitudeFt>
                </position>
                <position>
                    <lat>51.0238</lat>
                    <lon>-0.4069</lon>
                    <date>2013-07-11T22:54:48+02:00</date>
                    <speedMph>248</speedMph>
                    <altitudeFt>4050</altitudeFt>
                </position>
                <position>
                    <lat>51.0185</lat>
                    <lon>-0.3947</lon>
                    <date>2013-07-11T22:54:43+02:00</date>
                    <speedMph>252</speedMph>
                    <altitudeFt>4180</altitudeFt>
                </position>
                <position>
                    <lat>51.014</lat>
                    <lon>-0.3842</lon>
                    <date>2013-07-11T22:54:33+02:00</date>
                    <speedMph>252</speedMph>
                    <altitudeFt>4280</altitudeFt>
                </position>
                <position>
                    <lat>51.0116</lat>
                    <lon>-0.3781</lon>
                    <date>2013-07-11T22:54:28+02:00</date>
                    <speedMph>260</speedMph>
                    <altitudeFt>4330</altitudeFt>
                </position>
                <position>
                    <lat>51.0045</lat>
                    <lon>-0.3577</lon>
                    <date>2013-07-11T22:54:23+02:00</date>
                    <speedMph>264</speedMph>
                    <altitudeFt>4530</altitudeFt>
                </position>
                <position>
                    <lat>51.003</lat>
                    <lon>-0.3523</lon>
                    <date>2013-07-11T22:54:13+02:00</date>
                    <speedMph>264</speedMph>
                    <altitudeFt>4580</altitudeFt>
                </position>
                <position>
                    <lat>51.0001</lat>
                    <lon>-0.3421</lon>
                    <date>2013-07-11T22:54:08+02:00</date>
                    <speedMph>268</speedMph>
                    <altitudeFt>4650</altitudeFt>
                </position>
                <position>
                    <lat>50.9956</lat>
                    <lon>-0.326</lon>
                    <date>2013-07-11T22:54:03+02:00</date>
                    <speedMph>276</speedMph>
                    <altitudeFt>4800</altitudeFt>
                </position>
                <position>
                    <lat>50.9928</lat>
                    <lon>-0.3159</lon>
                    <date>2013-07-11T22:53:58+02:00</date>
                    <speedMph>280</speedMph>
                    <altitudeFt>4900</altitudeFt>
                </position>
                <position>
                    <lat>50.9903</lat>
                    <lon>-0.3071</lon>
                    <date>2013-07-11T22:53:48+02:00</date>
                    <speedMph>280</speedMph>
                    <altitudeFt>4980</altitudeFt>
                </position>
                <position>
                    <lat>50.985</lat>
                    <lon>-0.2883</lon>
                    <date>2013-07-11T22:53:43+02:00</date>
                    <speedMph>280</speedMph>
                    <altitudeFt>5150</altitudeFt>
                </position>
                <position>
                    <lat>50.9821</lat>
                    <lon>-0.2774</lon>
                    <date>2013-07-11T22:53:33+02:00</date>
                    <speedMph>280</speedMph>
                    <altitudeFt>5250</altitudeFt>
                </position>
                <position>
                    <lat>50.9746</lat>
                    <lon>-0.2451</lon>
                    <date>2013-07-11T22:53:23+02:00</date>
                    <speedMph>284</speedMph>
                    <altitudeFt>5530</altitudeFt>
                </position>
                <position>
                    <lat>50.9733</lat>
                    <lon>-0.2392</lon>
                    <date>2013-07-11T22:53:13+02:00</date>
                    <speedMph>284</speedMph>
                    <altitudeFt>5580</altitudeFt>
                </position>
                <position>
                    <lat>50.969</lat>
                    <lon>-0.2185</lon>
                    <date>2013-07-11T22:53:03+02:00</date>
                    <speedMph>284</speedMph>
                    <altitudeFt>5750</altitudeFt>
                </position>
                <position>
                    <lat>50.9627</lat>
                    <lon>-0.1892</lon>
                    <date>2013-07-11T22:52:53+02:00</date>
                    <speedMph>284</speedMph>
                    <altitudeFt>5980</altitudeFt>
                </position>
                <position>
                    <lat>50.9588</lat>
                    <lon>-0.1708</lon>
                    <date>2013-07-11T22:52:43+02:00</date>
                    <speedMph>288</speedMph>
                    <altitudeFt>6150</altitudeFt>
                </position>
                <position>
                    <lat>50.9545</lat>
                    <lon>-0.1502</lon>
                    <date>2013-07-11T22:52:33+02:00</date>
                    <speedMph>288</speedMph>
                    <altitudeFt>6330</altitudeFt>
                </position>
                <position>
                    <lat>50.9499</lat>
                    <lon>-0.1288</lon>
                    <date>2013-07-11T22:52:23+02:00</date>
                    <speedMph>288</speedMph>
                    <altitudeFt>6530</altitudeFt>
                </position>
                <position>
                    <lat>50.9453</lat>
                    <lon>-0.107</lon>
                    <date>2013-07-11T22:52:13+02:00</date>
                    <speedMph>288</speedMph>
                    <altitudeFt>6730</altitudeFt>
                </position>
                <position>
                    <lat>50.9417</lat>
                    <lon>-0.09</lon>
                    <date>2013-07-11T22:52:03+02:00</date>
                    <speedMph>292</speedMph>
                    <altitudeFt>6900</altitudeFt>
                </position>
                <position>
                    <lat>50.937</lat>
                    <lon>-0.068</lon>
                    <date>2013-07-11T22:51:53+02:00</date>
                    <speedMph>288</speedMph>
                    <altitudeFt>7080</altitudeFt>
                </position>
                <position>
                    <lat>50.9313</lat>
                    <lon>-0.0416</lon>
                    <date>2013-07-11T22:51:43+02:00</date>
                    <speedMph>292</speedMph>
                    <altitudeFt>7250</altitudeFt>
                </position>
                <position>
                    <lat>50.93</lat>
                    <lon>-0.0356</lon>
                    <date>2013-07-11T22:51:33+02:00</date>
                    <speedMph>292</speedMph>
                    <altitudeFt>7300</altitudeFt>
                </position>
                <position>
                    <lat>50.9237</lat>
                    <lon>-0.0057</lon>
                    <date>2013-07-11T22:51:23+02:00</date>
                    <speedMph>292</speedMph>
                    <altitudeFt>7550</altitudeFt>
                </position>
                <position>
                    <lat>50.9198</lat>
                    <lon>0.0125</lon>
                    <date>2013-07-11T22:51:13+02:00</date>
                    <speedMph>292</speedMph>
                    <altitudeFt>7700</altitudeFt>
                </position>
                <position>
                    <lat>50.9176</lat>
                    <lon>0.0228</lon>
                    <date>2013-07-11T22:51:03+02:00</date>
                    <speedMph>292</speedMph>
                    <altitudeFt>7780</altitudeFt>
                </position>
                <position>
                    <lat>50.9115</lat>
                    <lon>0.0516</lon>
                    <date>2013-07-11T22:50:53+02:00</date>
                    <speedMph>296</speedMph>
                    <altitudeFt>8030</altitudeFt>
                </position>
                <position>
                    <lat>50.9088</lat>
                    <lon>0.0639</lon>
                    <date>2013-07-11T22:50:43+02:00</date>
                    <speedMph>296</speedMph>
                    <altitudeFt>8130</altitudeFt>
                </position>
                <position>
                    <lat>50.9019</lat>
                    <lon>0.0959</lon>
                    <date>2013-07-11T22:50:33+02:00</date>
                    <speedMph>296</speedMph>
                    <altitudeFt>8380</altitudeFt>
                </position>
                <position>
                    <lat>50.8975</lat>
                    <lon>0.1166</lon>
                    <date>2013-07-11T22:50:23+02:00</date>
                    <speedMph>300</speedMph>
                    <altitudeFt>8550</altitudeFt>
                </position>
                <position>
                    <lat>50.8957</lat>
                    <lon>0.125</lon>
                    <date>2013-07-11T22:50:13+02:00</date>
                    <speedMph>300</speedMph>
                    <altitudeFt>8630</altitudeFt>
                </position>
                <position>
                    <lat>50.8885</lat>
                    <lon>0.1587</lon>
                    <date>2013-07-11T22:50:03+02:00</date>
                    <speedMph>300</speedMph>
                    <altitudeFt>8900</altitudeFt>
                </position>
                <position>
                    <lat>50.8845</lat>
                    <lon>0.1772</lon>
                    <date>2013-07-11T22:49:53+02:00</date>
                    <speedMph>304</speedMph>
                    <altitudeFt>9050</altitudeFt>
                </position>
                <position>
                    <lat>50.879</lat>
                    <lon>0.2023</lon>
                    <date>2013-07-11T22:49:43+02:00</date>
                    <speedMph>300</speedMph>
                    <altitudeFt>9250</altitudeFt>
                </position>
                <position>
                    <lat>50.8773</lat>
                    <lon>0.2102</lon>
                    <date>2013-07-11T22:49:33+02:00</date>
                    <speedMph>300</speedMph>
                    <altitudeFt>9300</altitudeFt>
                </position>
                <position>
                    <lat>50.8733</lat>
                    <lon>0.2285</lon>
                    <date>2013-07-11T22:49:23+02:00</date>
                    <speedMph>300</speedMph>
                    <altitudeFt>9450</altitudeFt>
                </position>
                <position>
                    <lat>50.869</lat>
                    <lon>0.2484</lon>
                    <date>2013-07-11T22:49:13+02:00</date>
                    <speedMph>300</speedMph>
                    <altitudeFt>9600</altitudeFt>
                </position>
                <position>
                    <lat>50.862</lat>
                    <lon>0.281</lon>
                    <date>2013-07-11T22:49:03+02:00</date>
                    <speedMph>308</speedMph>
                    <altitudeFt>9850</altitudeFt>
                </position>
                <position>
                    <lat>50.8598</lat>
                    <lon>0.291</lon>
                    <date>2013-07-11T22:48:53+02:00</date>
                    <speedMph>308</speedMph>
                    <altitudeFt>9930</altitudeFt>
                </position>
                <position>
                    <lat>50.8501</lat>
                    <lon>0.3356</lon>
                    <date>2013-07-11T22:48:38+02:00</date>
                    <speedMph>320</speedMph>
                    <altitudeFt>10180</altitudeFt>
                </position>
                <position>
                    <lat>50.8379</lat>
                    <lon>0.3918</lon>
                    <date>2013-07-11T22:48:08+02:00</date>
                    <speedMph>324</speedMph>
                    <altitudeFt>10580</altitudeFt>
                </position>
                <position>
                    <lat>50.821</lat>
                    <lon>0.4703</lon>
                    <date>2013-07-11T22:47:38+02:00</date>
                    <speedMph>324</speedMph>
                    <altitudeFt>11180</altitudeFt>
                </position>
                <position>
                    <lat>50.7969</lat>
                    <lon>0.5185</lon>
                    <date>2013-07-11T22:47:08+02:00</date>
                    <speedMph>316</speedMph>
                    <altitudeFt>11830</altitudeFt>
                </position>
                <position>
                    <lat>50.7686</lat>
                    <lon>0.5673</lon>
                    <date>2013-07-11T22:46:38+02:00</date>
                    <speedMph>320</speedMph>
                    <altitudeFt>12600</altitudeFt>
                </position>
                <position>
                    <lat>50.7365</lat>
                    <lon>0.6225</lon>
                    <date>2013-07-11T22:46:08+02:00</date>
                    <speedMph>332</speedMph>
                    <altitudeFt>13480</altitudeFt>
                </position>
                <position>
                    <lat>50.7062</lat>
                    <lon>0.6744</lon>
                    <date>2013-07-11T22:45:38+02:00</date>
                    <speedMph>340</speedMph>
                    <altitudeFt>14350</altitudeFt>
                </position>
                <position>
                    <lat>50.668</lat>
                    <lon>0.7399</lon>
                    <date>2013-07-11T22:45:08+02:00</date>
                    <speedMph>344</speedMph>
                    <altitudeFt>15400</altitudeFt>
                </position>
                <position>
                    <lat>50.6021</lat>
                    <lon>0.8523</lon>
                    <date>2013-07-11T22:44:08+02:00</date>
                    <speedMph>364</speedMph>
                    <altitudeFt>17330</altitudeFt>
                </position>
                <position>
                    <lat>50.5227</lat>
                    <lon>0.9865</lon>
                    <date>2013-07-11T22:43:08+02:00</date>
                    <speedMph>388</speedMph>
                    <altitudeFt>19500</altitudeFt>
                </position>
                <position>
                    <lat>50.4617</lat>
                    <lon>1.09</lon>
                    <date>2013-07-11T22:42:08+02:00</date>
                    <speedMph>396</speedMph>
                    <altitudeFt>21250</altitudeFt>
                </position>
                <position>
                    <lat>50.3917</lat>
                    <lon>1.2078</lon>
                    <date>2013-07-11T22:41:08+02:00</date>
                    <speedMph>408</speedMph>
                    <altitudeFt>23300</altitudeFt>
                </position>
                <position>
                    <lat>50.3129</lat>
                    <lon>1.3401</lon>
                    <date>2013-07-11T22:40:08+02:00</date>
                    <speedMph>424</speedMph>
                    <altitudeFt>25650</altitudeFt>
                </position>
                <position>
                    <lat>50.2286</lat>
                    <lon>1.4804</lon>
                    <date>2013-07-11T22:39:08+02:00</date>
                    <speedMph>428</speedMph>
                    <altitudeFt>28150</altitudeFt>
                </position>
                <position>
                    <lat>50.1496</lat>
                    <lon>1.6115</lon>
                    <date>2013-07-11T22:38:08+02:00</date>
                    <speedMph>436</speedMph>
                    <altitudeFt>30500</altitudeFt>
                </position>
                <position>
                    <lat>50.0665</lat>
                    <lon>1.7487</lon>
                    <date>2013-07-11T22:37:08+02:00</date>
                    <speedMph>436</speedMph>
                    <altitudeFt>32980</altitudeFt>
                </position>
                <position>
                    <lat>49.9806</lat>
                    <lon>1.8891</lon>
                    <date>2013-07-11T22:36:08+02:00</date>
                    <speedMph>436</speedMph>
                    <altitudeFt>35000</altitudeFt>
                </position>
                <position>
                    <lat>49.8937</lat>
                    <lon>2.0261</lon>
                    <date>2013-07-11T22:35:08+02:00</date>
                    <speedMph>440</speedMph>
                    <altitudeFt>35000</altitudeFt>
                </position>
                <position>
                    <lat>49.8165</lat>
                    <lon>2.1652</lon>
                    <date>2013-07-11T22:34:08+02:00</date>
                    <speedMph>440</speedMph>
                    <altitudeFt>35050</altitudeFt>
                </position>
                <position>
                    <lat>49.7398</lat>
                    <lon>2.3118</lon>
                    <date>2013-07-11T22:33:08+02:00</date>
                    <speedMph>440</speedMph>
                    <altitudeFt>35980</altitudeFt>
                </position>
                <position>
                    <lat>49.6605</lat>
                    <lon>2.462</lon>
                    <date>2013-07-11T22:32:08+02:00</date>
                    <speedMph>428</speedMph>
                    <altitudeFt>37030</altitudeFt>
                </position>
                <position>
                    <lat>49.5847</lat>
                    <lon>2.6049</lon>
                    <date>2013-07-11T22:31:08+02:00</date>
                    <speedMph>436</speedMph>
                    <altitudeFt>37950</altitudeFt>
                </position>
                <position>
                    <lat>49.5097</lat>
                    <lon>2.7458</lon>
                    <date>2013-07-11T22:30:08+02:00</date>
                    <speedMph>440</speedMph>
                    <altitudeFt>38000</altitudeFt>
                </position>
                <position>
                    <lat>49.4341</lat>
                    <lon>2.8873</lon>
                    <date>2013-07-11T22:29:08+02:00</date>
                    <speedMph>440</speedMph>
                    <altitudeFt>38000</altitudeFt>
                </position>
                <position>
                    <lat>49.3616</lat>
                    <lon>3.0221</lon>
                    <date>2013-07-11T22:28:08+02:00</date>
                    <speedMph>440</speedMph>
                    <altitudeFt>38000</altitudeFt>
                </position>
                <position>
                    <lat>49.2815</lat>
                    <lon>3.1696</lon>
                    <date>2013-07-11T22:27:08+02:00</date>
                    <speedMph>440</speedMph>
                    <altitudeFt>38000</altitudeFt>
                </position>
                <position>
                    <lat>49.2037</lat>
                    <lon>3.3119</lon>
                    <date>2013-07-11T22:26:08+02:00</date>
                    <speedMph>440</speedMph>
                    <altitudeFt>38000</altitudeFt>
                </position>
                <position>
                    <lat>49.1191</lat>
                    <lon>3.467</lon>
                    <date>2013-07-11T22:25:08+02:00</date>
                    <speedMph>440</speedMph>
                    <altitudeFt>38000</altitudeFt>
                </position>
                <position>
                    <lat>49.0443</lat>
                    <lon>3.6021</lon>
                    <date>2013-07-11T22:24:08+02:00</date>
                    <speedMph>444</speedMph>
                    <altitudeFt>38000</altitudeFt>
                </position>
                <position>
                    <lat>48.9653</lat>
                    <lon>3.7454</lon>
                    <date>2013-07-11T22:23:08+02:00</date>
                    <speedMph>444</speedMph>
                    <altitudeFt>38030</altitudeFt>
                </position>
                <position>
                    <lat>48.8834</lat>
                    <lon>3.8928</lon>
                    <date>2013-07-11T22:22:08+02:00</date>
                    <speedMph>444</speedMph>
                    <altitudeFt>38000</altitudeFt>
                </position>
                <position>
                    <lat>48.8034</lat>
                    <lon>4.0359</lon>
                    <date>2013-07-11T22:21:08+02:00</date>
                    <speedMph>444</speedMph>
                    <altitudeFt>38000</altitudeFt>
                </position>
                <position>
                    <lat>48.7245</lat>
                    <lon>4.1762</lon>
                    <date>2013-07-11T22:20:08+02:00</date>
                    <speedMph>444</speedMph>
                    <altitudeFt>37980</altitudeFt>
                </position>
                <position>
                    <lat>48.6499</lat>
                    <lon>4.3073</lon>
                    <date>2013-07-11T22:19:08+02:00</date>
                    <speedMph>440</speedMph>
                    <altitudeFt>38000</altitudeFt>
                </position>
                <position>
                    <lat>48.565</lat>
                    <lon>4.4569</lon>
                    <date>2013-07-11T22:18:08+02:00</date>
                    <speedMph>440</speedMph>
                    <altitudeFt>38000</altitudeFt>
                </position>
                <position>
                    <lat>48.4899</lat>
                    <lon>4.5882</lon>
                    <date>2013-07-11T22:17:08+02:00</date>
                    <speedMph>440</speedMph>
                    <altitudeFt>38000</altitudeFt>
                </position>
                <position>
                    <lat>48.4058</lat>
                    <lon>4.7347</lon>
                    <date>2013-07-11T22:16:08+02:00</date>
                    <speedMph>444</speedMph>
                    <altitudeFt>38030</altitudeFt>
                </position>
                <position>
                    <lat>48.3275</lat>
                    <lon>4.8707</lon>
                    <date>2013-07-11T22:15:08+02:00</date>
                    <speedMph>444</speedMph>
                    <altitudeFt>38000</altitudeFt>
                </position>
                <position>
                    <lat>48.2434</lat>
                    <lon>5.0158</lon>
                    <date>2013-07-11T22:14:08+02:00</date>
                    <speedMph>444</speedMph>
                    <altitudeFt>38000</altitudeFt>
                </position>
                <position>
                    <lat>48.1655</lat>
                    <lon>5.1481</lon>
                    <date>2013-07-11T22:13:08+02:00</date>
                    <speedMph>444</speedMph>
                    <altitudeFt>38000</altitudeFt>
                </position>
                <position>
                    <lat>48.0788</lat>
                    <lon>5.2963</lon>
                    <date>2013-07-11T22:12:08+02:00</date>
                    <speedMph>444</speedMph>
                    <altitudeFt>37580</altitudeFt>
                </position>
                <position>
                    <lat>47.9853</lat>
                    <lon>5.4542</lon>
                    <date>2013-07-11T22:11:04+02:00</date>
                    <speedMph>440</speedMph>
                    <altitudeFt>36780</altitudeFt>
                </position>
                <position>
                    <lat>47.9085</lat>
                    <lon>5.5846</lon>
                    <date>2013-07-11T22:10:04+02:00</date>
                    <speedMph>448</speedMph>
                    <altitudeFt>35580</altitudeFt>
                </position>
                <position>
                    <lat>47.8276</lat>
                    <lon>5.7204</lon>
                    <date>2013-07-11T22:09:04+02:00</date>
                    <speedMph>452</speedMph>
                    <altitudeFt>34330</altitudeFt>
                </position>
                <position>
                    <lat>47.7625</lat>
                    <lon>5.8876</lon>
                    <date>2013-07-11T22:08:04+02:00</date>
                    <speedMph>460</speedMph>
                    <altitudeFt>33080</altitudeFt>
                </position>
                <position>
                    <lat>47.7244</lat>
                    <lon>6.0526</lon>
                    <date>2013-07-11T22:07:04+02:00</date>
                    <speedMph>460</speedMph>
                    <altitudeFt>31850</altitudeFt>
                </position>
                <position>
                    <lat>47.6841</lat>
                    <lon>6.227</lon>
                    <date>2013-07-11T22:06:04+02:00</date>
                    <speedMph>456</speedMph>
                    <altitudeFt>30580</altitudeFt>
                </position>
                <position>
                    <lat>47.6404</lat>
                    <lon>6.4138</lon>
                    <date>2013-07-11T22:05:04+02:00</date>
                    <speedMph>456</speedMph>
                    <altitudeFt>28850</altitudeFt>
                </position>
                <position>
                    <lat>47.5926</lat>
                    <lon>6.6168</lon>
                    <date>2013-07-11T22:04:04+02:00</date>
                    <speedMph>464</speedMph>
                    <altitudeFt>26780</altitudeFt>
                </position>
                <position>
                    <lat>47.5548</lat>
                    <lon>6.7764</lon>
                    <date>2013-07-11T22:03:04+02:00</date>
                    <speedMph>468</speedMph>
                    <altitudeFt>25180</altitudeFt>
                </position>
                <position>
                    <lat>47.5109</lat>
                    <lon>6.959</lon>
                    <date>2013-07-11T22:02:04+02:00</date>
                    <speedMph>452</speedMph>
                    <altitudeFt>23980</altitudeFt>
                </position>
                <position>
                    <lat>47.4724</lat>
                    <lon>7.1185</lon>
                    <date>2013-07-11T22:01:04+02:00</date>
                    <speedMph>440</speedMph>
                    <altitudeFt>22630</altitudeFt>
                </position>
                <position>
                    <lat>47.4319</lat>
                    <lon>7.2859</lon>
                    <date>2013-07-11T22:00:04+02:00</date>
                    <speedMph>432</speedMph>
                    <altitudeFt>20850</altitudeFt>
                </position>
                <position>
                    <lat>47.3912</lat>
                    <lon>7.4575</lon>
                    <date>2013-07-11T21:59:04+02:00</date>
                    <speedMph>424</speedMph>
                    <altitudeFt>18700</altitudeFt>
                </position>
                <position>
                    <lat>47.3729</lat>
                    <lon>7.6108</lon>
                    <date>2013-07-11T21:58:04+02:00</date>
                    <speedMph>412</speedMph>
                    <altitudeFt>16750</altitudeFt>
                </position>
                <position>
                    <lat>47.3497</lat>
                    <lon>7.8107</lon>
                    <date>2013-07-11T21:57:04+02:00</date>
                    <speedMph>392</speedMph>
                    <altitudeFt>14030</altitudeFt>
                </position>
                <position>
                    <lat>47.3423</lat>
                    <lon>7.8736</lon>
                    <date>2013-07-11T21:56:34+02:00</date>
                    <speedMph>388</speedMph>
                    <altitudeFt>12930</altitudeFt>
                </position>
                <position>
                    <lat>47.3304</lat>
                    <lon>7.9665</lon>
                    <date>2013-07-11T21:56:04+02:00</date>
                    <speedMph>364</speedMph>
                    <altitudeFt>11800</altitudeFt>
                </position>
                <position>
                    <lat>47.3225</lat>
                    <lon>8.0252</lon>
                    <date>2013-07-11T21:55:34+02:00</date>
                    <speedMph>332</speedMph>
                    <altitudeFt>11250</altitudeFt>
                </position>
                <position>
                    <lat>47.3223</lat>
                    <lon>8.0858</lon>
                    <date>2013-07-11T21:55:04+02:00</date>
                    <speedMph>308</speedMph>
                    <altitudeFt>10650</altitudeFt>
                </position>
                <position>
                    <lat>47.3405</lat>
                    <lon>8.1224</lon>
                    <date>2013-07-11T21:54:34+02:00</date>
                    <speedMph>296</speedMph>
                    <altitudeFt>9750</altitudeFt>
                </position>
                <position>
                    <lat>47.3531</lat>
                    <lon>8.143</lon>
                    <date>2013-07-11T21:54:24+02:00</date>
                    <speedMph>292</speedMph>
                    <altitudeFt>9050</altitudeFt>
                </position>
                <position>
                    <lat>47.3684</lat>
                    <lon>8.1679</lon>
                    <date>2013-07-11T21:54:14+02:00</date>
                    <speedMph>288</speedMph>
                    <altitudeFt>8250</altitudeFt>
                </position>
                <position>
                    <lat>47.3776</lat>
                    <lon>8.1827</lon>
                    <date>2013-07-11T21:54:04+02:00</date>
                    <speedMph>288</speedMph>
                    <altitudeFt>8030</altitudeFt>
                </position>
                <position>
                    <lat>47.3788</lat>
                    <lon>8.1846</lon>
                    <date>2013-07-11T21:53:54+02:00</date>
                    <speedMph>288</speedMph>
                    <altitudeFt>8000</altitudeFt>
                </position>
                <position>
                    <lat>47.3876</lat>
                    <lon>8.1988</lon>
                    <date>2013-07-11T21:53:44+02:00</date>
                    <speedMph>288</speedMph>
                    <altitudeFt>8000</altitudeFt>
                </position>
                <position>
                    <lat>47.3993</lat>
                    <lon>8.2177</lon>
                    <date>2013-07-11T21:53:34+02:00</date>
                    <speedMph>288</speedMph>
                    <altitudeFt>8000</altitudeFt>
                </position>
                <position>
                    <lat>47.4091</lat>
                    <lon>8.2336</lon>
                    <date>2013-07-11T21:53:24+02:00</date>
                    <speedMph>292</speedMph>
                    <altitudeFt>8000</altitudeFt>
                </position>
                <position>
                    <lat>47.4214</lat>
                    <lon>8.2535</lon>
                    <date>2013-07-11T21:53:14+02:00</date>
                    <speedMph>288</speedMph>
                    <altitudeFt>8000</altitudeFt>
                </position>
                <position>
                    <lat>47.4316</lat>
                    <lon>8.27</lon>
                    <date>2013-07-11T21:53:04+02:00</date>
                    <speedMph>288</speedMph>
                    <altitudeFt>8000</altitudeFt>
                </position>
                <position>
                    <lat>47.4333</lat>
                    <lon>8.2729</lon>
                    <date>2013-07-11T21:52:54+02:00</date>
                    <speedMph>292</speedMph>
                    <altitudeFt>8000</altitudeFt>
                </position>
                <position>
                    <lat>47.4425</lat>
                    <lon>8.2879</lon>
                    <date>2013-07-11T21:52:44+02:00</date>
                    <speedMph>292</speedMph>
                    <altitudeFt>8000</altitudeFt>
                </position>
                <position>
                    <lat>47.4529</lat>
                    <lon>8.3048</lon>
                    <date>2013-07-11T21:52:34+02:00</date>
                    <speedMph>292</speedMph>
                    <altitudeFt>7980</altitudeFt>
                </position>
                <position>
                    <lat>47.4642</lat>
                    <lon>8.3233</lon>
                    <date>2013-07-11T21:52:24+02:00</date>
                    <speedMph>288</speedMph>
                    <altitudeFt>7880</altitudeFt>
                </position>
                <position>
                    <lat>47.4695</lat>
                    <lon>8.332</lon>
                    <date>2013-07-11T21:52:14+02:00</date>
                    <speedMph>288</speedMph>
                    <altitudeFt>7800</altitudeFt>
                </position>
                <position>
                    <lat>47.4822</lat>
                    <lon>8.3528</lon>
                    <date>2013-07-11T21:52:04+02:00</date>
                    <speedMph>284</speedMph>
                    <altitudeFt>7600</altitudeFt>
                </position>
                <position>
                    <lat>47.4894</lat>
                    <lon>8.3644</lon>
                    <date>2013-07-11T21:51:54+02:00</date>
                    <speedMph>276</speedMph>
                    <altitudeFt>7480</altitudeFt>
                </position>
                <position>
                    <lat>47.4957</lat>
                    <lon>8.3745</lon>
                    <date>2013-07-11T21:51:44+02:00</date>
                    <speedMph>264</speedMph>
                    <altitudeFt>7350</altitudeFt>
                </position>
                <position>
                    <lat>47.5084</lat>
                    <lon>8.3946</lon>
                    <date>2013-07-11T21:51:34+02:00</date>
                    <speedMph>252</speedMph>
                    <altitudeFt>6880</altitudeFt>
                </position>
                <position>
                    <lat>47.5145</lat>
                    <lon>8.4078</lon>
                    <date>2013-07-11T21:51:24+02:00</date>
                    <speedMph>244</speedMph>
                    <altitudeFt>6480</altitudeFt>
                </position>
                <position>
                    <lat>47.5179</lat>
                    <lon>8.4179</lon>
                    <date>2013-07-11T21:51:14+02:00</date>
                    <speedMph>244</speedMph>
                    <altitudeFt>6180</altitudeFt>
                </position>
                <position>
                    <lat>47.5239</lat>
                    <lon>8.4376</lon>
                    <date>2013-07-11T21:51:04+02:00</date>
                    <speedMph>236</speedMph>
                    <altitudeFt>5500</altitudeFt>
                </position>
                <position>
                    <lat>47.5313</lat>
                    <lon>8.4743</lon>
                    <date>2013-07-11T21:50:39+02:00</date>
                    <speedMph>188</speedMph>
                    <altitudeFt>4930</altitudeFt>
                </position>
                <position>
                    <lat>47.5289</lat>
                    <lon>8.4869</lon>
                    <date>2013-07-11T21:50:34+02:00</date>
                    <speedMph>180</speedMph>
                    <altitudeFt>4730</altitudeFt>
                </position>
                <position>
                    <lat>47.5274</lat>
                    <lon>8.4906</lon>
                    <date>2013-07-11T21:50:24+02:00</date>
                    <speedMph>172</speedMph>
                    <altitudeFt>4650</altitudeFt>
                </position>
                <position>
                    <lat>47.5245</lat>
                    <lon>8.4951</lon>
                    <date>2013-07-11T21:50:19+02:00</date>
                    <speedMph>164</speedMph>
                    <altitudeFt>4550</altitudeFt>
                </position>
                <position>
                    <lat>47.5188</lat>
                    <lon>8.5004</lon>
                    <date>2013-07-11T21:50:14+02:00</date>
                    <speedMph>164</speedMph>
                    <altitudeFt>4250</altitudeFt>
                </position>
                <position>
                    <lat>47.5133</lat>
                    <lon>8.5048</lon>
                    <date>2013-07-11T21:50:04+02:00</date>
                    <speedMph>164</speedMph>
                    <altitudeFt>3930</altitudeFt>
                </position>
                <position>
                    <lat>47.5034</lat>
                    <lon>8.5126</lon>
                    <date>2013-07-11T21:49:59+02:00</date>
                    <speedMph>164</speedMph>
                    <altitudeFt>3380</altitudeFt>
                </position>
                <position>
                    <lat>47.5014</lat>
                    <lon>8.5142</lon>
                    <date>2013-07-11T21:49:44+02:00</date>
                    <speedMph>160</speedMph>
                    <altitudeFt>3230</altitudeFt>
                </position>
                <position>
                    <lat>47.4959</lat>
                    <lon>8.5189</lon>
                    <date>2013-07-11T21:49:34+02:00</date>
                    <speedMph>164</speedMph>
                    <altitudeFt>2900</altitudeFt>
                </position>
                <position>
                    <lat>47.4904</lat>
                    <lon>8.5253</lon>
                    <date>2013-07-11T21:49:29+02:00</date>
                    <speedMph>164</speedMph>
                    <altitudeFt>2550</altitudeFt>
                </position>
                <position>
                    <lat>47.485</lat>
                    <lon>8.5324</lon>
                    <date>2013-07-11T21:49:24+02:00</date>
                    <speedMph>164</speedMph>
                    <altitudeFt>2130</altitudeFt>
                </position>
                <position>
                    <lat>47.4623</lat>
                    <lon>8.5592</lon>
                    <date>2013-07-11T21:35:59+02:00</date>
                    <speedMph>0</speedMph>
                    <altitudeFt>0</altitudeFt>
                </position>
                <position>
                    <lat>47.4624</lat>
                    <lon>8.5577</lon>
                    <date>2013-07-11T21:35:34+02:00</date>
                    <speedMph>0</speedMph>
                    <altitudeFt>0</altitudeFt>
                </position>
                <position>
                    <lat>47.4624</lat>
                    <lon>8.5569</lon>
                    <date>2013-07-11T21:35:24+02:00</date>
                    <speedMph>0</speedMph>
                    <altitudeFt>0</altitudeFt>
                </position>
                <position>
                    <lat>47.4626</lat>
                    <lon>8.5549</lon>
                    <date>2013-07-11T21:34:54+02:00</date>
                    <speedMph>0</speedMph>
                    <altitudeFt>0</altitudeFt>
                </position>
                <position>
                    <lat>47.4626</lat>
                    <lon>8.5542</lon>
                    <date>2013-07-11T21:34:29+02:00</date>
                    <speedMph>0</speedMph>
                    <altitudeFt>0</altitudeFt>
                </position>
                <position>
                    <lat>47.4626</lat>
                    <lon>8.5537</lon>
                    <date>2013-07-11T21:34:24+02:00</date>
                    <speedMph>0</speedMph>
                    <altitudeFt>0</altitudeFt>
                </position>
                <position>
                    <lat>47.4626</lat>
                    <lon>8.5535</lon>
                    <date>2013-07-11T21:34:14+02:00</date>
                    <speedMph>0</speedMph>
                    <altitudeFt>0</altitudeFt>
                </position>
            </positions>
        </flightTrack>
    </flightTracks>
</flightstatslog>
