<?xml version="1.0" encoding="UTF-8" standalone="yes"?>
<flightstatslog>
    <appendix>
        <airports>
            <airport>
                <fs>ZRH</fs>
                <latitude>47.464722</latitude>
                <longitude>8.549167</longitude>
                <city>Zurich</city>
            </airport>
            <airport>
                <fs>DUB</fs>
                <latitude>53.421333</latitude>
                <longitude>-6.270075</longitude>
                <city>Dublin</city>
            </airport>
        </airports>
    </appendix>
    <flightTracks>
        <flightTrack>
            <flightId>5023176</flightId>
            <departureAirportFsCode>ZRH</departureAirportFsCode>
            <arrivalAirportFsCode>DUB</arrivalAirportFsCode>
            <positions>
                <position>
                    <lat>53.4241</lat>
                    <lon>-6.2463</lon>
                    <date>2013-07-11T23:36:22+02:00</date>
                    <speedMph>0</speedMph>
                    <altitudeFt>0</altitudeFt>
                </position>
                <position>
                    <lat>53.4214</lat>
                    <lon>-6.2528</lon>
                    <date>2013-07-11T23:35:17+02:00</date>
                    <speedMph>140</speedMph>
                    <altitudeFt>0</altitudeFt>
                </position>
                <position>
                    <lat>53.4213</lat>
                    <lon>-6.2529</lon>
                    <date>2013-07-11T23:35:07+02:00</date>
                    <speedMph>140</speedMph>
                    <altitudeFt>0</altitudeFt>
                </position>
                <position>
                    <lat>53.4207</lat>
                    <lon>-6.2592</lon>
                    <date>2013-07-11T23:34:37+02:00</date>
                    <speedMph>140</speedMph>
                    <altitudeFt>0</altitudeFt>
                </position>
                <position>
                    <lat>53.4207</lat>
                    <lon>-6.2593</lon>
                    <date>2013-07-11T23:34:32+02:00</date>
                    <speedMph>140</speedMph>
                    <altitudeFt>0</altitudeFt>
                </position>
                <position>
                    <lat>53.4216</lat>
                    <lon>-6.2754</lon>
                    <date>2013-07-11T23:34:07+02:00</date>
                    <speedMph>140</speedMph>
                    <altitudeFt>0</altitudeFt>
                </position>
                <position>
                    <lat>53.4219</lat>
                    <lon>-6.2813</lon>
                    <date>2013-07-11T23:34:02+02:00</date>
                    <speedMph>140</speedMph>
                    <altitudeFt>0</altitudeFt>
                </position>
                <position>
                    <lat>53.4221</lat>
                    <lon>-6.2854</lon>
                    <date>2013-07-11T23:33:57+02:00</date>
                    <speedMph>140</speedMph>
                    <altitudeFt>0</altitudeFt>
                </position>
                <position>
                    <lat>53.4226</lat>
                    <lon>-6.2934</lon>
                    <date>2013-07-11T23:33:47+02:00</date>
                    <speedMph>140</speedMph>
                    <altitudeFt>0</altitudeFt>
                </position>
                <position>
                    <lat>53.4233</lat>
                    <lon>-6.3066</lon>
                    <date>2013-07-11T23:33:37+02:00</date>
                    <speedMph>140</speedMph>
                    <altitudeFt>130</altitudeFt>
                </position>
                <position>
                    <lat>53.4237</lat>
                    <lon>-6.3138</lon>
                    <date>2013-07-11T23:33:32+02:00</date>
                    <speedMph>136</speedMph>
                    <altitudeFt>200</altitudeFt>
                </position>
                <position>
                    <lat>53.424</lat>
                    <lon>-6.3196</lon>
                    <date>2013-07-11T23:33:22+02:00</date>
                    <speedMph>136</speedMph>
                    <altitudeFt>280</altitudeFt>
                </position>
                <position>
                    <lat>53.4246</lat>
                    <lon>-6.3316</lon>
                    <date>2013-07-11T23:33:12+02:00</date>
                    <speedMph>136</speedMph>
                    <altitudeFt>400</altitudeFt>
                </position>
                <position>
                    <lat>53.425</lat>
                    <lon>-6.3388</lon>
                    <date>2013-07-11T23:33:07+02:00</date>
                    <speedMph>136</speedMph>
                    <altitudeFt>480</altitudeFt>
                </position>
                <position>
                    <lat>53.4253</lat>
                    <lon>-6.344</lon>
                    <date>2013-07-11T23:33:02+02:00</date>
                    <speedMph>136</speedMph>
                    <altitudeFt>550</altitudeFt>
                </position>
                <position>
                    <lat>53.4257</lat>
                    <lon>-6.3502</lon>
                    <date>2013-07-11T23:32:57+02:00</date>
                    <speedMph>136</speedMph>
                    <altitudeFt>600</altitudeFt>
                </position>
                <position>
                    <lat>53.4261</lat>
                    <lon>-6.3571</lon>
                    <date>2013-07-11T23:32:47+02:00</date>
                    <speedMph>136</speedMph>
                    <altitudeFt>680</altitudeFt>
                </position>
                <position>
                    <lat>53.4268</lat>
                    <lon>-6.3709</lon>
                    <date>2013-07-11T23:32:42+02:00</date>
                    <speedMph>136</speedMph>
                    <altitudeFt>850</altitudeFt>
                </position>
                <position>
                    <lat>53.427</lat>
                    <lon>-6.3744</lon>
                    <date>2013-07-11T23:32:32+02:00</date>
                    <speedMph>136</speedMph>
                    <altitudeFt>880</altitudeFt>
                </position>
                <position>
                    <lat>53.4273</lat>
                    <lon>-6.3817</lon>
                    <date>2013-07-11T23:32:22+02:00</date>
                    <speedMph>140</speedMph>
                    <altitudeFt>980</altitudeFt>
                </position>
                <position>
                    <lat>53.428</lat>
                    <lon>-6.3938</lon>
                    <date>2013-07-11T23:32:12+02:00</date>
                    <speedMph>148</speedMph>
                    <altitudeFt>1130</altitudeFt>
                </position>
                <position>
                    <lat>53.4284</lat>
                    <lon>-6.4017</lon>
                    <date>2013-07-11T23:32:07+02:00</date>
                    <speedMph>152</speedMph>
                    <altitudeFt>1230</altitudeFt>
                </position>
                <position>
                    <lat>53.4287</lat>
                    <lon>-6.4076</lon>
                    <date>2013-07-11T23:32:02+02:00</date>
                    <speedMph>156</speedMph>
                    <altitudeFt>1280</altitudeFt>
                </position>
                <position>
                    <lat>53.4292</lat>
                    <lon>-6.4159</lon>
                    <date>2013-07-11T23:31:57+02:00</date>
                    <speedMph>160</speedMph>
                    <altitudeFt>1380</altitudeFt>
                </position>
                <position>
                    <lat>53.4296</lat>
                    <lon>-6.4235</lon>
                    <date>2013-07-11T23:31:47+02:00</date>
                    <speedMph>168</speedMph>
                    <altitudeFt>1430</altitudeFt>
                </position>
                <position>
                    <lat>53.43</lat>
                    <lon>-6.4312</lon>
                    <date>2013-07-11T23:31:42+02:00</date>
                    <speedMph>172</speedMph>
                    <altitudeFt>1500</altitudeFt>
                </position>
                <position>
                    <lat>53.4305</lat>
                    <lon>-6.4399</lon>
                    <date>2013-07-11T23:31:37+02:00</date>
                    <speedMph>176</speedMph>
                    <altitudeFt>1600</altitudeFt>
                </position>
                <position>
                    <lat>53.4309</lat>
                    <lon>-6.4485</lon>
                    <date>2013-07-11T23:31:32+02:00</date>
                    <speedMph>176</speedMph>
                    <altitudeFt>1700</altitudeFt>
                </position>
                <position>
                    <lat>53.4313</lat>
                    <lon>-6.4543</lon>
                    <date>2013-07-11T23:31:27+02:00</date>
                    <speedMph>180</speedMph>
                    <altitudeFt>1750</altitudeFt>
                </position>
                <position>
                    <lat>53.4315</lat>
                    <lon>-6.459</lon>
                    <date>2013-07-11T23:31:22+02:00</date>
                    <speedMph>180</speedMph>
                    <altitudeFt>1800</altitudeFt>
                </position>
                <position>
                    <lat>53.4321</lat>
                    <lon>-6.4687</lon>
                    <date>2013-07-11T23:31:17+02:00</date>
                    <speedMph>184</speedMph>
                    <altitudeFt>1900</altitudeFt>
                </position>
                <position>
                    <lat>53.4325</lat>
                    <lon>-6.4771</lon>
                    <date>2013-07-11T23:31:07+02:00</date>
                    <speedMph>184</speedMph>
                    <altitudeFt>1980</altitudeFt>
                </position>
                <position>
                    <lat>53.433</lat>
                    <lon>-6.4863</lon>
                    <date>2013-07-11T23:31:02+02:00</date>
                    <speedMph>184</speedMph>
                    <altitudeFt>2100</altitudeFt>
                </position>
                <position>
                    <lat>53.4334</lat>
                    <lon>-6.4939</lon>
                    <date>2013-07-11T23:30:57+02:00</date>
                    <speedMph>184</speedMph>
                    <altitudeFt>2200</altitudeFt>
                </position>
                <position>
                    <lat>53.4339</lat>
                    <lon>-6.5025</lon>
                    <date>2013-07-11T23:30:52+02:00</date>
                    <speedMph>184</speedMph>
                    <altitudeFt>2330</altitudeFt>
                </position>
                <position>
                    <lat>53.4345</lat>
                    <lon>-6.5135</lon>
                    <date>2013-07-11T23:30:42+02:00</date>
                    <speedMph>188</speedMph>
                    <altitudeFt>2480</altitudeFt>
                </position>
                <position>
                    <lat>53.435</lat>
                    <lon>-6.5239</lon>
                    <date>2013-07-11T23:30:32+02:00</date>
                    <speedMph>192</speedMph>
                    <altitudeFt>2580</altitudeFt>
                </position>
                <position>
                    <lat>53.4356</lat>
                    <lon>-6.5361</lon>
                    <date>2013-07-11T23:30:27+02:00</date>
                    <speedMph>196</speedMph>
                    <altitudeFt>2630</altitudeFt>
                </position>
                <position>
                    <lat>53.4361</lat>
                    <lon>-6.5447</lon>
                    <date>2013-07-11T23:30:22+02:00</date>
                    <speedMph>204</speedMph>
                    <altitudeFt>2650</altitudeFt>
                </position>
                <position>
                    <lat>53.4365</lat>
                    <lon>-6.5529</lon>
                    <date>2013-07-11T23:30:17+02:00</date>
                    <speedMph>208</speedMph>
                    <altitudeFt>2680</altitudeFt>
                </position>
                <position>
                    <lat>53.4368</lat>
                    <lon>-6.5617</lon>
                    <date>2013-07-11T23:30:12+02:00</date>
                    <speedMph>212</speedMph>
                    <altitudeFt>2700</altitudeFt>
                </position>
                <position>
                    <lat>53.4371</lat>
                    <lon>-6.5855</lon>
                    <date>2013-07-11T23:29:52+02:00</date>
                    <speedMph>220</speedMph>
                    <altitudeFt>2800</altitudeFt>
                </position>
                <position>
                    <lat>53.4371</lat>
                    <lon>-6.589</lon>
                    <date>2013-07-11T23:29:47+02:00</date>
                    <speedMph>224</speedMph>
                    <altitudeFt>2830</altitudeFt>
                </position>
                <position>
                    <lat>53.4368</lat>
                    <lon>-6.6027</lon>
                    <date>2013-07-11T23:29:42+02:00</date>
                    <speedMph>228</speedMph>
                    <altitudeFt>2900</altitudeFt>
                </position>
                <position>
                    <lat>53.4364</lat>
                    <lon>-6.6099</lon>
                    <date>2013-07-11T23:29:37+02:00</date>
                    <speedMph>228</speedMph>
                    <altitudeFt>2930</altitudeFt>
                </position>
                <position>
                    <lat>53.4357</lat>
                    <lon>-6.6166</lon>
                    <date>2013-07-11T23:29:32+02:00</date>
                    <speedMph>232</speedMph>
                    <altitudeFt>2980</altitudeFt>
                </position>
                <position>
                    <lat>53.4345</lat>
                    <lon>-6.6242</lon>
                    <date>2013-07-11T23:29:27+02:00</date>
                    <speedMph>232</speedMph>
                    <altitudeFt>3000</altitudeFt>
                </position>
                <position>
                    <lat>53.433</lat>
                    <lon>-6.6308</lon>
                    <date>2013-07-11T23:29:22+02:00</date>
                    <speedMph>232</speedMph>
                    <altitudeFt>3030</altitudeFt>
                </position>
                <position>
                    <lat>53.429</lat>
                    <lon>-6.6434</lon>
                    <date>2013-07-11T23:29:17+02:00</date>
                    <speedMph>232</speedMph>
                    <altitudeFt>3080</altitudeFt>
                </position>
                <position>
                    <lat>53.4266</lat>
                    <lon>-6.6487</lon>
                    <date>2013-07-11T23:29:12+02:00</date>
                    <speedMph>232</speedMph>
                    <altitudeFt>3100</altitudeFt>
                </position>
                <position>
                    <lat>53.4086</lat>
                    <lon>-6.6644</lon>
                    <date>2013-07-11T23:28:52+02:00</date>
                    <speedMph>236</speedMph>
                    <altitudeFt>3250</altitudeFt>
                </position>
                <position>
                    <lat>53.4044</lat>
                    <lon>-6.6642</lon>
                    <date>2013-07-11T23:28:47+02:00</date>
                    <speedMph>236</speedMph>
                    <altitudeFt>3280</altitudeFt>
                </position>
                <position>
                    <lat>53.3999</lat>
                    <lon>-6.6628</lon>
                    <date>2013-07-11T23:28:42+02:00</date>
                    <speedMph>240</speedMph>
                    <altitudeFt>3300</altitudeFt>
                </position>
                <position>
                    <lat>53.3913</lat>
                    <lon>-6.6567</lon>
                    <date>2013-07-11T23:28:37+02:00</date>
                    <speedMph>244</speedMph>
                    <altitudeFt>3380</altitudeFt>
                </position>
                <position>
                    <lat>53.3846</lat>
                    <lon>-6.6475</lon>
                    <date>2013-07-11T23:28:27+02:00</date>
                    <speedMph>248</speedMph>
                    <altitudeFt>3450</altitudeFt>
                </position>
                <position>
                    <lat>53.3817</lat>
                    <lon>-6.6418</lon>
                    <date>2013-07-11T23:28:22+02:00</date>
                    <speedMph>248</speedMph>
                    <altitudeFt>3480</altitudeFt>
                </position>
                <position>
                    <lat>53.3766</lat>
                    <lon>-6.6283</lon>
                    <date>2013-07-11T23:28:17+02:00</date>
                    <speedMph>256</speedMph>
                    <altitudeFt>3550</altitudeFt>
                </position>
                <position>
                    <lat>53.3742</lat>
                    <lon>-6.6218</lon>
                    <date>2013-07-11T23:28:12+02:00</date>
                    <speedMph>256</speedMph>
                    <altitudeFt>3580</altitudeFt>
                </position>
                <position>
                    <lat>53.3716</lat>
                    <lon>-6.6146</lon>
                    <date>2013-07-11T23:28:07+02:00</date>
                    <speedMph>260</speedMph>
                    <altitudeFt>3630</altitudeFt>
                </position>
                <position>
                    <lat>53.3669</lat>
                    <lon>-6.6015</lon>
                    <date>2013-07-11T23:28:02+02:00</date>
                    <speedMph>268</speedMph>
                    <altitudeFt>3700</altitudeFt>
                </position>
                <position>
                    <lat>53.3641</lat>
                    <lon>-6.594</lon>
                    <date>2013-07-11T23:27:57+02:00</date>
                    <speedMph>268</speedMph>
                    <altitudeFt>3750</altitudeFt>
                </position>
                <position>
                    <lat>53.3615</lat>
                    <lon>-6.5867</lon>
                    <date>2013-07-11T23:27:52+02:00</date>
                    <speedMph>272</speedMph>
                    <altitudeFt>3780</altitudeFt>
                </position>
                <position>
                    <lat>53.3589</lat>
                    <lon>-6.5796</lon>
                    <date>2013-07-11T23:27:47+02:00</date>
                    <speedMph>276</speedMph>
                    <altitudeFt>3830</altitudeFt>
                </position>
                <position>
                    <lat>53.3535</lat>
                    <lon>-6.5647</lon>
                    <date>2013-07-11T23:27:42+02:00</date>
                    <speedMph>276</speedMph>
                    <altitudeFt>3950</altitudeFt>
                </position>
                <position>
                    <lat>53.3512</lat>
                    <lon>-6.5584</lon>
                    <date>2013-07-11T23:27:37+02:00</date>
                    <speedMph>280</speedMph>
                    <altitudeFt>4050</altitudeFt>
                </position>
                <position>
                    <lat>53.3485</lat>
                    <lon>-6.5511</lon>
                    <date>2013-07-11T23:27:32+02:00</date>
                    <speedMph>280</speedMph>
                    <altitudeFt>4150</altitudeFt>
                </position>
                <position>
                    <lat>53.3458</lat>
                    <lon>-6.5437</lon>
                    <date>2013-07-11T23:27:27+02:00</date>
                    <speedMph>280</speedMph>
                    <altitudeFt>4250</altitudeFt>
                </position>
                <position>
                    <lat>53.3403</lat>
                    <lon>-6.5285</lon>
                    <date>2013-07-11T23:27:22+02:00</date>
                    <speedMph>280</speedMph>
                    <altitudeFt>4480</altitudeFt>
                </position>
                <position>
                    <lat>53.3377</lat>
                    <lon>-6.5212</lon>
                    <date>2013-07-11T23:27:17+02:00</date>
                    <speedMph>280</speedMph>
                    <altitudeFt>4600</altitudeFt>
                </position>
                <position>
                    <lat>53.3349</lat>
                    <lon>-6.5134</lon>
                    <date>2013-07-11T23:27:12+02:00</date>
                    <speedMph>280</speedMph>
                    <altitudeFt>4700</altitudeFt>
                </position>
                <position>
                    <lat>53.3321</lat>
                    <lon>-6.5056</lon>
                    <date>2013-07-11T23:27:07+02:00</date>
                    <speedMph>280</speedMph>
                    <altitudeFt>4830</altitudeFt>
                </position>
                <position>
                    <lat>53.3269</lat>
                    <lon>-6.4912</lon>
                    <date>2013-07-11T23:27:02+02:00</date>
                    <speedMph>280</speedMph>
                    <altitudeFt>5000</altitudeFt>
                </position>
                <position>
                    <lat>53.3216</lat>
                    <lon>-6.4767</lon>
                    <date>2013-07-11T23:26:52+02:00</date>
                    <speedMph>280</speedMph>
                    <altitudeFt>5230</altitudeFt>
                </position>
                <position>
                    <lat>53.3163</lat>
                    <lon>-6.4618</lon>
                    <date>2013-07-11T23:26:42+02:00</date>
                    <speedMph>280</speedMph>
                    <altitudeFt>5430</altitudeFt>
                </position>
                <position>
                    <lat>53.3081</lat>
                    <lon>-6.4393</lon>
                    <date>2013-07-11T23:26:32+02:00</date>
                    <speedMph>284</speedMph>
                    <altitudeFt>5730</altitudeFt>
                </position>
                <position>
                    <lat>53.3024</lat>
                    <lon>-6.4235</lon>
                    <date>2013-07-11T23:26:22+02:00</date>
                    <speedMph>284</speedMph>
                    <altitudeFt>5930</altitudeFt>
                </position>
                <position>
                    <lat>53.2943</lat>
                    <lon>-6.4016</lon>
                    <date>2013-07-11T23:26:12+02:00</date>
                    <speedMph>288</speedMph>
                    <altitudeFt>6180</altitudeFt>
                </position>
                <position>
                    <lat>53.2882</lat>
                    <lon>-6.385</lon>
                    <date>2013-07-11T23:26:02+02:00</date>
                    <speedMph>288</speedMph>
                    <altitudeFt>6380</altitudeFt>
                </position>
                <position>
                    <lat>53.2787</lat>
                    <lon>-6.3593</lon>
                    <date>2013-07-11T23:25:52+02:00</date>
                    <speedMph>292</speedMph>
                    <altitudeFt>6650</altitudeFt>
                </position>
                <position>
                    <lat>53.2732</lat>
                    <lon>-6.3444</lon>
                    <date>2013-07-11T23:25:42+02:00</date>
                    <speedMph>296</speedMph>
                    <altitudeFt>6830</altitudeFt>
                </position>
                <position>
                    <lat>53.2673</lat>
                    <lon>-6.3286</lon>
                    <date>2013-07-11T23:25:32+02:00</date>
                    <speedMph>296</speedMph>
                    <altitudeFt>7030</altitudeFt>
                </position>
                <position>
                    <lat>53.2586</lat>
                    <lon>-6.3049</lon>
                    <date>2013-07-11T23:25:22+02:00</date>
                    <speedMph>296</speedMph>
                    <altitudeFt>7350</altitudeFt>
                </position>
                <position>
                    <lat>53.253</lat>
                    <lon>-6.2893</lon>
                    <date>2013-07-11T23:25:12+02:00</date>
                    <speedMph>296</speedMph>
                    <altitudeFt>7580</altitudeFt>
                </position>
                <position>
                    <lat>53.2452</lat>
                    <lon>-6.265</lon>
                    <date>2013-07-11T23:25:02+02:00</date>
                    <speedMph>300</speedMph>
                    <altitudeFt>7900</altitudeFt>
                </position>
                <position>
                    <lat>53.241</lat>
                    <lon>-6.2486</lon>
                    <date>2013-07-11T23:24:52+02:00</date>
                    <speedMph>300</speedMph>
                    <altitudeFt>8100</altitudeFt>
                </position>
                <position>
                    <lat>53.2348</lat>
                    <lon>-6.2222</lon>
                    <date>2013-07-11T23:24:42+02:00</date>
                    <speedMph>304</speedMph>
                    <altitudeFt>8400</altitudeFt>
                </position>
                <position>
                    <lat>53.2307</lat>
                    <lon>-6.2043</lon>
                    <date>2013-07-11T23:24:32+02:00</date>
                    <speedMph>304</speedMph>
                    <altitudeFt>8600</altitudeFt>
                </position>
                <position>
                    <lat>53.2254</lat>
                    <lon>-6.1814</lon>
                    <date>2013-07-11T23:24:22+02:00</date>
                    <speedMph>304</speedMph>
                    <altitudeFt>8850</altitudeFt>
                </position>
                <position>
                    <lat>53.2191</lat>
                    <lon>-6.1546</lon>
                    <date>2013-07-11T23:24:12+02:00</date>
                    <speedMph>308</speedMph>
                    <altitudeFt>9150</altitudeFt>
                </position>
                <position>
                    <lat>53.2154</lat>
                    <lon>-6.1388</lon>
                    <date>2013-07-11T23:24:02+02:00</date>
                    <speedMph>308</speedMph>
                    <altitudeFt>9350</altitudeFt>
                </position>
                <position>
                    <lat>53.2091</lat>
                    <lon>-6.1116</lon>
                    <date>2013-07-11T23:23:52+02:00</date>
                    <speedMph>308</speedMph>
                    <altitudeFt>9680</altitudeFt>
                </position>
                <position>
                    <lat>53.2047</lat>
                    <lon>-6.0925</lon>
                    <date>2013-07-11T23:23:42+02:00</date>
                    <speedMph>308</speedMph>
                    <altitudeFt>9900</altitudeFt>
                </position>
                <position>
                    <lat>53.2005</lat>
                    <lon>-6.0746</lon>
                    <date>2013-07-11T23:23:32+02:00</date>
                    <speedMph>308</speedMph>
                    <altitudeFt>10100</altitudeFt>
                </position>
                <position>
                    <lat>53.1832</lat>
                    <lon>-6.001</lon>
                    <date>2013-07-11T23:23:02+02:00</date>
                    <speedMph>312</speedMph>
                    <altitudeFt>10950</altitudeFt>
                </position>
                <position>
                    <lat>53.1688</lat>
                    <lon>-5.9394</lon>
                    <date>2013-07-11T23:22:32+02:00</date>
                    <speedMph>316</speedMph>
                    <altitudeFt>11680</altitudeFt>
                </position>
                <position>
                    <lat>53.1517</lat>
                    <lon>-5.8669</lon>
                    <date>2013-07-11T23:22:02+02:00</date>
                    <speedMph>316</speedMph>
                    <altitudeFt>12580</altitudeFt>
                </position>
                <position>
                    <lat>53.1368</lat>
                    <lon>-5.8042</lon>
                    <date>2013-07-11T23:21:32+02:00</date>
                    <speedMph>316</speedMph>
                    <altitudeFt>13330</altitudeFt>
                </position>
                <position>
                    <lat>53.1206</lat>
                    <lon>-5.736</lon>
                    <date>2013-07-11T23:21:02+02:00</date>
                    <speedMph>316</speedMph>
                    <altitudeFt>14100</altitudeFt>
                </position>
                <position>
                    <lat>53.1031</lat>
                    <lon>-5.6627</lon>
                    <date>2013-07-11T23:20:32+02:00</date>
                    <speedMph>320</speedMph>
                    <altitudeFt>14900</altitudeFt>
                </position>
                <position>
                    <lat>53.0811</lat>
                    <lon>-5.5701</lon>
                    <date>2013-07-11T23:19:52+02:00</date>
                    <speedMph>328</speedMph>
                    <altitudeFt>15850</altitudeFt>
                </position>
                <position>
                    <lat>53.0305</lat>
                    <lon>-5.438</lon>
                    <date>2013-07-11T23:18:52+02:00</date>
                    <speedMph>356</speedMph>
                    <altitudeFt>16930</altitudeFt>
                </position>
                <position>
                    <lat>52.9641</lat>
                    <lon>-5.3175</lon>
                    <date>2013-07-11T23:17:52+02:00</date>
                    <speedMph>360</speedMph>
                    <altitudeFt>18930</altitudeFt>
                </position>
                <position>
                    <lat>52.8961</lat>
                    <lon>-5.1946</lon>
                    <date>2013-07-11T23:16:52+02:00</date>
                    <speedMph>364</speedMph>
                    <altitudeFt>20950</altitudeFt>
                </position>
                <position>
                    <lat>52.8252</lat>
                    <lon>-5.0674</lon>
                    <date>2013-07-11T23:15:52+02:00</date>
                    <speedMph>376</speedMph>
                    <altitudeFt>22900</altitudeFt>
                </position>
                <position>
                    <lat>52.7549</lat>
                    <lon>-4.9413</lon>
                    <date>2013-07-11T23:14:52+02:00</date>
                    <speedMph>384</speedMph>
                    <altitudeFt>24780</altitudeFt>
                </position>
                <position>
                    <lat>52.6846</lat>
                    <lon>-4.8155</lon>
                    <date>2013-07-11T23:13:52+02:00</date>
                    <speedMph>400</speedMph>
                    <altitudeFt>26630</altitudeFt>
                </position>
                <position>
                    <lat>52.6139</lat>
                    <lon>-4.6443</lon>
                    <date>2013-07-11T23:12:52+02:00</date>
                    <speedMph>428</speedMph>
                    <altitudeFt>28550</altitudeFt>
                </position>
                <position>
                    <lat>52.5564</lat>
                    <lon>-4.483</lon>
                    <date>2013-07-11T23:11:52+02:00</date>
                    <speedMph>436</speedMph>
                    <altitudeFt>30880</altitudeFt>
                </position>
                <position>
                    <lat>52.4924</lat>
                    <lon>-4.3048</lon>
                    <date>2013-07-11T23:10:48+02:00</date>
                    <speedMph>428</speedMph>
                    <altitudeFt>34130</altitudeFt>
                </position>
                <position>
                    <lat>52.4298</lat>
                    <lon>-4.1321</lon>
                    <date>2013-07-11T23:09:48+02:00</date>
                    <speedMph>440</speedMph>
                    <altitudeFt>35630</altitudeFt>
                </position>
                <position>
                    <lat>52.3636</lat>
                    <lon>-3.9506</lon>
                    <date>2013-07-11T23:08:48+02:00</date>
                    <speedMph>444</speedMph>
                    <altitudeFt>36000</altitudeFt>
                </position>
                <position>
                    <lat>52.2976</lat>
                    <lon>-3.7711</lon>
                    <date>2013-07-11T23:07:48+02:00</date>
                    <speedMph>444</speedMph>
                    <altitudeFt>36000</altitudeFt>
                </position>
                <position>
                    <lat>52.2396</lat>
                    <lon>-3.6141</lon>
                    <date>2013-07-11T23:06:48+02:00</date>
                    <speedMph>440</speedMph>
                    <altitudeFt>36000</altitudeFt>
                </position>
                <position>
                    <lat>52.1741</lat>
                    <lon>-3.4379</lon>
                    <date>2013-07-11T23:05:48+02:00</date>
                    <speedMph>440</speedMph>
                    <altitudeFt>35980</altitudeFt>
                </position>
                <position>
                    <lat>52.1146</lat>
                    <lon>-3.2792</lon>
                    <date>2013-07-11T23:04:48+02:00</date>
                    <speedMph>440</speedMph>
                    <altitudeFt>36000</altitudeFt>
                </position>
                <position>
                    <lat>52.0492</lat>
                    <lon>-3.1059</lon>
                    <date>2013-07-11T23:03:48+02:00</date>
                    <speedMph>440</speedMph>
                    <altitudeFt>35980</altitudeFt>
                </position>
                <position>
                    <lat>51.9878</lat>
                    <lon>-2.9439</lon>
                    <date>2013-07-11T23:02:48+02:00</date>
                    <speedMph>440</speedMph>
                    <altitudeFt>36000</altitudeFt>
                </position>
                <position>
                    <lat>51.9215</lat>
                    <lon>-2.7704</lon>
                    <date>2013-07-11T23:01:48+02:00</date>
                    <speedMph>440</speedMph>
                    <altitudeFt>36000</altitudeFt>
                </position>
                <position>
                    <lat>51.8621</lat>
                    <lon>-2.6157</lon>
                    <date>2013-07-11T23:00:48+02:00</date>
                    <speedMph>440</speedMph>
                    <altitudeFt>36000</altitudeFt>
                </position>
                <position>
                    <lat>51.7981</lat>
                    <lon>-2.4502</lon>
                    <date>2013-07-11T22:59:48+02:00</date>
                    <speedMph>440</speedMph>
                    <altitudeFt>35980</altitudeFt>
                </position>
                <position>
                    <lat>51.7306</lat>
                    <lon>-2.2769</lon>
                    <date>2013-07-11T22:58:48+02:00</date>
                    <speedMph>440</speedMph>
                    <altitudeFt>35980</altitudeFt>
                </position>
                <position>
                    <lat>51.6664</lat>
                    <lon>-2.1131</lon>
                    <date>2013-07-11T22:57:48+02:00</date>
                    <speedMph>436</speedMph>
                    <altitudeFt>35980</altitudeFt>
                </position>
                <position>
                    <lat>51.6038</lat>
                    <lon>-1.9545</lon>
                    <date>2013-07-11T22:56:48+02:00</date>
                    <speedMph>436</speedMph>
                    <altitudeFt>36000</altitudeFt>
                </position>
                <position>
                    <lat>51.5385</lat>
                    <lon>-1.7903</lon>
                    <date>2013-07-11T22:55:48+02:00</date>
                    <speedMph>436</speedMph>
                    <altitudeFt>35980</altitudeFt>
                </position>
                <position>
                    <lat>51.4723</lat>
                    <lon>-1.624</lon>
                    <date>2013-07-11T22:54:48+02:00</date>
                    <speedMph>436</speedMph>
                    <altitudeFt>35980</altitudeFt>
                </position>
                <position>
                    <lat>51.4075</lat>
                    <lon>-1.462</lon>
                    <date>2013-07-11T22:53:48+02:00</date>
                    <speedMph>436</speedMph>
                    <altitudeFt>36000</altitudeFt>
                </position>
                <position>
                    <lat>51.3414</lat>
                    <lon>-1.3028</lon>
                    <date>2013-07-11T22:52:48+02:00</date>
                    <speedMph>440</speedMph>
                    <altitudeFt>36000</altitudeFt>
                </position>
                <position>
                    <lat>51.2944</lat>
                    <lon>-1.1237</lon>
                    <date>2013-07-11T22:51:48+02:00</date>
                    <speedMph>440</speedMph>
                    <altitudeFt>35980</altitudeFt>
                </position>
                <position>
                    <lat>51.2492</lat>
                    <lon>-0.9347</lon>
                    <date>2013-07-11T22:50:48+02:00</date>
                    <speedMph>440</speedMph>
                    <altitudeFt>36000</altitudeFt>
                </position>
                <position>
                    <lat>51.204</lat>
                    <lon>-0.7475</lon>
                    <date>2013-07-11T22:49:48+02:00</date>
                    <speedMph>440</speedMph>
                    <altitudeFt>35980</altitudeFt>
                </position>
                <position>
                    <lat>51.1626</lat>
                    <lon>-0.5762</lon>
                    <date>2013-07-11T22:48:48+02:00</date>
                    <speedMph>440</speedMph>
                    <altitudeFt>36000</altitudeFt>
                </position>
                <position>
                    <lat>51.1186</lat>
                    <lon>-0.397</lon>
                    <date>2013-07-11T22:47:48+02:00</date>
                    <speedMph>440</speedMph>
                    <altitudeFt>36000</altitudeFt>
                </position>
                <position>
                    <lat>51.0732</lat>
                    <lon>-0.214</lon>
                    <date>2013-07-11T22:46:48+02:00</date>
                    <speedMph>440</speedMph>
                    <altitudeFt>36000</altitudeFt>
                </position>
                <position>
                    <lat>51.0269</lat>
                    <lon>-0.0275</lon>
                    <date>2013-07-11T22:45:48+02:00</date>
                    <speedMph>440</speedMph>
                    <altitudeFt>36000</altitudeFt>
                </position>
                <position>
                    <lat>50.9807</lat>
                    <lon>0.1567</lon>
                    <date>2013-07-11T22:44:48+02:00</date>
                    <speedMph>436</speedMph>
                    <altitudeFt>35980</altitudeFt>
                </position>
                <position>
                    <lat>50.9376</lat>
                    <lon>0.3269</lon>
                    <date>2013-07-11T22:43:48+02:00</date>
                    <speedMph>436</speedMph>
                    <altitudeFt>35980</altitudeFt>
                </position>
                <position>
                    <lat>50.8862</lat>
                    <lon>0.5</lon>
                    <date>2013-07-11T22:42:48+02:00</date>
                    <speedMph>432</speedMph>
                    <altitudeFt>35980</altitudeFt>
                </position>
                <position>
                    <lat>50.8258</lat>
                    <lon>0.6648</lon>
                    <date>2013-07-11T22:41:48+02:00</date>
                    <speedMph>432</speedMph>
                    <altitudeFt>36000</altitudeFt>
                </position>
                <position>
                    <lat>50.7654</lat>
                    <lon>0.8297</lon>
                    <date>2013-07-11T22:40:48+02:00</date>
                    <speedMph>432</speedMph>
                    <altitudeFt>36000</altitudeFt>
                </position>
                <position>
                    <lat>50.7072</lat>
                    <lon>0.9866</lon>
                    <date>2013-07-11T22:39:48+02:00</date>
                    <speedMph>432</speedMph>
                    <altitudeFt>35980</altitudeFt>
                </position>
                <position>
                    <lat>50.646</lat>
                    <lon>1.1507</lon>
                    <date>2013-07-11T22:38:48+02:00</date>
                    <speedMph>432</speedMph>
                    <altitudeFt>35980</altitudeFt>
                </position>
                <position>
                    <lat>50.5857</lat>
                    <lon>1.3116</lon>
                    <date>2013-07-11T22:37:48+02:00</date>
                    <speedMph>432</speedMph>
                    <altitudeFt>36000</altitudeFt>
                </position>
                <position>
                    <lat>50.5257</lat>
                    <lon>1.4709</lon>
                    <date>2013-07-11T22:36:48+02:00</date>
                    <speedMph>432</speedMph>
                    <altitudeFt>36000</altitudeFt>
                </position>
                <position>
                    <lat>50.4622</lat>
                    <lon>1.6383</lon>
                    <date>2013-07-11T22:35:48+02:00</date>
                    <speedMph>432</speedMph>
                    <altitudeFt>35980</altitudeFt>
                </position>
                <position>
                    <lat>50.4022</lat>
                    <lon>1.7952</lon>
                    <date>2013-07-11T22:34:48+02:00</date>
                    <speedMph>432</speedMph>
                    <altitudeFt>35980</altitudeFt>
                </position>
                <position>
                    <lat>50.3403</lat>
                    <lon>1.9559</lon>
                    <date>2013-07-11T22:33:48+02:00</date>
                    <speedMph>436</speedMph>
                    <altitudeFt>36000</altitudeFt>
                </position>
                <position>
                    <lat>50.2787</lat>
                    <lon>2.1157</lon>
                    <date>2013-07-11T22:32:48+02:00</date>
                    <speedMph>436</speedMph>
                    <altitudeFt>36000</altitudeFt>
                </position>
                <position>
                    <lat>50.2177</lat>
                    <lon>2.2734</lon>
                    <date>2013-07-11T22:31:48+02:00</date>
                    <speedMph>436</speedMph>
                    <altitudeFt>36000</altitudeFt>
                </position>
                <position>
                    <lat>50.1356</lat>
                    <lon>2.4202</lon>
                    <date>2013-07-11T22:30:48+02:00</date>
                    <speedMph>436</speedMph>
                    <altitudeFt>35980</altitudeFt>
                </position>
                <position>
                    <lat>50.0541</lat>
                    <lon>2.5543</lon>
                    <date>2013-07-11T22:29:48+02:00</date>
                    <speedMph>436</speedMph>
                    <altitudeFt>36000</altitudeFt>
                </position>
                <position>
                    <lat>49.9681</lat>
                    <lon>2.6948</lon>
                    <date>2013-07-11T22:28:48+02:00</date>
                    <speedMph>436</speedMph>
                    <altitudeFt>35980</altitudeFt>
                </position>
                <position>
                    <lat>49.8852</lat>
                    <lon>2.8298</lon>
                    <date>2013-07-11T22:27:48+02:00</date>
                    <speedMph>432</speedMph>
                    <altitudeFt>36000</altitudeFt>
                </position>
                <position>
                    <lat>49.8063</lat>
                    <lon>2.9575</lon>
                    <date>2013-07-11T22:26:48+02:00</date>
                    <speedMph>432</speedMph>
                    <altitudeFt>35980</altitudeFt>
                </position>
                <position>
                    <lat>49.7234</lat>
                    <lon>3.0911</lon>
                    <date>2013-07-11T22:25:48+02:00</date>
                    <speedMph>432</speedMph>
                    <altitudeFt>35980</altitudeFt>
                </position>
                <position>
                    <lat>49.6381</lat>
                    <lon>3.2277</lon>
                    <date>2013-07-11T22:24:48+02:00</date>
                    <speedMph>436</speedMph>
                    <altitudeFt>36000</altitudeFt>
                </position>
                <position>
                    <lat>49.5538</lat>
                    <lon>3.362</lon>
                    <date>2013-07-11T22:23:48+02:00</date>
                    <speedMph>440</speedMph>
                    <altitudeFt>36000</altitudeFt>
                </position>
                <position>
                    <lat>49.466</lat>
                    <lon>3.5008</lon>
                    <date>2013-07-11T22:22:48+02:00</date>
                    <speedMph>440</speedMph>
                    <altitudeFt>35980</altitudeFt>
                </position>
                <position>
                    <lat>49.381</lat>
                    <lon>3.635</lon>
                    <date>2013-07-11T22:21:48+02:00</date>
                    <speedMph>440</speedMph>
                    <altitudeFt>36000</altitudeFt>
                </position>
                <position>
                    <lat>49.2956</lat>
                    <lon>3.7688</lon>
                    <date>2013-07-11T22:20:48+02:00</date>
                    <speedMph>440</speedMph>
                    <altitudeFt>36000</altitudeFt>
                </position>
                <position>
                    <lat>49.2092</lat>
                    <lon>3.9035</lon>
                    <date>2013-07-11T22:19:48+02:00</date>
                    <speedMph>440</speedMph>
                    <altitudeFt>35980</altitudeFt>
                </position>
                <position>
                    <lat>49.128</lat>
                    <lon>4.0295</lon>
                    <date>2013-07-11T22:18:48+02:00</date>
                    <speedMph>440</speedMph>
                    <altitudeFt>36000</altitudeFt>
                </position>
                <position>
                    <lat>49.0443</lat>
                    <lon>4.1587</lon>
                    <date>2013-07-11T22:17:48+02:00</date>
                    <speedMph>440</speedMph>
                    <altitudeFt>36000</altitudeFt>
                </position>
                <position>
                    <lat>48.9552</lat>
                    <lon>4.2958</lon>
                    <date>2013-07-11T22:16:48+02:00</date>
                    <speedMph>440</speedMph>
                    <altitudeFt>36000</altitudeFt>
                </position>
                <position>
                    <lat>48.8728</lat>
                    <lon>4.4214</lon>
                    <date>2013-07-11T22:15:48+02:00</date>
                    <speedMph>440</speedMph>
                    <altitudeFt>36000</altitudeFt>
                </position>
                <position>
                    <lat>48.7868</lat>
                    <lon>4.552</lon>
                    <date>2013-07-11T22:14:48+02:00</date>
                    <speedMph>440</speedMph>
                    <altitudeFt>36000</altitudeFt>
                </position>
                <position>
                    <lat>48.6993</lat>
                    <lon>4.6844</lon>
                    <date>2013-07-11T22:13:48+02:00</date>
                    <speedMph>440</speedMph>
                    <altitudeFt>36000</altitudeFt>
                </position>
                <position>
                    <lat>48.6119</lat>
                    <lon>4.8158</lon>
                    <date>2013-07-11T22:12:48+02:00</date>
                    <speedMph>436</speedMph>
                    <altitudeFt>35980</altitudeFt>
                </position>
                <position>
                    <lat>48.5278</lat>
                    <lon>4.9415</lon>
                    <date>2013-07-11T22:11:48+02:00</date>
                    <speedMph>436</speedMph>
                    <altitudeFt>35950</altitudeFt>
                </position>
                <position>
                    <lat>48.4247</lat>
                    <lon>5.0952</lon>
                    <date>2013-07-11T22:10:44+02:00</date>
                    <speedMph>436</speedMph>
                    <altitudeFt>36000</altitudeFt>
                </position>
                <position>
                    <lat>48.3386</lat>
                    <lon>5.2226</lon>
                    <date>2013-07-11T22:09:44+02:00</date>
                    <speedMph>436</speedMph>
                    <altitudeFt>36000</altitudeFt>
                </position>
                <position>
                    <lat>48.2643</lat>
                    <lon>5.3322</lon>
                    <date>2013-07-11T22:08:44+02:00</date>
                    <speedMph>440</speedMph>
                    <altitudeFt>35950</altitudeFt>
                </position>
                <position>
                    <lat>48.173</lat>
                    <lon>5.4659</lon>
                    <date>2013-07-11T22:07:44+02:00</date>
                    <speedMph>440</speedMph>
                    <altitudeFt>35030</altitudeFt>
                </position>
                <position>
                    <lat>48.0815</lat>
                    <lon>5.5993</lon>
                    <date>2013-07-11T22:06:44+02:00</date>
                    <speedMph>444</speedMph>
                    <altitudeFt>34130</altitudeFt>
                </position>
                <position>
                    <lat>48.0006</lat>
                    <lon>5.7162</lon>
                    <date>2013-07-11T22:05:44+02:00</date>
                    <speedMph>452</speedMph>
                    <altitudeFt>33030</altitudeFt>
                </position>
                <position>
                    <lat>47.8993</lat>
                    <lon>5.8764</lon>
                    <date>2013-07-11T22:04:44+02:00</date>
                    <speedMph>456</speedMph>
                    <altitudeFt>31780</altitudeFt>
                </position>
                <position>
                    <lat>47.8381</lat>
                    <lon>6.0194</lon>
                    <date>2013-07-11T22:03:44+02:00</date>
                    <speedMph>456</speedMph>
                    <altitudeFt>30850</altitudeFt>
                </position>
                <position>
                    <lat>47.7728</lat>
                    <lon>6.1709</lon>
                    <date>2013-07-11T22:02:44+02:00</date>
                    <speedMph>460</speedMph>
                    <altitudeFt>29550</altitudeFt>
                </position>
                <position>
                    <lat>47.6981</lat>
                    <lon>6.3423</lon>
                    <date>2013-07-11T22:01:44+02:00</date>
                    <speedMph>448</speedMph>
                    <altitudeFt>28480</altitudeFt>
                </position>
                <position>
                    <lat>47.6384</lat>
                    <lon>6.4969</lon>
                    <date>2013-07-11T22:00:44+02:00</date>
                    <speedMph>448</speedMph>
                    <altitudeFt>27480</altitudeFt>
                </position>
                <position>
                    <lat>47.593</lat>
                    <lon>6.6592</lon>
                    <date>2013-07-11T21:59:44+02:00</date>
                    <speedMph>444</speedMph>
                    <altitudeFt>26380</altitudeFt>
                </position>
                <position>
                    <lat>47.5449</lat>
                    <lon>6.8335</lon>
                    <date>2013-07-11T21:58:44+02:00</date>
                    <speedMph>436</speedMph>
                    <altitudeFt>25050</altitudeFt>
                </position>
                <position>
                    <lat>47.501</lat>
                    <lon>6.9909</lon>
                    <date>2013-07-11T21:57:44+02:00</date>
                    <speedMph>424</speedMph>
                    <altitudeFt>23800</altitudeFt>
                </position>
                <position>
                    <lat>47.4571</lat>
                    <lon>7.1494</lon>
                    <date>2013-07-11T21:56:44+02:00</date>
                    <speedMph>408</speedMph>
                    <altitudeFt>22350</altitudeFt>
                </position>
                <position>
                    <lat>47.4136</lat>
                    <lon>7.3038</lon>
                    <date>2013-07-11T21:55:44+02:00</date>
                    <speedMph>400</speedMph>
                    <altitudeFt>20700</altitudeFt>
                </position>
                <position>
                    <lat>47.3676</lat>
                    <lon>7.4691</lon>
                    <date>2013-07-11T21:54:44+02:00</date>
                    <speedMph>396</speedMph>
                    <altitudeFt>18580</altitudeFt>
                </position>
                <position>
                    <lat>47.3419</lat>
                    <lon>7.6262</lon>
                    <date>2013-07-11T21:53:44+02:00</date>
                    <speedMph>388</speedMph>
                    <altitudeFt>16650</altitudeFt>
                </position>
                <position>
                    <lat>47.3215</lat>
                    <lon>7.7658</lon>
                    <date>2013-07-11T21:52:44+02:00</date>
                    <speedMph>376</speedMph>
                    <altitudeFt>14800</altitudeFt>
                </position>
                <position>
                    <lat>47.3129</lat>
                    <lon>7.8251</lon>
                    <date>2013-07-11T21:52:14+02:00</date>
                    <speedMph>368</speedMph>
                    <altitudeFt>13930</altitudeFt>
                </position>
                <position>
                    <lat>47.3022</lat>
                    <lon>7.8946</lon>
                    <date>2013-07-11T21:51:44+02:00</date>
                    <speedMph>368</speedMph>
                    <altitudeFt>12680</altitudeFt>
                </position>
                <position>
                    <lat>47.282</lat>
                    <lon>7.9915</lon>
                    <date>2013-07-11T21:51:14+02:00</date>
                    <speedMph>364</speedMph>
                    <altitudeFt>11850</altitudeFt>
                </position>
                <position>
                    <lat>47.2934</lat>
                    <lon>8.0516</lon>
                    <date>2013-07-11T21:50:44+02:00</date>
                    <speedMph>364</speedMph>
                    <altitudeFt>11530</altitudeFt>
                </position>
                <position>
                    <lat>47.3223</lat>
                    <lon>8.1098</lon>
                    <date>2013-07-11T21:50:14+02:00</date>
                    <speedMph>352</speedMph>
                    <altitudeFt>11230</altitudeFt>
                </position>
                <position>
                    <lat>47.3529</lat>
                    <lon>8.1697</lon>
                    <date>2013-07-11T21:49:44+02:00</date>
                    <speedMph>320</speedMph>
                    <altitudeFt>10750</altitudeFt>
                </position>
                <position>
                    <lat>47.3781</lat>
                    <lon>8.2184</lon>
                    <date>2013-07-11T21:49:14+02:00</date>
                    <speedMph>296</speedMph>
                    <altitudeFt>9950</altitudeFt>
                </position>
                <position>
                    <lat>47.3858</lat>
                    <lon>8.2333</lon>
                    <date>2013-07-11T21:49:04+02:00</date>
                    <speedMph>296</speedMph>
                    <altitudeFt>9550</altitudeFt>
                </position>
                <position>
                    <lat>47.3983</lat>
                    <lon>8.2577</lon>
                    <date>2013-07-11T21:48:54+02:00</date>
                    <speedMph>292</speedMph>
                    <altitudeFt>8880</altitudeFt>
                </position>
                <position>
                    <lat>47.4022</lat>
                    <lon>8.2654</lon>
                    <date>2013-07-11T21:48:44+02:00</date>
                    <speedMph>288</speedMph>
                    <altitudeFt>8600</altitudeFt>
                </position>
                <position>
                    <lat>47.4097</lat>
                    <lon>8.2805</lon>
                    <date>2013-07-11T21:48:34+02:00</date>
                    <speedMph>284</speedMph>
                    <altitudeFt>8250</altitudeFt>
                </position>
                <position>
                    <lat>47.4176</lat>
                    <lon>8.2969</lon>
                    <date>2013-07-11T21:48:24+02:00</date>
                    <speedMph>288</speedMph>
                    <altitudeFt>8030</altitudeFt>
                </position>
                <position>
                    <lat>47.425</lat>
                    <lon>8.3125</lon>
                    <date>2013-07-11T21:48:14+02:00</date>
                    <speedMph>288</speedMph>
                    <altitudeFt>8000</altitudeFt>
                </position>
                <position>
                    <lat>47.4324</lat>
                    <lon>8.3281</lon>
                    <date>2013-07-11T21:48:04+02:00</date>
                    <speedMph>284</speedMph>
                    <altitudeFt>7950</altitudeFt>
                </position>
                <position>
                    <lat>47.4372</lat>
                    <lon>8.3381</lon>
                    <date>2013-07-11T21:47:54+02:00</date>
                    <speedMph>288</speedMph>
                    <altitudeFt>7930</altitudeFt>
                </position>
                <position>
                    <lat>47.4502</lat>
                    <lon>8.361</lon>
                    <date>2013-07-11T21:47:44+02:00</date>
                    <speedMph>276</speedMph>
                    <altitudeFt>7680</altitudeFt>
                </position>
                <position>
                    <lat>47.4665</lat>
                    <lon>8.3722</lon>
                    <date>2013-07-11T21:47:34+02:00</date>
                    <speedMph>260</speedMph>
                    <altitudeFt>7430</altitudeFt>
                </position>
                <position>
                    <lat>47.4717</lat>
                    <lon>8.3738</lon>
                    <date>2013-07-11T21:47:24+02:00</date>
                    <speedMph>248</speedMph>
                    <altitudeFt>7300</altitudeFt>
                </position>
                <position>
                    <lat>47.4838</lat>
                    <lon>8.3771</lon>
                    <date>2013-07-11T21:47:14+02:00</date>
                    <speedMph>228</speedMph>
                    <altitudeFt>7200</altitudeFt>
                </position>
                <position>
                    <lat>47.4984</lat>
                    <lon>8.3819</lon>
                    <date>2013-07-11T21:47:04+02:00</date>
                    <speedMph>232</speedMph>
                    <altitudeFt>6750</altitudeFt>
                </position>
                <position>
                    <lat>47.5044</lat>
                    <lon>8.3868</lon>
                    <date>2013-07-11T21:46:54+02:00</date>
                    <speedMph>232</speedMph>
                    <altitudeFt>6480</altitudeFt>
                </position>
                <position>
                    <lat>47.5108</lat>
                    <lon>8.3968</lon>
                    <date>2013-07-11T21:46:44+02:00</date>
                    <speedMph>232</speedMph>
                    <altitudeFt>6130</altitudeFt>
                </position>
                <position>
                    <lat>47.5157</lat>
                    <lon>8.411</lon>
                    <date>2013-07-11T21:46:34+02:00</date>
                    <speedMph>232</speedMph>
                    <altitudeFt>5750</altitudeFt>
                </position>
                <position>
                    <lat>47.5199</lat>
                    <lon>8.4254</lon>
                    <date>2013-07-11T21:46:24+02:00</date>
                    <speedMph>228</speedMph>
                    <altitudeFt>5350</altitudeFt>
                </position>
                <position>
                    <lat>47.5243</lat>
                    <lon>8.4401</lon>
                    <date>2013-07-11T21:46:14+02:00</date>
                    <speedMph>228</speedMph>
                    <altitudeFt>5000</altitudeFt>
                </position>
                <position>
                    <lat>47.531</lat>
                    <lon>8.469</lon>
                    <date>2013-07-11T21:45:54+02:00</date>
                    <speedMph>204</speedMph>
                    <altitudeFt>4630</altitudeFt>
                </position>
                <position>
                    <lat>47.5309</lat>
                    <lon>8.4756</lon>
                    <date>2013-07-11T21:45:49+02:00</date>
                    <speedMph>192</speedMph>
                    <altitudeFt>4600</altitudeFt>
                </position>
                <position>
                    <lat>47.524</lat>
                    <lon>8.4951</lon>
                    <date>2013-07-11T21:45:34+02:00</date>
                    <speedMph>160</speedMph>
                    <altitudeFt>4300</altitudeFt>
                </position>
                <position>
                    <lat>47.5188</lat>
                    <lon>8.4999</lon>
                    <date>2013-07-11T21:45:29+02:00</date>
                    <speedMph>164</speedMph>
                    <altitudeFt>4080</altitudeFt>
                </position>
                <position>
                    <lat>47.516</lat>
                    <lon>8.502</lon>
                    <date>2013-07-11T21:45:19+02:00</date>
                    <speedMph>164</speedMph>
                    <altitudeFt>3980</altitudeFt>
                </position>
                <position>
                    <lat>47.5107</lat>
                    <lon>8.506</lon>
                    <date>2013-07-11T21:45:14+02:00</date>
                    <speedMph>164</speedMph>
                    <altitudeFt>3750</altitudeFt>
                </position>
                <position>
                    <lat>47.5079</lat>
                    <lon>8.5082</lon>
                    <date>2013-07-11T21:45:04+02:00</date>
                    <speedMph>160</speedMph>
                    <altitudeFt>3630</altitudeFt>
                </position>
                <position>
                    <lat>47.5037</lat>
                    <lon>8.5115</lon>
                    <date>2013-07-11T21:44:59+02:00</date>
                    <speedMph>164</speedMph>
                    <altitudeFt>3380</altitudeFt>
                </position>
                <position>
                    <lat>47.4974</lat>
                    <lon>8.5166</lon>
                    <date>2013-07-11T21:44:49+02:00</date>
                    <speedMph>156</speedMph>
                    <altitudeFt>3000</altitudeFt>
                </position>
                <position>
                    <lat>47.4945</lat>
                    <lon>8.5193</lon>
                    <date>2013-07-11T21:44:44+02:00</date>
                    <speedMph>164</speedMph>
                    <altitudeFt>2830</altitudeFt>
                </position>
                <position>
                    <lat>47.4906</lat>
                    <lon>8.5237</lon>
                    <date>2013-07-11T21:44:39+02:00</date>
                    <speedMph>0</speedMph>
                    <altitudeFt>2580</altitudeFt>
                </position>
                <position>
                    <lat>47.4768</lat>
                    <lon>8.5432</lon>
                    <date>2013-07-11T21:44:19+02:00</date>
                    <speedMph>0</speedMph>
                    <altitudeFt>1430</altitudeFt>
                </position>
                <position>
                    <lat>47.4592</lat>
                    <lon>8.563</lon>
                    <date>2013-07-11T21:37:29+02:00</date>
                    <speedMph>0</speedMph>
                    <altitudeFt>0</altitudeFt>
                </position>
                <position>
                    <lat>47.4591</lat>
                    <lon>8.5628</lon>
                    <date>2013-07-11T21:37:19+02:00</date>
                    <speedMph>0</speedMph>
                    <altitudeFt>0</altitudeFt>
                </position>
                <position>
                    <lat>47.4591</lat>
                    <lon>8.5626</lon>
                    <date>2013-07-11T21:37:04+02:00</date>
                    <speedMph>0</speedMph>
                    <altitudeFt>0</altitudeFt>
                </position>
                <position>
                    <lat>47.4591</lat>
                    <lon>8.5625</lon>
                    <date>2013-07-11T21:36:44+02:00</date>
                    <speedMph>0</speedMph>
                    <altitudeFt>0</altitudeFt>
                </position>
                <position>
                    <lat>47.4591</lat>
                    <lon>8.5624</lon>
                    <date>2013-07-11T21:36:39+02:00</date>
                    <speedMph>0</speedMph>
                    <altitudeFt>0</altitudeFt>
                </position>
                <position>
                    <lat>47.4592</lat>
                    <lon>8.5619</lon>
                    <date>2013-07-11T21:36:14+02:00</date>
                    <speedMph>0</speedMph>
                    <altitudeFt>0</altitudeFt>
                </position>
                <position>
                    <lat>47.4592</lat>
                    <lon>8.5616</lon>
                    <date>2013-07-11T21:36:04+02:00</date>
                    <speedMph>0</speedMph>
                    <altitudeFt>0</altitudeFt>
                </position>
                <position>
                    <lat>47.4592</lat>
                    <lon>8.5615</lon>
                    <date>2013-07-11T21:35:59+02:00</date>
                    <speedMph>0</speedMph>
                    <altitudeFt>0</altitudeFt>
                </position>
                <position>
                    <lat>47.4592</lat>
                    <lon>8.5614</lon>
                    <date>2013-07-11T21:34:44+02:00</date>
                    <speedMph>0</speedMph>
                    <altitudeFt>0</altitudeFt>
                </position>
                <position>
                    <lat>47.4592</lat>
                    <lon>8.5613</lon>
                    <date>2013-07-11T21:34:34+02:00</date>
                    <speedMph>0</speedMph>
                    <altitudeFt>0</altitudeFt>
                </position>
                <position>
                    <lat>47.4593</lat>
                    <lon>8.5605</lon>
                    <date>2013-07-11T21:34:14+02:00</date>
                    <speedMph>0</speedMph>
                    <altitudeFt>0</altitudeFt>
                </position>
                <position>
                    <lat>47.4593</lat>
                    <lon>8.5595</lon>
                    <date>2013-07-11T21:33:59+02:00</date>
                    <speedMph>0</speedMph>
                    <altitudeFt>0</altitudeFt>
                </position>
                <position>
                    <lat>47.4595</lat>
                    <lon>8.5577</lon>
                    <date>2013-07-11T21:33:34+02:00</date>
                    <speedMph>0</speedMph>
                    <altitudeFt>0</altitudeFt>
                </position>
                <position>
                    <lat>47.4596</lat>
                    <lon>8.556</lon>
                    <date>2013-07-11T21:33:14+02:00</date>
                    <speedMph>0</speedMph>
                    <altitudeFt>0</altitudeFt>
                </position>
                <position>
                    <lat>47.4596</lat>
                    <lon>8.5557</lon>
                    <date>2013-07-11T21:33:04+02:00</date>
                    <speedMph>0</speedMph>
                    <altitudeFt>0</altitudeFt>
                </position>
                <position>
                    <lat>47.4596</lat>
                    <lon>8.5551</lon>
                    <date>2013-07-11T21:32:59+02:00</date>
                    <speedMph>0</speedMph>
                    <altitudeFt>0</altitudeFt>
                </position>
                <position>
                    <lat>47.4598</lat>
                    <lon>8.5532</lon>
                    <date>2013-07-11T21:32:34+02:00</date>
                    <speedMph>0</speedMph>
                    <altitudeFt>0</altitudeFt>
                </position>
                <position>
                    <lat>47.4599</lat>
                    <lon>8.5517</lon>
                    <date>2013-07-11T21:32:09+02:00</date>
                    <speedMph>0</speedMph>
                    <altitudeFt>0</altitudeFt>
                </position>
                <position>
                    <lat>47.4599</lat>
                    <lon>8.5515</lon>
                    <date>2013-07-11T21:32:04+02:00</date>
                    <speedMph>0</speedMph>
                    <altitudeFt>0</altitudeFt>
                </position>
                <position>
                    <lat>47.4604</lat>
                    <lon>8.5507</lon>
                    <date>2013-07-11T21:31:34+02:00</date>
                    <speedMph>0</speedMph>
                    <altitudeFt>0</altitudeFt>
                </position>
                <position>
                    <lat>47.4606</lat>
                    <lon>8.5506</lon>
                    <date>2013-07-11T21:28:34+02:00</date>
                    <speedMph>0</speedMph>
                    <altitudeFt>0</altitudeFt>
                </position>
            </positions>
        </flightTrack>
    </flightTracks>
</flightstatslog>
