<?xml version="1.0" encoding="UTF-8" standalone="yes"?>
<flightstatslog>
    <appendix>
        <airports>
            <airport>
                <fs>TXL</fs>
                <latitude>52.559686</latitude>
                <longitude>13.287711</longitude>
                <city>Berlin</city>
            </airport>
            <airport>
                <fs>WAW</fs>
                <latitude>52.16575</latitude>
                <longitude>20.967122</longitude>
                <city>Warsaw</city>
            </airport>
        </airports>
    </appendix>
    <flightTracks>
        <flightTrack>
            <flightId>3933753</flightId>
            <departureAirportFsCode>TXL</departureAirportFsCode>
            <arrivalAirportFsCode>WAW</arrivalAirportFsCode>
            <positions>
                <position>
                    <lat>52.1691</lat>
                    <lon>20.9721</lon>
                    <date>2013-07-11T22:39:33+02:00</date>
                    <speedMph>4</speedMph>
                    <altitudeFt>0</altitudeFt>
                </position>
                <position>
                    <lat>52.169</lat>
                    <lon>20.9717</lon>
                    <date>2013-07-11T22:39:28+02:00</date>
                    <speedMph>8</speedMph>
                    <altitudeFt>0</altitudeFt>
                </position>
                <position>
                    <lat>52.169</lat>
                    <lon>20.9716</lon>
                    <date>2013-07-11T22:39:18+02:00</date>
                    <speedMph>8</speedMph>
                    <altitudeFt>0</altitudeFt>
                </position>
                <position>
                    <lat>52.169</lat>
                    <lon>20.9712</lon>
                    <date>2013-07-11T22:39:13+02:00</date>
                    <speedMph>8</speedMph>
                    <altitudeFt>0</altitudeFt>
                </position>
                <position>
                    <lat>52.169</lat>
                    <lon>20.9709</lon>
                    <date>2013-07-11T22:39:08+02:00</date>
                    <speedMph>8</speedMph>
                    <altitudeFt>0</altitudeFt>
                </position>
                <position>
                    <lat>52.1691</lat>
                    <lon>20.9706</lon>
                    <date>2013-07-11T22:39:03+02:00</date>
                    <speedMph>8</speedMph>
                    <altitudeFt>0</altitudeFt>
                </position>
                <position>
                    <lat>52.1692</lat>
                    <lon>20.9705</lon>
                    <date>2013-07-11T22:38:58+02:00</date>
                    <speedMph>8</speedMph>
                    <altitudeFt>0</altitudeFt>
                </position>
                <position>
                    <lat>52.1694</lat>
                    <lon>20.9703</lon>
                    <date>2013-07-11T22:38:53+02:00</date>
                    <speedMph>16</speedMph>
                    <altitudeFt>0</altitudeFt>
                </position>
                <position>
                    <lat>52.17</lat>
                    <lon>20.9698</lon>
                    <date>2013-07-11T22:38:48+02:00</date>
                    <speedMph>20</speedMph>
                    <altitudeFt>0</altitudeFt>
                </position>
                <position>
                    <lat>52.1703</lat>
                    <lon>20.9695</lon>
                    <date>2013-07-11T22:38:43+02:00</date>
                    <speedMph>20</speedMph>
                    <altitudeFt>0</altitudeFt>
                </position>
                <position>
                    <lat>52.1707</lat>
                    <lon>20.9692</lon>
                    <date>2013-07-11T22:38:38+02:00</date>
                    <speedMph>20</speedMph>
                    <altitudeFt>0</altitudeFt>
                </position>
                <position>
                    <lat>52.171</lat>
                    <lon>20.9689</lon>
                    <date>2013-07-11T22:38:33+02:00</date>
                    <speedMph>20</speedMph>
                    <altitudeFt>0</altitudeFt>
                </position>
                <position>
                    <lat>52.1716</lat>
                    <lon>20.9685</lon>
                    <date>2013-07-11T22:38:28+02:00</date>
                    <speedMph>16</speedMph>
                    <altitudeFt>0</altitudeFt>
                </position>
                <position>
                    <lat>52.1721</lat>
                    <lon>20.968</lon>
                    <date>2013-07-11T22:38:23+02:00</date>
                    <speedMph>16</speedMph>
                    <altitudeFt>0</altitudeFt>
                </position>
                <position>
                    <lat>52.1725</lat>
                    <lon>20.9676</lon>
                    <date>2013-07-11T22:38:13+02:00</date>
                    <speedMph>20</speedMph>
                    <altitudeFt>0</altitudeFt>
                </position>
                <position>
                    <lat>52.1729</lat>
                    <lon>20.9673</lon>
                    <date>2013-07-11T22:38:08+02:00</date>
                    <speedMph>20</speedMph>
                    <altitudeFt>0</altitudeFt>
                </position>
                <position>
                    <lat>52.1736</lat>
                    <lon>20.9667</lon>
                    <date>2013-07-11T22:37:58+02:00</date>
                    <speedMph>16</speedMph>
                    <altitudeFt>0</altitudeFt>
                </position>
                <position>
                    <lat>52.1738</lat>
                    <lon>20.9664</lon>
                    <date>2013-07-11T22:37:53+02:00</date>
                    <speedMph>16</speedMph>
                    <altitudeFt>0</altitudeFt>
                </position>
                <position>
                    <lat>52.1761</lat>
                    <lon>20.964</lon>
                    <date>2013-07-11T22:37:13+02:00</date>
                    <speedMph>12</speedMph>
                    <altitudeFt>0</altitudeFt>
                </position>
                <position>
                    <lat>52.1761</lat>
                    <lon>20.9639</lon>
                    <date>2013-07-11T22:37:08+02:00</date>
                    <speedMph>12</speedMph>
                    <altitudeFt>0</altitudeFt>
                </position>
                <position>
                    <lat>52.1757</lat>
                    <lon>20.9625</lon>
                    <date>2013-07-11T22:36:48+02:00</date>
                    <speedMph>8</speedMph>
                    <altitudeFt>0</altitudeFt>
                </position>
                <position>
                    <lat>52.1758</lat>
                    <lon>20.9619</lon>
                    <date>2013-07-11T22:36:43+02:00</date>
                    <speedMph>12</speedMph>
                    <altitudeFt>0</altitudeFt>
                </position>
                <position>
                    <lat>52.1758</lat>
                    <lon>20.9615</lon>
                    <date>2013-07-11T22:36:33+02:00</date>
                    <speedMph>12</speedMph>
                    <altitudeFt>0</altitudeFt>
                </position>
                <position>
                    <lat>52.1757</lat>
                    <lon>20.9611</lon>
                    <date>2013-07-11T22:36:28+02:00</date>
                    <speedMph>12</speedMph>
                    <altitudeFt>0</altitudeFt>
                </position>
                <position>
                    <lat>52.1756</lat>
                    <lon>20.9608</lon>
                    <date>2013-07-11T22:36:23+02:00</date>
                    <speedMph>12</speedMph>
                    <altitudeFt>0</altitudeFt>
                </position>
                <position>
                    <lat>52.175</lat>
                    <lon>20.9603</lon>
                    <date>2013-07-11T22:36:13+02:00</date>
                    <speedMph>20</speedMph>
                    <altitudeFt>0</altitudeFt>
                </position>
                <position>
                    <lat>52.1745</lat>
                    <lon>20.9599</lon>
                    <date>2013-07-11T22:36:08+02:00</date>
                    <speedMph>20</speedMph>
                    <altitudeFt>0</altitudeFt>
                </position>
                <position>
                    <lat>52.1741</lat>
                    <lon>20.9596</lon>
                    <date>2013-07-11T22:36:03+02:00</date>
                    <speedMph>20</speedMph>
                    <altitudeFt>0</altitudeFt>
                </position>
                <position>
                    <lat>52.1733</lat>
                    <lon>20.959</lon>
                    <date>2013-07-11T22:35:58+02:00</date>
                    <speedMph>16</speedMph>
                    <altitudeFt>0</altitudeFt>
                </position>
                <position>
                    <lat>52.173</lat>
                    <lon>20.9587</lon>
                    <date>2013-07-11T22:35:48+02:00</date>
                    <speedMph>16</speedMph>
                    <altitudeFt>0</altitudeFt>
                </position>
                <position>
                    <lat>52.1726</lat>
                    <lon>20.9585</lon>
                    <date>2013-07-11T22:35:43+02:00</date>
                    <speedMph>16</speedMph>
                    <altitudeFt>0</altitudeFt>
                </position>
                <position>
                    <lat>52.1724</lat>
                    <lon>20.9582</lon>
                    <date>2013-07-11T22:35:38+02:00</date>
                    <speedMph>16</speedMph>
                    <altitudeFt>0</altitudeFt>
                </position>
                <position>
                    <lat>52.1721</lat>
                    <lon>20.958</lon>
                    <date>2013-07-11T22:35:33+02:00</date>
                    <speedMph>16</speedMph>
                    <altitudeFt>0</altitudeFt>
                </position>
                <position>
                    <lat>52.1715</lat>
                    <lon>20.9576</lon>
                    <date>2013-07-11T22:35:28+02:00</date>
                    <speedMph>16</speedMph>
                    <altitudeFt>0</altitudeFt>
                </position>
                <position>
                    <lat>52.1713</lat>
                    <lon>20.9574</lon>
                    <date>2013-07-11T22:35:23+02:00</date>
                    <speedMph>16</speedMph>
                    <altitudeFt>0</altitudeFt>
                </position>
                <position>
                    <lat>52.1707</lat>
                    <lon>20.9569</lon>
                    <date>2013-07-11T22:35:13+02:00</date>
                    <speedMph>16</speedMph>
                    <altitudeFt>0</altitudeFt>
                </position>
                <position>
                    <lat>52.1704</lat>
                    <lon>20.9567</lon>
                    <date>2013-07-11T22:35:08+02:00</date>
                    <speedMph>16</speedMph>
                    <altitudeFt>0</altitudeFt>
                </position>
                <position>
                    <lat>52.1701</lat>
                    <lon>20.9564</lon>
                    <date>2013-07-11T22:35:03+02:00</date>
                    <speedMph>12</speedMph>
                    <altitudeFt>0</altitudeFt>
                </position>
                <position>
                    <lat>52.1698</lat>
                    <lon>20.9562</lon>
                    <date>2013-07-11T22:34:58+02:00</date>
                    <speedMph>12</speedMph>
                    <altitudeFt>0</altitudeFt>
                </position>
                <position>
                    <lat>52.1693</lat>
                    <lon>20.9558</lon>
                    <date>2013-07-11T22:34:53+02:00</date>
                    <speedMph>12</speedMph>
                    <altitudeFt>0</altitudeFt>
                </position>
                <position>
                    <lat>52.169</lat>
                    <lon>20.9558</lon>
                    <date>2013-07-11T22:34:43+02:00</date>
                    <speedMph>12</speedMph>
                    <altitudeFt>0</altitudeFt>
                </position>
                <position>
                    <lat>52.1689</lat>
                    <lon>20.9561</lon>
                    <date>2013-07-11T22:34:38+02:00</date>
                    <speedMph>12</speedMph>
                    <altitudeFt>0</altitudeFt>
                </position>
                <position>
                    <lat>52.1687</lat>
                    <lon>20.9567</lon>
                    <date>2013-07-11T22:34:33+02:00</date>
                    <speedMph>20</speedMph>
                    <altitudeFt>0</altitudeFt>
                </position>
                <position>
                    <lat>52.1685</lat>
                    <lon>20.9574</lon>
                    <date>2013-07-11T22:34:28+02:00</date>
                    <speedMph>24</speedMph>
                    <altitudeFt>0</altitudeFt>
                </position>
                <position>
                    <lat>52.1682</lat>
                    <lon>20.9584</lon>
                    <date>2013-07-11T22:34:23+02:00</date>
                    <speedMph>36</speedMph>
                    <altitudeFt>0</altitudeFt>
                </position>
                <position>
                    <lat>52.1674</lat>
                    <lon>20.9611</lon>
                    <date>2013-07-11T22:34:13+02:00</date>
                    <speedMph>48</speedMph>
                    <altitudeFt>350</altitudeFt>
                </position>
                <position>
                    <lat>52.167</lat>
                    <lon>20.9626</lon>
                    <date>2013-07-11T22:34:08+02:00</date>
                    <speedMph>64</speedMph>
                    <altitudeFt>350</altitudeFt>
                </position>
                <position>
                    <lat>52.1663</lat>
                    <lon>20.965</lon>
                    <date>2013-07-11T22:34:03+02:00</date>
                    <speedMph>88</speedMph>
                    <altitudeFt>350</altitudeFt>
                </position>
                <position>
                    <lat>52.1616</lat>
                    <lon>20.9819</lon>
                    <date>2013-07-11T22:33:43+02:00</date>
                    <speedMph>120</speedMph>
                    <altitudeFt>450</altitudeFt>
                </position>
                <position>
                    <lat>52.1607</lat>
                    <lon>20.9852</lon>
                    <date>2013-07-11T22:33:38+02:00</date>
                    <speedMph>120</speedMph>
                    <altitudeFt>500</altitudeFt>
                </position>
                <position>
                    <lat>52.1594</lat>
                    <lon>20.99</lon>
                    <date>2013-07-11T22:33:33+02:00</date>
                    <speedMph>120</speedMph>
                    <altitudeFt>550</altitudeFt>
                </position>
                <position>
                    <lat>52.1584</lat>
                    <lon>20.9933</lon>
                    <date>2013-07-11T22:33:28+02:00</date>
                    <speedMph>116</speedMph>
                    <altitudeFt>600</altitudeFt>
                </position>
                <position>
                    <lat>52.1576</lat>
                    <lon>20.9961</lon>
                    <date>2013-07-11T22:33:23+02:00</date>
                    <speedMph>116</speedMph>
                    <altitudeFt>630</altitudeFt>
                </position>
                <position>
                    <lat>52.1562</lat>
                    <lon>21.0012</lon>
                    <date>2013-07-11T22:33:18+02:00</date>
                    <speedMph>116</speedMph>
                    <altitudeFt>700</altitudeFt>
                </position>
                <position>
                    <lat>52.1557</lat>
                    <lon>21.0026</lon>
                    <date>2013-07-11T22:33:13+02:00</date>
                    <speedMph>116</speedMph>
                    <altitudeFt>730</altitudeFt>
                </position>
                <position>
                    <lat>52.1538</lat>
                    <lon>21.0092</lon>
                    <date>2013-07-11T22:33:08+02:00</date>
                    <speedMph>116</speedMph>
                    <altitudeFt>850</altitudeFt>
                </position>
                <position>
                    <lat>52.152</lat>
                    <lon>21.0155</lon>
                    <date>2013-07-11T22:32:58+02:00</date>
                    <speedMph>116</speedMph>
                    <altitudeFt>950</altitudeFt>
                </position>
                <position>
                    <lat>52.15</lat>
                    <lon>21.0214</lon>
                    <date>2013-07-11T22:32:53+02:00</date>
                    <speedMph>116</speedMph>
                    <altitudeFt>1050</altitudeFt>
                </position>
                <position>
                    <lat>52.1489</lat>
                    <lon>21.0246</lon>
                    <date>2013-07-11T22:32:48+02:00</date>
                    <speedMph>120</speedMph>
                    <altitudeFt>1100</altitudeFt>
                </position>
                <position>
                    <lat>52.1435</lat>
                    <lon>21.0375</lon>
                    <date>2013-07-11T22:32:33+02:00</date>
                    <speedMph>120</speedMph>
                    <altitudeFt>1330</altitudeFt>
                </position>
                <position>
                    <lat>52.1423</lat>
                    <lon>21.0404</lon>
                    <date>2013-07-11T22:32:28+02:00</date>
                    <speedMph>120</speedMph>
                    <altitudeFt>1400</altitudeFt>
                </position>
                <position>
                    <lat>52.1398</lat>
                    <lon>21.0471</lon>
                    <date>2013-07-11T22:32:18+02:00</date>
                    <speedMph>128</speedMph>
                    <altitudeFt>1500</altitudeFt>
                </position>
                <position>
                    <lat>52.1351</lat>
                    <lon>21.0616</lon>
                    <date>2013-07-11T22:32:08+02:00</date>
                    <speedMph>144</speedMph>
                    <altitudeFt>1700</altitudeFt>
                </position>
                <position>
                    <lat>52.1335</lat>
                    <lon>21.0664</lon>
                    <date>2013-07-11T22:31:58+02:00</date>
                    <speedMph>148</speedMph>
                    <altitudeFt>1800</altitudeFt>
                </position>
                <position>
                    <lat>52.1319</lat>
                    <lon>21.0713</lon>
                    <date>2013-07-11T22:31:53+02:00</date>
                    <speedMph>152</speedMph>
                    <altitudeFt>1880</altitudeFt>
                </position>
                <position>
                    <lat>52.1306</lat>
                    <lon>21.0754</lon>
                    <date>2013-07-11T22:31:48+02:00</date>
                    <speedMph>152</speedMph>
                    <altitudeFt>1930</altitudeFt>
                </position>
                <position>
                    <lat>52.1271</lat>
                    <lon>21.0862</lon>
                    <date>2013-07-11T22:31:38+02:00</date>
                    <speedMph>164</speedMph>
                    <altitudeFt>2100</altitudeFt>
                </position>
                <position>
                    <lat>52.125</lat>
                    <lon>21.0925</lon>
                    <date>2013-07-11T22:31:33+02:00</date>
                    <speedMph>164</speedMph>
                    <altitudeFt>2200</altitudeFt>
                </position>
                <position>
                    <lat>52.1239</lat>
                    <lon>21.0957</lon>
                    <date>2013-07-11T22:31:28+02:00</date>
                    <speedMph>164</speedMph>
                    <altitudeFt>2250</altitudeFt>
                </position>
                <position>
                    <lat>52.12</lat>
                    <lon>21.1073</lon>
                    <date>2013-07-11T22:31:23+02:00</date>
                    <speedMph>168</speedMph>
                    <altitudeFt>2430</altitudeFt>
                </position>
                <position>
                    <lat>52.1172</lat>
                    <lon>21.1155</lon>
                    <date>2013-07-11T22:31:13+02:00</date>
                    <speedMph>168</speedMph>
                    <altitudeFt>2550</altitudeFt>
                </position>
                <position>
                    <lat>52.1136</lat>
                    <lon>21.1263</lon>
                    <date>2013-07-11T22:31:08+02:00</date>
                    <speedMph>172</speedMph>
                    <altitudeFt>2730</altitudeFt>
                </position>
                <position>
                    <lat>52.1127</lat>
                    <lon>21.129</lon>
                    <date>2013-07-11T22:30:58+02:00</date>
                    <speedMph>172</speedMph>
                    <altitudeFt>2750</altitudeFt>
                </position>
                <position>
                    <lat>52.1108</lat>
                    <lon>21.1346</lon>
                    <date>2013-07-11T22:30:53+02:00</date>
                    <speedMph>172</speedMph>
                    <altitudeFt>2830</altitudeFt>
                </position>
                <position>
                    <lat>52.1088</lat>
                    <lon>21.1407</lon>
                    <date>2013-07-11T22:30:48+02:00</date>
                    <speedMph>172</speedMph>
                    <altitudeFt>2930</altitudeFt>
                </position>
                <position>
                    <lat>52.107</lat>
                    <lon>21.1456</lon>
                    <date>2013-07-11T22:30:43+02:00</date>
                    <speedMph>172</speedMph>
                    <altitudeFt>2980</altitudeFt>
                </position>
                <position>
                    <lat>52.1044</lat>
                    <lon>21.1528</lon>
                    <date>2013-07-11T22:30:38+02:00</date>
                    <speedMph>176</speedMph>
                    <altitudeFt>3000</altitudeFt>
                </position>
                <position>
                    <lat>52.1027</lat>
                    <lon>21.1571</lon>
                    <date>2013-07-11T22:30:33+02:00</date>
                    <speedMph>176</speedMph>
                    <altitudeFt>3000</altitudeFt>
                </position>
                <position>
                    <lat>52.1006</lat>
                    <lon>21.1621</lon>
                    <date>2013-07-11T22:30:28+02:00</date>
                    <speedMph>176</speedMph>
                    <altitudeFt>3000</altitudeFt>
                </position>
                <position>
                    <lat>52.0981</lat>
                    <lon>21.1674</lon>
                    <date>2013-07-11T22:30:23+02:00</date>
                    <speedMph>176</speedMph>
                    <altitudeFt>3000</altitudeFt>
                </position>
                <position>
                    <lat>52.0951</lat>
                    <lon>21.1724</lon>
                    <date>2013-07-11T22:30:18+02:00</date>
                    <speedMph>176</speedMph>
                    <altitudeFt>2980</altitudeFt>
                </position>
                <position>
                    <lat>52.0885</lat>
                    <lon>21.1801</lon>
                    <date>2013-07-11T22:30:13+02:00</date>
                    <speedMph>184</speedMph>
                    <altitudeFt>3000</altitudeFt>
                </position>
                <position>
                    <lat>52.0846</lat>
                    <lon>21.1831</lon>
                    <date>2013-07-11T22:30:03+02:00</date>
                    <speedMph>188</speedMph>
                    <altitudeFt>3000</altitudeFt>
                </position>
                <position>
                    <lat>52.0678</lat>
                    <lon>21.1885</lon>
                    <date>2013-07-11T22:29:43+02:00</date>
                    <speedMph>208</speedMph>
                    <altitudeFt>2980</altitudeFt>
                </position>
                <position>
                    <lat>52.0636</lat>
                    <lon>21.1882</lon>
                    <date>2013-07-11T22:29:38+02:00</date>
                    <speedMph>212</speedMph>
                    <altitudeFt>3000</altitudeFt>
                </position>
                <position>
                    <lat>52.0555</lat>
                    <lon>21.1861</lon>
                    <date>2013-07-11T22:29:33+02:00</date>
                    <speedMph>220</speedMph>
                    <altitudeFt>3000</altitudeFt>
                </position>
                <position>
                    <lat>52.0526</lat>
                    <lon>21.1849</lon>
                    <date>2013-07-11T22:29:28+02:00</date>
                    <speedMph>220</speedMph>
                    <altitudeFt>3000</altitudeFt>
                </position>
                <position>
                    <lat>52.0475</lat>
                    <lon>21.182</lon>
                    <date>2013-07-11T22:29:23+02:00</date>
                    <speedMph>220</speedMph>
                    <altitudeFt>3000</altitudeFt>
                </position>
                <position>
                    <lat>52.0441</lat>
                    <lon>21.179</lon>
                    <date>2013-07-11T22:29:18+02:00</date>
                    <speedMph>220</speedMph>
                    <altitudeFt>3000</altitudeFt>
                </position>
                <position>
                    <lat>52.0372</lat>
                    <lon>21.1717</lon>
                    <date>2013-07-11T22:29:13+02:00</date>
                    <speedMph>224</speedMph>
                    <altitudeFt>3000</altitudeFt>
                </position>
                <position>
                    <lat>52.0278</lat>
                    <lon>21.1388</lon>
                    <date>2013-07-11T22:28:53+02:00</date>
                    <speedMph>240</speedMph>
                    <altitudeFt>3000</altitudeFt>
                </position>
                <position>
                    <lat>52.0279</lat>
                    <lon>21.1349</lon>
                    <date>2013-07-11T22:28:48+02:00</date>
                    <speedMph>244</speedMph>
                    <altitudeFt>3000</altitudeFt>
                </position>
                <position>
                    <lat>52.0285</lat>
                    <lon>21.1279</lon>
                    <date>2013-07-11T22:28:43+02:00</date>
                    <speedMph>248</speedMph>
                    <altitudeFt>3000</altitudeFt>
                </position>
                <position>
                    <lat>52.0299</lat>
                    <lon>21.1207</lon>
                    <date>2013-07-11T22:28:38+02:00</date>
                    <speedMph>252</speedMph>
                    <altitudeFt>3000</altitudeFt>
                </position>
                <position>
                    <lat>52.0336</lat>
                    <lon>21.1064</lon>
                    <date>2013-07-11T22:28:33+02:00</date>
                    <speedMph>260</speedMph>
                    <altitudeFt>3000</altitudeFt>
                </position>
                <position>
                    <lat>52.0355</lat>
                    <lon>21.0991</lon>
                    <date>2013-07-11T22:28:28+02:00</date>
                    <speedMph>264</speedMph>
                    <altitudeFt>3030</altitudeFt>
                </position>
                <position>
                    <lat>52.0373</lat>
                    <lon>21.0922</lon>
                    <date>2013-07-11T22:28:23+02:00</date>
                    <speedMph>268</speedMph>
                    <altitudeFt>3080</altitudeFt>
                </position>
                <position>
                    <lat>52.0425</lat>
                    <lon>21.0722</lon>
                    <date>2013-07-11T22:28:18+02:00</date>
                    <speedMph>268</speedMph>
                    <altitudeFt>3330</altitudeFt>
                </position>
                <position>
                    <lat>52.0437</lat>
                    <lon>21.0675</lon>
                    <date>2013-07-11T22:28:08+02:00</date>
                    <speedMph>268</speedMph>
                    <altitudeFt>3380</altitudeFt>
                </position>
                <position>
                    <lat>52.0475</lat>
                    <lon>21.0531</lon>
                    <date>2013-07-11T22:28:03+02:00</date>
                    <speedMph>268</speedMph>
                    <altitudeFt>3600</altitudeFt>
                </position>
                <position>
                    <lat>52.0494</lat>
                    <lon>21.046</lon>
                    <date>2013-07-11T22:27:58+02:00</date>
                    <speedMph>268</speedMph>
                    <altitudeFt>3700</altitudeFt>
                </position>
                <position>
                    <lat>52.0512</lat>
                    <lon>21.0388</lon>
                    <date>2013-07-11T22:27:53+02:00</date>
                    <speedMph>268</speedMph>
                    <altitudeFt>3780</altitudeFt>
                </position>
                <position>
                    <lat>52.0553</lat>
                    <lon>21.023</lon>
                    <date>2013-07-11T22:27:48+02:00</date>
                    <speedMph>268</speedMph>
                    <altitudeFt>4000</altitudeFt>
                </position>
                <position>
                    <lat>52.057</lat>
                    <lon>21.0161</lon>
                    <date>2013-07-11T22:27:43+02:00</date>
                    <speedMph>268</speedMph>
                    <altitudeFt>4080</altitudeFt>
                </position>
                <position>
                    <lat>52.0589</lat>
                    <lon>21.0088</lon>
                    <date>2013-07-11T22:27:38+02:00</date>
                    <speedMph>268</speedMph>
                    <altitudeFt>4180</altitudeFt>
                </position>
                <position>
                    <lat>52.061</lat>
                    <lon>21.0007</lon>
                    <date>2013-07-11T22:27:33+02:00</date>
                    <speedMph>272</speedMph>
                    <altitudeFt>4300</altitudeFt>
                </position>
                <position>
                    <lat>52.065</lat>
                    <lon>20.9854</lon>
                    <date>2013-07-11T22:27:28+02:00</date>
                    <speedMph>272</speedMph>
                    <altitudeFt>4500</altitudeFt>
                </position>
                <position>
                    <lat>52.0668</lat>
                    <lon>20.9785</lon>
                    <date>2013-07-11T22:27:23+02:00</date>
                    <speedMph>272</speedMph>
                    <altitudeFt>4600</altitudeFt>
                </position>
                <position>
                    <lat>52.0687</lat>
                    <lon>20.9712</lon>
                    <date>2013-07-11T22:27:18+02:00</date>
                    <speedMph>272</speedMph>
                    <altitudeFt>4700</altitudeFt>
                </position>
                <position>
                    <lat>52.0716</lat>
                    <lon>20.9598</lon>
                    <date>2013-07-11T22:27:13+02:00</date>
                    <speedMph>272</speedMph>
                    <altitudeFt>4880</altitudeFt>
                </position>
                <position>
                    <lat>52.0726</lat>
                    <lon>20.956</lon>
                    <date>2013-07-11T22:27:08+02:00</date>
                    <speedMph>272</speedMph>
                    <altitudeFt>4930</altitudeFt>
                </position>
                <position>
                    <lat>52.0786</lat>
                    <lon>20.9334</lon>
                    <date>2013-07-11T22:26:58+02:00</date>
                    <speedMph>272</speedMph>
                    <altitudeFt>5250</altitudeFt>
                </position>
                <position>
                    <lat>52.0827</lat>
                    <lon>20.9177</lon>
                    <date>2013-07-11T22:26:48+02:00</date>
                    <speedMph>276</speedMph>
                    <altitudeFt>5450</altitudeFt>
                </position>
                <position>
                    <lat>52.0887</lat>
                    <lon>20.8956</lon>
                    <date>2013-07-11T22:26:38+02:00</date>
                    <speedMph>276</speedMph>
                    <altitudeFt>5750</altitudeFt>
                </position>
                <position>
                    <lat>52.0926</lat>
                    <lon>20.881</lon>
                    <date>2013-07-11T22:26:28+02:00</date>
                    <speedMph>276</speedMph>
                    <altitudeFt>5980</altitudeFt>
                </position>
                <position>
                    <lat>52.099</lat>
                    <lon>20.8569</lon>
                    <date>2013-07-11T22:26:18+02:00</date>
                    <speedMph>276</speedMph>
                    <altitudeFt>6350</altitudeFt>
                </position>
                <position>
                    <lat>52.1028</lat>
                    <lon>20.842</lon>
                    <date>2013-07-11T22:26:08+02:00</date>
                    <speedMph>276</speedMph>
                    <altitudeFt>6600</altitudeFt>
                </position>
                <position>
                    <lat>52.1085</lat>
                    <lon>20.8196</lon>
                    <date>2013-07-11T22:25:58+02:00</date>
                    <speedMph>272</speedMph>
                    <altitudeFt>6950</altitudeFt>
                </position>
                <position>
                    <lat>52.1123</lat>
                    <lon>20.8047</lon>
                    <date>2013-07-11T22:25:48+02:00</date>
                    <speedMph>272</speedMph>
                    <altitudeFt>7180</altitudeFt>
                </position>
                <position>
                    <lat>52.1182</lat>
                    <lon>20.7817</lon>
                    <date>2013-07-11T22:25:38+02:00</date>
                    <speedMph>272</speedMph>
                    <altitudeFt>7530</altitudeFt>
                </position>
                <position>
                    <lat>52.1223</lat>
                    <lon>20.7657</lon>
                    <date>2013-07-11T22:25:28+02:00</date>
                    <speedMph>272</speedMph>
                    <altitudeFt>7780</altitudeFt>
                </position>
                <position>
                    <lat>52.1282</lat>
                    <lon>20.743</lon>
                    <date>2013-07-11T22:25:18+02:00</date>
                    <speedMph>276</speedMph>
                    <altitudeFt>8100</altitudeFt>
                </position>
                <position>
                    <lat>52.133</lat>
                    <lon>20.7248</lon>
                    <date>2013-07-11T22:25:08+02:00</date>
                    <speedMph>276</speedMph>
                    <altitudeFt>8350</altitudeFt>
                </position>
                <position>
                    <lat>52.1394</lat>
                    <lon>20.7007</lon>
                    <date>2013-07-11T22:24:58+02:00</date>
                    <speedMph>276</speedMph>
                    <altitudeFt>8680</altitudeFt>
                </position>
                <position>
                    <lat>52.1431</lat>
                    <lon>20.6864</lon>
                    <date>2013-07-11T22:24:48+02:00</date>
                    <speedMph>280</speedMph>
                    <altitudeFt>8850</altitudeFt>
                </position>
                <position>
                    <lat>52.1493</lat>
                    <lon>20.6626</lon>
                    <date>2013-07-11T22:24:38+02:00</date>
                    <speedMph>280</speedMph>
                    <altitudeFt>9200</altitudeFt>
                </position>
                <position>
                    <lat>52.1534</lat>
                    <lon>20.6465</lon>
                    <date>2013-07-11T22:24:28+02:00</date>
                    <speedMph>280</speedMph>
                    <altitudeFt>9400</altitudeFt>
                </position>
                <position>
                    <lat>52.1576</lat>
                    <lon>20.6308</lon>
                    <date>2013-07-11T22:24:18+02:00</date>
                    <speedMph>284</speedMph>
                    <altitudeFt>9600</altitudeFt>
                </position>
                <position>
                    <lat>52.1633</lat>
                    <lon>20.609</lon>
                    <date>2013-07-11T22:24:08+02:00</date>
                    <speedMph>288</speedMph>
                    <altitudeFt>9880</altitudeFt>
                </position>
                <position>
                    <lat>52.1673</lat>
                    <lon>20.5933</lon>
                    <date>2013-07-11T22:23:58+02:00</date>
                    <speedMph>288</speedMph>
                    <altitudeFt>10100</altitudeFt>
                </position>
                <position>
                    <lat>52.1829</lat>
                    <lon>20.533</lon>
                    <date>2013-07-11T22:23:28+02:00</date>
                    <speedMph>292</speedMph>
                    <altitudeFt>10900</altitudeFt>
                </position>
                <position>
                    <lat>52.1995</lat>
                    <lon>20.4681</lon>
                    <date>2013-07-11T22:22:58+02:00</date>
                    <speedMph>296</speedMph>
                    <altitudeFt>11600</altitudeFt>
                </position>
                <position>
                    <lat>52.2162</lat>
                    <lon>20.4012</lon>
                    <date>2013-07-11T22:22:28+02:00</date>
                    <speedMph>296</speedMph>
                    <altitudeFt>12300</altitudeFt>
                </position>
                <position>
                    <lat>52.2312</lat>
                    <lon>20.3427</lon>
                    <date>2013-07-11T22:21:58+02:00</date>
                    <speedMph>300</speedMph>
                    <altitudeFt>12930</altitudeFt>
                </position>
                <position>
                    <lat>52.2483</lat>
                    <lon>20.2755</lon>
                    <date>2013-07-11T22:21:28+02:00</date>
                    <speedMph>300</speedMph>
                    <altitudeFt>13650</altitudeFt>
                </position>
                <position>
                    <lat>52.2633</lat>
                    <lon>20.2171</lon>
                    <date>2013-07-11T22:20:58+02:00</date>
                    <speedMph>304</speedMph>
                    <altitudeFt>14250</altitudeFt>
                </position>
                <position>
                    <lat>52.2784</lat>
                    <lon>20.1574</lon>
                    <date>2013-07-11T22:20:28+02:00</date>
                    <speedMph>308</speedMph>
                    <altitudeFt>14880</altitudeFt>
                </position>
                <position>
                    <lat>52.3021</lat>
                    <lon>20.0639</lon>
                    <date>2013-07-11T22:19:48+02:00</date>
                    <speedMph>312</speedMph>
                    <altitudeFt>15880</altitudeFt>
                </position>
                <position>
                    <lat>52.3329</lat>
                    <lon>19.9411</lon>
                    <date>2013-07-11T22:18:48+02:00</date>
                    <speedMph>316</speedMph>
                    <altitudeFt>17150</altitudeFt>
                </position>
                <position>
                    <lat>52.3662</lat>
                    <lon>19.8061</lon>
                    <date>2013-07-11T22:17:48+02:00</date>
                    <speedMph>332</speedMph>
                    <altitudeFt>18630</altitudeFt>
                </position>
                <position>
                    <lat>52.3806</lat>
                    <lon>19.6555</lon>
                    <date>2013-07-11T22:16:48+02:00</date>
                    <speedMph>344</speedMph>
                    <altitudeFt>20530</altitudeFt>
                </position>
                <position>
                    <lat>52.3887</lat>
                    <lon>19.4949</lon>
                    <date>2013-07-11T22:15:48+02:00</date>
                    <speedMph>368</speedMph>
                    <altitudeFt>22200</altitudeFt>
                </position>
                <position>
                    <lat>52.3985</lat>
                    <lon>19.2959</lon>
                    <date>2013-07-11T22:14:48+02:00</date>
                    <speedMph>376</speedMph>
                    <altitudeFt>25000</altitudeFt>
                </position>
                <position>
                    <lat>52.4054</lat>
                    <lon>19.1524</lon>
                    <date>2013-07-11T22:13:48+02:00</date>
                    <speedMph>388</speedMph>
                    <altitudeFt>26800</altitudeFt>
                </position>
                <position>
                    <lat>52.4136</lat>
                    <lon>18.9751</lon>
                    <date>2013-07-11T22:12:48+02:00</date>
                    <speedMph>404</speedMph>
                    <altitudeFt>29000</altitudeFt>
                </position>
                <position>
                    <lat>52.4218</lat>
                    <lon>18.7929</lon>
                    <date>2013-07-11T22:11:48+02:00</date>
                    <speedMph>424</speedMph>
                    <altitudeFt>31280</altitudeFt>
                </position>
                <position>
                    <lat>52.4315</lat>
                    <lon>18.5649</lon>
                    <date>2013-07-11T22:10:44+02:00</date>
                    <speedMph>440</speedMph>
                    <altitudeFt>34100</altitudeFt>
                </position>
                <position>
                    <lat>52.4395</lat>
                    <lon>18.3647</lon>
                    <date>2013-07-11T22:09:44+02:00</date>
                    <speedMph>448</speedMph>
                    <altitudeFt>36600</altitudeFt>
                </position>
                <position>
                    <lat>52.4469</lat>
                    <lon>18.1746</lon>
                    <date>2013-07-11T22:08:44+02:00</date>
                    <speedMph>452</speedMph>
                    <altitudeFt>37000</altitudeFt>
                </position>
                <position>
                    <lat>52.4549</lat>
                    <lon>17.9676</lon>
                    <date>2013-07-11T22:07:44+02:00</date>
                    <speedMph>452</speedMph>
                    <altitudeFt>37000</altitudeFt>
                </position>
                <position>
                    <lat>52.4621</lat>
                    <lon>17.7688</lon>
                    <date>2013-07-11T22:06:44+02:00</date>
                    <speedMph>456</speedMph>
                    <altitudeFt>37000</altitudeFt>
                </position>
                <position>
                    <lat>52.4696</lat>
                    <lon>17.5598</lon>
                    <date>2013-07-11T22:05:44+02:00</date>
                    <speedMph>460</speedMph>
                    <altitudeFt>37000</altitudeFt>
                </position>
                <position>
                    <lat>52.4764</lat>
                    <lon>17.3458</lon>
                    <date>2013-07-11T22:04:44+02:00</date>
                    <speedMph>456</speedMph>
                    <altitudeFt>37000</altitudeFt>
                </position>
                <position>
                    <lat>52.4824</lat>
                    <lon>17.1413</lon>
                    <date>2013-07-11T22:03:44+02:00</date>
                    <speedMph>456</speedMph>
                    <altitudeFt>37000</altitudeFt>
                </position>
                <position>
                    <lat>52.4886</lat>
                    <lon>16.931</lon>
                    <date>2013-07-11T22:02:44+02:00</date>
                    <speedMph>456</speedMph>
                    <altitudeFt>37000</altitudeFt>
                </position>
                <position>
                    <lat>52.4945</lat>
                    <lon>16.7117</lon>
                    <date>2013-07-11T22:01:44+02:00</date>
                    <speedMph>460</speedMph>
                    <altitudeFt>37000</altitudeFt>
                </position>
                <position>
                    <lat>52.5002</lat>
                    <lon>16.5004</lon>
                    <date>2013-07-11T22:00:44+02:00</date>
                    <speedMph>460</speedMph>
                    <altitudeFt>37000</altitudeFt>
                </position>
                <position>
                    <lat>52.5053</lat>
                    <lon>16.2896</lon>
                    <date>2013-07-11T21:59:44+02:00</date>
                    <speedMph>464</speedMph>
                    <altitudeFt>37000</altitudeFt>
                </position>
                <position>
                    <lat>52.5091</lat>
                    <lon>16.1028</lon>
                    <date>2013-07-11T21:58:44+02:00</date>
                    <speedMph>452</speedMph>
                    <altitudeFt>37000</altitudeFt>
                </position>
                <position>
                    <lat>52.5134</lat>
                    <lon>15.8807</lon>
                    <date>2013-07-11T21:57:44+02:00</date>
                    <speedMph>432</speedMph>
                    <altitudeFt>36830</altitudeFt>
                </position>
                <position>
                    <lat>52.517</lat>
                    <lon>15.6886</lon>
                    <date>2013-07-11T21:56:44+02:00</date>
                    <speedMph>436</speedMph>
                    <altitudeFt>35880</altitudeFt>
                </position>
                <position>
                    <lat>52.5205</lat>
                    <lon>15.4894</lon>
                    <date>2013-07-11T21:55:44+02:00</date>
                    <speedMph>440</speedMph>
                    <altitudeFt>34880</altitudeFt>
                </position>
                <position>
                    <lat>52.5239</lat>
                    <lon>15.2906</lon>
                    <date>2013-07-11T21:54:44+02:00</date>
                    <speedMph>432</speedMph>
                    <altitudeFt>34000</altitudeFt>
                </position>
                <position>
                    <lat>52.5263</lat>
                    <lon>15.0936</lon>
                    <date>2013-07-11T21:53:44+02:00</date>
                    <speedMph>432</speedMph>
                    <altitudeFt>32850</altitudeFt>
                </position>
                <position>
                    <lat>52.5283</lat>
                    <lon>14.8991</lon>
                    <date>2013-07-11T21:52:44+02:00</date>
                    <speedMph>424</speedMph>
                    <altitudeFt>31950</altitudeFt>
                </position>
                <position>
                    <lat>52.5301</lat>
                    <lon>14.7235</lon>
                    <date>2013-07-11T21:51:44+02:00</date>
                    <speedMph>416</speedMph>
                    <altitudeFt>30880</altitudeFt>
                </position>
                <position>
                    <lat>52.5318</lat>
                    <lon>14.5383</lon>
                    <date>2013-07-11T21:50:44+02:00</date>
                    <speedMph>408</speedMph>
                    <altitudeFt>29580</altitudeFt>
                </position>
                <position>
                    <lat>52.5333</lat>
                    <lon>14.3536</lon>
                    <date>2013-07-11T21:49:44+02:00</date>
                    <speedMph>396</speedMph>
                    <altitudeFt>28280</altitudeFt>
                </position>
                <position>
                    <lat>52.5343</lat>
                    <lon>14.1785</lon>
                    <date>2013-07-11T21:48:44+02:00</date>
                    <speedMph>388</speedMph>
                    <altitudeFt>26630</altitudeFt>
                </position>
                <position>
                    <lat>52.5352</lat>
                    <lon>13.9991</lon>
                    <date>2013-07-11T21:47:44+02:00</date>
                    <speedMph>376</speedMph>
                    <altitudeFt>24780</altitudeFt>
                </position>
                <position>
                    <lat>52.5356</lat>
                    <lon>13.8031</lon>
                    <date>2013-07-11T21:46:44+02:00</date>
                    <speedMph>364</speedMph>
                    <altitudeFt>22250</altitudeFt>
                </position>
                <position>
                    <lat>52.5354</lat>
                    <lon>13.6697</lon>
                    <date>2013-07-11T21:45:44+02:00</date>
                    <speedMph>352</speedMph>
                    <altitudeFt>20400</altitudeFt>
                </position>
                <position>
                    <lat>52.5202</lat>
                    <lon>13.5025</lon>
                    <date>2013-07-11T21:44:44+02:00</date>
                    <speedMph>340</speedMph>
                    <altitudeFt>17480</altitudeFt>
                </position>
                <position>
                    <lat>52.5034</lat>
                    <lon>13.3533</lon>
                    <date>2013-07-11T21:43:44+02:00</date>
                    <speedMph>324</speedMph>
                    <altitudeFt>14700</altitudeFt>
                </position>
                <position>
                    <lat>52.4963</lat>
                    <lon>13.2918</lon>
                    <date>2013-07-11T21:43:14+02:00</date>
                    <speedMph>320</speedMph>
                    <altitudeFt>13380</altitudeFt>
                </position>
                <position>
                    <lat>52.487</lat>
                    <lon>13.2111</lon>
                    <date>2013-07-11T21:42:44+02:00</date>
                    <speedMph>312</speedMph>
                    <altitudeFt>11580</altitudeFt>
                </position>
                <position>
                    <lat>52.4787</lat>
                    <lon>13.1406</lon>
                    <date>2013-07-11T21:42:14+02:00</date>
                    <speedMph>288</speedMph>
                    <altitudeFt>10530</altitudeFt>
                </position>
                <position>
                    <lat>52.4724</lat>
                    <lon>13.0794</lon>
                    <date>2013-07-11T21:41:44+02:00</date>
                    <speedMph>264</speedMph>
                    <altitudeFt>9550</altitudeFt>
                </position>
                <position>
                    <lat>52.4735</lat>
                    <lon>13.0688</lon>
                    <date>2013-07-11T21:41:34+02:00</date>
                    <speedMph>260</speedMph>
                    <altitudeFt>9400</altitudeFt>
                </position>
                <position>
                    <lat>52.4829</lat>
                    <lon>13.043</lon>
                    <date>2013-07-11T21:41:24+02:00</date>
                    <speedMph>260</speedMph>
                    <altitudeFt>8680</altitudeFt>
                </position>
                <position>
                    <lat>52.488</lat>
                    <lon>13.0364</lon>
                    <date>2013-07-11T21:41:14+02:00</date>
                    <speedMph>252</speedMph>
                    <altitudeFt>8380</altitudeFt>
                </position>
                <position>
                    <lat>52.5026</lat>
                    <lon>13.028</lon>
                    <date>2013-07-11T21:41:04+02:00</date>
                    <speedMph>260</speedMph>
                    <altitudeFt>7700</altitudeFt>
                </position>
                <position>
                    <lat>52.5087</lat>
                    <lon>13.028</lon>
                    <date>2013-07-11T21:40:54+02:00</date>
                    <speedMph>260</speedMph>
                    <altitudeFt>7450</altitudeFt>
                </position>
                <position>
                    <lat>52.5207</lat>
                    <lon>13.0337</lon>
                    <date>2013-07-11T21:40:44+02:00</date>
                    <speedMph>252</speedMph>
                    <altitudeFt>6950</altitudeFt>
                </position>
                <position>
                    <lat>52.5301</lat>
                    <lon>13.0458</lon>
                    <date>2013-07-11T21:40:34+02:00</date>
                    <speedMph>244</speedMph>
                    <altitudeFt>6480</altitudeFt>
                </position>
                <position>
                    <lat>52.538</lat>
                    <lon>13.0683</lon>
                    <date>2013-07-11T21:40:24+02:00</date>
                    <speedMph>232</speedMph>
                    <altitudeFt>5780</altitudeFt>
                </position>
                <position>
                    <lat>52.5398</lat>
                    <lon>13.0861</lon>
                    <date>2013-07-11T21:40:14+02:00</date>
                    <speedMph>232</speedMph>
                    <altitudeFt>5230</altitudeFt>
                </position>
                <position>
                    <lat>52.5407</lat>
                    <lon>13.097</lon>
                    <date>2013-07-11T21:40:04+02:00</date>
                    <speedMph>232</speedMph>
                    <altitudeFt>4880</altitudeFt>
                </position>
                <position>
                    <lat>52.5422</lat>
                    <lon>13.1159</lon>
                    <date>2013-07-11T21:39:59+02:00</date>
                    <speedMph>232</speedMph>
                    <altitudeFt>4300</altitudeFt>
                </position>
                <position>
                    <lat>52.5424</lat>
                    <lon>13.1191</lon>
                    <date>2013-07-11T21:39:49+02:00</date>
                    <speedMph>232</speedMph>
                    <altitudeFt>4200</altitudeFt>
                </position>
                <position>
                    <lat>52.5432</lat>
                    <lon>13.1285</lon>
                    <date>2013-07-11T21:39:44+02:00</date>
                    <speedMph>232</speedMph>
                    <altitudeFt>3900</altitudeFt>
                </position>
                <position>
                    <lat>52.5448</lat>
                    <lon>13.1461</lon>
                    <date>2013-07-11T21:39:39+02:00</date>
                    <speedMph>228</speedMph>
                    <altitudeFt>3350</altitudeFt>
                </position>
                <position>
                    <lat>52.5457</lat>
                    <lon>13.1565</lon>
                    <date>2013-07-11T21:39:29+02:00</date>
                    <speedMph>228</speedMph>
                    <altitudeFt>3080</altitudeFt>
                </position>
                <position>
                    <lat>52.5479</lat>
                    <lon>13.1843</lon>
                    <date>2013-07-11T21:39:19+02:00</date>
                    <speedMph>212</speedMph>
                    <altitudeFt>2400</altitudeFt>
                </position>
                <position>
                    <lat>52.5483</lat>
                    <lon>13.1892</lon>
                    <date>2013-07-11T21:39:09+02:00</date>
                    <speedMph>212</speedMph>
                    <altitudeFt>2330</altitudeFt>
                </position>
                <position>
                    <lat>52.5491</lat>
                    <lon>13.1975</lon>
                    <date>2013-07-11T21:39:04+02:00</date>
                    <speedMph>204</speedMph>
                    <altitudeFt>2230</altitudeFt>
                </position>
                <position>
                    <lat>52.5504</lat>
                    <lon>13.2126</lon>
                    <date>2013-07-11T21:38:59+02:00</date>
                    <speedMph>184</speedMph>
                    <altitudeFt>2130</altitudeFt>
                </position>
                <position>
                    <lat>52.5512</lat>
                    <lon>13.2207</lon>
                    <date>2013-07-11T21:38:49+02:00</date>
                    <speedMph>164</speedMph>
                    <altitudeFt>2080</altitudeFt>
                </position>
                <position>
                    <lat>52.5515</lat>
                    <lon>13.2255</lon>
                    <date>2013-07-11T21:38:44+02:00</date>
                    <speedMph>164</speedMph>
                    <altitudeFt>2030</altitudeFt>
                </position>
                <position>
                    <lat>52.5524</lat>
                    <lon>13.2368</lon>
                    <date>2013-07-11T21:38:39+02:00</date>
                    <speedMph>152</speedMph>
                    <altitudeFt>1800</altitudeFt>
                </position>
                <position>
                    <lat>52.5528</lat>
                    <lon>13.2418</lon>
                    <date>2013-07-11T21:38:34+02:00</date>
                    <speedMph>148</speedMph>
                    <altitudeFt>1650</altitudeFt>
                </position>
                <position>
                    <lat>52.5538</lat>
                    <lon>13.2498</lon>
                    <date>2013-07-11T21:38:29+02:00</date>
                    <speedMph>148</speedMph>
                    <altitudeFt>1430</altitudeFt>
                </position>
                <position>
                    <lat>52.5543</lat>
                    <lon>13.2535</lon>
                    <date>2013-07-11T21:38:19+02:00</date>
                    <speedMph>144</speedMph>
                    <altitudeFt>1300</altitudeFt>
                </position>
                <position>
                    <lat>52.5556</lat>
                    <lon>13.264</lon>
                    <date>2013-07-11T21:38:14+02:00</date>
                    <speedMph>140</speedMph>
                    <altitudeFt>930</altitudeFt>
                </position>
                <position>
                    <lat>52.5562</lat>
                    <lon>13.2705</lon>
                    <date>2013-07-11T21:38:04+02:00</date>
                    <speedMph>140</speedMph>
                    <altitudeFt>700</altitudeFt>
                </position>
                <position>
                    <lat>52.5566</lat>
                    <lon>13.2748</lon>
                    <date>2013-07-11T21:37:59+02:00</date>
                    <speedMph>140</speedMph>
                    <altitudeFt>530</altitudeFt>
                </position>
                <position>
                    <lat>52.5577</lat>
                    <lon>13.2854</lon>
                    <date>2013-07-11T21:37:49+02:00</date>
                    <speedMph>148</speedMph>
                    <altitudeFt>50</altitudeFt>
                </position>
                <position>
                    <lat>52.5583</lat>
                    <lon>13.2914</lon>
                    <date>2013-07-11T21:37:44+02:00</date>
                    <speedMph>132</speedMph>
                    <altitudeFt>0</altitudeFt>
                </position>
                <position>
                    <lat>52.5597</lat>
                    <lon>13.3052</lon>
                    <date>2013-07-11T21:37:29+02:00</date>
                    <speedMph>76</speedMph>
                    <altitudeFt>0</altitudeFt>
                </position>
                <position>
                    <lat>52.56</lat>
                    <lon>13.3086</lon>
                    <date>2013-07-11T21:37:24+02:00</date>
                    <speedMph>36</speedMph>
                    <altitudeFt>0</altitudeFt>
                </position>
                <position>
                    <lat>52.5601</lat>
                    <lon>13.3099</lon>
                    <date>2013-07-11T21:36:59+02:00</date>
                    <speedMph>4</speedMph>
                    <altitudeFt>0</altitudeFt>
                </position>
                <position>
                    <lat>52.5595</lat>
                    <lon>13.3102</lon>
                    <date>2013-07-11T21:36:34+02:00</date>
                    <speedMph>8</speedMph>
                    <altitudeFt>0</altitudeFt>
                </position>
                <position>
                    <lat>52.5593</lat>
                    <lon>13.3101</lon>
                    <date>2013-07-11T21:36:29+02:00</date>
                    <speedMph>8</speedMph>
                    <altitudeFt>0</altitudeFt>
                </position>
                <position>
                    <lat>52.5592</lat>
                    <lon>13.31</lon>
                    <date>2013-07-11T21:36:24+02:00</date>
                    <speedMph>8</speedMph>
                    <altitudeFt>0</altitudeFt>
                </position>
                <position>
                    <lat>52.5589</lat>
                    <lon>13.3096</lon>
                    <date>2013-07-11T21:36:14+02:00</date>
                    <speedMph>8</speedMph>
                    <altitudeFt>0</altitudeFt>
                </position>
                <position>
                    <lat>52.5589</lat>
                    <lon>13.3094</lon>
                    <date>2013-07-11T21:36:09+02:00</date>
                    <speedMph>8</speedMph>
                    <altitudeFt>0</altitudeFt>
                </position>
                <position>
                    <lat>52.5588</lat>
                    <lon>13.3089</lon>
                    <date>2013-07-11T21:36:04+02:00</date>
                    <speedMph>4</speedMph>
                    <altitudeFt>0</altitudeFt>
                </position>
                <position>
                    <lat>52.5588</lat>
                    <lon>13.3087</lon>
                    <date>2013-07-11T21:35:59+02:00</date>
                    <speedMph>4</speedMph>
                    <altitudeFt>0</altitudeFt>
                </position>
                <position>
                    <lat>52.5587</lat>
                    <lon>13.3086</lon>
                    <date>2013-07-11T21:35:49+02:00</date>
                    <speedMph>4</speedMph>
                    <altitudeFt>0</altitudeFt>
                </position>
                <position>
                    <lat>52.5587</lat>
                    <lon>13.3083</lon>
                    <date>2013-07-11T21:35:44+02:00</date>
                    <speedMph>4</speedMph>
                    <altitudeFt>0</altitudeFt>
                </position>
                <position>
                    <lat>52.5586</lat>
                    <lon>13.308</lon>
                    <date>2013-07-11T21:35:34+02:00</date>
                    <speedMph>8</speedMph>
                    <altitudeFt>0</altitudeFt>
                </position>
                <position>
                    <lat>52.5585</lat>
                    <lon>13.3074</lon>
                    <date>2013-07-11T21:35:29+02:00</date>
                    <speedMph>16</speedMph>
                    <altitudeFt>0</altitudeFt>
                </position>
                <position>
                    <lat>52.5584</lat>
                    <lon>13.3071</lon>
                    <date>2013-07-11T21:35:24+02:00</date>
                    <speedMph>16</speedMph>
                    <altitudeFt>0</altitudeFt>
                </position>
                <position>
                    <lat>52.5582</lat>
                    <lon>13.3059</lon>
                    <date>2013-07-11T21:35:14+02:00</date>
                    <speedMph>16</speedMph>
                    <altitudeFt>0</altitudeFt>
                </position>
                <position>
                    <lat>52.5581</lat>
                    <lon>13.3054</lon>
                    <date>2013-07-11T21:35:09+02:00</date>
                    <speedMph>16</speedMph>
                    <altitudeFt>0</altitudeFt>
                </position>
                <position>
                    <lat>52.5579</lat>
                    <lon>13.3045</lon>
                    <date>2013-07-11T21:35:04+02:00</date>
                    <speedMph>12</speedMph>
                    <altitudeFt>0</altitudeFt>
                </position>
                <position>
                    <lat>52.5579</lat>
                    <lon>13.3041</lon>
                    <date>2013-07-11T21:34:59+02:00</date>
                    <speedMph>12</speedMph>
                    <altitudeFt>0</altitudeFt>
                </position>
                <position>
                    <lat>52.5578</lat>
                    <lon>13.3035</lon>
                    <date>2013-07-11T21:34:49+02:00</date>
                    <speedMph>12</speedMph>
                    <altitudeFt>0</altitudeFt>
                </position>
                <position>
                    <lat>52.5577</lat>
                    <lon>13.3025</lon>
                    <date>2013-07-11T21:34:44+02:00</date>
                    <speedMph>12</speedMph>
                    <altitudeFt>0</altitudeFt>
                </position>
                <position>
                    <lat>52.5576</lat>
                    <lon>13.3023</lon>
                    <date>2013-07-11T21:34:34+02:00</date>
                    <speedMph>12</speedMph>
                    <altitudeFt>0</altitudeFt>
                </position>
                <position>
                    <lat>52.5576</lat>
                    <lon>13.3019</lon>
                    <date>2013-07-11T21:34:29+02:00</date>
                    <speedMph>12</speedMph>
                    <altitudeFt>0</altitudeFt>
                </position>
                <position>
                    <lat>52.5575</lat>
                    <lon>13.301</lon>
                    <date>2013-07-11T21:34:24+02:00</date>
                    <speedMph>8</speedMph>
                    <altitudeFt>0</altitudeFt>
                </position>
                <position>
                    <lat>52.5575</lat>
                    <lon>13.3006</lon>
                    <date>2013-07-11T21:34:14+02:00</date>
                    <speedMph>8</speedMph>
                    <altitudeFt>0</altitudeFt>
                </position>
                <position>
                    <lat>52.5574</lat>
                    <lon>13.2998</lon>
                    <date>2013-07-11T21:34:04+02:00</date>
                    <speedMph>8</speedMph>
                    <altitudeFt>0</altitudeFt>
                </position>
                <position>
                    <lat>52.5574</lat>
                    <lon>13.2995</lon>
                    <date>2013-07-11T21:33:59+02:00</date>
                    <speedMph>8</speedMph>
                    <altitudeFt>0</altitudeFt>
                </position>
                <position>
                    <lat>52.5574</lat>
                    <lon>13.2994</lon>
                    <date>2013-07-11T21:33:49+02:00</date>
                    <speedMph>8</speedMph>
                    <altitudeFt>0</altitudeFt>
                </position>
                <position>
                    <lat>52.5573</lat>
                    <lon>13.2991</lon>
                    <date>2013-07-11T21:33:44+02:00</date>
                    <speedMph>4</speedMph>
                    <altitudeFt>0</altitudeFt>
                </position>
                <position>
                    <lat>52.5573</lat>
                    <lon>13.2987</lon>
                    <date>2013-07-11T21:33:34+02:00</date>
                    <speedMph>4</speedMph>
                    <altitudeFt>0</altitudeFt>
                </position>
                <position>
                    <lat>52.5572</lat>
                    <lon>13.2983</lon>
                    <date>2013-07-11T21:33:14+02:00</date>
                    <speedMph>0</speedMph>
                    <altitudeFt>0</altitudeFt>
                </position>
                <position>
                    <lat>52.5572</lat>
                    <lon>13.2982</lon>
                    <date>2013-07-11T21:31:29+02:00</date>
                    <speedMph>4</speedMph>
                    <altitudeFt>0</altitudeFt>
                </position>
                <position>
                    <lat>52.5569</lat>
                    <lon>13.2983</lon>
                    <date>2013-07-11T21:31:09+02:00</date>
                    <speedMph>4</speedMph>
                    <altitudeFt>0</altitudeFt>
                </position>
                <position>
                    <lat>52.5567</lat>
                    <lon>13.2984</lon>
                    <date>2013-07-11T21:30:49+02:00</date>
                    <speedMph>4</speedMph>
                    <altitudeFt>0</altitudeFt>
                </position>
            </positions>
        </flightTrack>
    </flightTracks>
</flightstatslog>
