<?xml version="1.0" encoding="UTF-8" standalone="yes"?>
<flightstatslog>
    <appendix>
        <airports>
            <airport>
                <fs>MUC</fs>
                <latitude>48.353783</latitude>
                <longitude>11.786086</longitude>
                <city>Munich</city>
            </airport>
            <airport>
                <fs>KRK</fs>
                <latitude>50.077731</latitude>
                <longitude>19.784836</longitude>
                <city>Krakow</city>
            </airport>
        </airports>
    </appendix>
    <flightTracks>
        <flightTrack>
            <flightId>3953738</flightId>
            <departureAirportFsCode>MUC</departureAirportFsCode>
            <arrivalAirportFsCode>KRK</arrivalAirportFsCode>
            <positions>
                <position>
                    <lat>50.0734</lat>
                    <lon>19.8034</lon>
                    <date>2013-07-11T22:50:23+02:00</date>
                    <speedMph>0</speedMph>
                    <altitudeFt>0</altitudeFt>
                </position>
                <position>
                    <lat>50.0735</lat>
                    <lon>19.8034</lon>
                    <date>2013-07-11T22:50:03+02:00</date>
                    <speedMph>8</speedMph>
                    <altitudeFt>0</altitudeFt>
                </position>
                <position>
                    <lat>50.0735</lat>
                    <lon>19.8034</lon>
                    <date>2013-07-11T22:49:58+02:00</date>
                    <speedMph>12</speedMph>
                    <altitudeFt>0</altitudeFt>
                </position>
                <position>
                    <lat>50.074</lat>
                    <lon>19.8029</lon>
                    <date>2013-07-11T22:49:33+02:00</date>
                    <speedMph>16</speedMph>
                    <altitudeFt>0</altitudeFt>
                </position>
                <position>
                    <lat>50.074</lat>
                    <lon>19.8028</lon>
                    <date>2013-07-11T22:49:28+02:00</date>
                    <speedMph>24</speedMph>
                    <altitudeFt>0</altitudeFt>
                </position>
                <position>
                    <lat>50.074</lat>
                    <lon>19.8025</lon>
                    <date>2013-07-11T22:49:23+02:00</date>
                    <speedMph>28</speedMph>
                    <altitudeFt>0</altitudeFt>
                </position>
                <position>
                    <lat>50.0739</lat>
                    <lon>19.8019</lon>
                    <date>2013-07-11T22:49:18+02:00</date>
                    <speedMph>24</speedMph>
                    <altitudeFt>0</altitudeFt>
                </position>
                <position>
                    <lat>50.0739</lat>
                    <lon>19.8016</lon>
                    <date>2013-07-11T22:49:13+02:00</date>
                    <speedMph>20</speedMph>
                    <altitudeFt>0</altitudeFt>
                </position>
                <position>
                    <lat>50.0738</lat>
                    <lon>19.8015</lon>
                    <date>2013-07-11T22:49:08+02:00</date>
                    <speedMph>20</speedMph>
                    <altitudeFt>0</altitudeFt>
                </position>
                <position>
                    <lat>50.0738</lat>
                    <lon>19.801</lon>
                    <date>2013-07-11T22:49:03+02:00</date>
                    <speedMph>20</speedMph>
                    <altitudeFt>0</altitudeFt>
                </position>
                <position>
                    <lat>50.0737</lat>
                    <lon>19.8008</lon>
                    <date>2013-07-11T22:48:58+02:00</date>
                    <speedMph>20</speedMph>
                    <altitudeFt>0</altitudeFt>
                </position>
                <position>
                    <lat>50.0737</lat>
                    <lon>19.8006</lon>
                    <date>2013-07-11T22:48:53+02:00</date>
                    <speedMph>20</speedMph>
                    <altitudeFt>0</altitudeFt>
                </position>
                <position>
                    <lat>50.0737</lat>
                    <lon>19.8004</lon>
                    <date>2013-07-11T22:48:48+02:00</date>
                    <speedMph>20</speedMph>
                    <altitudeFt>0</altitudeFt>
                </position>
                <position>
                    <lat>50.0738</lat>
                    <lon>19.7998</lon>
                    <date>2013-07-11T22:48:43+02:00</date>
                    <speedMph>24</speedMph>
                    <altitudeFt>0</altitudeFt>
                </position>
                <position>
                    <lat>50.0739</lat>
                    <lon>19.7998</lon>
                    <date>2013-07-11T22:48:38+02:00</date>
                    <speedMph>24</speedMph>
                    <altitudeFt>0</altitudeFt>
                </position>
                <position>
                    <lat>50.074</lat>
                    <lon>19.7997</lon>
                    <date>2013-07-11T22:48:33+02:00</date>
                    <speedMph>24</speedMph>
                    <altitudeFt>0</altitudeFt>
                </position>
                <position>
                    <lat>50.0742</lat>
                    <lon>19.7996</lon>
                    <date>2013-07-11T22:48:28+02:00</date>
                    <speedMph>28</speedMph>
                    <altitudeFt>0</altitudeFt>
                </position>
                <position>
                    <lat>50.0747</lat>
                    <lon>19.7995</lon>
                    <date>2013-07-11T22:48:23+02:00</date>
                    <speedMph>32</speedMph>
                    <altitudeFt>0</altitudeFt>
                </position>
                <position>
                    <lat>50.0749</lat>
                    <lon>19.7994</lon>
                    <date>2013-07-11T22:48:18+02:00</date>
                    <speedMph>32</speedMph>
                    <altitudeFt>0</altitudeFt>
                </position>
                <position>
                    <lat>50.0751</lat>
                    <lon>19.7993</lon>
                    <date>2013-07-11T22:48:13+02:00</date>
                    <speedMph>32</speedMph>
                    <altitudeFt>0</altitudeFt>
                </position>
                <position>
                    <lat>50.0754</lat>
                    <lon>19.7992</lon>
                    <date>2013-07-11T22:48:08+02:00</date>
                    <speedMph>32</speedMph>
                    <altitudeFt>0</altitudeFt>
                </position>
                <position>
                    <lat>50.0757</lat>
                    <lon>19.7988</lon>
                    <date>2013-07-11T22:48:03+02:00</date>
                    <speedMph>24</speedMph>
                    <altitudeFt>0</altitudeFt>
                </position>
                <position>
                    <lat>50.0759</lat>
                    <lon>19.7986</lon>
                    <date>2013-07-11T22:47:58+02:00</date>
                    <speedMph>32</speedMph>
                    <altitudeFt>0</altitudeFt>
                </position>
                <position>
                    <lat>50.076</lat>
                    <lon>19.7983</lon>
                    <date>2013-07-11T22:47:53+02:00</date>
                    <speedMph>16</speedMph>
                    <altitudeFt>0</altitudeFt>
                </position>
                <position>
                    <lat>50.0761</lat>
                    <lon>19.7979</lon>
                    <date>2013-07-11T22:47:48+02:00</date>
                    <speedMph>32</speedMph>
                    <altitudeFt>0</altitudeFt>
                </position>
                <position>
                    <lat>50.0768</lat>
                    <lon>19.7964</lon>
                    <date>2013-07-11T22:47:33+02:00</date>
                    <speedMph>12</speedMph>
                    <altitudeFt>0</altitudeFt>
                </position>
                <position>
                    <lat>50.0768</lat>
                    <lon>19.7964</lon>
                    <date>2013-07-11T22:47:28+02:00</date>
                    <speedMph>12</speedMph>
                    <altitudeFt>0</altitudeFt>
                </position>
                <position>
                    <lat>50.0768</lat>
                    <lon>19.7963</lon>
                    <date>2013-07-11T22:47:18+02:00</date>
                    <speedMph>20</speedMph>
                    <altitudeFt>0</altitudeFt>
                </position>
                <position>
                    <lat>50.0764</lat>
                    <lon>19.7936</lon>
                    <date>2013-07-11T22:47:08+02:00</date>
                    <speedMph>28</speedMph>
                    <altitudeFt>0</altitudeFt>
                </position>
                <position>
                    <lat>50.0762</lat>
                    <lon>19.7922</lon>
                    <date>2013-07-11T22:46:58+02:00</date>
                    <speedMph>28</speedMph>
                    <altitudeFt>0</altitudeFt>
                </position>
                <position>
                    <lat>50.0759</lat>
                    <lon>19.7897</lon>
                    <date>2013-07-11T22:46:43+02:00</date>
                    <speedMph>28</speedMph>
                    <altitudeFt>0</altitudeFt>
                </position>
                <position>
                    <lat>50.0757</lat>
                    <lon>19.7883</lon>
                    <date>2013-07-11T22:46:38+02:00</date>
                    <speedMph>28</speedMph>
                    <altitudeFt>0</altitudeFt>
                </position>
                <position>
                    <lat>50.0755</lat>
                    <lon>19.7869</lon>
                    <date>2013-07-11T22:46:28+02:00</date>
                    <speedMph>28</speedMph>
                    <altitudeFt>0</altitudeFt>
                </position>
                <position>
                    <lat>50.0753</lat>
                    <lon>19.7858</lon>
                    <date>2013-07-11T22:46:23+02:00</date>
                    <speedMph>28</speedMph>
                    <altitudeFt>0</altitudeFt>
                </position>
                <position>
                    <lat>50.0751</lat>
                    <lon>19.7844</lon>
                    <date>2013-07-11T22:46:18+02:00</date>
                    <speedMph>32</speedMph>
                    <altitudeFt>0</altitudeFt>
                </position>
                <position>
                    <lat>50.075</lat>
                    <lon>19.7835</lon>
                    <date>2013-07-11T22:46:13+02:00</date>
                    <speedMph>32</speedMph>
                    <altitudeFt>0</altitudeFt>
                </position>
                <position>
                    <lat>50.0748</lat>
                    <lon>19.7819</lon>
                    <date>2013-07-11T22:46:08+02:00</date>
                    <speedMph>32</speedMph>
                    <altitudeFt>0</altitudeFt>
                </position>
                <position>
                    <lat>50.0747</lat>
                    <lon>19.7815</lon>
                    <date>2013-07-11T22:46:03+02:00</date>
                    <speedMph>32</speedMph>
                    <altitudeFt>0</altitudeFt>
                </position>
                <position>
                    <lat>50.0745</lat>
                    <lon>19.7797</lon>
                    <date>2013-07-11T22:45:58+02:00</date>
                    <speedMph>32</speedMph>
                    <altitudeFt>0</altitudeFt>
                </position>
                <position>
                    <lat>50.0743</lat>
                    <lon>19.7785</lon>
                    <date>2013-07-11T22:45:53+02:00</date>
                    <speedMph>32</speedMph>
                    <altitudeFt>0</altitudeFt>
                </position>
                <position>
                    <lat>50.0742</lat>
                    <lon>19.7775</lon>
                    <date>2013-07-11T22:45:48+02:00</date>
                    <speedMph>32</speedMph>
                    <altitudeFt>0</altitudeFt>
                </position>
                <position>
                    <lat>50.074</lat>
                    <lon>19.7759</lon>
                    <date>2013-07-11T22:45:38+02:00</date>
                    <speedMph>28</speedMph>
                    <altitudeFt>0</altitudeFt>
                </position>
                <position>
                    <lat>50.0738</lat>
                    <lon>19.775</lon>
                    <date>2013-07-11T22:45:33+02:00</date>
                    <speedMph>28</speedMph>
                    <altitudeFt>0</altitudeFt>
                </position>
                <position>
                    <lat>50.0735</lat>
                    <lon>19.7728</lon>
                    <date>2013-07-11T22:45:23+02:00</date>
                    <speedMph>24</speedMph>
                    <altitudeFt>0</altitudeFt>
                </position>
                <position>
                    <lat>50.0734</lat>
                    <lon>19.7722</lon>
                    <date>2013-07-11T22:45:18+02:00</date>
                    <speedMph>20</speedMph>
                    <altitudeFt>0</altitudeFt>
                </position>
                <position>
                    <lat>50.0731</lat>
                    <lon>19.7695</lon>
                    <date>2013-07-11T22:44:53+02:00</date>
                    <speedMph>28</speedMph>
                    <altitudeFt>0</altitudeFt>
                </position>
                <position>
                    <lat>50.0734</lat>
                    <lon>19.769</lon>
                    <date>2013-07-11T22:44:48+02:00</date>
                    <speedMph>28</speedMph>
                    <altitudeFt>0</altitudeFt>
                </position>
                <position>
                    <lat>50.0748</lat>
                    <lon>19.7685</lon>
                    <date>2013-07-11T22:44:28+02:00</date>
                    <speedMph>16</speedMph>
                    <altitudeFt>0</altitudeFt>
                </position>
                <position>
                    <lat>50.0751</lat>
                    <lon>19.7685</lon>
                    <date>2013-07-11T22:44:23+02:00</date>
                    <speedMph>32</speedMph>
                    <altitudeFt>0</altitudeFt>
                </position>
                <position>
                    <lat>50.0752</lat>
                    <lon>19.7686</lon>
                    <date>2013-07-11T22:44:18+02:00</date>
                    <speedMph>32</speedMph>
                    <altitudeFt>0</altitudeFt>
                </position>
                <position>
                    <lat>50.0755</lat>
                    <lon>19.7691</lon>
                    <date>2013-07-11T22:44:13+02:00</date>
                    <speedMph>32</speedMph>
                    <altitudeFt>0</altitudeFt>
                </position>
                <position>
                    <lat>50.0756</lat>
                    <lon>19.7698</lon>
                    <date>2013-07-11T22:44:08+02:00</date>
                    <speedMph>24</speedMph>
                    <altitudeFt>0</altitudeFt>
                </position>
                <position>
                    <lat>50.0757</lat>
                    <lon>19.7705</lon>
                    <date>2013-07-11T22:44:03+02:00</date>
                    <speedMph>28</speedMph>
                    <altitudeFt>0</altitudeFt>
                </position>
                <position>
                    <lat>50.0758</lat>
                    <lon>19.7713</lon>
                    <date>2013-07-11T22:43:58+02:00</date>
                    <speedMph>28</speedMph>
                    <altitudeFt>0</altitudeFt>
                </position>
                <position>
                    <lat>50.0759</lat>
                    <lon>19.7721</lon>
                    <date>2013-07-11T22:43:53+02:00</date>
                    <speedMph>32</speedMph>
                    <altitudeFt>0</altitudeFt>
                </position>
                <position>
                    <lat>50.0762</lat>
                    <lon>19.7742</lon>
                    <date>2013-07-11T22:43:48+02:00</date>
                    <speedMph>48</speedMph>
                    <altitudeFt>730</altitudeFt>
                </position>
                <position>
                    <lat>50.0765</lat>
                    <lon>19.776</lon>
                    <date>2013-07-11T22:43:43+02:00</date>
                    <speedMph>56</speedMph>
                    <altitudeFt>730</altitudeFt>
                </position>
                <position>
                    <lat>50.0768</lat>
                    <lon>19.7778</lon>
                    <date>2013-07-11T22:43:38+02:00</date>
                    <speedMph>60</speedMph>
                    <altitudeFt>730</altitudeFt>
                </position>
                <position>
                    <lat>50.0771</lat>
                    <lon>19.7808</lon>
                    <date>2013-07-11T22:43:33+02:00</date>
                    <speedMph>64</speedMph>
                    <altitudeFt>730</altitudeFt>
                </position>
                <position>
                    <lat>50.0774</lat>
                    <lon>19.7824</lon>
                    <date>2013-07-11T22:43:28+02:00</date>
                    <speedMph>68</speedMph>
                    <altitudeFt>730</altitudeFt>
                </position>
                <position>
                    <lat>50.0776</lat>
                    <lon>19.7842</lon>
                    <date>2013-07-11T22:43:23+02:00</date>
                    <speedMph>72</speedMph>
                    <altitudeFt>730</altitudeFt>
                </position>
                <position>
                    <lat>50.0783</lat>
                    <lon>19.7891</lon>
                    <date>2013-07-11T22:43:18+02:00</date>
                    <speedMph>112</speedMph>
                    <altitudeFt>730</altitudeFt>
                </position>
                <position>
                    <lat>50.0788</lat>
                    <lon>19.7923</lon>
                    <date>2013-07-11T22:43:13+02:00</date>
                    <speedMph>116</speedMph>
                    <altitudeFt>730</altitudeFt>
                </position>
                <position>
                    <lat>50.0793</lat>
                    <lon>19.7958</lon>
                    <date>2013-07-11T22:43:08+02:00</date>
                    <speedMph>120</speedMph>
                    <altitudeFt>750</altitudeFt>
                </position>
                <position>
                    <lat>50.0797</lat>
                    <lon>19.7992</lon>
                    <date>2013-07-11T22:43:03+02:00</date>
                    <speedMph>120</speedMph>
                    <altitudeFt>780</altitudeFt>
                </position>
                <position>
                    <lat>50.0802</lat>
                    <lon>19.8025</lon>
                    <date>2013-07-11T22:42:58+02:00</date>
                    <speedMph>116</speedMph>
                    <altitudeFt>830</altitudeFt>
                </position>
                <position>
                    <lat>50.0819</lat>
                    <lon>19.8145</lon>
                    <date>2013-07-11T22:42:48+02:00</date>
                    <speedMph>120</speedMph>
                    <altitudeFt>950</altitudeFt>
                </position>
                <position>
                    <lat>50.0823</lat>
                    <lon>19.8178</lon>
                    <date>2013-07-11T22:42:43+02:00</date>
                    <speedMph>120</speedMph>
                    <altitudeFt>1000</altitudeFt>
                </position>
                <position>
                    <lat>50.0826</lat>
                    <lon>19.8202</lon>
                    <date>2013-07-11T22:42:38+02:00</date>
                    <speedMph>120</speedMph>
                    <altitudeFt>1050</altitudeFt>
                </position>
                <position>
                    <lat>50.0838</lat>
                    <lon>19.8288</lon>
                    <date>2013-07-11T22:42:28+02:00</date>
                    <speedMph>120</speedMph>
                    <altitudeFt>1150</altitudeFt>
                </position>
                <position>
                    <lat>50.0845</lat>
                    <lon>19.8339</lon>
                    <date>2013-07-11T22:42:23+02:00</date>
                    <speedMph>120</speedMph>
                    <altitudeFt>1200</altitudeFt>
                </position>
                <position>
                    <lat>50.0851</lat>
                    <lon>19.8379</lon>
                    <date>2013-07-11T22:42:18+02:00</date>
                    <speedMph>124</speedMph>
                    <altitudeFt>1280</altitudeFt>
                </position>
                <position>
                    <lat>50.0856</lat>
                    <lon>19.8413</lon>
                    <date>2013-07-11T22:42:13+02:00</date>
                    <speedMph>124</speedMph>
                    <altitudeFt>1300</altitudeFt>
                </position>
                <position>
                    <lat>50.0866</lat>
                    <lon>19.8481</lon>
                    <date>2013-07-11T22:42:08+02:00</date>
                    <speedMph>120</speedMph>
                    <altitudeFt>1380</altitudeFt>
                </position>
                <position>
                    <lat>50.0869</lat>
                    <lon>19.851</lon>
                    <date>2013-07-11T22:42:03+02:00</date>
                    <speedMph>120</speedMph>
                    <altitudeFt>1430</altitudeFt>
                </position>
                <position>
                    <lat>50.0874</lat>
                    <lon>19.8544</lon>
                    <date>2013-07-11T22:41:58+02:00</date>
                    <speedMph>116</speedMph>
                    <altitudeFt>1450</altitudeFt>
                </position>
                <position>
                    <lat>50.0879</lat>
                    <lon>19.8576</lon>
                    <date>2013-07-11T22:41:53+02:00</date>
                    <speedMph>116</speedMph>
                    <altitudeFt>1500</altitudeFt>
                </position>
                <position>
                    <lat>50.0888</lat>
                    <lon>19.8646</lon>
                    <date>2013-07-11T22:41:48+02:00</date>
                    <speedMph>116</speedMph>
                    <altitudeFt>1600</altitudeFt>
                </position>
                <position>
                    <lat>50.0892</lat>
                    <lon>19.8678</lon>
                    <date>2013-07-11T22:41:43+02:00</date>
                    <speedMph>116</speedMph>
                    <altitudeFt>1630</altitudeFt>
                </position>
                <position>
                    <lat>50.0897</lat>
                    <lon>19.8711</lon>
                    <date>2013-07-11T22:41:38+02:00</date>
                    <speedMph>116</speedMph>
                    <altitudeFt>1680</altitudeFt>
                </position>
                <position>
                    <lat>50.0902</lat>
                    <lon>19.8751</lon>
                    <date>2013-07-11T22:41:33+02:00</date>
                    <speedMph>116</speedMph>
                    <altitudeFt>1730</altitudeFt>
                </position>
                <position>
                    <lat>50.0907</lat>
                    <lon>19.878</lon>
                    <date>2013-07-11T22:41:28+02:00</date>
                    <speedMph>116</speedMph>
                    <altitudeFt>1750</altitudeFt>
                </position>
                <position>
                    <lat>50.0918</lat>
                    <lon>19.8868</lon>
                    <date>2013-07-11T22:41:23+02:00</date>
                    <speedMph>116</speedMph>
                    <altitudeFt>1880</altitudeFt>
                </position>
                <position>
                    <lat>50.0923</lat>
                    <lon>19.8903</lon>
                    <date>2013-07-11T22:41:18+02:00</date>
                    <speedMph>124</speedMph>
                    <altitudeFt>1930</altitudeFt>
                </position>
                <position>
                    <lat>50.0925</lat>
                    <lon>19.892</lon>
                    <date>2013-07-11T22:41:13+02:00</date>
                    <speedMph>124</speedMph>
                    <altitudeFt>1950</altitudeFt>
                </position>
                <position>
                    <lat>50.0931</lat>
                    <lon>19.8961</lon>
                    <date>2013-07-11T22:41:08+02:00</date>
                    <speedMph>128</speedMph>
                    <altitudeFt>2000</altitudeFt>
                </position>
                <position>
                    <lat>50.0941</lat>
                    <lon>19.9038</lon>
                    <date>2013-07-11T22:41:03+02:00</date>
                    <speedMph>132</speedMph>
                    <altitudeFt>2130</altitudeFt>
                </position>
                <position>
                    <lat>50.0945</lat>
                    <lon>19.9067</lon>
                    <date>2013-07-11T22:40:58+02:00</date>
                    <speedMph>136</speedMph>
                    <altitudeFt>2150</altitudeFt>
                </position>
                <position>
                    <lat>50.0951</lat>
                    <lon>19.911</lon>
                    <date>2013-07-11T22:40:53+02:00</date>
                    <speedMph>140</speedMph>
                    <altitudeFt>2230</altitudeFt>
                </position>
                <position>
                    <lat>50.0961</lat>
                    <lon>19.918</lon>
                    <date>2013-07-11T22:40:43+02:00</date>
                    <speedMph>148</speedMph>
                    <altitudeFt>2300</altitudeFt>
                </position>
                <position>
                    <lat>50.0973</lat>
                    <lon>19.9274</lon>
                    <date>2013-07-11T22:40:38+02:00</date>
                    <speedMph>156</speedMph>
                    <altitudeFt>2430</altitudeFt>
                </position>
                <position>
                    <lat>50.0977</lat>
                    <lon>19.93</lon>
                    <date>2013-07-11T22:40:33+02:00</date>
                    <speedMph>156</speedMph>
                    <altitudeFt>2450</altitudeFt>
                </position>
                <position>
                    <lat>50.0984</lat>
                    <lon>19.9356</lon>
                    <date>2013-07-11T22:40:28+02:00</date>
                    <speedMph>156</speedMph>
                    <altitudeFt>2530</altitudeFt>
                </position>
                <position>
                    <lat>50.0988</lat>
                    <lon>19.939</lon>
                    <date>2013-07-11T22:40:23+02:00</date>
                    <speedMph>156</speedMph>
                    <altitudeFt>2580</altitudeFt>
                </position>
                <position>
                    <lat>50.1001</lat>
                    <lon>19.9478</lon>
                    <date>2013-07-11T22:40:18+02:00</date>
                    <speedMph>160</speedMph>
                    <altitudeFt>2680</altitudeFt>
                </position>
                <position>
                    <lat>50.1007</lat>
                    <lon>19.9523</lon>
                    <date>2013-07-11T22:40:13+02:00</date>
                    <speedMph>160</speedMph>
                    <altitudeFt>2750</altitudeFt>
                </position>
                <position>
                    <lat>50.1014</lat>
                    <lon>19.9579</lon>
                    <date>2013-07-11T22:40:08+02:00</date>
                    <speedMph>156</speedMph>
                    <altitudeFt>2800</altitudeFt>
                </position>
                <position>
                    <lat>50.1026</lat>
                    <lon>19.9661</lon>
                    <date>2013-07-11T22:40:03+02:00</date>
                    <speedMph>156</speedMph>
                    <altitudeFt>2900</altitudeFt>
                </position>
                <position>
                    <lat>50.1031</lat>
                    <lon>19.9699</lon>
                    <date>2013-07-11T22:39:58+02:00</date>
                    <speedMph>152</speedMph>
                    <altitudeFt>2950</altitudeFt>
                </position>
                <position>
                    <lat>50.1038</lat>
                    <lon>19.9746</lon>
                    <date>2013-07-11T22:39:53+02:00</date>
                    <speedMph>152</speedMph>
                    <altitudeFt>3000</altitudeFt>
                </position>
                <position>
                    <lat>50.1047</lat>
                    <lon>19.9812</lon>
                    <date>2013-07-11T22:39:48+02:00</date>
                    <speedMph>152</speedMph>
                    <altitudeFt>3000</altitudeFt>
                </position>
                <position>
                    <lat>50.1049</lat>
                    <lon>19.9828</lon>
                    <date>2013-07-11T22:39:43+02:00</date>
                    <speedMph>152</speedMph>
                    <altitudeFt>3000</altitudeFt>
                </position>
                <position>
                    <lat>50.1061</lat>
                    <lon>19.9913</lon>
                    <date>2013-07-11T22:39:38+02:00</date>
                    <speedMph>152</speedMph>
                    <altitudeFt>3000</altitudeFt>
                </position>
                <position>
                    <lat>50.1071</lat>
                    <lon>19.998</lon>
                    <date>2013-07-11T22:39:33+02:00</date>
                    <speedMph>152</speedMph>
                    <altitudeFt>3030</altitudeFt>
                </position>
                <position>
                    <lat>50.1075</lat>
                    <lon>20.0006</lon>
                    <date>2013-07-11T22:39:28+02:00</date>
                    <speedMph>152</speedMph>
                    <altitudeFt>3030</altitudeFt>
                </position>
                <position>
                    <lat>50.1089</lat>
                    <lon>20.0109</lon>
                    <date>2013-07-11T22:39:23+02:00</date>
                    <speedMph>156</speedMph>
                    <altitudeFt>3030</altitudeFt>
                </position>
                <position>
                    <lat>50.1092</lat>
                    <lon>20.0132</lon>
                    <date>2013-07-11T22:39:18+02:00</date>
                    <speedMph>156</speedMph>
                    <altitudeFt>3030</altitudeFt>
                </position>
                <position>
                    <lat>50.1099</lat>
                    <lon>20.0181</lon>
                    <date>2013-07-11T22:39:13+02:00</date>
                    <speedMph>160</speedMph>
                    <altitudeFt>3030</altitudeFt>
                </position>
                <position>
                    <lat>50.1104</lat>
                    <lon>20.0219</lon>
                    <date>2013-07-11T22:39:08+02:00</date>
                    <speedMph>160</speedMph>
                    <altitudeFt>3030</altitudeFt>
                </position>
                <position>
                    <lat>50.1111</lat>
                    <lon>20.0269</lon>
                    <date>2013-07-11T22:39:03+02:00</date>
                    <speedMph>160</speedMph>
                    <altitudeFt>3050</altitudeFt>
                </position>
                <position>
                    <lat>50.1123</lat>
                    <lon>20.0357</lon>
                    <date>2013-07-11T22:38:58+02:00</date>
                    <speedMph>160</speedMph>
                    <altitudeFt>3050</altitudeFt>
                </position>
                <position>
                    <lat>50.1129</lat>
                    <lon>20.04</lon>
                    <date>2013-07-11T22:38:53+02:00</date>
                    <speedMph>164</speedMph>
                    <altitudeFt>3080</altitudeFt>
                </position>
                <position>
                    <lat>50.1138</lat>
                    <lon>20.047</lon>
                    <date>2013-07-11T22:38:48+02:00</date>
                    <speedMph>168</speedMph>
                    <altitudeFt>3080</altitudeFt>
                </position>
                <position>
                    <lat>50.1142</lat>
                    <lon>20.0495</lon>
                    <date>2013-07-11T22:38:43+02:00</date>
                    <speedMph>172</speedMph>
                    <altitudeFt>3080</altitudeFt>
                </position>
                <position>
                    <lat>50.1156</lat>
                    <lon>20.0596</lon>
                    <date>2013-07-11T22:38:38+02:00</date>
                    <speedMph>176</speedMph>
                    <altitudeFt>3050</altitudeFt>
                </position>
                <position>
                    <lat>50.1162</lat>
                    <lon>20.0644</lon>
                    <date>2013-07-11T22:38:33+02:00</date>
                    <speedMph>176</speedMph>
                    <altitudeFt>3080</altitudeFt>
                </position>
                <position>
                    <lat>50.1169</lat>
                    <lon>20.0699</lon>
                    <date>2013-07-11T22:38:28+02:00</date>
                    <speedMph>176</speedMph>
                    <altitudeFt>3130</altitudeFt>
                </position>
                <position>
                    <lat>50.1182</lat>
                    <lon>20.0794</lon>
                    <date>2013-07-11T22:38:23+02:00</date>
                    <speedMph>176</speedMph>
                    <altitudeFt>3200</altitudeFt>
                </position>
                <position>
                    <lat>50.119</lat>
                    <lon>20.0852</lon>
                    <date>2013-07-11T22:38:18+02:00</date>
                    <speedMph>176</speedMph>
                    <altitudeFt>3230</altitudeFt>
                </position>
                <position>
                    <lat>50.1197</lat>
                    <lon>20.0898</lon>
                    <date>2013-07-11T22:38:13+02:00</date>
                    <speedMph>176</speedMph>
                    <altitudeFt>3280</altitudeFt>
                </position>
                <position>
                    <lat>50.1203</lat>
                    <lon>20.0943</lon>
                    <date>2013-07-11T22:38:08+02:00</date>
                    <speedMph>180</speedMph>
                    <altitudeFt>3300</altitudeFt>
                </position>
                <position>
                    <lat>50.1216</lat>
                    <lon>20.1044</lon>
                    <date>2013-07-11T22:38:03+02:00</date>
                    <speedMph>184</speedMph>
                    <altitudeFt>3380</altitudeFt>
                </position>
                <position>
                    <lat>50.1223</lat>
                    <lon>20.1098</lon>
                    <date>2013-07-11T22:37:58+02:00</date>
                    <speedMph>184</speedMph>
                    <altitudeFt>3400</altitudeFt>
                </position>
                <position>
                    <lat>50.123</lat>
                    <lon>20.115</lon>
                    <date>2013-07-11T22:37:53+02:00</date>
                    <speedMph>192</speedMph>
                    <altitudeFt>3400</altitudeFt>
                </position>
                <position>
                    <lat>50.1241</lat>
                    <lon>20.1237</lon>
                    <date>2013-07-11T22:37:48+02:00</date>
                    <speedMph>196</speedMph>
                    <altitudeFt>3430</altitudeFt>
                </position>
                <position>
                    <lat>50.1248</lat>
                    <lon>20.1284</lon>
                    <date>2013-07-11T22:37:43+02:00</date>
                    <speedMph>200</speedMph>
                    <altitudeFt>3480</altitudeFt>
                </position>
                <position>
                    <lat>50.1263</lat>
                    <lon>20.1396</lon>
                    <date>2013-07-11T22:37:38+02:00</date>
                    <speedMph>204</speedMph>
                    <altitudeFt>3580</altitudeFt>
                </position>
                <position>
                    <lat>50.1273</lat>
                    <lon>20.1463</lon>
                    <date>2013-07-11T22:37:33+02:00</date>
                    <speedMph>204</speedMph>
                    <altitudeFt>3630</altitudeFt>
                </position>
                <position>
                    <lat>50.128</lat>
                    <lon>20.1512</lon>
                    <date>2013-07-11T22:37:28+02:00</date>
                    <speedMph>204</speedMph>
                    <altitudeFt>3680</altitudeFt>
                </position>
                <position>
                    <lat>50.131</lat>
                    <lon>20.1822</lon>
                    <date>2013-07-11T22:37:08+02:00</date>
                    <speedMph>204</speedMph>
                    <altitudeFt>3950</altitudeFt>
                </position>
                <position>
                    <lat>50.1309</lat>
                    <lon>20.1846</lon>
                    <date>2013-07-11T22:37:03+02:00</date>
                    <speedMph>204</speedMph>
                    <altitudeFt>3980</altitudeFt>
                </position>
                <position>
                    <lat>50.1293</lat>
                    <lon>20.1969</lon>
                    <date>2013-07-11T22:36:58+02:00</date>
                    <speedMph>204</speedMph>
                    <altitudeFt>4080</altitudeFt>
                </position>
                <position>
                    <lat>50.1281</lat>
                    <lon>20.2012</lon>
                    <date>2013-07-11T22:36:53+02:00</date>
                    <speedMph>204</speedMph>
                    <altitudeFt>4130</altitudeFt>
                </position>
                <position>
                    <lat>50.1257</lat>
                    <lon>20.2069</lon>
                    <date>2013-07-11T22:36:48+02:00</date>
                    <speedMph>204</speedMph>
                    <altitudeFt>4200</altitudeFt>
                </position>
                <position>
                    <lat>50.1238</lat>
                    <lon>20.2109</lon>
                    <date>2013-07-11T22:36:43+02:00</date>
                    <speedMph>204</speedMph>
                    <altitudeFt>4250</altitudeFt>
                </position>
                <position>
                    <lat>50.1191</lat>
                    <lon>20.2206</lon>
                    <date>2013-07-11T22:36:38+02:00</date>
                    <speedMph>204</speedMph>
                    <altitudeFt>4380</altitudeFt>
                </position>
                <position>
                    <lat>50.1167</lat>
                    <lon>20.2255</lon>
                    <date>2013-07-11T22:36:33+02:00</date>
                    <speedMph>204</speedMph>
                    <altitudeFt>4450</altitudeFt>
                </position>
                <position>
                    <lat>50.1147</lat>
                    <lon>20.2297</lon>
                    <date>2013-07-11T22:36:28+02:00</date>
                    <speedMph>204</speedMph>
                    <altitudeFt>4500</altitudeFt>
                </position>
                <position>
                    <lat>50.1121</lat>
                    <lon>20.2348</lon>
                    <date>2013-07-11T22:36:23+02:00</date>
                    <speedMph>204</speedMph>
                    <altitudeFt>4580</altitudeFt>
                </position>
                <position>
                    <lat>50.1072</lat>
                    <lon>20.2439</lon>
                    <date>2013-07-11T22:36:18+02:00</date>
                    <speedMph>208</speedMph>
                    <altitudeFt>4680</altitudeFt>
                </position>
                <position>
                    <lat>50.104</lat>
                    <lon>20.2487</lon>
                    <date>2013-07-11T22:36:13+02:00</date>
                    <speedMph>212</speedMph>
                    <altitudeFt>4750</altitudeFt>
                </position>
                <position>
                    <lat>50.0851</lat>
                    <lon>20.258</lon>
                    <date>2013-07-11T22:35:53+02:00</date>
                    <speedMph>232</speedMph>
                    <altitudeFt>4850</altitudeFt>
                </position>
                <position>
                    <lat>50.082</lat>
                    <lon>20.2577</lon>
                    <date>2013-07-11T22:35:48+02:00</date>
                    <speedMph>236</speedMph>
                    <altitudeFt>4850</altitudeFt>
                </position>
                <position>
                    <lat>50.0795</lat>
                    <lon>20.2571</lon>
                    <date>2013-07-11T22:35:43+02:00</date>
                    <speedMph>240</speedMph>
                    <altitudeFt>4850</altitudeFt>
                </position>
                <position>
                    <lat>50.075</lat>
                    <lon>20.2551</lon>
                    <date>2013-07-11T22:35:38+02:00</date>
                    <speedMph>252</speedMph>
                    <altitudeFt>4850</altitudeFt>
                </position>
                <position>
                    <lat>50.0667</lat>
                    <lon>20.2477</lon>
                    <date>2013-07-11T22:35:33+02:00</date>
                    <speedMph>264</speedMph>
                    <altitudeFt>4900</altitudeFt>
                </position>
                <position>
                    <lat>50.0627</lat>
                    <lon>20.2418</lon>
                    <date>2013-07-11T22:35:28+02:00</date>
                    <speedMph>272</speedMph>
                    <altitudeFt>4950</altitudeFt>
                </position>
                <position>
                    <lat>50.0551</lat>
                    <lon>20.221</lon>
                    <date>2013-07-11T22:35:18+02:00</date>
                    <speedMph>284</speedMph>
                    <altitudeFt>5330</altitudeFt>
                </position>
                <position>
                    <lat>50.0525</lat>
                    <lon>20.2054</lon>
                    <date>2013-07-11T22:35:08+02:00</date>
                    <speedMph>284</speedMph>
                    <altitudeFt>5650</altitudeFt>
                </position>
                <position>
                    <lat>50.0501</lat>
                    <lon>20.1906</lon>
                    <date>2013-07-11T22:34:58+02:00</date>
                    <speedMph>284</speedMph>
                    <altitudeFt>5980</altitudeFt>
                </position>
                <position>
                    <lat>50.0456</lat>
                    <lon>20.1632</lon>
                    <date>2013-07-11T22:34:48+02:00</date>
                    <speedMph>284</speedMph>
                    <altitudeFt>6600</altitudeFt>
                </position>
                <position>
                    <lat>50.0431</lat>
                    <lon>20.149</lon>
                    <date>2013-07-11T22:34:38+02:00</date>
                    <speedMph>280</speedMph>
                    <altitudeFt>6950</altitudeFt>
                </position>
                <position>
                    <lat>50.0394</lat>
                    <lon>20.1279</lon>
                    <date>2013-07-11T22:34:28+02:00</date>
                    <speedMph>280</speedMph>
                    <altitudeFt>7380</altitudeFt>
                </position>
                <position>
                    <lat>50.0352</lat>
                    <lon>20.1044</lon>
                    <date>2013-07-11T22:34:18+02:00</date>
                    <speedMph>284</speedMph>
                    <altitudeFt>7830</altitudeFt>
                </position>
                <position>
                    <lat>50.0325</lat>
                    <lon>20.0889</lon>
                    <date>2013-07-11T22:34:08+02:00</date>
                    <speedMph>284</speedMph>
                    <altitudeFt>8100</altitudeFt>
                </position>
                <position>
                    <lat>50.0282</lat>
                    <lon>20.065</lon>
                    <date>2013-07-11T22:33:58+02:00</date>
                    <speedMph>284</speedMph>
                    <altitudeFt>8500</altitudeFt>
                </position>
                <position>
                    <lat>50.0249</lat>
                    <lon>20.046</lon>
                    <date>2013-07-11T22:33:48+02:00</date>
                    <speedMph>284</speedMph>
                    <altitudeFt>8830</altitudeFt>
                </position>
                <position>
                    <lat>50.022</lat>
                    <lon>20.0294</lon>
                    <date>2013-07-11T22:33:38+02:00</date>
                    <speedMph>284</speedMph>
                    <altitudeFt>9050</altitudeFt>
                </position>
                <position>
                    <lat>50.0182</lat>
                    <lon>20.0059</lon>
                    <date>2013-07-11T22:33:28+02:00</date>
                    <speedMph>288</speedMph>
                    <altitudeFt>9300</altitudeFt>
                </position>
                <position>
                    <lat>50.0155</lat>
                    <lon>19.9895</lon>
                    <date>2013-07-11T22:33:18+02:00</date>
                    <speedMph>292</speedMph>
                    <altitudeFt>9480</altitudeFt>
                </position>
                <position>
                    <lat>50.0112</lat>
                    <lon>19.9633</lon>
                    <date>2013-07-11T22:33:08+02:00</date>
                    <speedMph>296</speedMph>
                    <altitudeFt>9800</altitudeFt>
                </position>
                <position>
                    <lat>50.0088</lat>
                    <lon>19.9483</lon>
                    <date>2013-07-11T22:32:58+02:00</date>
                    <speedMph>296</speedMph>
                    <altitudeFt>10000</altitudeFt>
                </position>
                <position>
                    <lat>49.9977</lat>
                    <lon>19.8804</lon>
                    <date>2013-07-11T22:32:28+02:00</date>
                    <speedMph>312</speedMph>
                    <altitudeFt>10600</altitudeFt>
                </position>
                <position>
                    <lat>49.9877</lat>
                    <lon>19.8193</lon>
                    <date>2013-07-11T22:31:58+02:00</date>
                    <speedMph>336</speedMph>
                    <altitudeFt>11000</altitudeFt>
                </position>
                <position>
                    <lat>49.9765</lat>
                    <lon>19.752</lon>
                    <date>2013-07-11T22:31:28+02:00</date>
                    <speedMph>348</speedMph>
                    <altitudeFt>11730</altitudeFt>
                </position>
                <position>
                    <lat>49.9636</lat>
                    <lon>19.673</lon>
                    <date>2013-07-11T22:30:58+02:00</date>
                    <speedMph>356</speedMph>
                    <altitudeFt>12580</altitudeFt>
                </position>
                <position>
                    <lat>49.9519</lat>
                    <lon>19.6011</lon>
                    <date>2013-07-11T22:30:28+02:00</date>
                    <speedMph>364</speedMph>
                    <altitudeFt>13330</altitudeFt>
                </position>
                <position>
                    <lat>49.9406</lat>
                    <lon>19.5255</lon>
                    <date>2013-07-11T22:29:58+02:00</date>
                    <speedMph>364</speedMph>
                    <altitudeFt>14130</altitudeFt>
                </position>
                <position>
                    <lat>49.937</lat>
                    <lon>19.441</lon>
                    <date>2013-07-11T22:29:28+02:00</date>
                    <speedMph>372</speedMph>
                    <altitudeFt>15000</altitudeFt>
                </position>
                <position>
                    <lat>49.9359</lat>
                    <lon>19.2805</lon>
                    <date>2013-07-11T22:28:28+02:00</date>
                    <speedMph>380</speedMph>
                    <altitudeFt>16650</altitudeFt>
                </position>
                <position>
                    <lat>49.9341</lat>
                    <lon>19.1104</lon>
                    <date>2013-07-11T22:27:28+02:00</date>
                    <speedMph>392</speedMph>
                    <altitudeFt>18150</altitudeFt>
                </position>
                <position>
                    <lat>49.9322</lat>
                    <lon>18.9492</lon>
                    <date>2013-07-11T22:26:28+02:00</date>
                    <speedMph>400</speedMph>
                    <altitudeFt>19500</altitudeFt>
                </position>
                <position>
                    <lat>49.9303</lat>
                    <lon>18.7753</lon>
                    <date>2013-07-11T22:25:28+02:00</date>
                    <speedMph>408</speedMph>
                    <altitudeFt>20900</altitudeFt>
                </position>
                <position>
                    <lat>49.9281</lat>
                    <lon>18.5968</lon>
                    <date>2013-07-11T22:24:28+02:00</date>
                    <speedMph>416</speedMph>
                    <altitudeFt>22450</altitudeFt>
                </position>
                <position>
                    <lat>49.9256</lat>
                    <lon>18.4273</lon>
                    <date>2013-07-11T22:23:28+02:00</date>
                    <speedMph>420</speedMph>
                    <altitudeFt>23900</altitudeFt>
                </position>
                <position>
                    <lat>49.9211</lat>
                    <lon>18.2289</lon>
                    <date>2013-07-11T22:22:28+02:00</date>
                    <speedMph>436</speedMph>
                    <altitudeFt>25600</altitudeFt>
                </position>
                <position>
                    <lat>49.899</lat>
                    <lon>18.0482</lon>
                    <date>2013-07-11T22:21:28+02:00</date>
                    <speedMph>440</speedMph>
                    <altitudeFt>27480</altitudeFt>
                </position>
                <position>
                    <lat>49.8727</lat>
                    <lon>17.8722</lon>
                    <date>2013-07-11T22:20:28+02:00</date>
                    <speedMph>468</speedMph>
                    <altitudeFt>29550</altitudeFt>
                </position>
                <position>
                    <lat>49.8401</lat>
                    <lon>17.6604</lon>
                    <date>2013-07-11T22:19:28+02:00</date>
                    <speedMph>476</speedMph>
                    <altitudeFt>31900</altitudeFt>
                </position>
                <position>
                    <lat>49.8096</lat>
                    <lon>17.4631</lon>
                    <date>2013-07-11T22:18:28+02:00</date>
                    <speedMph>476</speedMph>
                    <altitudeFt>33000</altitudeFt>
                </position>
                <position>
                    <lat>49.7795</lat>
                    <lon>17.2691</lon>
                    <date>2013-07-11T22:17:28+02:00</date>
                    <speedMph>480</speedMph>
                    <altitudeFt>33000</altitudeFt>
                </position>
                <position>
                    <lat>49.7483</lat>
                    <lon>17.0696</lon>
                    <date>2013-07-11T22:16:28+02:00</date>
                    <speedMph>480</speedMph>
                    <altitudeFt>33000</altitudeFt>
                </position>
                <position>
                    <lat>49.7147</lat>
                    <lon>16.861</lon>
                    <date>2013-07-11T22:15:28+02:00</date>
                    <speedMph>480</speedMph>
                    <altitudeFt>33000</altitudeFt>
                </position>
                <position>
                    <lat>49.6842</lat>
                    <lon>16.6744</lon>
                    <date>2013-07-11T22:14:28+02:00</date>
                    <speedMph>484</speedMph>
                    <altitudeFt>33000</altitudeFt>
                </position>
                <position>
                    <lat>49.6516</lat>
                    <lon>16.4747</lon>
                    <date>2013-07-11T22:13:28+02:00</date>
                    <speedMph>484</speedMph>
                    <altitudeFt>33000</altitudeFt>
                </position>
                <position>
                    <lat>49.6176</lat>
                    <lon>16.2686</lon>
                    <date>2013-07-11T22:12:28+02:00</date>
                    <speedMph>480</speedMph>
                    <altitudeFt>33000</altitudeFt>
                </position>
                <position>
                    <lat>49.5728</lat>
                    <lon>16.002</lon>
                    <date>2013-07-11T22:11:28+02:00</date>
                    <speedMph>476</speedMph>
                    <altitudeFt>33000</altitudeFt>
                </position>
                <position>
                    <lat>49.5435</lat>
                    <lon>15.8295</lon>
                    <date>2013-07-11T22:10:14+02:00</date>
                    <speedMph>476</speedMph>
                    <altitudeFt>33000</altitudeFt>
                </position>
                <position>
                    <lat>49.51</lat>
                    <lon>15.6339</lon>
                    <date>2013-07-11T22:09:14+02:00</date>
                    <speedMph>472</speedMph>
                    <altitudeFt>33000</altitudeFt>
                </position>
                <position>
                    <lat>49.4769</lat>
                    <lon>15.4426</lon>
                    <date>2013-07-11T22:08:14+02:00</date>
                    <speedMph>472</speedMph>
                    <altitudeFt>33000</altitudeFt>
                </position>
                <position>
                    <lat>49.4431</lat>
                    <lon>15.2499</lon>
                    <date>2013-07-11T22:07:14+02:00</date>
                    <speedMph>468</speedMph>
                    <altitudeFt>33000</altitudeFt>
                </position>
                <position>
                    <lat>49.408</lat>
                    <lon>15.0526</lon>
                    <date>2013-07-11T22:06:14+02:00</date>
                    <speedMph>468</speedMph>
                    <altitudeFt>33000</altitudeFt>
                </position>
                <position>
                    <lat>49.374</lat>
                    <lon>14.8634</lon>
                    <date>2013-07-11T22:05:14+02:00</date>
                    <speedMph>468</speedMph>
                    <altitudeFt>33000</altitudeFt>
                </position>
                <position>
                    <lat>49.3413</lat>
                    <lon>14.6838</lon>
                    <date>2013-07-11T22:04:14+02:00</date>
                    <speedMph>464</speedMph>
                    <altitudeFt>33000</altitudeFt>
                </position>
                <position>
                    <lat>49.3066</lat>
                    <lon>14.4954</lon>
                    <date>2013-07-11T22:03:14+02:00</date>
                    <speedMph>460</speedMph>
                    <altitudeFt>33000</altitudeFt>
                </position>
                <position>
                    <lat>49.2541</lat>
                    <lon>14.3094</lon>
                    <date>2013-07-11T22:02:14+02:00</date>
                    <speedMph>440</speedMph>
                    <altitudeFt>33000</altitudeFt>
                </position>
                <position>
                    <lat>49.1881</lat>
                    <lon>14.1349</lon>
                    <date>2013-07-11T22:01:14+02:00</date>
                    <speedMph>440</speedMph>
                    <altitudeFt>33000</altitudeFt>
                </position>
                <position>
                    <lat>49.1266</lat>
                    <lon>13.9721</lon>
                    <date>2013-07-11T22:00:14+02:00</date>
                    <speedMph>444</speedMph>
                    <altitudeFt>32950</altitudeFt>
                </position>
                <position>
                    <lat>49.0652</lat>
                    <lon>13.8106</lon>
                    <date>2013-07-11T21:59:14+02:00</date>
                    <speedMph>448</speedMph>
                    <altitudeFt>31830</altitudeFt>
                </position>
                <position>
                    <lat>49.0075</lat>
                    <lon>13.6589</lon>
                    <date>2013-07-11T21:58:14+02:00</date>
                    <speedMph>444</speedMph>
                    <altitudeFt>30750</altitudeFt>
                </position>
                <position>
                    <lat>48.9306</lat>
                    <lon>13.5333</lon>
                    <date>2013-07-11T21:57:14+02:00</date>
                    <speedMph>416</speedMph>
                    <altitudeFt>29780</altitudeFt>
                </position>
                <position>
                    <lat>48.8414</lat>
                    <lon>13.4209</lon>
                    <date>2013-07-11T21:56:14+02:00</date>
                    <speedMph>424</speedMph>
                    <altitudeFt>28650</altitudeFt>
                </position>
                <position>
                    <lat>48.7582</lat>
                    <lon>13.2928</lon>
                    <date>2013-07-11T21:55:14+02:00</date>
                    <speedMph>420</speedMph>
                    <altitudeFt>27380</altitudeFt>
                </position>
                <position>
                    <lat>48.6738</lat>
                    <lon>13.1636</lon>
                    <date>2013-07-11T21:54:14+02:00</date>
                    <speedMph>412</speedMph>
                    <altitudeFt>25950</altitudeFt>
                </position>
                <position>
                    <lat>48.5944</lat>
                    <lon>13.0427</lon>
                    <date>2013-07-11T21:53:14+02:00</date>
                    <speedMph>392</speedMph>
                    <altitudeFt>24480</altitudeFt>
                </position>
                <position>
                    <lat>48.5179</lat>
                    <lon>12.9267</lon>
                    <date>2013-07-11T21:52:14+02:00</date>
                    <speedMph>388</speedMph>
                    <altitudeFt>22730</altitudeFt>
                </position>
                <position>
                    <lat>48.4424</lat>
                    <lon>12.813</lon>
                    <date>2013-07-11T21:51:14+02:00</date>
                    <speedMph>376</speedMph>
                    <altitudeFt>20700</altitudeFt>
                </position>
                <position>
                    <lat>48.3839</lat>
                    <lon>12.6816</lon>
                    <date>2013-07-11T21:50:14+02:00</date>
                    <speedMph>384</speedMph>
                    <altitudeFt>18580</altitudeFt>
                </position>
                <position>
                    <lat>48.3545</lat>
                    <lon>12.5293</lon>
                    <date>2013-07-11T21:49:14+02:00</date>
                    <speedMph>372</speedMph>
                    <altitudeFt>16200</altitudeFt>
                </position>
                <position>
                    <lat>48.3252</lat>
                    <lon>12.38</lon>
                    <date>2013-07-11T21:48:14+02:00</date>
                    <speedMph>364</speedMph>
                    <altitudeFt>13450</altitudeFt>
                </position>
                <position>
                    <lat>48.3133</lat>
                    <lon>12.32</lon>
                    <date>2013-07-11T21:47:44+02:00</date>
                    <speedMph>360</speedMph>
                    <altitudeFt>12350</altitudeFt>
                </position>
                <position>
                    <lat>48.2984</lat>
                    <lon>12.2459</lon>
                    <date>2013-07-11T21:47:14+02:00</date>
                    <speedMph>360</speedMph>
                    <altitudeFt>10600</altitudeFt>
                </position>
                <position>
                    <lat>48.2912</lat>
                    <lon>12.1519</lon>
                    <date>2013-07-11T21:46:44+02:00</date>
                    <speedMph>312</speedMph>
                    <altitudeFt>9730</altitudeFt>
                </position>
                <position>
                    <lat>48.2975</lat>
                    <lon>12.125</lon>
                    <date>2013-07-11T21:46:34+02:00</date>
                    <speedMph>308</speedMph>
                    <altitudeFt>9130</altitudeFt>
                </position>
                <position>
                    <lat>48.3009</lat>
                    <lon>12.1134</lon>
                    <date>2013-07-11T21:46:24+02:00</date>
                    <speedMph>304</speedMph>
                    <altitudeFt>8830</altitudeFt>
                </position>
                <position>
                    <lat>48.3079</lat>
                    <lon>12.0897</lon>
                    <date>2013-07-11T21:46:14+02:00</date>
                    <speedMph>300</speedMph>
                    <altitudeFt>8230</altitudeFt>
                </position>
                <position>
                    <lat>48.3146</lat>
                    <lon>12.067</lon>
                    <date>2013-07-11T21:46:04+02:00</date>
                    <speedMph>292</speedMph>
                    <altitudeFt>7680</altitudeFt>
                </position>
                <position>
                    <lat>48.3174</lat>
                    <lon>12.0576</lon>
                    <date>2013-07-11T21:45:54+02:00</date>
                    <speedMph>288</speedMph>
                    <altitudeFt>7430</altitudeFt>
                </position>
                <position>
                    <lat>48.3217</lat>
                    <lon>12.0429</lon>
                    <date>2013-07-11T21:45:44+02:00</date>
                    <speedMph>288</speedMph>
                    <altitudeFt>7050</altitudeFt>
                </position>
                <position>
                    <lat>48.3308</lat>
                    <lon>12.0121</lon>
                    <date>2013-07-11T21:45:34+02:00</date>
                    <speedMph>284</speedMph>
                    <altitudeFt>6300</altitudeFt>
                </position>
                <position>
                    <lat>48.3347</lat>
                    <lon>11.9989</lon>
                    <date>2013-07-11T21:45:24+02:00</date>
                    <speedMph>280</speedMph>
                    <altitudeFt>5980</altitudeFt>
                </position>
                <position>
                    <lat>48.3406</lat>
                    <lon>11.9792</lon>
                    <date>2013-07-11T21:45:14+02:00</date>
                    <speedMph>272</speedMph>
                    <altitudeFt>5580</altitudeFt>
                </position>
                <position>
                    <lat>48.3452</lat>
                    <lon>11.9639</lon>
                    <date>2013-07-11T21:45:04+02:00</date>
                    <speedMph>252</speedMph>
                    <altitudeFt>5380</altitudeFt>
                </position>
                <position>
                    <lat>48.351</lat>
                    <lon>11.9437</lon>
                    <date>2013-07-11T21:44:54+02:00</date>
                    <speedMph>240</speedMph>
                    <altitudeFt>5150</altitudeFt>
                </position>
                <position>
                    <lat>48.3535</lat>
                    <lon>11.9213</lon>
                    <date>2013-07-11T21:44:29+02:00</date>
                    <speedMph>228</speedMph>
                    <altitudeFt>4780</altitudeFt>
                </position>
                <position>
                    <lat>48.3533</lat>
                    <lon>11.9146</lon>
                    <date>2013-07-11T21:44:24+02:00</date>
                    <speedMph>224</speedMph>
                    <altitudeFt>4600</altitudeFt>
                </position>
                <position>
                    <lat>48.3526</lat>
                    <lon>11.9055</lon>
                    <date>2013-07-11T21:44:14+02:00</date>
                    <speedMph>224</speedMph>
                    <altitudeFt>4300</altitudeFt>
                </position>
                <position>
                    <lat>48.3515</lat>
                    <lon>11.891</lon>
                    <date>2013-07-11T21:44:09+02:00</date>
                    <speedMph>220</speedMph>
                    <altitudeFt>3880</altitudeFt>
                </position>
                <position>
                    <lat>48.3508</lat>
                    <lon>11.8822</lon>
                    <date>2013-07-11T21:44:04+02:00</date>
                    <speedMph>216</speedMph>
                    <altitudeFt>3700</altitudeFt>
                </position>
                <position>
                    <lat>48.3498</lat>
                    <lon>11.8685</lon>
                    <date>2013-07-11T21:43:54+02:00</date>
                    <speedMph>204</speedMph>
                    <altitudeFt>3530</altitudeFt>
                </position>
                <position>
                    <lat>48.3493</lat>
                    <lon>11.8614</lon>
                    <date>2013-07-11T21:43:49+02:00</date>
                    <speedMph>196</speedMph>
                    <altitudeFt>3500</altitudeFt>
                </position>
                <position>
                    <lat>48.3487</lat>
                    <lon>11.8541</lon>
                    <date>2013-07-11T21:43:44+02:00</date>
                    <speedMph>184</speedMph>
                    <altitudeFt>3450</altitudeFt>
                </position>
                <position>
                    <lat>48.3482</lat>
                    <lon>11.847</lon>
                    <date>2013-07-11T21:43:39+02:00</date>
                    <speedMph>176</speedMph>
                    <altitudeFt>3430</altitudeFt>
                </position>
                <position>
                    <lat>48.3478</lat>
                    <lon>11.8419</lon>
                    <date>2013-07-11T21:43:34+02:00</date>
                    <speedMph>168</speedMph>
                    <altitudeFt>3380</altitudeFt>
                </position>
                <position>
                    <lat>48.347</lat>
                    <lon>11.8305</lon>
                    <date>2013-07-11T21:43:24+02:00</date>
                    <speedMph>156</speedMph>
                    <altitudeFt>3150</altitudeFt>
                </position>
                <position>
                    <lat>48.3466</lat>
                    <lon>11.8258</lon>
                    <date>2013-07-11T21:43:19+02:00</date>
                    <speedMph>156</speedMph>
                    <altitudeFt>3000</altitudeFt>
                </position>
                <position>
                    <lat>48.3462</lat>
                    <lon>11.8206</lon>
                    <date>2013-07-11T21:43:09+02:00</date>
                    <speedMph>152</speedMph>
                    <altitudeFt>2830</altitudeFt>
                </position>
                <position>
                    <lat>48.3453</lat>
                    <lon>11.81</lon>
                    <date>2013-07-11T21:43:04+02:00</date>
                    <speedMph>152</speedMph>
                    <altitudeFt>2500</altitudeFt>
                </position>
                <position>
                    <lat>48.345</lat>
                    <lon>11.8049</lon>
                    <date>2013-07-11T21:42:59+02:00</date>
                    <speedMph>148</speedMph>
                    <altitudeFt>2300</altitudeFt>
                </position>
                <position>
                    <lat>48.3442</lat>
                    <lon>11.7947</lon>
                    <date>2013-07-11T21:42:49+02:00</date>
                    <speedMph>152</speedMph>
                    <altitudeFt>1880</altitudeFt>
                </position>
                <position>
                    <lat>48.3437</lat>
                    <lon>11.789</lon>
                    <date>2013-07-11T21:42:44+02:00</date>
                    <speedMph>156</speedMph>
                    <altitudeFt>1600</altitudeFt>
                </position>
                <position>
                    <lat>48.3432</lat>
                    <lon>11.7836</lon>
                    <date>2013-07-11T21:42:39+02:00</date>
                    <speedMph>164</speedMph>
                    <altitudeFt>1350</altitudeFt>
                </position>
                <position>
                    <lat>48.3428</lat>
                    <lon>11.7777</lon>
                    <date>2013-07-11T21:42:34+02:00</date>
                    <speedMph>152</speedMph>
                    <altitudeFt>1300</altitudeFt>
                </position>
                <position>
                    <lat>48.3412</lat>
                    <lon>11.7573</lon>
                    <date>2013-07-11T21:42:04+02:00</date>
                    <speedMph>16</speedMph>
                    <altitudeFt>1300</altitudeFt>
                </position>
                <position>
                    <lat>48.3446</lat>
                    <lon>11.7526</lon>
                    <date>2013-07-11T21:38:44+02:00</date>
                    <speedMph>12</speedMph>
                    <altitudeFt>0</altitudeFt>
                </position>
                <position>
                    <lat>48.3447</lat>
                    <lon>11.7536</lon>
                    <date>2013-07-11T21:38:34+02:00</date>
                    <speedMph>28</speedMph>
                    <altitudeFt>0</altitudeFt>
                </position>
                <position>
                    <lat>48.3449</lat>
                    <lon>11.7566</lon>
                    <date>2013-07-11T21:38:19+02:00</date>
                    <speedMph>32</speedMph>
                    <altitudeFt>0</altitudeFt>
                </position>
                <position>
                    <lat>48.345</lat>
                    <lon>11.758</lon>
                    <date>2013-07-11T21:38:14+02:00</date>
                    <speedMph>32</speedMph>
                    <altitudeFt>0</altitudeFt>
                </position>
                <position>
                    <lat>48.3451</lat>
                    <lon>11.7596</lon>
                    <date>2013-07-11T21:38:09+02:00</date>
                    <speedMph>32</speedMph>
                    <altitudeFt>0</altitudeFt>
                </position>
                <position>
                    <lat>48.3455</lat>
                    <lon>11.7643</lon>
                    <date>2013-07-11T21:37:44+02:00</date>
                    <speedMph>32</speedMph>
                    <altitudeFt>0</altitudeFt>
                </position>
                <position>
                    <lat>48.3457</lat>
                    <lon>11.7671</lon>
                    <date>2013-07-11T21:37:34+02:00</date>
                    <speedMph>32</speedMph>
                    <altitudeFt>0</altitudeFt>
                </position>
                <position>
                    <lat>48.3461</lat>
                    <lon>11.7713</lon>
                    <date>2013-07-11T21:37:14+02:00</date>
                    <speedMph>32</speedMph>
                    <altitudeFt>0</altitudeFt>
                </position>
                <position>
                    <lat>48.3462</lat>
                    <lon>11.7732</lon>
                    <date>2013-07-11T21:37:04+02:00</date>
                    <speedMph>28</speedMph>
                    <altitudeFt>0</altitudeFt>
                </position>
                <position>
                    <lat>48.3462</lat>
                    <lon>11.7737</lon>
                    <date>2013-07-11T21:36:59+02:00</date>
                    <speedMph>28</speedMph>
                    <altitudeFt>0</altitudeFt>
                </position>
                <position>
                    <lat>48.3466</lat>
                    <lon>11.7783</lon>
                    <date>2013-07-11T21:36:39+02:00</date>
                    <speedMph>28</speedMph>
                    <altitudeFt>0</altitudeFt>
                </position>
                <position>
                    <lat>48.3466</lat>
                    <lon>11.7788</lon>
                    <date>2013-07-11T21:36:34+02:00</date>
                    <speedMph>24</speedMph>
                    <altitudeFt>0</altitudeFt>
                </position>
                <position>
                    <lat>48.3467</lat>
                    <lon>11.7797</lon>
                    <date>2013-07-11T21:36:29+02:00</date>
                    <speedMph>24</speedMph>
                    <altitudeFt>0</altitudeFt>
                </position>
                <position>
                    <lat>48.3469</lat>
                    <lon>11.7819</lon>
                    <date>2013-07-11T21:36:19+02:00</date>
                    <speedMph>24</speedMph>
                    <altitudeFt>0</altitudeFt>
                </position>
                <position>
                    <lat>48.3469</lat>
                    <lon>11.7823</lon>
                    <date>2013-07-11T21:36:09+02:00</date>
                    <speedMph>24</speedMph>
                    <altitudeFt>0</altitudeFt>
                </position>
                <position>
                    <lat>48.347</lat>
                    <lon>11.7837</lon>
                    <date>2013-07-11T21:36:04+02:00</date>
                    <speedMph>24</speedMph>
                    <altitudeFt>0</altitudeFt>
                </position>
                <position>
                    <lat>48.3471</lat>
                    <lon>11.7851</lon>
                    <date>2013-07-11T21:35:59+02:00</date>
                    <speedMph>24</speedMph>
                    <altitudeFt>0</altitudeFt>
                </position>
                <position>
                    <lat>48.3471</lat>
                    <lon>11.7859</lon>
                    <date>2013-07-11T21:35:54+02:00</date>
                    <speedMph>24</speedMph>
                    <altitudeFt>0</altitudeFt>
                </position>
                <position>
                    <lat>48.3472</lat>
                    <lon>11.7864</lon>
                    <date>2013-07-11T21:35:49+02:00</date>
                    <speedMph>24</speedMph>
                    <altitudeFt>0</altitudeFt>
                </position>
                <position>
                    <lat>48.3472</lat>
                    <lon>11.7872</lon>
                    <date>2013-07-11T21:35:44+02:00</date>
                    <speedMph>24</speedMph>
                    <altitudeFt>0</altitudeFt>
                </position>
                <position>
                    <lat>48.3473</lat>
                    <lon>11.7879</lon>
                    <date>2013-07-11T21:35:39+02:00</date>
                    <speedMph>24</speedMph>
                    <altitudeFt>0</altitudeFt>
                </position>
                <position>
                    <lat>48.3474</lat>
                    <lon>11.7891</lon>
                    <date>2013-07-11T21:35:34+02:00</date>
                    <speedMph>24</speedMph>
                    <altitudeFt>0</altitudeFt>
                </position>
                <position>
                    <lat>48.3476</lat>
                    <lon>11.7913</lon>
                    <date>2013-07-11T21:35:19+02:00</date>
                    <speedMph>20</speedMph>
                    <altitudeFt>0</altitudeFt>
                </position>
                <position>
                    <lat>48.3476</lat>
                    <lon>11.7918</lon>
                    <date>2013-07-11T21:35:14+02:00</date>
                    <speedMph>20</speedMph>
                    <altitudeFt>0</altitudeFt>
                </position>
                <position>
                    <lat>48.3477</lat>
                    <lon>11.7934</lon>
                    <date>2013-07-11T21:35:04+02:00</date>
                    <speedMph>20</speedMph>
                    <altitudeFt>0</altitudeFt>
                </position>
                <position>
                    <lat>48.3478</lat>
                    <lon>11.7941</lon>
                    <date>2013-07-11T21:34:59+02:00</date>
                    <speedMph>16</speedMph>
                    <altitudeFt>0</altitudeFt>
                </position>
                <position>
                    <lat>48.3478</lat>
                    <lon>11.7947</lon>
                    <date>2013-07-11T21:34:54+02:00</date>
                    <speedMph>12</speedMph>
                    <altitudeFt>0</altitudeFt>
                </position>
                <position>
                    <lat>48.3478</lat>
                    <lon>11.7948</lon>
                    <date>2013-07-11T21:34:49+02:00</date>
                    <speedMph>12</speedMph>
                    <altitudeFt>0</altitudeFt>
                </position>
                <position>
                    <lat>48.3491</lat>
                    <lon>11.7955</lon>
                    <date>2013-07-11T21:34:19+02:00</date>
                    <speedMph>12</speedMph>
                    <altitudeFt>0</altitudeFt>
                </position>
                <position>
                    <lat>48.3495</lat>
                    <lon>11.7955</lon>
                    <date>2013-07-11T21:34:14+02:00</date>
                    <speedMph>12</speedMph>
                    <altitudeFt>0</altitudeFt>
                </position>
                <position>
                    <lat>48.3499</lat>
                    <lon>11.7957</lon>
                    <date>2013-07-11T21:34:04+02:00</date>
                    <speedMph>16</speedMph>
                    <altitudeFt>0</altitudeFt>
                </position>
                <position>
                    <lat>48.3506</lat>
                    <lon>11.7962</lon>
                    <date>2013-07-11T21:33:54+02:00</date>
                    <speedMph>16</speedMph>
                    <altitudeFt>0</altitudeFt>
                </position>
                <position>
                    <lat>48.3514</lat>
                    <lon>11.7985</lon>
                    <date>2013-07-11T21:33:19+02:00</date>
                    <speedMph>8</speedMph>
                    <altitudeFt>0</altitudeFt>
                </position>
                <position>
                    <lat>48.3514</lat>
                    <lon>11.7986</lon>
                    <date>2013-07-11T21:33:14+02:00</date>
                    <speedMph>8</speedMph>
                    <altitudeFt>0</altitudeFt>
                </position>
                <position>
                    <lat>48.3509</lat>
                    <lon>11.8</lon>
                    <date>2013-07-11T21:32:54+02:00</date>
                    <speedMph>12</speedMph>
                    <altitudeFt>0</altitudeFt>
                </position>
                <position>
                    <lat>48.351</lat>
                    <lon>11.801</lon>
                    <date>2013-07-11T21:32:44+02:00</date>
                    <speedMph>12</speedMph>
                    <altitudeFt>0</altitudeFt>
                </position>
                <position>
                    <lat>48.3511</lat>
                    <lon>11.8015</lon>
                    <date>2013-07-11T21:32:39+02:00</date>
                    <speedMph>12</speedMph>
                    <altitudeFt>0</altitudeFt>
                </position>
                <position>
                    <lat>48.3512</lat>
                    <lon>11.8036</lon>
                    <date>2013-07-11T21:32:09+02:00</date>
                    <speedMph>8</speedMph>
                    <altitudeFt>0</altitudeFt>
                </position>
                <position>
                    <lat>48.3511</lat>
                    <lon>11.8037</lon>
                    <date>2013-07-11T21:32:04+02:00</date>
                    <speedMph>8</speedMph>
                    <altitudeFt>0</altitudeFt>
                </position>
                <position>
                    <lat>48.3511</lat>
                    <lon>11.8039</lon>
                    <date>2013-07-11T21:31:59+02:00</date>
                    <speedMph>8</speedMph>
                    <altitudeFt>0</altitudeFt>
                </position>
                <position>
                    <lat>48.351</lat>
                    <lon>11.8042</lon>
                    <date>2013-07-11T21:31:54+02:00</date>
                    <speedMph>8</speedMph>
                    <altitudeFt>0</altitudeFt>
                </position>
                <position>
                    <lat>48.351</lat>
                    <lon>11.8045</lon>
                    <date>2013-07-11T21:31:49+02:00</date>
                    <speedMph>4</speedMph>
                    <altitudeFt>0</altitudeFt>
                </position>
                <position>
                    <lat>48.3509</lat>
                    <lon>11.8046</lon>
                    <date>2013-07-11T21:28:59+02:00</date>
                    <speedMph>4</speedMph>
                    <altitudeFt>0</altitudeFt>
                </position>
                <position>
                    <lat>48.3507</lat>
                    <lon>11.8045</lon>
                    <date>2013-07-11T21:28:39+02:00</date>
                    <speedMph>4</speedMph>
                    <altitudeFt>0</altitudeFt>
                </position>
                <position>
                    <lat>48.3504</lat>
                    <lon>11.8045</lon>
                    <date>2013-07-11T21:28:19+02:00</date>
                    <speedMph>4</speedMph>
                    <altitudeFt>0</altitudeFt>
                </position>
                <position>
                    <lat>48.3503</lat>
                    <lon>11.8046</lon>
                    <date>2013-07-11T21:27:54+02:00</date>
                    <speedMph>0</speedMph>
                    <altitudeFt>0</altitudeFt>
                </position>
                <position>
                    <lat>48.3503</lat>
                    <lon>11.8045</lon>
                    <date>2013-07-11T21:27:49+02:00</date>
                    <speedMph>0</speedMph>
                    <altitudeFt>0</altitudeFt>
                </position>
                <position>
                    <lat>48.3503</lat>
                    <lon>11.8046</lon>
                    <date>2013-07-11T21:27:09+02:00</date>
                    <speedMph>0</speedMph>
                    <altitudeFt>0</altitudeFt>
                </position>
                <position>
                    <lat>48.3503</lat>
                    <lon>11.8046</lon>
                    <date>2013-07-11T21:26:49+02:00</date>
                    <speedMph>0</speedMph>
                    <altitudeFt>0</altitudeFt>
                </position>
                <position>
                    <lat>48.3503</lat>
                    <lon>11.8045</lon>
                    <date>2013-07-11T21:26:24+02:00</date>
                    <speedMph>0</speedMph>
                    <altitudeFt>0</altitudeFt>
                </position>
            </positions>
        </flightTrack>
    </flightTracks>
</flightstatslog>
