<?xml version="1.0" encoding="UTF-8" standalone="yes"?>
<flightstatslog>
    <appendix>
        <airports>
            <airport>
                <fs>LPL</fs>
                <latitude>53.333611</latitude>
                <longitude>-2.849722</longitude>
                <city>Liverpool</city>
            </airport>
            <airport>
                <fs>GDN</fs>
                <latitude>54.377569</latitude>
                <longitude>18.466222</longitude>
                <city>Gdansk</city>
            </airport>
        </airports>
    </appendix>
    <flightTracks>
        <flightTrack>
            <flightId>4666374</flightId>
            <departureAirportFsCode>LPL</departureAirportFsCode>
            <arrivalAirportFsCode>GDN</arrivalAirportFsCode>
            <positions>
                <position>
                    <lat>54.3812</lat>
                    <lon>18.4669</lon>
                    <date>2013-07-12T00:12:36+02:00</date>
                    <speedMph>0</speedMph>
                    <altitudeFt>0</altitudeFt>
                </position>
                <position>
                    <lat>54.3812</lat>
                    <lon>18.4669</lon>
                    <date>2013-07-12T00:12:31+02:00</date>
                    <speedMph>0</speedMph>
                    <altitudeFt>0</altitudeFt>
                </position>
                <position>
                    <lat>54.3811</lat>
                    <lon>18.4669</lon>
                    <date>2013-07-12T00:12:21+02:00</date>
                    <speedMph>16</speedMph>
                    <altitudeFt>0</altitudeFt>
                </position>
                <position>
                    <lat>54.381</lat>
                    <lon>18.4667</lon>
                    <date>2013-07-12T00:12:16+02:00</date>
                    <speedMph>28</speedMph>
                    <altitudeFt>0</altitudeFt>
                </position>
                <position>
                    <lat>54.3808</lat>
                    <lon>18.4666</lon>
                    <date>2013-07-12T00:12:11+02:00</date>
                    <speedMph>24</speedMph>
                    <altitudeFt>0</altitudeFt>
                </position>
                <position>
                    <lat>54.3807</lat>
                    <lon>18.4665</lon>
                    <date>2013-07-12T00:12:06+02:00</date>
                    <speedMph>24</speedMph>
                    <altitudeFt>0</altitudeFt>
                </position>
                <position>
                    <lat>54.3804</lat>
                    <lon>18.4662</lon>
                    <date>2013-07-12T00:12:01+02:00</date>
                    <speedMph>24</speedMph>
                    <altitudeFt>0</altitudeFt>
                </position>
                <position>
                    <lat>54.3803</lat>
                    <lon>18.4661</lon>
                    <date>2013-07-12T00:11:56+02:00</date>
                    <speedMph>24</speedMph>
                    <altitudeFt>0</altitudeFt>
                </position>
                <position>
                    <lat>54.3801</lat>
                    <lon>18.466</lon>
                    <date>2013-07-12T00:11:51+02:00</date>
                    <speedMph>24</speedMph>
                    <altitudeFt>0</altitudeFt>
                </position>
                <position>
                    <lat>54.38</lat>
                    <lon>18.4659</lon>
                    <date>2013-07-12T00:11:46+02:00</date>
                    <speedMph>24</speedMph>
                    <altitudeFt>0</altitudeFt>
                </position>
                <position>
                    <lat>54.3795</lat>
                    <lon>18.466</lon>
                    <date>2013-07-12T00:11:41+02:00</date>
                    <speedMph>24</speedMph>
                    <altitudeFt>0</altitudeFt>
                </position>
                <position>
                    <lat>54.3765</lat>
                    <lon>18.4772</lon>
                    <date>2013-07-12T00:09:52+02:00</date>
                    <speedMph>20</speedMph>
                    <altitudeFt>0</altitudeFt>
                </position>
                <position>
                    <lat>54.3763</lat>
                    <lon>18.4772</lon>
                    <date>2013-07-12T00:09:47+02:00</date>
                    <speedMph>24</speedMph>
                    <altitudeFt>0</altitudeFt>
                </position>
                <position>
                    <lat>54.3761</lat>
                    <lon>18.4762</lon>
                    <date>2013-07-12T00:09:37+02:00</date>
                    <speedMph>16</speedMph>
                    <altitudeFt>0</altitudeFt>
                </position>
                <position>
                    <lat>54.377</lat>
                    <lon>18.4685</lon>
                    <date>2013-07-12T00:08:52+02:00</date>
                    <speedMph>80</speedMph>
                    <altitudeFt>0</altitudeFt>
                </position>
                <position>
                    <lat>54.382</lat>
                    <lon>18.4485</lon>
                    <date>2013-07-12T00:08:27+02:00</date>
                    <speedMph>144</speedMph>
                    <altitudeFt>500</altitudeFt>
                </position>
                <position>
                    <lat>54.3842</lat>
                    <lon>18.4394</lon>
                    <date>2013-07-12T00:08:22+02:00</date>
                    <speedMph>144</speedMph>
                    <altitudeFt>600</altitudeFt>
                </position>
                <position>
                    <lat>54.3851</lat>
                    <lon>18.4358</lon>
                    <date>2013-07-12T00:08:17+02:00</date>
                    <speedMph>144</speedMph>
                    <altitudeFt>650</altitudeFt>
                </position>
                <position>
                    <lat>54.3861</lat>
                    <lon>18.4318</lon>
                    <date>2013-07-12T00:08:12+02:00</date>
                    <speedMph>140</speedMph>
                    <altitudeFt>700</altitudeFt>
                </position>
                <position>
                    <lat>54.3881</lat>
                    <lon>18.4236</lon>
                    <date>2013-07-12T00:08:07+02:00</date>
                    <speedMph>140</speedMph>
                    <altitudeFt>800</altitudeFt>
                </position>
                <position>
                    <lat>54.3902</lat>
                    <lon>18.4151</lon>
                    <date>2013-07-12T00:08:02+02:00</date>
                    <speedMph>140</speedMph>
                    <altitudeFt>900</altitudeFt>
                </position>
                <position>
                    <lat>54.3905</lat>
                    <lon>18.414</lon>
                    <date>2013-07-12T00:07:57+02:00</date>
                    <speedMph>140</speedMph>
                    <altitudeFt>930</altitudeFt>
                </position>
                <position>
                    <lat>54.3915</lat>
                    <lon>18.4098</lon>
                    <date>2013-07-12T00:07:52+02:00</date>
                    <speedMph>144</speedMph>
                    <altitudeFt>980</altitudeFt>
                </position>
                <position>
                    <lat>54.3926</lat>
                    <lon>18.4056</lon>
                    <date>2013-07-12T00:07:47+02:00</date>
                    <speedMph>140</speedMph>
                    <altitudeFt>1030</altitudeFt>
                </position>
                <position>
                    <lat>54.3951</lat>
                    <lon>18.3955</lon>
                    <date>2013-07-12T00:07:42+02:00</date>
                    <speedMph>140</speedMph>
                    <altitudeFt>1180</altitudeFt>
                </position>
                <position>
                    <lat>54.3954</lat>
                    <lon>18.3942</lon>
                    <date>2013-07-12T00:07:37+02:00</date>
                    <speedMph>140</speedMph>
                    <altitudeFt>1200</altitudeFt>
                </position>
                <position>
                    <lat>54.3964</lat>
                    <lon>18.39</lon>
                    <date>2013-07-12T00:07:32+02:00</date>
                    <speedMph>140</speedMph>
                    <altitudeFt>1250</altitudeFt>
                </position>
                <position>
                    <lat>54.3975</lat>
                    <lon>18.3854</lon>
                    <date>2013-07-12T00:07:27+02:00</date>
                    <speedMph>140</speedMph>
                    <altitudeFt>1300</altitudeFt>
                </position>
                <position>
                    <lat>54.3995</lat>
                    <lon>18.3769</lon>
                    <date>2013-07-12T00:07:22+02:00</date>
                    <speedMph>140</speedMph>
                    <altitudeFt>1400</altitudeFt>
                </position>
                <position>
                    <lat>54.4004</lat>
                    <lon>18.3731</lon>
                    <date>2013-07-12T00:07:17+02:00</date>
                    <speedMph>144</speedMph>
                    <altitudeFt>1430</altitudeFt>
                </position>
                <position>
                    <lat>54.4014</lat>
                    <lon>18.3691</lon>
                    <date>2013-07-12T00:07:12+02:00</date>
                    <speedMph>144</speedMph>
                    <altitudeFt>1500</altitudeFt>
                </position>
                <position>
                    <lat>54.4023</lat>
                    <lon>18.3654</lon>
                    <date>2013-07-12T00:07:07+02:00</date>
                    <speedMph>144</speedMph>
                    <altitudeFt>1550</altitudeFt>
                </position>
                <position>
                    <lat>54.4036</lat>
                    <lon>18.3605</lon>
                    <date>2013-07-12T00:07:02+02:00</date>
                    <speedMph>144</speedMph>
                    <altitudeFt>1650</altitudeFt>
                </position>
                <position>
                    <lat>54.4056</lat>
                    <lon>18.3524</lon>
                    <date>2013-07-12T00:06:57+02:00</date>
                    <speedMph>144</speedMph>
                    <altitudeFt>1750</altitudeFt>
                </position>
                <position>
                    <lat>54.4067</lat>
                    <lon>18.3477</lon>
                    <date>2013-07-12T00:06:52+02:00</date>
                    <speedMph>148</speedMph>
                    <altitudeFt>1800</altitudeFt>
                </position>
                <position>
                    <lat>54.4117</lat>
                    <lon>18.3291</lon>
                    <date>2013-07-12T00:06:37+02:00</date>
                    <speedMph>172</speedMph>
                    <altitudeFt>2030</altitudeFt>
                </position>
                <position>
                    <lat>54.4164</lat>
                    <lon>18.3037</lon>
                    <date>2013-07-12T00:06:17+02:00</date>
                    <speedMph>184</speedMph>
                    <altitudeFt>2230</altitudeFt>
                </position>
                <position>
                    <lat>54.4163</lat>
                    <lon>18.2971</lon>
                    <date>2013-07-12T00:06:12+02:00</date>
                    <speedMph>192</speedMph>
                    <altitudeFt>2300</altitudeFt>
                </position>
                <position>
                    <lat>54.4156</lat>
                    <lon>18.2825</lon>
                    <date>2013-07-12T00:06:02+02:00</date>
                    <speedMph>204</speedMph>
                    <altitudeFt>2480</altitudeFt>
                </position>
                <position>
                    <lat>54.4153</lat>
                    <lon>18.2762</lon>
                    <date>2013-07-12T00:05:57+02:00</date>
                    <speedMph>212</speedMph>
                    <altitudeFt>2580</altitudeFt>
                </position>
                <position>
                    <lat>54.4147</lat>
                    <lon>18.2626</lon>
                    <date>2013-07-12T00:05:52+02:00</date>
                    <speedMph>220</speedMph>
                    <altitudeFt>2750</altitudeFt>
                </position>
                <position>
                    <lat>54.4144</lat>
                    <lon>18.257</lon>
                    <date>2013-07-12T00:05:47+02:00</date>
                    <speedMph>220</speedMph>
                    <altitudeFt>2850</altitudeFt>
                </position>
                <position>
                    <lat>54.4141</lat>
                    <lon>18.2502</lon>
                    <date>2013-07-12T00:05:42+02:00</date>
                    <speedMph>220</speedMph>
                    <altitudeFt>2980</altitudeFt>
                </position>
                <position>
                    <lat>54.4133</lat>
                    <lon>18.2354</lon>
                    <date>2013-07-12T00:05:37+02:00</date>
                    <speedMph>224</speedMph>
                    <altitudeFt>3230</altitudeFt>
                </position>
                <position>
                    <lat>54.413</lat>
                    <lon>18.2281</lon>
                    <date>2013-07-12T00:05:32+02:00</date>
                    <speedMph>228</speedMph>
                    <altitudeFt>3300</altitudeFt>
                </position>
                <position>
                    <lat>54.4126</lat>
                    <lon>18.2206</lon>
                    <date>2013-07-12T00:05:27+02:00</date>
                    <speedMph>228</speedMph>
                    <altitudeFt>3400</altitudeFt>
                </position>
                <position>
                    <lat>54.4123</lat>
                    <lon>18.2136</lon>
                    <date>2013-07-12T00:05:22+02:00</date>
                    <speedMph>228</speedMph>
                    <altitudeFt>3530</altitudeFt>
                </position>
                <position>
                    <lat>54.4119</lat>
                    <lon>18.2067</lon>
                    <date>2013-07-12T00:05:17+02:00</date>
                    <speedMph>228</speedMph>
                    <altitudeFt>3650</altitudeFt>
                </position>
                <position>
                    <lat>54.4113</lat>
                    <lon>18.192</lon>
                    <date>2013-07-12T00:05:12+02:00</date>
                    <speedMph>228</speedMph>
                    <altitudeFt>3900</altitudeFt>
                </position>
                <position>
                    <lat>54.411</lat>
                    <lon>18.1842</lon>
                    <date>2013-07-12T00:05:07+02:00</date>
                    <speedMph>228</speedMph>
                    <altitudeFt>4080</altitudeFt>
                </position>
                <position>
                    <lat>54.4108</lat>
                    <lon>18.1775</lon>
                    <date>2013-07-12T00:05:02+02:00</date>
                    <speedMph>228</speedMph>
                    <altitudeFt>4200</altitudeFt>
                </position>
                <position>
                    <lat>54.4103</lat>
                    <lon>18.1634</lon>
                    <date>2013-07-12T00:04:57+02:00</date>
                    <speedMph>228</speedMph>
                    <altitudeFt>4400</altitudeFt>
                </position>
                <position>
                    <lat>54.41</lat>
                    <lon>18.1562</lon>
                    <date>2013-07-12T00:04:52+02:00</date>
                    <speedMph>232</speedMph>
                    <altitudeFt>4500</altitudeFt>
                </position>
                <position>
                    <lat>54.4096</lat>
                    <lon>18.1485</lon>
                    <date>2013-07-12T00:04:47+02:00</date>
                    <speedMph>232</speedMph>
                    <altitudeFt>4600</altitudeFt>
                </position>
                <position>
                    <lat>54.4094</lat>
                    <lon>18.1417</lon>
                    <date>2013-07-12T00:04:42+02:00</date>
                    <speedMph>236</speedMph>
                    <altitudeFt>4650</altitudeFt>
                </position>
                <position>
                    <lat>54.4088</lat>
                    <lon>18.1261</lon>
                    <date>2013-07-12T00:04:37+02:00</date>
                    <speedMph>244</speedMph>
                    <altitudeFt>4750</altitudeFt>
                </position>
                <position>
                    <lat>54.4084</lat>
                    <lon>18.1186</lon>
                    <date>2013-07-12T00:04:32+02:00</date>
                    <speedMph>248</speedMph>
                    <altitudeFt>4800</altitudeFt>
                </position>
                <position>
                    <lat>54.4081</lat>
                    <lon>18.1107</lon>
                    <date>2013-07-12T00:04:27+02:00</date>
                    <speedMph>252</speedMph>
                    <altitudeFt>4850</altitudeFt>
                </position>
                <position>
                    <lat>54.4078</lat>
                    <lon>18.103</lon>
                    <date>2013-07-12T00:04:22+02:00</date>
                    <speedMph>256</speedMph>
                    <altitudeFt>4930</altitudeFt>
                </position>
                <position>
                    <lat>54.4075</lat>
                    <lon>18.095</lon>
                    <date>2013-07-12T00:04:17+02:00</date>
                    <speedMph>256</speedMph>
                    <altitudeFt>4950</altitudeFt>
                </position>
                <position>
                    <lat>54.4069</lat>
                    <lon>18.0791</lon>
                    <date>2013-07-12T00:04:12+02:00</date>
                    <speedMph>260</speedMph>
                    <altitudeFt>5050</altitudeFt>
                </position>
                <position>
                    <lat>54.4062</lat>
                    <lon>18.0619</lon>
                    <date>2013-07-12T00:04:02+02:00</date>
                    <speedMph>268</speedMph>
                    <altitudeFt>5150</altitudeFt>
                </position>
                <position>
                    <lat>54.405</lat>
                    <lon>18.0357</lon>
                    <date>2013-07-12T00:03:52+02:00</date>
                    <speedMph>276</speedMph>
                    <altitudeFt>5300</altitudeFt>
                </position>
                <position>
                    <lat>54.4043</lat>
                    <lon>18.0189</lon>
                    <date>2013-07-12T00:03:42+02:00</date>
                    <speedMph>280</speedMph>
                    <altitudeFt>5400</altitudeFt>
                </position>
                <position>
                    <lat>54.4031</lat>
                    <lon>17.9901</lon>
                    <date>2013-07-12T00:03:32+02:00</date>
                    <speedMph>288</speedMph>
                    <altitudeFt>5550</altitudeFt>
                </position>
                <position>
                    <lat>54.4025</lat>
                    <lon>17.9733</lon>
                    <date>2013-07-12T00:03:22+02:00</date>
                    <speedMph>296</speedMph>
                    <altitudeFt>5650</altitudeFt>
                </position>
                <position>
                    <lat>54.4012</lat>
                    <lon>17.9395</lon>
                    <date>2013-07-12T00:03:12+02:00</date>
                    <speedMph>308</speedMph>
                    <altitudeFt>5850</altitudeFt>
                </position>
                <position>
                    <lat>54.4006</lat>
                    <lon>17.9261</lon>
                    <date>2013-07-12T00:03:02+02:00</date>
                    <speedMph>312</speedMph>
                    <altitudeFt>5930</altitudeFt>
                </position>
                <position>
                    <lat>54.3995</lat>
                    <lon>17.8961</lon>
                    <date>2013-07-12T00:02:52+02:00</date>
                    <speedMph>320</speedMph>
                    <altitudeFt>6130</altitudeFt>
                </position>
                <position>
                    <lat>54.3988</lat>
                    <lon>17.8765</lon>
                    <date>2013-07-12T00:02:42+02:00</date>
                    <speedMph>320</speedMph>
                    <altitudeFt>6380</altitudeFt>
                </position>
                <position>
                    <lat>54.3978</lat>
                    <lon>17.8547</lon>
                    <date>2013-07-12T00:02:32+02:00</date>
                    <speedMph>320</speedMph>
                    <altitudeFt>6700</altitudeFt>
                </position>
                <position>
                    <lat>54.3964</lat>
                    <lon>17.8252</lon>
                    <date>2013-07-12T00:02:22+02:00</date>
                    <speedMph>324</speedMph>
                    <altitudeFt>7000</altitudeFt>
                </position>
                <position>
                    <lat>54.3938</lat>
                    <lon>17.7847</lon>
                    <date>2013-07-12T00:02:12+02:00</date>
                    <speedMph>328</speedMph>
                    <altitudeFt>7280</altitudeFt>
                </position>
                <position>
                    <lat>54.3935</lat>
                    <lon>17.7798</lon>
                    <date>2013-07-12T00:02:02+02:00</date>
                    <speedMph>328</speedMph>
                    <altitudeFt>7330</altitudeFt>
                </position>
                <position>
                    <lat>54.3913</lat>
                    <lon>17.7483</lon>
                    <date>2013-07-12T00:01:52+02:00</date>
                    <speedMph>328</speedMph>
                    <altitudeFt>7500</altitudeFt>
                </position>
                <position>
                    <lat>54.3886</lat>
                    <lon>17.708</lon>
                    <date>2013-07-12T00:01:42+02:00</date>
                    <speedMph>332</speedMph>
                    <altitudeFt>7900</altitudeFt>
                </position>
                <position>
                    <lat>54.3877</lat>
                    <lon>17.6961</lon>
                    <date>2013-07-12T00:01:32+02:00</date>
                    <speedMph>332</speedMph>
                    <altitudeFt>8050</altitudeFt>
                </position>
                <position>
                    <lat>54.3856</lat>
                    <lon>17.666</lon>
                    <date>2013-07-12T00:01:22+02:00</date>
                    <speedMph>332</speedMph>
                    <altitudeFt>8530</altitudeFt>
                </position>
                <position>
                    <lat>54.384</lat>
                    <lon>17.6448</lon>
                    <date>2013-07-12T00:01:12+02:00</date>
                    <speedMph>336</speedMph>
                    <altitudeFt>8850</altitudeFt>
                </position>
                <position>
                    <lat>54.3821</lat>
                    <lon>17.6167</lon>
                    <date>2013-07-12T00:01:02+02:00</date>
                    <speedMph>336</speedMph>
                    <altitudeFt>9280</altitudeFt>
                </position>
                <position>
                    <lat>54.38</lat>
                    <lon>17.5862</lon>
                    <date>2013-07-12T00:00:52+02:00</date>
                    <speedMph>332</speedMph>
                    <altitudeFt>9830</altitudeFt>
                </position>
                <position>
                    <lat>54.3756</lat>
                    <lon>17.5229</lon>
                    <date>2013-07-12T00:00:27+02:00</date>
                    <speedMph>336</speedMph>
                    <altitudeFt>10680</altitudeFt>
                </position>
                <position>
                    <lat>54.3704</lat>
                    <lon>17.4477</lon>
                    <date>2013-07-11T23:59:57+02:00</date>
                    <speedMph>340</speedMph>
                    <altitudeFt>11730</altitudeFt>
                </position>
                <position>
                    <lat>54.3643</lat>
                    <lon>17.3606</lon>
                    <date>2013-07-11T23:59:27+02:00</date>
                    <speedMph>344</speedMph>
                    <altitudeFt>11980</altitudeFt>
                </position>
                <position>
                    <lat>54.3586</lat>
                    <lon>17.2797</lon>
                    <date>2013-07-11T23:58:57+02:00</date>
                    <speedMph>300</speedMph>
                    <altitudeFt>11980</altitudeFt>
                </position>
                <position>
                    <lat>54.3541</lat>
                    <lon>17.2183</lon>
                    <date>2013-07-11T23:58:27+02:00</date>
                    <speedMph>268</speedMph>
                    <altitudeFt>12050</altitudeFt>
                </position>
                <position>
                    <lat>54.3491</lat>
                    <lon>17.1499</lon>
                    <date>2013-07-11T23:57:57+02:00</date>
                    <speedMph>276</speedMph>
                    <altitudeFt>12430</altitudeFt>
                </position>
                <position>
                    <lat>54.3445</lat>
                    <lon>17.0875</lon>
                    <date>2013-07-11T23:57:27+02:00</date>
                    <speedMph>292</speedMph>
                    <altitudeFt>12730</altitudeFt>
                </position>
                <position>
                    <lat>54.3391</lat>
                    <lon>17.0147</lon>
                    <date>2013-07-11T23:56:57+02:00</date>
                    <speedMph>296</speedMph>
                    <altitudeFt>13500</altitudeFt>
                </position>
                <position>
                    <lat>54.3342</lat>
                    <lon>16.9487</lon>
                    <date>2013-07-11T23:56:27+02:00</date>
                    <speedMph>312</speedMph>
                    <altitudeFt>13900</altitudeFt>
                </position>
                <position>
                    <lat>54.3285</lat>
                    <lon>16.8697</lon>
                    <date>2013-07-11T23:55:57+02:00</date>
                    <speedMph>320</speedMph>
                    <altitudeFt>14730</altitudeFt>
                </position>
                <position>
                    <lat>54.3234</lat>
                    <lon>16.7973</lon>
                    <date>2013-07-11T23:55:27+02:00</date>
                    <speedMph>328</speedMph>
                    <altitudeFt>15500</altitudeFt>
                </position>
                <position>
                    <lat>54.3095</lat>
                    <lon>16.6389</lon>
                    <date>2013-07-11T23:54:27+02:00</date>
                    <speedMph>332</speedMph>
                    <altitudeFt>17450</altitudeFt>
                </position>
                <position>
                    <lat>54.2932</lat>
                    <lon>16.4786</lon>
                    <date>2013-07-11T23:53:27+02:00</date>
                    <speedMph>352</speedMph>
                    <altitudeFt>19150</altitudeFt>
                </position>
                <position>
                    <lat>54.2759</lat>
                    <lon>16.3109</lon>
                    <date>2013-07-11T23:52:27+02:00</date>
                    <speedMph>368</speedMph>
                    <altitudeFt>20930</altitudeFt>
                </position>
                <position>
                    <lat>54.2582</lat>
                    <lon>16.1385</lon>
                    <date>2013-07-11T23:51:27+02:00</date>
                    <speedMph>388</speedMph>
                    <altitudeFt>22830</altitudeFt>
                </position>
                <position>
                    <lat>54.2385</lat>
                    <lon>15.953</lon>
                    <date>2013-07-11T23:50:27+02:00</date>
                    <speedMph>396</speedMph>
                    <altitudeFt>25230</altitudeFt>
                </position>
                <position>
                    <lat>54.2181</lat>
                    <lon>15.7618</lon>
                    <date>2013-07-11T23:49:27+02:00</date>
                    <speedMph>424</speedMph>
                    <altitudeFt>27050</altitudeFt>
                </position>
                <position>
                    <lat>54.1985</lat>
                    <lon>15.5839</lon>
                    <date>2013-07-11T23:48:27+02:00</date>
                    <speedMph>396</speedMph>
                    <altitudeFt>30630</altitudeFt>
                </position>
                <position>
                    <lat>54.1781</lat>
                    <lon>15.3979</lon>
                    <date>2013-07-11T23:47:27+02:00</date>
                    <speedMph>416</speedMph>
                    <altitudeFt>32500</altitudeFt>
                </position>
                <position>
                    <lat>54.1562</lat>
                    <lon>15.2041</lon>
                    <date>2013-07-11T23:46:27+02:00</date>
                    <speedMph>416</speedMph>
                    <altitudeFt>34800</altitudeFt>
                </position>
                <position>
                    <lat>54.1342</lat>
                    <lon>15.011</lon>
                    <date>2013-07-11T23:45:27+02:00</date>
                    <speedMph>420</speedMph>
                    <altitudeFt>34980</altitudeFt>
                </position>
                <position>
                    <lat>54.1106</lat>
                    <lon>14.808</lon>
                    <date>2013-07-11T23:44:27+02:00</date>
                    <speedMph>420</speedMph>
                    <altitudeFt>34980</altitudeFt>
                </position>
                <position>
                    <lat>54.0882</lat>
                    <lon>14.6174</lon>
                    <date>2013-07-11T23:43:27+02:00</date>
                    <speedMph>420</speedMph>
                    <altitudeFt>35000</altitudeFt>
                </position>
                <position>
                    <lat>54.0653</lat>
                    <lon>14.4226</lon>
                    <date>2013-07-11T23:42:27+02:00</date>
                    <speedMph>420</speedMph>
                    <altitudeFt>35030</altitudeFt>
                </position>
                <position>
                    <lat>54.0428</lat>
                    <lon>14.2355</lon>
                    <date>2013-07-11T23:41:27+02:00</date>
                    <speedMph>420</speedMph>
                    <altitudeFt>34950</altitudeFt>
                </position>
                <position>
                    <lat>54.019</lat>
                    <lon>14.0424</lon>
                    <date>2013-07-11T23:40:27+02:00</date>
                    <speedMph>416</speedMph>
                    <altitudeFt>34980</altitudeFt>
                </position>
                <position>
                    <lat>53.9953</lat>
                    <lon>13.8525</lon>
                    <date>2013-07-11T23:39:27+02:00</date>
                    <speedMph>420</speedMph>
                    <altitudeFt>34980</altitudeFt>
                </position>
                <position>
                    <lat>53.98</lat>
                    <lon>13.6474</lon>
                    <date>2013-07-11T23:38:27+02:00</date>
                    <speedMph>428</speedMph>
                    <altitudeFt>35030</altitudeFt>
                </position>
                <position>
                    <lat>53.967</lat>
                    <lon>13.454</lon>
                    <date>2013-07-11T23:37:27+02:00</date>
                    <speedMph>428</speedMph>
                    <altitudeFt>35050</altitudeFt>
                </position>
                <position>
                    <lat>53.9532</lat>
                    <lon>13.2523</lon>
                    <date>2013-07-11T23:36:27+02:00</date>
                    <speedMph>432</speedMph>
                    <altitudeFt>34980</altitudeFt>
                </position>
                <position>
                    <lat>53.9393</lat>
                    <lon>13.0527</lon>
                    <date>2013-07-11T23:35:27+02:00</date>
                    <speedMph>428</speedMph>
                    <altitudeFt>34950</altitudeFt>
                </position>
                <position>
                    <lat>53.9251</lat>
                    <lon>12.8572</lon>
                    <date>2013-07-11T23:34:27+02:00</date>
                    <speedMph>424</speedMph>
                    <altitudeFt>34950</altitudeFt>
                </position>
                <position>
                    <lat>53.9103</lat>
                    <lon>12.6592</lon>
                    <date>2013-07-11T23:33:27+02:00</date>
                    <speedMph>428</speedMph>
                    <altitudeFt>34980</altitudeFt>
                </position>
                <position>
                    <lat>53.8954</lat>
                    <lon>12.4605</lon>
                    <date>2013-07-11T23:32:27+02:00</date>
                    <speedMph>428</speedMph>
                    <altitudeFt>35030</altitudeFt>
                </position>
                <position>
                    <lat>53.8801</lat>
                    <lon>12.2612</lon>
                    <date>2013-07-11T23:31:27+02:00</date>
                    <speedMph>432</speedMph>
                    <altitudeFt>35030</altitudeFt>
                </position>
                <position>
                    <lat>53.8642</lat>
                    <lon>12.0587</lon>
                    <date>2013-07-11T23:30:27+02:00</date>
                    <speedMph>436</speedMph>
                    <altitudeFt>35030</altitudeFt>
                </position>
                <position>
                    <lat>53.8481</lat>
                    <lon>11.8589</lon>
                    <date>2013-07-11T23:29:27+02:00</date>
                    <speedMph>436</speedMph>
                    <altitudeFt>34980</altitudeFt>
                </position>
                <position>
                    <lat>53.8314</lat>
                    <lon>11.6561</lon>
                    <date>2013-07-11T23:28:27+02:00</date>
                    <speedMph>432</speedMph>
                    <altitudeFt>34980</altitudeFt>
                </position>
                <position>
                    <lat>53.8144</lat>
                    <lon>11.4532</lon>
                    <date>2013-07-11T23:27:27+02:00</date>
                    <speedMph>432</speedMph>
                    <altitudeFt>34980</altitudeFt>
                </position>
                <position>
                    <lat>53.7972</lat>
                    <lon>11.2546</lon>
                    <date>2013-07-11T23:26:27+02:00</date>
                    <speedMph>428</speedMph>
                    <altitudeFt>35000</altitudeFt>
                </position>
                <position>
                    <lat>53.7789</lat>
                    <lon>11.0481</lon>
                    <date>2013-07-11T23:25:27+02:00</date>
                    <speedMph>432</speedMph>
                    <altitudeFt>34980</altitudeFt>
                </position>
                <position>
                    <lat>53.771</lat>
                    <lon>10.8328</lon>
                    <date>2013-07-11T23:24:27+02:00</date>
                    <speedMph>440</speedMph>
                    <altitudeFt>35000</altitudeFt>
                </position>
                <position>
                    <lat>53.7688</lat>
                    <lon>10.6433</lon>
                    <date>2013-07-11T23:23:27+02:00</date>
                    <speedMph>440</speedMph>
                    <altitudeFt>35000</altitudeFt>
                </position>
                <position>
                    <lat>53.7658</lat>
                    <lon>10.4212</lon>
                    <date>2013-07-11T23:22:27+02:00</date>
                    <speedMph>440</speedMph>
                    <altitudeFt>35000</altitudeFt>
                </position>
                <position>
                    <lat>53.7628</lat>
                    <lon>10.224</lon>
                    <date>2013-07-11T23:21:27+02:00</date>
                    <speedMph>440</speedMph>
                    <altitudeFt>34980</altitudeFt>
                </position>
                <position>
                    <lat>53.7593</lat>
                    <lon>10.0162</lon>
                    <date>2013-07-11T23:20:27+02:00</date>
                    <speedMph>440</speedMph>
                    <altitudeFt>34980</altitudeFt>
                </position>
                <position>
                    <lat>53.7557</lat>
                    <lon>9.8181</lon>
                    <date>2013-07-11T23:19:27+02:00</date>
                    <speedMph>440</speedMph>
                    <altitudeFt>35000</altitudeFt>
                </position>
                <position>
                    <lat>53.7515</lat>
                    <lon>9.613</lon>
                    <date>2013-07-11T23:18:27+02:00</date>
                    <speedMph>444</speedMph>
                    <altitudeFt>35000</altitudeFt>
                </position>
                <position>
                    <lat>53.7468</lat>
                    <lon>9.4024</lon>
                    <date>2013-07-11T23:17:27+02:00</date>
                    <speedMph>444</speedMph>
                    <altitudeFt>35000</altitudeFt>
                </position>
                <position>
                    <lat>53.7418</lat>
                    <lon>9.1897</lon>
                    <date>2013-07-11T23:16:27+02:00</date>
                    <speedMph>444</speedMph>
                    <altitudeFt>35000</altitudeFt>
                </position>
                <position>
                    <lat>53.7365</lat>
                    <lon>8.9817</lon>
                    <date>2013-07-11T23:15:27+02:00</date>
                    <speedMph>448</speedMph>
                    <altitudeFt>35000</altitudeFt>
                </position>
                <position>
                    <lat>53.7314</lat>
                    <lon>8.7942</lon>
                    <date>2013-07-11T23:14:27+02:00</date>
                    <speedMph>444</speedMph>
                    <altitudeFt>35000</altitudeFt>
                </position>
                <position>
                    <lat>53.7246</lat>
                    <lon>8.5583</lon>
                    <date>2013-07-11T23:13:27+02:00</date>
                    <speedMph>444</speedMph>
                    <altitudeFt>35000</altitudeFt>
                </position>
                <position>
                    <lat>53.7187</lat>
                    <lon>8.3643</lon>
                    <date>2013-07-11T23:12:27+02:00</date>
                    <speedMph>444</speedMph>
                    <altitudeFt>35000</altitudeFt>
                </position>
                <position>
                    <lat>53.7088</lat>
                    <lon>8.0673</lon>
                    <date>2013-07-11T23:11:27+02:00</date>
                    <speedMph>444</speedMph>
                    <altitudeFt>35000</altitudeFt>
                </position>
                <position>
                    <lat>53.7023</lat>
                    <lon>7.8829</lon>
                    <date>2013-07-11T23:10:13+02:00</date>
                    <speedMph>444</speedMph>
                    <altitudeFt>35000</altitudeFt>
                </position>
                <position>
                    <lat>53.695</lat>
                    <lon>7.6827</lon>
                    <date>2013-07-11T23:09:13+02:00</date>
                    <speedMph>444</speedMph>
                    <altitudeFt>35000</altitudeFt>
                </position>
                <position>
                    <lat>53.687</lat>
                    <lon>7.4745</lon>
                    <date>2013-07-11T23:08:13+02:00</date>
                    <speedMph>444</speedMph>
                    <altitudeFt>35000</altitudeFt>
                </position>
                <position>
                    <lat>53.6789</lat>
                    <lon>7.2739</lon>
                    <date>2013-07-11T23:07:13+02:00</date>
                    <speedMph>448</speedMph>
                    <altitudeFt>35000</altitudeFt>
                </position>
                <position>
                    <lat>53.6707</lat>
                    <lon>7.0743</lon>
                    <date>2013-07-11T23:06:13+02:00</date>
                    <speedMph>444</speedMph>
                    <altitudeFt>34980</altitudeFt>
                </position>
                <position>
                    <lat>53.6612</lat>
                    <lon>6.8552</lon>
                    <date>2013-07-11T23:05:13+02:00</date>
                    <speedMph>444</speedMph>
                    <altitudeFt>34980</altitudeFt>
                </position>
                <position>
                    <lat>53.6519</lat>
                    <lon>6.6492</lon>
                    <date>2013-07-11T23:04:13+02:00</date>
                    <speedMph>444</speedMph>
                    <altitudeFt>34980</altitudeFt>
                </position>
                <position>
                    <lat>53.6422</lat>
                    <lon>6.4455</lon>
                    <date>2013-07-11T23:03:13+02:00</date>
                    <speedMph>448</speedMph>
                    <altitudeFt>34980</altitudeFt>
                </position>
                <position>
                    <lat>53.6322</lat>
                    <lon>6.2398</lon>
                    <date>2013-07-11T23:02:13+02:00</date>
                    <speedMph>448</speedMph>
                    <altitudeFt>34980</altitudeFt>
                </position>
                <position>
                    <lat>53.6221</lat>
                    <lon>6.0399</lon>
                    <date>2013-07-11T23:01:13+02:00</date>
                    <speedMph>448</speedMph>
                    <altitudeFt>35000</altitudeFt>
                </position>
                <position>
                    <lat>53.6113</lat>
                    <lon>5.8323</lon>
                    <date>2013-07-11T23:00:13+02:00</date>
                    <speedMph>452</speedMph>
                    <altitudeFt>35030</altitudeFt>
                </position>
                <position>
                    <lat>53.5995</lat>
                    <lon>5.6132</lon>
                    <date>2013-07-11T22:59:13+02:00</date>
                    <speedMph>452</speedMph>
                    <altitudeFt>35000</altitudeFt>
                </position>
                <position>
                    <lat>53.5875</lat>
                    <lon>5.3983</lon>
                    <date>2013-07-11T22:58:13+02:00</date>
                    <speedMph>456</speedMph>
                    <altitudeFt>35000</altitudeFt>
                </position>
                <position>
                    <lat>53.5762</lat>
                    <lon>5.2013</lon>
                    <date>2013-07-11T22:57:13+02:00</date>
                    <speedMph>452</speedMph>
                    <altitudeFt>34980</altitudeFt>
                </position>
                <position>
                    <lat>53.5632</lat>
                    <lon>4.986</lon>
                    <date>2013-07-11T22:56:13+02:00</date>
                    <speedMph>452</speedMph>
                    <altitudeFt>34980</altitudeFt>
                </position>
                <position>
                    <lat>53.5506</lat>
                    <lon>4.7788</lon>
                    <date>2013-07-11T22:55:13+02:00</date>
                    <speedMph>452</speedMph>
                    <altitudeFt>34980</altitudeFt>
                </position>
                <position>
                    <lat>53.5376</lat>
                    <lon>4.5719</lon>
                    <date>2013-07-11T22:54:13+02:00</date>
                    <speedMph>452</speedMph>
                    <altitudeFt>34980</altitudeFt>
                </position>
                <position>
                    <lat>53.5238</lat>
                    <lon>4.3599</lon>
                    <date>2013-07-11T22:53:13+02:00</date>
                    <speedMph>452</speedMph>
                    <altitudeFt>35000</altitudeFt>
                </position>
                <position>
                    <lat>53.5098</lat>
                    <lon>4.1498</lon>
                    <date>2013-07-11T22:52:13+02:00</date>
                    <speedMph>452</speedMph>
                    <altitudeFt>35030</altitudeFt>
                </position>
                <position>
                    <lat>53.4961</lat>
                    <lon>3.949</lon>
                    <date>2013-07-11T22:51:13+02:00</date>
                    <speedMph>452</speedMph>
                    <altitudeFt>35000</altitudeFt>
                </position>
                <position>
                    <lat>53.4816</lat>
                    <lon>3.7425</lon>
                    <date>2013-07-11T22:50:13+02:00</date>
                    <speedMph>452</speedMph>
                    <altitudeFt>34980</altitudeFt>
                </position>
                <position>
                    <lat>53.4659</lat>
                    <lon>3.5248</lon>
                    <date>2013-07-11T22:49:13+02:00</date>
                    <speedMph>452</speedMph>
                    <altitudeFt>34980</altitudeFt>
                </position>
                <position>
                    <lat>53.451</lat>
                    <lon>3.3222</lon>
                    <date>2013-07-11T22:48:13+02:00</date>
                    <speedMph>452</speedMph>
                    <altitudeFt>35000</altitudeFt>
                </position>
                <position>
                    <lat>53.4347</lat>
                    <lon>3.108</lon>
                    <date>2013-07-11T22:47:13+02:00</date>
                    <speedMph>452</speedMph>
                    <altitudeFt>35000</altitudeFt>
                </position>
                <position>
                    <lat>53.4174</lat>
                    <lon>2.9053</lon>
                    <date>2013-07-11T22:46:13+02:00</date>
                    <speedMph>452</speedMph>
                    <altitudeFt>34980</altitudeFt>
                </position>
                <position>
                    <lat>53.4067</lat>
                    <lon>2.6947</lon>
                    <date>2013-07-11T22:45:13+02:00</date>
                    <speedMph>448</speedMph>
                    <altitudeFt>35000</altitudeFt>
                </position>
                <position>
                    <lat>53.3991</lat>
                    <lon>2.5005</lon>
                    <date>2013-07-11T22:44:13+02:00</date>
                    <speedMph>452</speedMph>
                    <altitudeFt>35000</altitudeFt>
                </position>
                <position>
                    <lat>53.39</lat>
                    <lon>2.2733</lon>
                    <date>2013-07-11T22:43:13+02:00</date>
                    <speedMph>452</speedMph>
                    <altitudeFt>34980</altitudeFt>
                </position>
                <position>
                    <lat>53.3815</lat>
                    <lon>2.0726</lon>
                    <date>2013-07-11T22:42:13+02:00</date>
                    <speedMph>452</speedMph>
                    <altitudeFt>34980</altitudeFt>
                </position>
                <position>
                    <lat>53.3724</lat>
                    <lon>1.8695</lon>
                    <date>2013-07-11T22:41:13+02:00</date>
                    <speedMph>448</speedMph>
                    <altitudeFt>34980</altitudeFt>
                </position>
                <position>
                    <lat>53.3625</lat>
                    <lon>1.6563</lon>
                    <date>2013-07-11T22:40:13+02:00</date>
                    <speedMph>452</speedMph>
                    <altitudeFt>35000</altitudeFt>
                </position>
                <position>
                    <lat>53.353</lat>
                    <lon>1.444</lon>
                    <date>2013-07-11T22:39:13+02:00</date>
                    <speedMph>452</speedMph>
                    <altitudeFt>35000</altitudeFt>
                </position>
                <position>
                    <lat>53.3434</lat>
                    <lon>1.24</lon>
                    <date>2013-07-11T22:38:13+02:00</date>
                    <speedMph>452</speedMph>
                    <altitudeFt>35000</altitudeFt>
                </position>
                <position>
                    <lat>53.3332</lat>
                    <lon>1.0298</lon>
                    <date>2013-07-11T22:37:13+02:00</date>
                    <speedMph>452</speedMph>
                    <altitudeFt>35000</altitudeFt>
                </position>
                <position>
                    <lat>53.3218</lat>
                    <lon>0.8156</lon>
                    <date>2013-07-11T22:36:13+02:00</date>
                    <speedMph>456</speedMph>
                    <altitudeFt>35000</altitudeFt>
                </position>
                <position>
                    <lat>53.3106</lat>
                    <lon>0.6079</lon>
                    <date>2013-07-11T22:35:13+02:00</date>
                    <speedMph>452</speedMph>
                    <altitudeFt>35000</altitudeFt>
                </position>
                <position>
                    <lat>53.2986</lat>
                    <lon>0.3963</lon>
                    <date>2013-07-11T22:34:13+02:00</date>
                    <speedMph>452</speedMph>
                    <altitudeFt>35000</altitudeFt>
                </position>
                <position>
                    <lat>53.2873</lat>
                    <lon>0.2036</lon>
                    <date>2013-07-11T22:33:13+02:00</date>
                    <speedMph>452</speedMph>
                    <altitudeFt>34980</altitudeFt>
                </position>
                <position>
                    <lat>53.2728</lat>
                    <lon>-0.0492</lon>
                    <date>2013-07-11T22:32:13+02:00</date>
                    <speedMph>464</speedMph>
                    <altitudeFt>33380</altitudeFt>
                </position>
                <position>
                    <lat>53.2926</lat>
                    <lon>-0.2121</lon>
                    <date>2013-07-11T22:31:13+02:00</date>
                    <speedMph>468</speedMph>
                    <altitudeFt>32300</altitudeFt>
                </position>
                <position>
                    <lat>53.328</lat>
                    <lon>-0.4362</lon>
                    <date>2013-07-11T22:30:13+02:00</date>
                    <speedMph>476</speedMph>
                    <altitudeFt>30700</altitudeFt>
                </position>
                <position>
                    <lat>53.3614</lat>
                    <lon>-0.6501</lon>
                    <date>2013-07-11T22:29:13+02:00</date>
                    <speedMph>468</speedMph>
                    <altitudeFt>29480</altitudeFt>
                </position>
                <position>
                    <lat>53.3934</lat>
                    <lon>-0.8815</lon>
                    <date>2013-07-11T22:28:13+02:00</date>
                    <speedMph>460</speedMph>
                    <altitudeFt>28130</altitudeFt>
                </position>
                <position>
                    <lat>53.4105</lat>
                    <lon>-1.0767</lon>
                    <date>2013-07-11T22:27:13+02:00</date>
                    <speedMph>452</speedMph>
                    <altitudeFt>26850</altitudeFt>
                </position>
                <position>
                    <lat>53.4285</lat>
                    <lon>-1.2876</lon>
                    <date>2013-07-11T22:26:13+02:00</date>
                    <speedMph>448</speedMph>
                    <altitudeFt>25250</altitudeFt>
                </position>
                <position>
                    <lat>53.4456</lat>
                    <lon>-1.4901</lon>
                    <date>2013-07-11T22:25:13+02:00</date>
                    <speedMph>436</speedMph>
                    <altitudeFt>23630</altitudeFt>
                </position>
                <position>
                    <lat>53.4618</lat>
                    <lon>-1.683</lon>
                    <date>2013-07-11T22:24:13+02:00</date>
                    <speedMph>420</speedMph>
                    <altitudeFt>22280</altitudeFt>
                </position>
                <position>
                    <lat>53.4785</lat>
                    <lon>-1.8788</lon>
                    <date>2013-07-11T22:23:13+02:00</date>
                    <speedMph>400</speedMph>
                    <altitudeFt>20650</altitudeFt>
                </position>
                <position>
                    <lat>53.495</lat>
                    <lon>-2.0593</lon>
                    <date>2013-07-11T22:22:13+02:00</date>
                    <speedMph>388</speedMph>
                    <altitudeFt>18580</altitudeFt>
                </position>
                <position>
                    <lat>53.4707</lat>
                    <lon>-2.2214</lon>
                    <date>2013-07-11T22:21:13+02:00</date>
                    <speedMph>368</speedMph>
                    <altitudeFt>16680</altitudeFt>
                </position>
                <position>
                    <lat>53.4335</lat>
                    <lon>-2.383</lon>
                    <date>2013-07-11T22:20:13+02:00</date>
                    <speedMph>352</speedMph>
                    <altitudeFt>14400</altitudeFt>
                </position>
                <position>
                    <lat>53.4163</lat>
                    <lon>-2.4568</lon>
                    <date>2013-07-11T22:19:43+02:00</date>
                    <speedMph>336</speedMph>
                    <altitudeFt>13300</altitudeFt>
                </position>
                <position>
                    <lat>53.401</lat>
                    <lon>-2.5217</lon>
                    <date>2013-07-11T22:19:13+02:00</date>
                    <speedMph>312</speedMph>
                    <altitudeFt>12680</altitudeFt>
                </position>
                <position>
                    <lat>53.3858</lat>
                    <lon>-2.6107</lon>
                    <date>2013-07-11T22:18:43+02:00</date>
                    <speedMph>276</speedMph>
                    <altitudeFt>11680</altitudeFt>
                </position>
                <position>
                    <lat>53.3863</lat>
                    <lon>-2.651</lon>
                    <date>2013-07-11T22:18:13+02:00</date>
                    <speedMph>252</speedMph>
                    <altitudeFt>11180</altitudeFt>
                </position>
                <position>
                    <lat>53.387</lat>
                    <lon>-2.7119</lon>
                    <date>2013-07-11T22:17:43+02:00</date>
                    <speedMph>240</speedMph>
                    <altitudeFt>9750</altitudeFt>
                </position>
                <position>
                    <lat>53.3871</lat>
                    <lon>-2.7247</lon>
                    <date>2013-07-11T22:17:33+02:00</date>
                    <speedMph>240</speedMph>
                    <altitudeFt>9430</altitudeFt>
                </position>
                <position>
                    <lat>53.3873</lat>
                    <lon>-2.7457</lon>
                    <date>2013-07-11T22:17:23+02:00</date>
                    <speedMph>236</speedMph>
                    <altitudeFt>8900</altitudeFt>
                </position>
                <position>
                    <lat>53.3874</lat>
                    <lon>-2.7686</lon>
                    <date>2013-07-11T22:17:08+02:00</date>
                    <speedMph>236</speedMph>
                    <altitudeFt>8150</altitudeFt>
                </position>
                <position>
                    <lat>53.3873</lat>
                    <lon>-2.8009</lon>
                    <date>2013-07-11T22:16:58+02:00</date>
                    <speedMph>248</speedMph>
                    <altitudeFt>6950</altitudeFt>
                </position>
                <position>
                    <lat>53.3873</lat>
                    <lon>-2.8105</lon>
                    <date>2013-07-11T22:16:48+02:00</date>
                    <speedMph>248</speedMph>
                    <altitudeFt>6680</altitudeFt>
                </position>
                <position>
                    <lat>53.387</lat>
                    <lon>-2.8302</lon>
                    <date>2013-07-11T22:16:38+02:00</date>
                    <speedMph>240</speedMph>
                    <altitudeFt>6200</altitudeFt>
                </position>
                <position>
                    <lat>53.3868</lat>
                    <lon>-2.848</lon>
                    <date>2013-07-11T22:16:28+02:00</date>
                    <speedMph>236</speedMph>
                    <altitudeFt>5780</altitudeFt>
                </position>
                <position>
                    <lat>53.3865</lat>
                    <lon>-2.8704</lon>
                    <date>2013-07-11T22:16:18+02:00</date>
                    <speedMph>228</speedMph>
                    <altitudeFt>5180</altitudeFt>
                </position>
                <position>
                    <lat>53.3862</lat>
                    <lon>-2.8897</lon>
                    <date>2013-07-11T22:16:08+02:00</date>
                    <speedMph>224</speedMph>
                    <altitudeFt>4650</altitudeFt>
                </position>
                <position>
                    <lat>53.386</lat>
                    <lon>-2.8976</lon>
                    <date>2013-07-11T22:15:58+02:00</date>
                    <speedMph>224</speedMph>
                    <altitudeFt>4400</altitudeFt>
                </position>
                <position>
                    <lat>53.3857</lat>
                    <lon>-2.9081</lon>
                    <date>2013-07-11T22:15:53+02:00</date>
                    <speedMph>224</speedMph>
                    <altitudeFt>4030</altitudeFt>
                </position>
                <position>
                    <lat>53.385</lat>
                    <lon>-2.9195</lon>
                    <date>2013-07-11T22:15:48+02:00</date>
                    <speedMph>228</speedMph>
                    <altitudeFt>3550</altitudeFt>
                </position>
                <position>
                    <lat>53.3825</lat>
                    <lon>-2.9357</lon>
                    <date>2013-07-11T22:15:38+02:00</date>
                    <speedMph>236</speedMph>
                    <altitudeFt>2880</altitudeFt>
                </position>
                <position>
                    <lat>53.3791</lat>
                    <lon>-2.9449</lon>
                    <date>2013-07-11T22:15:33+02:00</date>
                    <speedMph>232</speedMph>
                    <altitudeFt>2530</altitudeFt>
                </position>
                <position>
                    <lat>53.3764</lat>
                    <lon>-2.9496</lon>
                    <date>2013-07-11T22:15:28+02:00</date>
                    <speedMph>232</speedMph>
                    <altitudeFt>2380</altitudeFt>
                </position>
                <position>
                    <lat>53.3513</lat>
                    <lon>-2.9611</lon>
                    <date>2013-07-11T22:15:03+02:00</date>
                    <speedMph>232</speedMph>
                    <altitudeFt>1850</altitudeFt>
                </position>
                <position>
                    <lat>53.3453</lat>
                    <lon>-2.9581</lon>
                    <date>2013-07-11T22:14:58+02:00</date>
                    <speedMph>228</speedMph>
                    <altitudeFt>1800</altitudeFt>
                </position>
                <position>
                    <lat>53.3417</lat>
                    <lon>-2.9548</lon>
                    <date>2013-07-11T22:14:53+02:00</date>
                    <speedMph>220</speedMph>
                    <altitudeFt>1780</altitudeFt>
                </position>
                <position>
                    <lat>53.3375</lat>
                    <lon>-2.9493</lon>
                    <date>2013-07-11T22:14:48+02:00</date>
                    <speedMph>212</speedMph>
                    <altitudeFt>1750</altitudeFt>
                </position>
                <position>
                    <lat>53.3322</lat>
                    <lon>-2.937</lon>
                    <date>2013-07-11T22:14:38+02:00</date>
                    <speedMph>192</speedMph>
                    <altitudeFt>1580</altitudeFt>
                </position>
                <position>
                    <lat>53.3322</lat>
                    <lon>-2.937</lon>
                    <date>2013-07-11T22:14:33+02:00</date>
                    <speedMph>192</speedMph>
                    <altitudeFt>1580</altitudeFt>
                </position>
                <position>
                    <lat>53.3302</lat>
                    <lon>-2.9232</lon>
                    <date>2013-07-11T22:14:28+02:00</date>
                    <speedMph>180</speedMph>
                    <altitudeFt>1450</altitudeFt>
                </position>
                <position>
                    <lat>53.3307</lat>
                    <lon>-2.9097</lon>
                    <date>2013-07-11T22:14:18+02:00</date>
                    <speedMph>160</speedMph>
                    <altitudeFt>1350</altitudeFt>
                </position>
                <position>
                    <lat>53.3313</lat>
                    <lon>-2.8965</lon>
                    <date>2013-07-11T22:14:08+02:00</date>
                    <speedMph>152</speedMph>
                    <altitudeFt>1130</altitudeFt>
                </position>
                <position>
                    <lat>53.3319</lat>
                    <lon>-2.8855</lon>
                    <date>2013-07-11T22:13:58+02:00</date>
                    <speedMph>148</speedMph>
                    <altitudeFt>780</altitudeFt>
                </position>
                <position>
                    <lat>53.3322</lat>
                    <lon>-2.88</lon>
                    <date>2013-07-11T22:13:53+02:00</date>
                    <speedMph>148</speedMph>
                    <altitudeFt>580</altitudeFt>
                </position>
                <position>
                    <lat>53.3324</lat>
                    <lon>-2.8741</lon>
                    <date>2013-07-11T22:13:48+02:00</date>
                    <speedMph>152</speedMph>
                    <altitudeFt>350</altitudeFt>
                </position>
                <position>
                    <lat>53.333</lat>
                    <lon>-2.8621</lon>
                    <date>2013-07-11T22:13:38+02:00</date>
                    <speedMph>156</speedMph>
                    <altitudeFt>0</altitudeFt>
                </position>
                <position>
                    <lat>53.3333</lat>
                    <lon>-2.8565</lon>
                    <date>2013-07-11T22:13:33+02:00</date>
                    <speedMph>156</speedMph>
                    <altitudeFt>0</altitudeFt>
                </position>
                <position>
                    <lat>53.3339</lat>
                    <lon>-2.8442</lon>
                    <date>2013-07-11T22:13:23+02:00</date>
                    <speedMph>112</speedMph>
                    <altitudeFt>0</altitudeFt>
                </position>
                <position>
                    <lat>53.334</lat>
                    <lon>-2.8414</lon>
                    <date>2013-07-11T22:13:18+02:00</date>
                    <speedMph>96</speedMph>
                    <altitudeFt>0</altitudeFt>
                </position>
                <position>
                    <lat>53.3345</lat>
                    <lon>-2.8329</lon>
                    <date>2013-07-11T22:12:43+02:00</date>
                    <speedMph>8</speedMph>
                    <altitudeFt>0</altitudeFt>
                </position>
                <position>
                    <lat>53.3357</lat>
                    <lon>-2.8409</lon>
                    <date>2013-07-11T22:11:38+02:00</date>
                    <speedMph>20</speedMph>
                    <altitudeFt>0</altitudeFt>
                </position>
                <position>
                    <lat>53.3355</lat>
                    <lon>-2.844</lon>
                    <date>2013-07-11T22:11:04+02:00</date>
                    <speedMph>16</speedMph>
                    <altitudeFt>0</altitudeFt>
                </position>
                <position>
                    <lat>53.3354</lat>
                    <lon>-2.8462</lon>
                    <date>2013-07-11T22:10:49+02:00</date>
                    <speedMph>16</speedMph>
                    <altitudeFt>0</altitudeFt>
                </position>
                <position>
                    <lat>53.3354</lat>
                    <lon>-2.8471</lon>
                    <date>2013-07-11T22:10:39+02:00</date>
                    <speedMph>16</speedMph>
                    <altitudeFt>0</altitudeFt>
                </position>
                <position>
                    <lat>53.3354</lat>
                    <lon>-2.8474</lon>
                    <date>2013-07-11T22:10:34+02:00</date>
                    <speedMph>16</speedMph>
                    <altitudeFt>0</altitudeFt>
                </position>
                <position>
                    <lat>53.3354</lat>
                    <lon>-2.8482</lon>
                    <date>2013-07-11T22:10:29+02:00</date>
                    <speedMph>16</speedMph>
                    <altitudeFt>0</altitudeFt>
                </position>
                <position>
                    <lat>53.3353</lat>
                    <lon>-2.8498</lon>
                    <date>2013-07-11T22:10:14+02:00</date>
                    <speedMph>12</speedMph>
                    <altitudeFt>0</altitudeFt>
                </position>
                <position>
                    <lat>53.3352</lat>
                    <lon>-2.8513</lon>
                    <date>2013-07-11T22:09:59+02:00</date>
                    <speedMph>12</speedMph>
                    <altitudeFt>0</altitudeFt>
                </position>
                <position>
                    <lat>53.3352</lat>
                    <lon>-2.8517</lon>
                    <date>2013-07-11T22:09:49+02:00</date>
                    <speedMph>12</speedMph>
                    <altitudeFt>0</altitudeFt>
                </position>
            </positions>
        </flightTrack>
    </flightTracks>
</flightstatslog>
