<?xml version="1.0" encoding="UTF-8" standalone="yes"?>
<flightstatslog>
    <appendix>
        <airports>
            <airport>
                <fs>AMS</fs>
                <latitude>52.308613</latitude>
                <longitude>4.763889</longitude>
                <city>Amsterdam</city>
            </airport>
            <airport>
                <fs>EDI</fs>
                <latitude>55.95</latitude>
                <longitude>-3.3725</longitude>
                <city>Edinburgh</city>
            </airport>
        </airports>
    </appendix>
    <flightTracks>
        <flightTrack>
            <flightId>4220225</flightId>
            <departureAirportFsCode>AMS</departureAirportFsCode>
            <arrivalAirportFsCode>EDI</arrivalAirportFsCode>
            <positions>
                <position>
                    <lat>55.9486</lat>
                    <lon>-3.3596</lon>
                    <date>2013-07-12T00:06:02+02:00</date>
                    <speedMph>0</speedMph>
                    <altitudeFt>0</altitudeFt>
                </position>
                <position>
                    <lat>55.9486</lat>
                    <lon>-3.3595</lon>
                    <date>2013-07-12T00:05:57+02:00</date>
                    <speedMph>0</speedMph>
                    <altitudeFt>0</altitudeFt>
                </position>
                <position>
                    <lat>55.9486</lat>
                    <lon>-3.3595</lon>
                    <date>2013-07-12T00:05:52+02:00</date>
                    <speedMph>0</speedMph>
                    <altitudeFt>0</altitudeFt>
                </position>
                <position>
                    <lat>55.9486</lat>
                    <lon>-3.3595</lon>
                    <date>2013-07-12T00:05:47+02:00</date>
                    <speedMph>4</speedMph>
                    <altitudeFt>0</altitudeFt>
                </position>
                <position>
                    <lat>55.9487</lat>
                    <lon>-3.3595</lon>
                    <date>2013-07-12T00:05:42+02:00</date>
                    <speedMph>4</speedMph>
                    <altitudeFt>0</altitudeFt>
                </position>
                <position>
                    <lat>55.9488</lat>
                    <lon>-3.3594</lon>
                    <date>2013-07-12T00:05:37+02:00</date>
                    <speedMph>8</speedMph>
                    <altitudeFt>0</altitudeFt>
                </position>
                <position>
                    <lat>55.9489</lat>
                    <lon>-3.3592</lon>
                    <date>2013-07-12T00:05:32+02:00</date>
                    <speedMph>8</speedMph>
                    <altitudeFt>0</altitudeFt>
                </position>
                <position>
                    <lat>55.949</lat>
                    <lon>-3.3591</lon>
                    <date>2013-07-12T00:05:27+02:00</date>
                    <speedMph>8</speedMph>
                    <altitudeFt>0</altitudeFt>
                </position>
                <position>
                    <lat>55.9492</lat>
                    <lon>-3.3589</lon>
                    <date>2013-07-12T00:05:22+02:00</date>
                    <speedMph>8</speedMph>
                    <altitudeFt>0</altitudeFt>
                </position>
                <position>
                    <lat>55.9494</lat>
                    <lon>-3.3588</lon>
                    <date>2013-07-12T00:05:17+02:00</date>
                    <speedMph>8</speedMph>
                    <altitudeFt>0</altitudeFt>
                </position>
                <position>
                    <lat>55.9504</lat>
                    <lon>-3.3584</lon>
                    <date>2013-07-12T00:04:57+02:00</date>
                    <speedMph>8</speedMph>
                    <altitudeFt>0</altitudeFt>
                </position>
                <position>
                    <lat>55.951</lat>
                    <lon>-3.3605</lon>
                    <date>2013-07-12T00:04:42+02:00</date>
                    <speedMph>16</speedMph>
                    <altitudeFt>0</altitudeFt>
                </position>
                <position>
                    <lat>55.951</lat>
                    <lon>-3.3605</lon>
                    <date>2013-07-12T00:04:37+02:00</date>
                    <speedMph>16</speedMph>
                    <altitudeFt>0</altitudeFt>
                </position>
                <position>
                    <lat>55.9512</lat>
                    <lon>-3.3614</lon>
                    <date>2013-07-12T00:04:32+02:00</date>
                    <speedMph>12</speedMph>
                    <altitudeFt>0</altitudeFt>
                </position>
                <position>
                    <lat>55.9513</lat>
                    <lon>-3.3619</lon>
                    <date>2013-07-12T00:04:22+02:00</date>
                    <speedMph>12</speedMph>
                    <altitudeFt>0</altitudeFt>
                </position>
                <position>
                    <lat>55.9514</lat>
                    <lon>-3.3624</lon>
                    <date>2013-07-12T00:04:17+02:00</date>
                    <speedMph>12</speedMph>
                    <altitudeFt>0</altitudeFt>
                </position>
                <position>
                    <lat>55.9516</lat>
                    <lon>-3.3631</lon>
                    <date>2013-07-12T00:04:12+02:00</date>
                    <speedMph>12</speedMph>
                    <altitudeFt>0</altitudeFt>
                </position>
                <position>
                    <lat>55.9517</lat>
                    <lon>-3.3633</lon>
                    <date>2013-07-12T00:04:02+02:00</date>
                    <speedMph>12</speedMph>
                    <altitudeFt>0</altitudeFt>
                </position>
                <position>
                    <lat>55.9526</lat>
                    <lon>-3.3647</lon>
                    <date>2013-07-12T00:03:42+02:00</date>
                    <speedMph>12</speedMph>
                    <altitudeFt>0</altitudeFt>
                </position>
                <position>
                    <lat>55.9516</lat>
                    <lon>-3.3678</lon>
                    <date>2013-07-12T00:03:32+02:00</date>
                    <speedMph>64</speedMph>
                    <altitudeFt>0</altitudeFt>
                </position>
                <position>
                    <lat>55.9514</lat>
                    <lon>-3.3685</lon>
                    <date>2013-07-12T00:03:27+02:00</date>
                    <speedMph>68</speedMph>
                    <altitudeFt>0</altitudeFt>
                </position>
                <position>
                    <lat>55.9476</lat>
                    <lon>-3.3797</lon>
                    <date>2013-07-12T00:03:12+02:00</date>
                    <speedMph>124</speedMph>
                    <altitudeFt>0</altitudeFt>
                </position>
                <position>
                    <lat>55.9464</lat>
                    <lon>-3.3831</lon>
                    <date>2013-07-12T00:03:07+02:00</date>
                    <speedMph>128</speedMph>
                    <altitudeFt>0</altitudeFt>
                </position>
                <position>
                    <lat>55.9421</lat>
                    <lon>-3.3957</lon>
                    <date>2013-07-12T00:02:52+02:00</date>
                    <speedMph>132</speedMph>
                    <altitudeFt>0</altitudeFt>
                </position>
                <position>
                    <lat>55.9404</lat>
                    <lon>-3.4009</lon>
                    <date>2013-07-12T00:02:47+02:00</date>
                    <speedMph>132</speedMph>
                    <altitudeFt>0</altitudeFt>
                </position>
                <position>
                    <lat>55.9389</lat>
                    <lon>-3.4053</lon>
                    <date>2013-07-12T00:02:42+02:00</date>
                    <speedMph>132</speedMph>
                    <altitudeFt>50</altitudeFt>
                </position>
                <position>
                    <lat>55.9372</lat>
                    <lon>-3.41</lon>
                    <date>2013-07-12T00:02:32+02:00</date>
                    <speedMph>136</speedMph>
                    <altitudeFt>130</altitudeFt>
                </position>
                <position>
                    <lat>55.9332</lat>
                    <lon>-3.4218</lon>
                    <date>2013-07-12T00:02:27+02:00</date>
                    <speedMph>140</speedMph>
                    <altitudeFt>280</altitudeFt>
                </position>
                <position>
                    <lat>55.9291</lat>
                    <lon>-3.434</lon>
                    <date>2013-07-12T00:02:17+02:00</date>
                    <speedMph>144</speedMph>
                    <altitudeFt>400</altitudeFt>
                </position>
                <position>
                    <lat>55.9239</lat>
                    <lon>-3.449</lon>
                    <date>2013-07-12T00:02:02+02:00</date>
                    <speedMph>148</speedMph>
                    <altitudeFt>580</altitudeFt>
                </position>
                <position>
                    <lat>55.9205</lat>
                    <lon>-3.4592</lon>
                    <date>2013-07-12T00:01:47+02:00</date>
                    <speedMph>152</speedMph>
                    <altitudeFt>700</altitudeFt>
                </position>
                <position>
                    <lat>55.9121</lat>
                    <lon>-3.4842</lon>
                    <date>2013-07-12T00:01:27+02:00</date>
                    <speedMph>176</speedMph>
                    <altitudeFt>1030</altitudeFt>
                </position>
                <position>
                    <lat>55.9076</lat>
                    <lon>-3.4975</lon>
                    <date>2013-07-12T00:01:17+02:00</date>
                    <speedMph>184</speedMph>
                    <altitudeFt>1180</altitudeFt>
                </position>
                <position>
                    <lat>55.907</lat>
                    <lon>-3.4991</lon>
                    <date>2013-07-12T00:01:12+02:00</date>
                    <speedMph>184</speedMph>
                    <altitudeFt>1200</altitudeFt>
                </position>
                <position>
                    <lat>55.9022</lat>
                    <lon>-3.5127</lon>
                    <date>2013-07-12T00:01:02+02:00</date>
                    <speedMph>192</speedMph>
                    <altitudeFt>1350</altitudeFt>
                </position>
                <position>
                    <lat>55.8997</lat>
                    <lon>-3.5194</lon>
                    <date>2013-07-12T00:00:57+02:00</date>
                    <speedMph>196</speedMph>
                    <altitudeFt>1450</altitudeFt>
                </position>
                <position>
                    <lat>55.89</lat>
                    <lon>-3.5429</lon>
                    <date>2013-07-12T00:00:42+02:00</date>
                    <speedMph>200</speedMph>
                    <altitudeFt>1850</altitudeFt>
                </position>
                <position>
                    <lat>55.8857</lat>
                    <lon>-3.55</lon>
                    <date>2013-07-12T00:00:37+02:00</date>
                    <speedMph>196</speedMph>
                    <altitudeFt>2000</altitudeFt>
                </position>
                <position>
                    <lat>55.8818</lat>
                    <lon>-3.5543</lon>
                    <date>2013-07-12T00:00:32+02:00</date>
                    <speedMph>204</speedMph>
                    <altitudeFt>2130</altitudeFt>
                </position>
                <position>
                    <lat>55.8708</lat>
                    <lon>-3.5647</lon>
                    <date>2013-07-12T00:00:17+02:00</date>
                    <speedMph>200</speedMph>
                    <altitudeFt>2500</altitudeFt>
                </position>
                <position>
                    <lat>55.8609</lat>
                    <lon>-3.574</lon>
                    <date>2013-07-12T00:00:02+02:00</date>
                    <speedMph>200</speedMph>
                    <altitudeFt>2680</altitudeFt>
                </position>
                <position>
                    <lat>55.8553</lat>
                    <lon>-3.5792</lon>
                    <date>2013-07-11T23:59:57+02:00</date>
                    <speedMph>200</speedMph>
                    <altitudeFt>2730</altitudeFt>
                </position>
                <position>
                    <lat>55.8483</lat>
                    <lon>-3.5851</lon>
                    <date>2013-07-11T23:59:52+02:00</date>
                    <speedMph>208</speedMph>
                    <altitudeFt>2850</altitudeFt>
                </position>
                <position>
                    <lat>55.8448</lat>
                    <lon>-3.5875</lon>
                    <date>2013-07-11T23:59:42+02:00</date>
                    <speedMph>200</speedMph>
                    <altitudeFt>2930</altitudeFt>
                </position>
                <position>
                    <lat>55.8304</lat>
                    <lon>-3.5884</lon>
                    <date>2013-07-11T23:59:32+02:00</date>
                    <speedMph>204</speedMph>
                    <altitudeFt>3100</altitudeFt>
                </position>
                <position>
                    <lat>55.8263</lat>
                    <lon>-3.5859</lon>
                    <date>2013-07-11T23:59:22+02:00</date>
                    <speedMph>212</speedMph>
                    <altitudeFt>3150</altitudeFt>
                </position>
                <position>
                    <lat>55.8186</lat>
                    <lon>-3.5781</lon>
                    <date>2013-07-11T23:59:17+02:00</date>
                    <speedMph>212</speedMph>
                    <altitudeFt>3230</altitudeFt>
                </position>
                <position>
                    <lat>55.8142</lat>
                    <lon>-3.5734</lon>
                    <date>2013-07-11T23:59:12+02:00</date>
                    <speedMph>216</speedMph>
                    <altitudeFt>3280</altitudeFt>
                </position>
                <position>
                    <lat>55.8099</lat>
                    <lon>-3.5688</lon>
                    <date>2013-07-11T23:59:02+02:00</date>
                    <speedMph>224</speedMph>
                    <altitudeFt>3330</altitudeFt>
                </position>
                <position>
                    <lat>55.8007</lat>
                    <lon>-3.5589</lon>
                    <date>2013-07-11T23:58:57+02:00</date>
                    <speedMph>232</speedMph>
                    <altitudeFt>3400</altitudeFt>
                </position>
                <position>
                    <lat>55.7962</lat>
                    <lon>-3.554</lon>
                    <date>2013-07-11T23:58:52+02:00</date>
                    <speedMph>228</speedMph>
                    <altitudeFt>3450</altitudeFt>
                </position>
                <position>
                    <lat>55.7914</lat>
                    <lon>-3.5488</lon>
                    <date>2013-07-11T23:58:42+02:00</date>
                    <speedMph>232</speedMph>
                    <altitudeFt>3450</altitudeFt>
                </position>
                <position>
                    <lat>55.7815</lat>
                    <lon>-3.5377</lon>
                    <date>2013-07-11T23:58:37+02:00</date>
                    <speedMph>240</speedMph>
                    <altitudeFt>3530</altitudeFt>
                </position>
                <position>
                    <lat>55.7769</lat>
                    <lon>-3.5321</lon>
                    <date>2013-07-11T23:58:32+02:00</date>
                    <speedMph>244</speedMph>
                    <altitudeFt>3550</altitudeFt>
                </position>
                <position>
                    <lat>55.7721</lat>
                    <lon>-3.5256</lon>
                    <date>2013-07-11T23:58:22+02:00</date>
                    <speedMph>256</speedMph>
                    <altitudeFt>3600</altitudeFt>
                </position>
                <position>
                    <lat>55.7637</lat>
                    <lon>-3.5096</lon>
                    <date>2013-07-11T23:58:17+02:00</date>
                    <speedMph>260</speedMph>
                    <altitudeFt>3700</altitudeFt>
                </position>
                <position>
                    <lat>55.7602</lat>
                    <lon>-3.5014</lon>
                    <date>2013-07-11T23:58:12+02:00</date>
                    <speedMph>264</speedMph>
                    <altitudeFt>3750</altitudeFt>
                </position>
                <position>
                    <lat>55.7566</lat>
                    <lon>-3.493</lon>
                    <date>2013-07-11T23:58:07+02:00</date>
                    <speedMph>268</speedMph>
                    <altitudeFt>3830</altitudeFt>
                </position>
                <position>
                    <lat>55.7531</lat>
                    <lon>-3.4848</lon>
                    <date>2013-07-11T23:58:02+02:00</date>
                    <speedMph>268</speedMph>
                    <altitudeFt>3900</altitudeFt>
                </position>
                <position>
                    <lat>55.7376</lat>
                    <lon>-3.4483</lon>
                    <date>2013-07-11T23:57:42+02:00</date>
                    <speedMph>280</speedMph>
                    <altitudeFt>4130</altitudeFt>
                </position>
                <position>
                    <lat>55.7335</lat>
                    <lon>-3.4386</lon>
                    <date>2013-07-11T23:57:37+02:00</date>
                    <speedMph>292</speedMph>
                    <altitudeFt>4180</altitudeFt>
                </position>
                <position>
                    <lat>55.7318</lat>
                    <lon>-3.4346</lon>
                    <date>2013-07-11T23:57:32+02:00</date>
                    <speedMph>292</speedMph>
                    <altitudeFt>4180</altitudeFt>
                </position>
                <position>
                    <lat>55.7271</lat>
                    <lon>-3.4236</lon>
                    <date>2013-07-11T23:57:27+02:00</date>
                    <speedMph>300</speedMph>
                    <altitudeFt>4250</altitudeFt>
                </position>
                <position>
                    <lat>55.723</lat>
                    <lon>-3.414</lon>
                    <date>2013-07-11T23:57:22+02:00</date>
                    <speedMph>300</speedMph>
                    <altitudeFt>4300</altitudeFt>
                </position>
                <position>
                    <lat>55.7093</lat>
                    <lon>-3.3819</lon>
                    <date>2013-07-11T23:57:07+02:00</date>
                    <speedMph>312</speedMph>
                    <altitudeFt>4600</altitudeFt>
                </position>
                <position>
                    <lat>55.6967</lat>
                    <lon>-3.3525</lon>
                    <date>2013-07-11T23:56:57+02:00</date>
                    <speedMph>312</speedMph>
                    <altitudeFt>5100</altitudeFt>
                </position>
                <position>
                    <lat>55.687</lat>
                    <lon>-3.3298</lon>
                    <date>2013-07-11T23:56:47+02:00</date>
                    <speedMph>320</speedMph>
                    <altitudeFt>5400</altitudeFt>
                </position>
                <position>
                    <lat>55.6828</lat>
                    <lon>-3.32</lon>
                    <date>2013-07-11T23:56:37+02:00</date>
                    <speedMph>324</speedMph>
                    <altitudeFt>5580</altitudeFt>
                </position>
                <position>
                    <lat>55.6695</lat>
                    <lon>-3.2891</lon>
                    <date>2013-07-11T23:56:27+02:00</date>
                    <speedMph>324</speedMph>
                    <altitudeFt>6130</altitudeFt>
                </position>
                <position>
                    <lat>55.6657</lat>
                    <lon>-3.28</lon>
                    <date>2013-07-11T23:56:17+02:00</date>
                    <speedMph>324</speedMph>
                    <altitudeFt>6330</altitudeFt>
                </position>
                <position>
                    <lat>55.6572</lat>
                    <lon>-3.2602</lon>
                    <date>2013-07-11T23:56:07+02:00</date>
                    <speedMph>324</speedMph>
                    <altitudeFt>6680</altitudeFt>
                </position>
                <position>
                    <lat>55.6471</lat>
                    <lon>-3.2369</lon>
                    <date>2013-07-11T23:55:57+02:00</date>
                    <speedMph>328</speedMph>
                    <altitudeFt>7050</altitudeFt>
                </position>
                <position>
                    <lat>55.6393</lat>
                    <lon>-3.2185</lon>
                    <date>2013-07-11T23:55:47+02:00</date>
                    <speedMph>332</speedMph>
                    <altitudeFt>7380</altitudeFt>
                </position>
                <position>
                    <lat>55.63</lat>
                    <lon>-3.1968</lon>
                    <date>2013-07-11T23:55:37+02:00</date>
                    <speedMph>336</speedMph>
                    <altitudeFt>7700</altitudeFt>
                </position>
                <position>
                    <lat>55.6204</lat>
                    <lon>-3.1745</lon>
                    <date>2013-07-11T23:55:27+02:00</date>
                    <speedMph>336</speedMph>
                    <altitudeFt>8030</altitudeFt>
                </position>
                <position>
                    <lat>55.609</lat>
                    <lon>-3.148</lon>
                    <date>2013-07-11T23:55:17+02:00</date>
                    <speedMph>336</speedMph>
                    <altitudeFt>8480</altitudeFt>
                </position>
                <position>
                    <lat>55.6013</lat>
                    <lon>-3.1301</lon>
                    <date>2013-07-11T23:55:07+02:00</date>
                    <speedMph>336</speedMph>
                    <altitudeFt>8900</altitudeFt>
                </position>
                <position>
                    <lat>55.5925</lat>
                    <lon>-3.1097</lon>
                    <date>2013-07-11T23:54:57+02:00</date>
                    <speedMph>336</speedMph>
                    <altitudeFt>9380</altitudeFt>
                </position>
                <position>
                    <lat>55.5832</lat>
                    <lon>-3.088</lon>
                    <date>2013-07-11T23:54:47+02:00</date>
                    <speedMph>332</speedMph>
                    <altitudeFt>9830</altitudeFt>
                </position>
                <position>
                    <lat>55.5689</lat>
                    <lon>-3.055</lon>
                    <date>2013-07-11T23:54:32+02:00</date>
                    <speedMph>344</speedMph>
                    <altitudeFt>10250</altitudeFt>
                </position>
                <position>
                    <lat>55.5383</lat>
                    <lon>-2.9848</lon>
                    <date>2013-07-11T23:54:02+02:00</date>
                    <speedMph>348</speedMph>
                    <altitudeFt>11450</altitudeFt>
                </position>
                <position>
                    <lat>55.5072</lat>
                    <lon>-2.9139</lon>
                    <date>2013-07-11T23:53:32+02:00</date>
                    <speedMph>360</speedMph>
                    <altitudeFt>12530</altitudeFt>
                </position>
                <position>
                    <lat>55.4776</lat>
                    <lon>-2.8431</lon>
                    <date>2013-07-11T23:53:02+02:00</date>
                    <speedMph>364</speedMph>
                    <altitudeFt>13480</altitudeFt>
                </position>
                <position>
                    <lat>55.4489</lat>
                    <lon>-2.7732</lon>
                    <date>2013-07-11T23:52:32+02:00</date>
                    <speedMph>372</speedMph>
                    <altitudeFt>14180</altitudeFt>
                </position>
                <position>
                    <lat>55.4196</lat>
                    <lon>-2.7006</lon>
                    <date>2013-07-11T23:52:02+02:00</date>
                    <speedMph>380</speedMph>
                    <altitudeFt>14930</altitudeFt>
                </position>
                <position>
                    <lat>55.3553</lat>
                    <lon>-2.5389</lon>
                    <date>2013-07-11T23:51:07+02:00</date>
                    <speedMph>396</speedMph>
                    <altitudeFt>17580</altitudeFt>
                </position>
                <position>
                    <lat>55.3006</lat>
                    <lon>-2.4075</lon>
                    <date>2013-07-11T23:50:07+02:00</date>
                    <speedMph>400</speedMph>
                    <altitudeFt>20130</altitudeFt>
                </position>
                <position>
                    <lat>55.2336</lat>
                    <lon>-2.2427</lon>
                    <date>2013-07-11T23:49:07+02:00</date>
                    <speedMph>416</speedMph>
                    <altitudeFt>22680</altitudeFt>
                </position>
                <position>
                    <lat>55.1659</lat>
                    <lon>-2.0754</lon>
                    <date>2013-07-11T23:48:07+02:00</date>
                    <speedMph>432</speedMph>
                    <altitudeFt>25680</altitudeFt>
                </position>
                <position>
                    <lat>55.1017</lat>
                    <lon>-1.8881</lon>
                    <date>2013-07-11T23:47:07+02:00</date>
                    <speedMph>440</speedMph>
                    <altitudeFt>29050</altitudeFt>
                </position>
                <position>
                    <lat>55.0426</lat>
                    <lon>-1.731</lon>
                    <date>2013-07-11T23:46:07+02:00</date>
                    <speedMph>428</speedMph>
                    <altitudeFt>32330</altitudeFt>
                </position>
                <position>
                    <lat>54.9562</lat>
                    <lon>-1.5829</lon>
                    <date>2013-07-11T23:45:07+02:00</date>
                    <speedMph>420</speedMph>
                    <altitudeFt>35700</altitudeFt>
                </position>
                <position>
                    <lat>54.863</lat>
                    <lon>-1.4531</lon>
                    <date>2013-07-11T23:44:07+02:00</date>
                    <speedMph>428</speedMph>
                    <altitudeFt>37480</altitudeFt>
                </position>
                <position>
                    <lat>54.7703</lat>
                    <lon>-1.3248</lon>
                    <date>2013-07-11T23:43:07+02:00</date>
                    <speedMph>432</speedMph>
                    <altitudeFt>37950</altitudeFt>
                </position>
                <position>
                    <lat>54.6775</lat>
                    <lon>-1.1972</lon>
                    <date>2013-07-11T23:42:07+02:00</date>
                    <speedMph>432</speedMph>
                    <altitudeFt>37980</altitudeFt>
                </position>
                <position>
                    <lat>54.5873</lat>
                    <lon>-1.0739</lon>
                    <date>2013-07-11T23:41:07+02:00</date>
                    <speedMph>436</speedMph>
                    <altitudeFt>38000</altitudeFt>
                </position>
                <position>
                    <lat>54.492</lat>
                    <lon>-0.9442</lon>
                    <date>2013-07-11T23:40:07+02:00</date>
                    <speedMph>436</speedMph>
                    <altitudeFt>38000</altitudeFt>
                </position>
                <position>
                    <lat>54.394</lat>
                    <lon>-0.8123</lon>
                    <date>2013-07-11T23:39:07+02:00</date>
                    <speedMph>440</speedMph>
                    <altitudeFt>37980</altitudeFt>
                </position>
                <position>
                    <lat>54.2941</lat>
                    <lon>-0.6777</lon>
                    <date>2013-07-11T23:38:07+02:00</date>
                    <speedMph>436</speedMph>
                    <altitudeFt>38000</altitudeFt>
                </position>
                <position>
                    <lat>54.2059</lat>
                    <lon>-0.5605</lon>
                    <date>2013-07-11T23:37:07+02:00</date>
                    <speedMph>436</speedMph>
                    <altitudeFt>38000</altitudeFt>
                </position>
                <position>
                    <lat>54.1095</lat>
                    <lon>-0.4327</lon>
                    <date>2013-07-11T23:36:07+02:00</date>
                    <speedMph>440</speedMph>
                    <altitudeFt>38000</altitudeFt>
                </position>
                <position>
                    <lat>54.0112</lat>
                    <lon>-0.3029</lon>
                    <date>2013-07-11T23:35:07+02:00</date>
                    <speedMph>440</speedMph>
                    <altitudeFt>38000</altitudeFt>
                </position>
                <position>
                    <lat>53.9162</lat>
                    <lon>-0.1781</lon>
                    <date>2013-07-11T23:34:07+02:00</date>
                    <speedMph>444</speedMph>
                    <altitudeFt>38000</altitudeFt>
                </position>
                <position>
                    <lat>53.8198</lat>
                    <lon>-0.0528</lon>
                    <date>2013-07-11T23:33:07+02:00</date>
                    <speedMph>444</speedMph>
                    <altitudeFt>38000</altitudeFt>
                </position>
                <position>
                    <lat>53.7229</lat>
                    <lon>0.0728</lon>
                    <date>2013-07-11T23:32:07+02:00</date>
                    <speedMph>444</speedMph>
                    <altitudeFt>38000</altitudeFt>
                </position>
                <position>
                    <lat>53.625</lat>
                    <lon>0.1989</lon>
                    <date>2013-07-11T23:31:07+02:00</date>
                    <speedMph>444</speedMph>
                    <altitudeFt>38000</altitudeFt>
                </position>
                <position>
                    <lat>53.5635</lat>
                    <lon>0.3763</lon>
                    <date>2013-07-11T23:30:07+02:00</date>
                    <speedMph>440</speedMph>
                    <altitudeFt>37980</altitudeFt>
                </position>
                <position>
                    <lat>53.5109</lat>
                    <lon>0.5614</lon>
                    <date>2013-07-11T23:29:07+02:00</date>
                    <speedMph>440</speedMph>
                    <altitudeFt>38000</altitudeFt>
                </position>
                <position>
                    <lat>53.4567</lat>
                    <lon>0.7492</lon>
                    <date>2013-07-11T23:28:07+02:00</date>
                    <speedMph>440</speedMph>
                    <altitudeFt>38000</altitudeFt>
                </position>
                <position>
                    <lat>53.4028</lat>
                    <lon>0.9342</lon>
                    <date>2013-07-11T23:27:07+02:00</date>
                    <speedMph>444</speedMph>
                    <altitudeFt>38000</altitudeFt>
                </position>
                <position>
                    <lat>53.3652</lat>
                    <lon>1.1339</lon>
                    <date>2013-07-11T23:26:07+02:00</date>
                    <speedMph>440</speedMph>
                    <altitudeFt>38000</altitudeFt>
                </position>
                <position>
                    <lat>53.334</lat>
                    <lon>1.3212</lon>
                    <date>2013-07-11T23:25:07+02:00</date>
                    <speedMph>436</speedMph>
                    <altitudeFt>37500</altitudeFt>
                </position>
                <position>
                    <lat>53.2999</lat>
                    <lon>1.5233</lon>
                    <date>2013-07-11T23:24:07+02:00</date>
                    <speedMph>436</speedMph>
                    <altitudeFt>36780</altitudeFt>
                </position>
                <position>
                    <lat>53.2672</lat>
                    <lon>1.7162</lon>
                    <date>2013-07-11T23:23:07+02:00</date>
                    <speedMph>440</speedMph>
                    <altitudeFt>35830</altitudeFt>
                </position>
                <position>
                    <lat>53.2337</lat>
                    <lon>1.9116</lon>
                    <date>2013-07-11T23:22:07+02:00</date>
                    <speedMph>444</speedMph>
                    <altitudeFt>34680</altitudeFt>
                </position>
                <position>
                    <lat>53.2007</lat>
                    <lon>2.1018</lon>
                    <date>2013-07-11T23:21:07+02:00</date>
                    <speedMph>444</speedMph>
                    <altitudeFt>33600</altitudeFt>
                </position>
                <position>
                    <lat>53.1664</lat>
                    <lon>2.2972</lon>
                    <date>2013-07-11T23:20:07+02:00</date>
                    <speedMph>444</speedMph>
                    <altitudeFt>32400</altitudeFt>
                </position>
                <position>
                    <lat>53.1317</lat>
                    <lon>2.4926</lon>
                    <date>2013-07-11T23:19:07+02:00</date>
                    <speedMph>448</speedMph>
                    <altitudeFt>30980</altitudeFt>
                </position>
                <position>
                    <lat>53.0957</lat>
                    <lon>2.6929</lon>
                    <date>2013-07-11T23:18:07+02:00</date>
                    <speedMph>456</speedMph>
                    <altitudeFt>29430</altitudeFt>
                </position>
                <position>
                    <lat>53.0594</lat>
                    <lon>2.8924</lon>
                    <date>2013-07-11T23:17:07+02:00</date>
                    <speedMph>456</speedMph>
                    <altitudeFt>27950</altitudeFt>
                </position>
                <position>
                    <lat>53.0183</lat>
                    <lon>3.1161</lon>
                    <date>2013-07-11T23:16:07+02:00</date>
                    <speedMph>464</speedMph>
                    <altitudeFt>26150</altitudeFt>
                </position>
                <position>
                    <lat>52.9849</lat>
                    <lon>3.297</lon>
                    <date>2013-07-11T23:15:07+02:00</date>
                    <speedMph>456</speedMph>
                    <altitudeFt>25150</altitudeFt>
                </position>
                <position>
                    <lat>52.9422</lat>
                    <lon>3.502</lon>
                    <date>2013-07-11T23:14:07+02:00</date>
                    <speedMph>448</speedMph>
                    <altitudeFt>23680</altitudeFt>
                </position>
                <position>
                    <lat>52.8953</lat>
                    <lon>3.6761</lon>
                    <date>2013-07-11T23:13:07+02:00</date>
                    <speedMph>440</speedMph>
                    <altitudeFt>22350</altitudeFt>
                </position>
                <position>
                    <lat>52.842</lat>
                    <lon>3.8721</lon>
                    <date>2013-07-11T23:12:07+02:00</date>
                    <speedMph>428</speedMph>
                    <altitudeFt>20600</altitudeFt>
                </position>
                <position>
                    <lat>52.7917</lat>
                    <lon>4.0554</lon>
                    <date>2013-07-11T23:11:03+02:00</date>
                    <speedMph>416</speedMph>
                    <altitudeFt>18700</altitudeFt>
                </position>
                <position>
                    <lat>52.7472</lat>
                    <lon>4.2171</lon>
                    <date>2013-07-11T23:10:03+02:00</date>
                    <speedMph>408</speedMph>
                    <altitudeFt>16730</altitudeFt>
                </position>
                <position>
                    <lat>52.6962</lat>
                    <lon>4.3999</lon>
                    <date>2013-07-11T23:09:03+02:00</date>
                    <speedMph>392</speedMph>
                    <altitudeFt>14300</altitudeFt>
                </position>
                <position>
                    <lat>52.6784</lat>
                    <lon>4.4627</lon>
                    <date>2013-07-11T23:08:33+02:00</date>
                    <speedMph>388</speedMph>
                    <altitudeFt>13300</altitudeFt>
                </position>
                <position>
                    <lat>52.6519</lat>
                    <lon>4.5541</lon>
                    <date>2013-07-11T23:08:03+02:00</date>
                    <speedMph>376</speedMph>
                    <altitudeFt>11900</altitudeFt>
                </position>
                <position>
                    <lat>52.6321</lat>
                    <lon>4.6201</lon>
                    <date>2013-07-11T23:07:33+02:00</date>
                    <speedMph>348</speedMph>
                    <altitudeFt>11430</altitudeFt>
                </position>
                <position>
                    <lat>52.6101</lat>
                    <lon>4.6927</lon>
                    <date>2013-07-11T23:07:03+02:00</date>
                    <speedMph>308</speedMph>
                    <altitudeFt>10830</altitudeFt>
                </position>
                <position>
                    <lat>52.5814</lat>
                    <lon>4.7294</lon>
                    <date>2013-07-11T23:06:33+02:00</date>
                    <speedMph>276</speedMph>
                    <altitudeFt>9900</altitudeFt>
                </position>
                <position>
                    <lat>52.5667</lat>
                    <lon>4.7317</lon>
                    <date>2013-07-11T23:06:23+02:00</date>
                    <speedMph>272</speedMph>
                    <altitudeFt>9330</altitudeFt>
                </position>
                <position>
                    <lat>52.5564</lat>
                    <lon>4.7308</lon>
                    <date>2013-07-11T23:06:13+02:00</date>
                    <speedMph>268</speedMph>
                    <altitudeFt>8900</altitudeFt>
                </position>
                <position>
                    <lat>52.5417</lat>
                    <lon>4.7295</lon>
                    <date>2013-07-11T23:06:03+02:00</date>
                    <speedMph>264</speedMph>
                    <altitudeFt>8330</altitudeFt>
                </position>
                <position>
                    <lat>52.5318</lat>
                    <lon>4.7285</lon>
                    <date>2013-07-11T23:05:53+02:00</date>
                    <speedMph>260</speedMph>
                    <altitudeFt>7900</altitudeFt>
                </position>
                <position>
                    <lat>52.5174</lat>
                    <lon>4.7272</lon>
                    <date>2013-07-11T23:05:43+02:00</date>
                    <speedMph>260</speedMph>
                    <altitudeFt>7230</altitudeFt>
                </position>
                <position>
                    <lat>52.5082</lat>
                    <lon>4.7264</lon>
                    <date>2013-07-11T23:05:33+02:00</date>
                    <speedMph>260</speedMph>
                    <altitudeFt>6780</altitudeFt>
                </position>
                <position>
                    <lat>52.491</lat>
                    <lon>4.7249</lon>
                    <date>2013-07-11T23:05:23+02:00</date>
                    <speedMph>260</speedMph>
                    <altitudeFt>5880</altitudeFt>
                </position>
                <position>
                    <lat>52.4815</lat>
                    <lon>4.724</lon>
                    <date>2013-07-11T23:05:13+02:00</date>
                    <speedMph>260</speedMph>
                    <altitudeFt>5380</altitudeFt>
                </position>
                <position>
                    <lat>52.4718</lat>
                    <lon>4.7232</lon>
                    <date>2013-07-11T23:05:03+02:00</date>
                    <speedMph>260</speedMph>
                    <altitudeFt>4900</altitudeFt>
                </position>
                <position>
                    <lat>52.4644</lat>
                    <lon>4.7226</lon>
                    <date>2013-07-11T23:04:58+02:00</date>
                    <speedMph>260</speedMph>
                    <altitudeFt>4530</altitudeFt>
                </position>
                <position>
                    <lat>52.457</lat>
                    <lon>4.7219</lon>
                    <date>2013-07-11T23:04:53+02:00</date>
                    <speedMph>256</speedMph>
                    <altitudeFt>4180</altitudeFt>
                </position>
                <position>
                    <lat>52.4524</lat>
                    <lon>4.7215</lon>
                    <date>2013-07-11T23:04:48+02:00</date>
                    <speedMph>256</speedMph>
                    <altitudeFt>3930</altitudeFt>
                </position>
                <position>
                    <lat>52.4476</lat>
                    <lon>4.7211</lon>
                    <date>2013-07-11T23:04:43+02:00</date>
                    <speedMph>256</speedMph>
                    <altitudeFt>3650</altitudeFt>
                </position>
                <position>
                    <lat>52.4425</lat>
                    <lon>4.7206</lon>
                    <date>2013-07-11T23:04:38+02:00</date>
                    <speedMph>256</speedMph>
                    <altitudeFt>3400</altitudeFt>
                </position>
                <position>
                    <lat>52.4334</lat>
                    <lon>4.7197</lon>
                    <date>2013-07-11T23:04:33+02:00</date>
                    <speedMph>252</speedMph>
                    <altitudeFt>3000</altitudeFt>
                </position>
                <position>
                    <lat>52.4289</lat>
                    <lon>4.7193</lon>
                    <date>2013-07-11T23:04:28+02:00</date>
                    <speedMph>248</speedMph>
                    <altitudeFt>2830</altitudeFt>
                </position>
                <position>
                    <lat>52.4238</lat>
                    <lon>4.7187</lon>
                    <date>2013-07-11T23:04:23+02:00</date>
                    <speedMph>244</speedMph>
                    <altitudeFt>2650</altitudeFt>
                </position>
                <position>
                    <lat>52.4199</lat>
                    <lon>4.7182</lon>
                    <date>2013-07-11T23:04:18+02:00</date>
                    <speedMph>240</speedMph>
                    <altitudeFt>2530</altitudeFt>
                </position>
                <position>
                    <lat>52.4108</lat>
                    <lon>4.7173</lon>
                    <date>2013-07-11T23:04:13+02:00</date>
                    <speedMph>228</speedMph>
                    <altitudeFt>2280</altitudeFt>
                </position>
                <position>
                    <lat>52.4067</lat>
                    <lon>4.7167</lon>
                    <date>2013-07-11T23:04:08+02:00</date>
                    <speedMph>224</speedMph>
                    <altitudeFt>2150</altitudeFt>
                </position>
                <position>
                    <lat>52.3981</lat>
                    <lon>4.7157</lon>
                    <date>2013-07-11T23:04:03+02:00</date>
                    <speedMph>208</speedMph>
                    <altitudeFt>1900</altitudeFt>
                </position>
                <position>
                    <lat>52.3922</lat>
                    <lon>4.715</lon>
                    <date>2013-07-11T23:03:58+02:00</date>
                    <speedMph>196</speedMph>
                    <altitudeFt>1780</altitudeFt>
                </position>
                <position>
                    <lat>52.3891</lat>
                    <lon>4.7147</lon>
                    <date>2013-07-11T23:03:53+02:00</date>
                    <speedMph>192</speedMph>
                    <altitudeFt>1730</altitudeFt>
                </position>
                <position>
                    <lat>52.3858</lat>
                    <lon>4.7142</lon>
                    <date>2013-07-11T23:03:48+02:00</date>
                    <speedMph>184</speedMph>
                    <altitudeFt>1680</altitudeFt>
                </position>
                <position>
                    <lat>52.3792</lat>
                    <lon>4.7135</lon>
                    <date>2013-07-11T23:03:38+02:00</date>
                    <speedMph>172</speedMph>
                    <altitudeFt>1500</altitudeFt>
                </position>
                <position>
                    <lat>52.3683</lat>
                    <lon>4.7123</lon>
                    <date>2013-07-11T23:03:28+02:00</date>
                    <speedMph>152</speedMph>
                    <altitudeFt>1180</altitudeFt>
                </position>
                <position>
                    <lat>52.3628</lat>
                    <lon>4.7117</lon>
                    <date>2013-07-11T23:03:18+02:00</date>
                    <speedMph>144</speedMph>
                    <altitudeFt>950</altitudeFt>
                </position>
                <position>
                    <lat>52.3592</lat>
                    <lon>4.7114</lon>
                    <date>2013-07-11T23:03:13+02:00</date>
                    <speedMph>148</speedMph>
                    <altitudeFt>700</altitudeFt>
                </position>
                <position>
                    <lat>52.3567</lat>
                    <lon>4.7112</lon>
                    <date>2013-07-11T23:03:08+02:00</date>
                    <speedMph>148</speedMph>
                    <altitudeFt>530</altitudeFt>
                </position>
                <position>
                    <lat>52.3541</lat>
                    <lon>4.7109</lon>
                    <date>2013-07-11T23:03:03+02:00</date>
                    <speedMph>148</speedMph>
                    <altitudeFt>350</altitudeFt>
                </position>
                <position>
                    <lat>52.3505</lat>
                    <lon>4.7107</lon>
                    <date>2013-07-11T23:02:58+02:00</date>
                    <speedMph>148</speedMph>
                    <altitudeFt>100</altitudeFt>
                </position>
                <position>
                    <lat>52.3421</lat>
                    <lon>4.7101</lon>
                    <date>2013-07-11T23:02:48+02:00</date>
                    <speedMph>144</speedMph>
                    <altitudeFt>0</altitudeFt>
                </position>
                <position>
                    <lat>52.3395</lat>
                    <lon>4.7098</lon>
                    <date>2013-07-11T23:02:43+02:00</date>
                    <speedMph>132</speedMph>
                    <altitudeFt>0</altitudeFt>
                </position>
                <position>
                    <lat>52.3382</lat>
                    <lon>4.7097</lon>
                    <date>2013-07-11T23:02:38+02:00</date>
                    <speedMph>124</speedMph>
                    <altitudeFt>0</altitudeFt>
                </position>
                <position>
                    <lat>52.3286</lat>
                    <lon>4.7102</lon>
                    <date>2013-07-11T23:01:58+02:00</date>
                    <speedMph>16</speedMph>
                    <altitudeFt>0</altitudeFt>
                </position>
                <position>
                    <lat>52.3289</lat>
                    <lon>4.7115</lon>
                    <date>2013-07-11T23:01:48+02:00</date>
                    <speedMph>20</speedMph>
                    <altitudeFt>0</altitudeFt>
                </position>
                <position>
                    <lat>52.3292</lat>
                    <lon>4.7119</lon>
                    <date>2013-07-11T23:01:38+02:00</date>
                    <speedMph>20</speedMph>
                    <altitudeFt>0</altitudeFt>
                </position>
                <position>
                    <lat>52.3315</lat>
                    <lon>4.7159</lon>
                    <date>2013-07-11T23:00:58+02:00</date>
                    <speedMph>16</speedMph>
                    <altitudeFt>0</altitudeFt>
                </position>
                <position>
                    <lat>52.3315</lat>
                    <lon>4.7161</lon>
                    <date>2013-07-11T23:00:53+02:00</date>
                    <speedMph>16</speedMph>
                    <altitudeFt>0</altitudeFt>
                </position>
                <position>
                    <lat>52.3314</lat>
                    <lon>4.7166</lon>
                    <date>2013-07-11T23:00:48+02:00</date>
                    <speedMph>16</speedMph>
                    <altitudeFt>0</altitudeFt>
                </position>
                <position>
                    <lat>52.331</lat>
                    <lon>4.7174</lon>
                    <date>2013-07-11T23:00:43+02:00</date>
                    <speedMph>24</speedMph>
                    <altitudeFt>0</altitudeFt>
                </position>
                <position>
                    <lat>52.3307</lat>
                    <lon>4.7179</lon>
                    <date>2013-07-11T23:00:38+02:00</date>
                    <speedMph>28</speedMph>
                    <altitudeFt>0</altitudeFt>
                </position>
                <position>
                    <lat>52.3304</lat>
                    <lon>4.7185</lon>
                    <date>2013-07-11T23:00:33+02:00</date>
                    <speedMph>28</speedMph>
                    <altitudeFt>0</altitudeFt>
                </position>
                <position>
                    <lat>52.33</lat>
                    <lon>4.7191</lon>
                    <date>2013-07-11T23:00:28+02:00</date>
                    <speedMph>28</speedMph>
                    <altitudeFt>0</altitudeFt>
                </position>
                <position>
                    <lat>52.3293</lat>
                    <lon>4.7205</lon>
                    <date>2013-07-11T23:00:23+02:00</date>
                    <speedMph>28</speedMph>
                    <altitudeFt>0</altitudeFt>
                </position>
                <position>
                    <lat>52.3289</lat>
                    <lon>4.7212</lon>
                    <date>2013-07-11T23:00:18+02:00</date>
                    <speedMph>28</speedMph>
                    <altitudeFt>0</altitudeFt>
                </position>
                <position>
                    <lat>52.3287</lat>
                    <lon>4.7216</lon>
                    <date>2013-07-11T23:00:13+02:00</date>
                    <speedMph>24</speedMph>
                    <altitudeFt>0</altitudeFt>
                </position>
                <position>
                    <lat>52.3284</lat>
                    <lon>4.7223</lon>
                    <date>2013-07-11T23:00:08+02:00</date>
                    <speedMph>24</speedMph>
                    <altitudeFt>0</altitudeFt>
                </position>
                <position>
                    <lat>52.3278</lat>
                    <lon>4.7233</lon>
                    <date>2013-07-11T23:00:03+02:00</date>
                    <speedMph>24</speedMph>
                    <altitudeFt>0</altitudeFt>
                </position>
                <position>
                    <lat>52.3275</lat>
                    <lon>4.7239</lon>
                    <date>2013-07-11T22:59:58+02:00</date>
                    <speedMph>24</speedMph>
                    <altitudeFt>0</altitudeFt>
                </position>
                <position>
                    <lat>52.3272</lat>
                    <lon>4.7243</lon>
                    <date>2013-07-11T22:59:53+02:00</date>
                    <speedMph>24</speedMph>
                    <altitudeFt>0</altitudeFt>
                </position>
                <position>
                    <lat>52.327</lat>
                    <lon>4.7248</lon>
                    <date>2013-07-11T22:59:48+02:00</date>
                    <speedMph>24</speedMph>
                    <altitudeFt>0</altitudeFt>
                </position>
                <position>
                    <lat>52.3267</lat>
                    <lon>4.7254</lon>
                    <date>2013-07-11T22:59:43+02:00</date>
                    <speedMph>24</speedMph>
                    <altitudeFt>0</altitudeFt>
                </position>
                <position>
                    <lat>52.3259</lat>
                    <lon>4.7264</lon>
                    <date>2013-07-11T22:59:38+02:00</date>
                    <speedMph>24</speedMph>
                    <altitudeFt>0</altitudeFt>
                </position>
                <position>
                    <lat>52.3257</lat>
                    <lon>4.7268</lon>
                    <date>2013-07-11T22:59:33+02:00</date>
                    <speedMph>24</speedMph>
                    <altitudeFt>0</altitudeFt>
                </position>
                <position>
                    <lat>52.3254</lat>
                    <lon>4.7272</lon>
                    <date>2013-07-11T22:59:28+02:00</date>
                    <speedMph>24</speedMph>
                    <altitudeFt>0</altitudeFt>
                </position>
                <position>
                    <lat>52.3246</lat>
                    <lon>4.7283</lon>
                    <date>2013-07-11T22:59:18+02:00</date>
                    <speedMph>24</speedMph>
                    <altitudeFt>0</altitudeFt>
                </position>
                <position>
                    <lat>52.3239</lat>
                    <lon>4.7292</lon>
                    <date>2013-07-11T22:59:13+02:00</date>
                    <speedMph>24</speedMph>
                    <altitudeFt>0</altitudeFt>
                </position>
                <position>
                    <lat>52.3235</lat>
                    <lon>4.7298</lon>
                    <date>2013-07-11T22:59:08+02:00</date>
                    <speedMph>20</speedMph>
                    <altitudeFt>0</altitudeFt>
                </position>
                <position>
                    <lat>52.3232</lat>
                    <lon>4.7303</lon>
                    <date>2013-07-11T22:59:03+02:00</date>
                    <speedMph>20</speedMph>
                    <altitudeFt>0</altitudeFt>
                </position>
                <position>
                    <lat>52.3227</lat>
                    <lon>4.7309</lon>
                    <date>2013-07-11T22:58:58+02:00</date>
                    <speedMph>20</speedMph>
                    <altitudeFt>0</altitudeFt>
                </position>
                <position>
                    <lat>52.3225</lat>
                    <lon>4.7313</lon>
                    <date>2013-07-11T22:58:53+02:00</date>
                    <speedMph>20</speedMph>
                    <altitudeFt>0</altitudeFt>
                </position>
                <position>
                    <lat>52.3221</lat>
                    <lon>4.7317</lon>
                    <date>2013-07-11T22:58:48+02:00</date>
                    <speedMph>20</speedMph>
                    <altitudeFt>0</altitudeFt>
                </position>
                <position>
                    <lat>52.3213</lat>
                    <lon>4.7329</lon>
                    <date>2013-07-11T22:58:38+02:00</date>
                    <speedMph>20</speedMph>
                    <altitudeFt>0</altitudeFt>
                </position>
                <position>
                    <lat>52.321</lat>
                    <lon>4.7333</lon>
                    <date>2013-07-11T22:58:33+02:00</date>
                    <speedMph>20</speedMph>
                    <altitudeFt>0</altitudeFt>
                </position>
                <position>
                    <lat>52.3206</lat>
                    <lon>4.7345</lon>
                    <date>2013-07-11T22:58:28+02:00</date>
                    <speedMph>20</speedMph>
                    <altitudeFt>0</altitudeFt>
                </position>
                <position>
                    <lat>52.3206</lat>
                    <lon>4.7346</lon>
                    <date>2013-07-11T22:58:23+02:00</date>
                    <speedMph>20</speedMph>
                    <altitudeFt>0</altitudeFt>
                </position>
                <position>
                    <lat>52.3205</lat>
                    <lon>4.7349</lon>
                    <date>2013-07-11T22:58:18+02:00</date>
                    <speedMph>20</speedMph>
                    <altitudeFt>0</altitudeFt>
                </position>
                <position>
                    <lat>52.3205</lat>
                    <lon>4.7362</lon>
                    <date>2013-07-11T22:58:13+02:00</date>
                    <speedMph>24</speedMph>
                    <altitudeFt>0</altitudeFt>
                </position>
                <position>
                    <lat>52.3205</lat>
                    <lon>4.7368</lon>
                    <date>2013-07-11T22:58:08+02:00</date>
                    <speedMph>24</speedMph>
                    <altitudeFt>0</altitudeFt>
                </position>
                <position>
                    <lat>52.3205</lat>
                    <lon>4.7379</lon>
                    <date>2013-07-11T22:58:03+02:00</date>
                    <speedMph>24</speedMph>
                    <altitudeFt>0</altitudeFt>
                </position>
                <position>
                    <lat>52.3204</lat>
                    <lon>4.7383</lon>
                    <date>2013-07-11T22:57:58+02:00</date>
                    <speedMph>24</speedMph>
                    <altitudeFt>0</altitudeFt>
                </position>
                <position>
                    <lat>52.3204</lat>
                    <lon>4.7396</lon>
                    <date>2013-07-11T22:57:53+02:00</date>
                    <speedMph>20</speedMph>
                    <altitudeFt>0</altitudeFt>
                </position>
                <position>
                    <lat>52.3204</lat>
                    <lon>4.7404</lon>
                    <date>2013-07-11T22:57:48+02:00</date>
                    <speedMph>16</speedMph>
                    <altitudeFt>0</altitudeFt>
                </position>
                <position>
                    <lat>52.3204</lat>
                    <lon>4.7407</lon>
                    <date>2013-07-11T22:57:43+02:00</date>
                    <speedMph>16</speedMph>
                    <altitudeFt>0</altitudeFt>
                </position>
                <position>
                    <lat>52.3203</lat>
                    <lon>4.7416</lon>
                    <date>2013-07-11T22:57:33+02:00</date>
                    <speedMph>32</speedMph>
                    <altitudeFt>0</altitudeFt>
                </position>
                <position>
                    <lat>52.3203</lat>
                    <lon>4.7424</lon>
                    <date>2013-07-11T22:57:28+02:00</date>
                    <speedMph>32</speedMph>
                    <altitudeFt>0</altitudeFt>
                </position>
                <position>
                    <lat>52.3203</lat>
                    <lon>4.7429</lon>
                    <date>2013-07-11T22:57:23+02:00</date>
                    <speedMph>32</speedMph>
                    <altitudeFt>0</altitudeFt>
                </position>
                <position>
                    <lat>52.32</lat>
                    <lon>4.7433</lon>
                    <date>2013-07-11T22:57:18+02:00</date>
                    <speedMph>28</speedMph>
                    <altitudeFt>0</altitudeFt>
                </position>
                <position>
                    <lat>52.3199</lat>
                    <lon>4.7433</lon>
                    <date>2013-07-11T22:57:13+02:00</date>
                    <speedMph>28</speedMph>
                    <altitudeFt>0</altitudeFt>
                </position>
                <position>
                    <lat>52.3193</lat>
                    <lon>4.7433</lon>
                    <date>2013-07-11T22:57:08+02:00</date>
                    <speedMph>16</speedMph>
                    <altitudeFt>0</altitudeFt>
                </position>
                <position>
                    <lat>52.319</lat>
                    <lon>4.7432</lon>
                    <date>2013-07-11T22:57:03+02:00</date>
                    <speedMph>16</speedMph>
                    <altitudeFt>0</altitudeFt>
                </position>
                <position>
                    <lat>52.3186</lat>
                    <lon>4.7432</lon>
                    <date>2013-07-11T22:56:58+02:00</date>
                    <speedMph>16</speedMph>
                    <altitudeFt>0</altitudeFt>
                </position>
                <position>
                    <lat>52.3178</lat>
                    <lon>4.7431</lon>
                    <date>2013-07-11T22:56:48+02:00</date>
                    <speedMph>16</speedMph>
                    <altitudeFt>0</altitudeFt>
                </position>
                <position>
                    <lat>52.3171</lat>
                    <lon>4.7431</lon>
                    <date>2013-07-11T22:56:38+02:00</date>
                    <speedMph>16</speedMph>
                    <altitudeFt>0</altitudeFt>
                </position>
                <position>
                    <lat>52.3168</lat>
                    <lon>4.7431</lon>
                    <date>2013-07-11T22:56:33+02:00</date>
                    <speedMph>16</speedMph>
                    <altitudeFt>0</altitudeFt>
                </position>
                <position>
                    <lat>52.3152</lat>
                    <lon>4.7429</lon>
                    <date>2013-07-11T22:56:08+02:00</date>
                    <speedMph>28</speedMph>
                    <altitudeFt>0</altitudeFt>
                </position>
                <position>
                    <lat>52.315</lat>
                    <lon>4.743</lon>
                    <date>2013-07-11T22:56:03+02:00</date>
                    <speedMph>28</speedMph>
                    <altitudeFt>0</altitudeFt>
                </position>
                <position>
                    <lat>52.3148</lat>
                    <lon>4.7433</lon>
                    <date>2013-07-11T22:55:58+02:00</date>
                    <speedMph>28</speedMph>
                    <altitudeFt>0</altitudeFt>
                </position>
                <position>
                    <lat>52.3147</lat>
                    <lon>4.7436</lon>
                    <date>2013-07-11T22:55:53+02:00</date>
                    <speedMph>32</speedMph>
                    <altitudeFt>0</altitudeFt>
                </position>
                <position>
                    <lat>52.3147</lat>
                    <lon>4.7439</lon>
                    <date>2013-07-11T22:55:48+02:00</date>
                    <speedMph>16</speedMph>
                    <altitudeFt>0</altitudeFt>
                </position>
                <position>
                    <lat>52.3148</lat>
                    <lon>4.7451</lon>
                    <date>2013-07-11T22:55:43+02:00</date>
                    <speedMph>20</speedMph>
                    <altitudeFt>0</altitudeFt>
                </position>
                <position>
                    <lat>52.3148</lat>
                    <lon>4.7457</lon>
                    <date>2013-07-11T22:55:38+02:00</date>
                    <speedMph>20</speedMph>
                    <altitudeFt>0</altitudeFt>
                </position>
                <position>
                    <lat>52.3149</lat>
                    <lon>4.7469</lon>
                    <date>2013-07-11T22:55:33+02:00</date>
                    <speedMph>20</speedMph>
                    <altitudeFt>0</altitudeFt>
                </position>
                <position>
                    <lat>52.3149</lat>
                    <lon>4.7479</lon>
                    <date>2013-07-11T22:55:28+02:00</date>
                    <speedMph>20</speedMph>
                    <altitudeFt>0</altitudeFt>
                </position>
                <position>
                    <lat>52.3149</lat>
                    <lon>4.7482</lon>
                    <date>2013-07-11T22:55:23+02:00</date>
                    <speedMph>20</speedMph>
                    <altitudeFt>0</altitudeFt>
                </position>
                <position>
                    <lat>52.3149</lat>
                    <lon>4.7489</lon>
                    <date>2013-07-11T22:55:18+02:00</date>
                    <speedMph>20</speedMph>
                    <altitudeFt>0</altitudeFt>
                </position>
                <position>
                    <lat>52.3149</lat>
                    <lon>4.7495</lon>
                    <date>2013-07-11T22:55:13+02:00</date>
                    <speedMph>20</speedMph>
                    <altitudeFt>0</altitudeFt>
                </position>
                <position>
                    <lat>52.315</lat>
                    <lon>4.7507</lon>
                    <date>2013-07-11T22:55:08+02:00</date>
                    <speedMph>16</speedMph>
                    <altitudeFt>0</altitudeFt>
                </position>
                <position>
                    <lat>52.315</lat>
                    <lon>4.7515</lon>
                    <date>2013-07-11T22:54:58+02:00</date>
                    <speedMph>16</speedMph>
                    <altitudeFt>0</altitudeFt>
                </position>
                <position>
                    <lat>52.3151</lat>
                    <lon>4.7535</lon>
                    <date>2013-07-11T22:54:43+02:00</date>
                    <speedMph>12</speedMph>
                    <altitudeFt>0</altitudeFt>
                </position>
                <position>
                    <lat>52.3151</lat>
                    <lon>4.7539</lon>
                    <date>2013-07-11T22:54:33+02:00</date>
                    <speedMph>12</speedMph>
                    <altitudeFt>0</altitudeFt>
                </position>
                <position>
                    <lat>52.3149</lat>
                    <lon>4.7542</lon>
                    <date>2013-07-11T22:54:28+02:00</date>
                    <speedMph>12</speedMph>
                    <altitudeFt>0</altitudeFt>
                </position>
                <position>
                    <lat>52.3141</lat>
                    <lon>4.7544</lon>
                    <date>2013-07-11T22:54:23+02:00</date>
                    <speedMph>12</speedMph>
                    <altitudeFt>0</altitudeFt>
                </position>
                <position>
                    <lat>52.3139</lat>
                    <lon>4.7544</lon>
                    <date>2013-07-11T22:54:13+02:00</date>
                    <speedMph>12</speedMph>
                    <altitudeFt>0</altitudeFt>
                </position>
                <position>
                    <lat>52.3135</lat>
                    <lon>4.7545</lon>
                    <date>2013-07-11T22:54:08+02:00</date>
                    <speedMph>16</speedMph>
                    <altitudeFt>0</altitudeFt>
                </position>
                <position>
                    <lat>52.3126</lat>
                    <lon>4.7545</lon>
                    <date>2013-07-11T22:53:58+02:00</date>
                    <speedMph>12</speedMph>
                    <altitudeFt>0</altitudeFt>
                </position>
                <position>
                    <lat>52.3116</lat>
                    <lon>4.7546</lon>
                    <date>2013-07-11T22:53:33+02:00</date>
                    <speedMph>8</speedMph>
                    <altitudeFt>0</altitudeFt>
                </position>
                <position>
                    <lat>52.3114</lat>
                    <lon>4.7545</lon>
                    <date>2013-07-11T22:53:28+02:00</date>
                    <speedMph>8</speedMph>
                    <altitudeFt>0</altitudeFt>
                </position>
                <position>
                    <lat>52.3112</lat>
                    <lon>4.7542</lon>
                    <date>2013-07-11T22:53:23+02:00</date>
                    <speedMph>4</speedMph>
                    <altitudeFt>0</altitudeFt>
                </position>
                <position>
                    <lat>52.3111</lat>
                    <lon>4.754</lon>
                    <date>2013-07-11T22:52:28+02:00</date>
                    <speedMph>0</speedMph>
                    <altitudeFt>0</altitudeFt>
                </position>
                <position>
                    <lat>52.3111</lat>
                    <lon>4.754</lon>
                    <date>2013-07-11T22:52:08+02:00</date>
                    <speedMph>0</speedMph>
                    <altitudeFt>0</altitudeFt>
                </position>
                <position>
                    <lat>52.3111</lat>
                    <lon>4.754</lon>
                    <date>2013-07-11T22:51:58+02:00</date>
                    <speedMph>0</speedMph>
                    <altitudeFt>0</altitudeFt>
                </position>
                <position>
                    <lat>52.3111</lat>
                    <lon>4.754</lon>
                    <date>2013-07-11T22:51:28+02:00</date>
                    <speedMph>0</speedMph>
                    <altitudeFt>0</altitudeFt>
                </position>
                <position>
                    <lat>52.3112</lat>
                    <lon>4.7542</lon>
                    <date>2013-07-11T22:51:03+02:00</date>
                    <speedMph>4</speedMph>
                    <altitudeFt>0</altitudeFt>
                </position>
            </positions>
        </flightTrack>
    </flightTracks>
</flightstatslog>
