<?xml version="1.0" encoding="UTF-8" standalone="yes"?>
<flightstatslog>
    <appendix>
        <airports>
            <airport>
                <fs>AMS</fs>
                <latitude>52.308613</latitude>
                <longitude>4.763889</longitude>
                <city>Amsterdam</city>
            </airport>
            <airport>
                <fs>TXL</fs>
                <latitude>52.559686</latitude>
                <longitude>13.287711</longitude>
                <city>Berlin</city>
            </airport>
        </airports>
    </appendix>
    <flightTracks>
        <flightTrack>
            <flightId>4735280</flightId>
            <departureAirportFsCode>AMS</departureAirportFsCode>
            <arrivalAirportFsCode>TXL</arrivalAirportFsCode>
            <positions>
                <position>
                    <lat>52.5521</lat>
                    <lon>13.2907</lon>
                    <date>2013-07-11T21:58:04+02:00</date>
                    <speedMph>0</speedMph>
                    <altitudeFt>0</altitudeFt>
                </position>
                <position>
                    <lat>52.5542</lat>
                    <lon>13.2862</lon>
                    <date>2013-07-11T21:56:09+02:00</date>
                    <speedMph>16</speedMph>
                    <altitudeFt>0</altitudeFt>
                </position>
                <position>
                    <lat>52.5551</lat>
                    <lon>13.285</lon>
                    <date>2013-07-11T21:55:49+02:00</date>
                    <speedMph>16</speedMph>
                    <altitudeFt>0</altitudeFt>
                </position>
                <position>
                    <lat>52.5558</lat>
                    <lon>13.2832</lon>
                    <date>2013-07-11T21:55:29+02:00</date>
                    <speedMph>16</speedMph>
                    <altitudeFt>0</altitudeFt>
                </position>
                <position>
                    <lat>52.5556</lat>
                    <lon>13.2814</lon>
                    <date>2013-07-11T21:55:14+02:00</date>
                    <speedMph>16</speedMph>
                    <altitudeFt>0</altitudeFt>
                </position>
                <position>
                    <lat>52.5552</lat>
                    <lon>13.2773</lon>
                    <date>2013-07-11T21:54:44+02:00</date>
                    <speedMph>16</speedMph>
                    <altitudeFt>0</altitudeFt>
                </position>
                <position>
                    <lat>52.5552</lat>
                    <lon>13.277</lon>
                    <date>2013-07-11T21:54:34+02:00</date>
                    <speedMph>16</speedMph>
                    <altitudeFt>0</altitudeFt>
                </position>
                <position>
                    <lat>52.5564</lat>
                    <lon>13.2753</lon>
                    <date>2013-07-11T21:54:09+02:00</date>
                    <speedMph>16</speedMph>
                    <altitudeFt>0</altitudeFt>
                </position>
                <position>
                    <lat>52.5573</lat>
                    <lon>13.276</lon>
                    <date>2013-07-11T21:53:59+02:00</date>
                    <speedMph>20</speedMph>
                    <altitudeFt>0</altitudeFt>
                </position>
                <position>
                    <lat>52.5584</lat>
                    <lon>13.2783</lon>
                    <date>2013-07-11T21:53:39+02:00</date>
                    <speedMph>16</speedMph>
                    <altitudeFt>0</altitudeFt>
                </position>
                <position>
                    <lat>52.5585</lat>
                    <lon>13.2788</lon>
                    <date>2013-07-11T21:53:34+02:00</date>
                    <speedMph>16</speedMph>
                    <altitudeFt>0</altitudeFt>
                </position>
                <position>
                    <lat>52.5587</lat>
                    <lon>13.2792</lon>
                    <date>2013-07-11T21:53:29+02:00</date>
                    <speedMph>16</speedMph>
                    <altitudeFt>0</altitudeFt>
                </position>
                <position>
                    <lat>52.559</lat>
                    <lon>13.2807</lon>
                    <date>2013-07-11T21:53:24+02:00</date>
                    <speedMph>24</speedMph>
                    <altitudeFt>0</altitudeFt>
                </position>
                <position>
                    <lat>52.5597</lat>
                    <lon>13.2871</lon>
                    <date>2013-07-11T21:53:09+02:00</date>
                    <speedMph>92</speedMph>
                    <altitudeFt>0</altitudeFt>
                </position>
                <position>
                    <lat>52.5607</lat>
                    <lon>13.2976</lon>
                    <date>2013-07-11T21:52:54+02:00</date>
                    <speedMph>144</speedMph>
                    <altitudeFt>0</altitudeFt>
                </position>
                <position>
                    <lat>52.5613</lat>
                    <lon>13.3031</lon>
                    <date>2013-07-11T21:52:49+02:00</date>
                    <speedMph>144</speedMph>
                    <altitudeFt>0</altitudeFt>
                </position>
                <position>
                    <lat>52.5619</lat>
                    <lon>13.3096</lon>
                    <date>2013-07-11T21:52:39+02:00</date>
                    <speedMph>148</speedMph>
                    <altitudeFt>50</altitudeFt>
                </position>
                <position>
                    <lat>52.5625</lat>
                    <lon>13.3153</lon>
                    <date>2013-07-11T21:52:34+02:00</date>
                    <speedMph>148</speedMph>
                    <altitudeFt>100</altitudeFt>
                </position>
                <position>
                    <lat>52.5636</lat>
                    <lon>13.3265</lon>
                    <date>2013-07-11T21:52:29+02:00</date>
                    <speedMph>148</speedMph>
                    <altitudeFt>250</altitudeFt>
                </position>
                <position>
                    <lat>52.5641</lat>
                    <lon>13.3331</lon>
                    <date>2013-07-11T21:52:24+02:00</date>
                    <speedMph>148</speedMph>
                    <altitudeFt>330</altitudeFt>
                </position>
                <position>
                    <lat>52.5647</lat>
                    <lon>13.3387</lon>
                    <date>2013-07-11T21:52:14+02:00</date>
                    <speedMph>148</speedMph>
                    <altitudeFt>380</altitudeFt>
                </position>
                <position>
                    <lat>52.5652</lat>
                    <lon>13.3431</lon>
                    <date>2013-07-11T21:52:09+02:00</date>
                    <speedMph>144</speedMph>
                    <altitudeFt>430</altitudeFt>
                </position>
                <position>
                    <lat>52.5658</lat>
                    <lon>13.3496</lon>
                    <date>2013-07-11T21:52:04+02:00</date>
                    <speedMph>144</speedMph>
                    <altitudeFt>500</altitudeFt>
                </position>
                <position>
                    <lat>52.5667</lat>
                    <lon>13.3595</lon>
                    <date>2013-07-11T21:51:59+02:00</date>
                    <speedMph>144</speedMph>
                    <altitudeFt>600</altitudeFt>
                </position>
                <position>
                    <lat>52.5672</lat>
                    <lon>13.3649</lon>
                    <date>2013-07-11T21:51:49+02:00</date>
                    <speedMph>148</speedMph>
                    <altitudeFt>650</altitudeFt>
                </position>
                <position>
                    <lat>52.5678</lat>
                    <lon>13.3704</lon>
                    <date>2013-07-11T21:51:44+02:00</date>
                    <speedMph>144</speedMph>
                    <altitudeFt>730</altitudeFt>
                </position>
                <position>
                    <lat>52.569</lat>
                    <lon>13.3828</lon>
                    <date>2013-07-11T21:51:39+02:00</date>
                    <speedMph>152</speedMph>
                    <altitudeFt>880</altitudeFt>
                </position>
                <position>
                    <lat>52.5695</lat>
                    <lon>13.3874</lon>
                    <date>2013-07-11T21:51:29+02:00</date>
                    <speedMph>152</speedMph>
                    <altitudeFt>930</altitudeFt>
                </position>
                <position>
                    <lat>52.5708</lat>
                    <lon>13.4003</lon>
                    <date>2013-07-11T21:51:24+02:00</date>
                    <speedMph>160</speedMph>
                    <altitudeFt>1080</altitudeFt>
                </position>
                <position>
                    <lat>52.5714</lat>
                    <lon>13.4075</lon>
                    <date>2013-07-11T21:51:14+02:00</date>
                    <speedMph>160</speedMph>
                    <altitudeFt>1150</altitudeFt>
                </position>
                <position>
                    <lat>52.5719</lat>
                    <lon>13.4112</lon>
                    <date>2013-07-11T21:51:09+02:00</date>
                    <speedMph>160</speedMph>
                    <altitudeFt>1200</altitudeFt>
                </position>
                <position>
                    <lat>52.5731</lat>
                    <lon>13.4247</lon>
                    <date>2013-07-11T21:51:04+02:00</date>
                    <speedMph>160</speedMph>
                    <altitudeFt>1380</altitudeFt>
                </position>
                <position>
                    <lat>52.5736</lat>
                    <lon>13.4295</lon>
                    <date>2013-07-11T21:50:59+02:00</date>
                    <speedMph>164</speedMph>
                    <altitudeFt>1450</altitudeFt>
                </position>
                <position>
                    <lat>52.5743</lat>
                    <lon>13.4371</lon>
                    <date>2013-07-11T21:50:49+02:00</date>
                    <speedMph>164</speedMph>
                    <altitudeFt>1550</altitudeFt>
                </position>
                <position>
                    <lat>52.5747</lat>
                    <lon>13.4421</lon>
                    <date>2013-07-11T21:50:44+02:00</date>
                    <speedMph>168</speedMph>
                    <altitudeFt>1600</altitudeFt>
                </position>
                <position>
                    <lat>52.5755</lat>
                    <lon>13.4498</lon>
                    <date>2013-07-11T21:50:39+02:00</date>
                    <speedMph>172</speedMph>
                    <altitudeFt>1730</altitudeFt>
                </position>
                <position>
                    <lat>52.5768</lat>
                    <lon>13.4616</lon>
                    <date>2013-07-11T21:50:34+02:00</date>
                    <speedMph>176</speedMph>
                    <altitudeFt>1900</altitudeFt>
                </position>
                <position>
                    <lat>52.5779</lat>
                    <lon>13.4681</lon>
                    <date>2013-07-11T21:50:24+02:00</date>
                    <speedMph>180</speedMph>
                    <altitudeFt>1980</altitudeFt>
                </position>
                <position>
                    <lat>52.5796</lat>
                    <lon>13.4758</lon>
                    <date>2013-07-11T21:50:19+02:00</date>
                    <speedMph>188</speedMph>
                    <altitudeFt>2080</altitudeFt>
                </position>
                <position>
                    <lat>52.5836</lat>
                    <lon>13.4872</lon>
                    <date>2013-07-11T21:50:09+02:00</date>
                    <speedMph>192</speedMph>
                    <altitudeFt>2250</altitudeFt>
                </position>
                <position>
                    <lat>52.5871</lat>
                    <lon>13.4955</lon>
                    <date>2013-07-11T21:50:04+02:00</date>
                    <speedMph>196</speedMph>
                    <altitudeFt>2400</altitudeFt>
                </position>
                <position>
                    <lat>52.5926</lat>
                    <lon>13.5041</lon>
                    <date>2013-07-11T21:49:59+02:00</date>
                    <speedMph>196</speedMph>
                    <altitudeFt>2630</altitudeFt>
                </position>
                <position>
                    <lat>52.5955</lat>
                    <lon>13.5094</lon>
                    <date>2013-07-11T21:49:49+02:00</date>
                    <speedMph>196</speedMph>
                    <altitudeFt>2730</altitudeFt>
                </position>
                <position>
                    <lat>52.5992</lat>
                    <lon>13.5159</lon>
                    <date>2013-07-11T21:49:44+02:00</date>
                    <speedMph>192</speedMph>
                    <altitudeFt>2850</altitudeFt>
                </position>
                <position>
                    <lat>52.6159</lat>
                    <lon>13.5268</lon>
                    <date>2013-07-11T21:49:24+02:00</date>
                    <speedMph>212</speedMph>
                    <altitudeFt>3330</altitudeFt>
                </position>
                <position>
                    <lat>52.6246</lat>
                    <lon>13.522</lon>
                    <date>2013-07-11T21:49:19+02:00</date>
                    <speedMph>204</speedMph>
                    <altitudeFt>3580</altitudeFt>
                </position>
                <position>
                    <lat>52.6287</lat>
                    <lon>13.5161</lon>
                    <date>2013-07-11T21:49:09+02:00</date>
                    <speedMph>204</speedMph>
                    <altitudeFt>3700</altitudeFt>
                </position>
                <position>
                    <lat>52.6324</lat>
                    <lon>13.5105</lon>
                    <date>2013-07-11T21:49:04+02:00</date>
                    <speedMph>208</speedMph>
                    <altitudeFt>3830</altitudeFt>
                </position>
                <position>
                    <lat>52.6391</lat>
                    <lon>13.4992</lon>
                    <date>2013-07-11T21:48:59+02:00</date>
                    <speedMph>208</speedMph>
                    <altitudeFt>4050</altitudeFt>
                </position>
                <position>
                    <lat>52.6425</lat>
                    <lon>13.4935</lon>
                    <date>2013-07-11T21:48:49+02:00</date>
                    <speedMph>208</speedMph>
                    <altitudeFt>4180</altitudeFt>
                </position>
                <position>
                    <lat>52.6467</lat>
                    <lon>13.4867</lon>
                    <date>2013-07-11T21:48:44+02:00</date>
                    <speedMph>212</speedMph>
                    <altitudeFt>4300</altitudeFt>
                </position>
                <position>
                    <lat>52.6488</lat>
                    <lon>13.4833</lon>
                    <date>2013-07-11T21:48:39+02:00</date>
                    <speedMph>212</speedMph>
                    <altitudeFt>4380</altitudeFt>
                </position>
                <position>
                    <lat>52.656</lat>
                    <lon>13.4719</lon>
                    <date>2013-07-11T21:48:34+02:00</date>
                    <speedMph>212</speedMph>
                    <altitudeFt>4600</altitudeFt>
                </position>
                <position>
                    <lat>52.6591</lat>
                    <lon>13.4662</lon>
                    <date>2013-07-11T21:48:24+02:00</date>
                    <speedMph>212</speedMph>
                    <altitudeFt>4700</altitudeFt>
                </position>
                <position>
                    <lat>52.6665</lat>
                    <lon>13.4546</lon>
                    <date>2013-07-11T21:48:19+02:00</date>
                    <speedMph>212</speedMph>
                    <altitudeFt>4880</altitudeFt>
                </position>
                <position>
                    <lat>52.6701</lat>
                    <lon>13.4486</lon>
                    <date>2013-07-11T21:48:09+02:00</date>
                    <speedMph>216</speedMph>
                    <altitudeFt>4930</altitudeFt>
                </position>
                <position>
                    <lat>52.6738</lat>
                    <lon>13.4425</lon>
                    <date>2013-07-11T21:48:04+02:00</date>
                    <speedMph>228</speedMph>
                    <altitudeFt>4950</altitudeFt>
                </position>
                <position>
                    <lat>52.6826</lat>
                    <lon>13.4341</lon>
                    <date>2013-07-11T21:47:59+02:00</date>
                    <speedMph>232</speedMph>
                    <altitudeFt>5030</altitudeFt>
                </position>
                <position>
                    <lat>52.6898</lat>
                    <lon>13.4154</lon>
                    <date>2013-07-11T21:47:49+02:00</date>
                    <speedMph>252</speedMph>
                    <altitudeFt>5080</altitudeFt>
                </position>
                <position>
                    <lat>52.694</lat>
                    <lon>13.4083</lon>
                    <date>2013-07-11T21:47:39+02:00</date>
                    <speedMph>260</speedMph>
                    <altitudeFt>5080</altitudeFt>
                </position>
                <position>
                    <lat>52.7057</lat>
                    <lon>13.3879</lon>
                    <date>2013-07-11T21:47:29+02:00</date>
                    <speedMph>264</speedMph>
                    <altitudeFt>5250</altitudeFt>
                </position>
                <position>
                    <lat>52.7145</lat>
                    <lon>13.3729</lon>
                    <date>2013-07-11T21:47:19+02:00</date>
                    <speedMph>268</speedMph>
                    <altitudeFt>5480</altitudeFt>
                </position>
                <position>
                    <lat>52.7236</lat>
                    <lon>13.3574</lon>
                    <date>2013-07-11T21:47:09+02:00</date>
                    <speedMph>272</speedMph>
                    <altitudeFt>5730</altitudeFt>
                </position>
                <position>
                    <lat>52.7278</lat>
                    <lon>13.3475</lon>
                    <date>2013-07-11T21:46:59+02:00</date>
                    <speedMph>272</speedMph>
                    <altitudeFt>5850</altitudeFt>
                </position>
                <position>
                    <lat>52.7349</lat>
                    <lon>13.321</lon>
                    <date>2013-07-11T21:46:49+02:00</date>
                    <speedMph>268</speedMph>
                    <altitudeFt>6230</altitudeFt>
                </position>
                <position>
                    <lat>52.7359</lat>
                    <lon>13.3088</lon>
                    <date>2013-07-11T21:46:39+02:00</date>
                    <speedMph>264</speedMph>
                    <altitudeFt>6380</altitudeFt>
                </position>
                <position>
                    <lat>52.7381</lat>
                    <lon>13.2808</lon>
                    <date>2013-07-11T21:46:29+02:00</date>
                    <speedMph>264</speedMph>
                    <altitudeFt>6780</altitudeFt>
                </position>
                <position>
                    <lat>52.7396</lat>
                    <lon>13.2609</lon>
                    <date>2013-07-11T21:46:19+02:00</date>
                    <speedMph>264</speedMph>
                    <altitudeFt>6980</altitudeFt>
                </position>
                <position>
                    <lat>52.7403</lat>
                    <lon>13.2508</lon>
                    <date>2013-07-11T21:46:09+02:00</date>
                    <speedMph>268</speedMph>
                    <altitudeFt>7080</altitudeFt>
                </position>
                <position>
                    <lat>52.7427</lat>
                    <lon>13.2205</lon>
                    <date>2013-07-11T21:45:54+02:00</date>
                    <speedMph>268</speedMph>
                    <altitudeFt>7400</altitudeFt>
                </position>
                <position>
                    <lat>52.7441</lat>
                    <lon>13.2</lon>
                    <date>2013-07-11T21:45:44+02:00</date>
                    <speedMph>272</speedMph>
                    <altitudeFt>7630</altitudeFt>
                </position>
                <position>
                    <lat>52.7463</lat>
                    <lon>13.167</lon>
                    <date>2013-07-11T21:45:34+02:00</date>
                    <speedMph>272</speedMph>
                    <altitudeFt>7950</altitudeFt>
                </position>
                <position>
                    <lat>52.7469</lat>
                    <lon>13.1588</lon>
                    <date>2013-07-11T21:45:24+02:00</date>
                    <speedMph>272</speedMph>
                    <altitudeFt>8050</altitudeFt>
                </position>
                <position>
                    <lat>52.7492</lat>
                    <lon>13.1255</lon>
                    <date>2013-07-11T21:45:14+02:00</date>
                    <speedMph>276</speedMph>
                    <altitudeFt>8400</altitudeFt>
                </position>
                <position>
                    <lat>52.7506</lat>
                    <lon>13.1065</lon>
                    <date>2013-07-11T21:45:04+02:00</date>
                    <speedMph>280</speedMph>
                    <altitudeFt>8580</altitudeFt>
                </position>
                <position>
                    <lat>52.7521</lat>
                    <lon>13.0853</lon>
                    <date>2013-07-11T21:44:54+02:00</date>
                    <speedMph>284</speedMph>
                    <altitudeFt>8750</altitudeFt>
                </position>
                <position>
                    <lat>52.7537</lat>
                    <lon>13.0635</lon>
                    <date>2013-07-11T21:44:44+02:00</date>
                    <speedMph>288</speedMph>
                    <altitudeFt>8930</altitudeFt>
                </position>
                <position>
                    <lat>52.7545</lat>
                    <lon>13.0526</lon>
                    <date>2013-07-11T21:44:34+02:00</date>
                    <speedMph>292</speedMph>
                    <altitudeFt>9030</altitudeFt>
                </position>
                <position>
                    <lat>52.7576</lat>
                    <lon>13.0125</lon>
                    <date>2013-07-11T21:44:14+02:00</date>
                    <speedMph>304</speedMph>
                    <altitudeFt>9300</altitudeFt>
                </position>
                <position>
                    <lat>52.7596</lat>
                    <lon>12.985</lon>
                    <date>2013-07-11T21:44:04+02:00</date>
                    <speedMph>308</speedMph>
                    <altitudeFt>9450</altitudeFt>
                </position>
                <position>
                    <lat>52.7619</lat>
                    <lon>12.9516</lon>
                    <date>2013-07-11T21:43:54+02:00</date>
                    <speedMph>320</speedMph>
                    <altitudeFt>9630</altitudeFt>
                </position>
                <position>
                    <lat>52.7632</lat>
                    <lon>12.9322</lon>
                    <date>2013-07-11T21:43:44+02:00</date>
                    <speedMph>328</speedMph>
                    <altitudeFt>9700</altitudeFt>
                </position>
                <position>
                    <lat>52.7647</lat>
                    <lon>12.912</lon>
                    <date>2013-07-11T21:43:34+02:00</date>
                    <speedMph>336</speedMph>
                    <altitudeFt>9800</altitudeFt>
                </position>
                <position>
                    <lat>52.7668</lat>
                    <lon>12.8812</lon>
                    <date>2013-07-11T21:43:24+02:00</date>
                    <speedMph>344</speedMph>
                    <altitudeFt>9950</altitudeFt>
                </position>
                <position>
                    <lat>52.7705</lat>
                    <lon>12.8284</lon>
                    <date>2013-07-11T21:43:04+02:00</date>
                    <speedMph>352</speedMph>
                    <altitudeFt>10480</altitudeFt>
                </position>
                <position>
                    <lat>52.7759</lat>
                    <lon>12.7536</lon>
                    <date>2013-07-11T21:42:34+02:00</date>
                    <speedMph>352</speedMph>
                    <altitudeFt>11150</altitudeFt>
                </position>
                <position>
                    <lat>52.7814</lat>
                    <lon>12.6778</lon>
                    <date>2013-07-11T21:42:04+02:00</date>
                    <speedMph>356</speedMph>
                    <altitudeFt>11780</altitudeFt>
                </position>
                <position>
                    <lat>52.7888</lat>
                    <lon>12.5644</lon>
                    <date>2013-07-11T21:41:34+02:00</date>
                    <speedMph>360</speedMph>
                    <altitudeFt>12750</altitudeFt>
                </position>
                <position>
                    <lat>52.7874</lat>
                    <lon>12.4953</lon>
                    <date>2013-07-11T21:41:04+02:00</date>
                    <speedMph>364</speedMph>
                    <altitudeFt>13700</altitudeFt>
                </position>
                <position>
                    <lat>52.7859</lat>
                    <lon>12.4259</lon>
                    <date>2013-07-11T21:40:34+02:00</date>
                    <speedMph>368</speedMph>
                    <altitudeFt>14730</altitudeFt>
                </position>
                <position>
                    <lat>52.7838</lat>
                    <lon>12.3354</lon>
                    <date>2013-07-11T21:40:04+02:00</date>
                    <speedMph>376</speedMph>
                    <altitudeFt>15830</altitudeFt>
                </position>
                <position>
                    <lat>52.7795</lat>
                    <lon>12.1684</lon>
                    <date>2013-07-11T21:39:04+02:00</date>
                    <speedMph>384</speedMph>
                    <altitudeFt>17800</altitudeFt>
                </position>
                <position>
                    <lat>52.7749</lat>
                    <lon>11.9928</lon>
                    <date>2013-07-11T21:38:04+02:00</date>
                    <speedMph>400</speedMph>
                    <altitudeFt>19850</altitudeFt>
                </position>
                <position>
                    <lat>52.7696</lat>
                    <lon>11.7999</lon>
                    <date>2013-07-11T21:37:04+02:00</date>
                    <speedMph>408</speedMph>
                    <altitudeFt>21450</altitudeFt>
                </position>
                <position>
                    <lat>52.7639</lat>
                    <lon>11.6053</lon>
                    <date>2013-07-11T21:36:04+02:00</date>
                    <speedMph>416</speedMph>
                    <altitudeFt>22950</altitudeFt>
                </position>
                <position>
                    <lat>52.7581</lat>
                    <lon>11.4171</lon>
                    <date>2013-07-11T21:35:04+02:00</date>
                    <speedMph>420</speedMph>
                    <altitudeFt>23930</altitudeFt>
                </position>
                <position>
                    <lat>52.7517</lat>
                    <lon>11.2268</lon>
                    <date>2013-07-11T21:34:04+02:00</date>
                    <speedMph>428</speedMph>
                    <altitudeFt>24900</altitudeFt>
                </position>
                <position>
                    <lat>52.7451</lat>
                    <lon>11.035</lon>
                    <date>2013-07-11T21:33:04+02:00</date>
                    <speedMph>440</speedMph>
                    <altitudeFt>26180</altitudeFt>
                </position>
                <position>
                    <lat>52.7376</lat>
                    <lon>10.8276</lon>
                    <date>2013-07-11T21:32:04+02:00</date>
                    <speedMph>452</speedMph>
                    <altitudeFt>27730</altitudeFt>
                </position>
                <position>
                    <lat>52.7297</lat>
                    <lon>10.6113</lon>
                    <date>2013-07-11T21:31:04+02:00</date>
                    <speedMph>464</speedMph>
                    <altitudeFt>29280</altitudeFt>
                </position>
                <position>
                    <lat>52.7212</lat>
                    <lon>10.3979</lon>
                    <date>2013-07-11T21:30:04+02:00</date>
                    <speedMph>456</speedMph>
                    <altitudeFt>30750</altitudeFt>
                </position>
                <position>
                    <lat>52.7132</lat>
                    <lon>10.2072</lon>
                    <date>2013-07-11T21:29:04+02:00</date>
                    <speedMph>456</speedMph>
                    <altitudeFt>32100</altitudeFt>
                </position>
                <position>
                    <lat>52.7038</lat>
                    <lon>9.9885</lon>
                    <date>2013-07-11T21:28:04+02:00</date>
                    <speedMph>452</speedMph>
                    <altitudeFt>33000</altitudeFt>
                </position>
                <position>
                    <lat>52.6945</lat>
                    <lon>9.7836</lon>
                    <date>2013-07-11T21:27:04+02:00</date>
                    <speedMph>452</speedMph>
                    <altitudeFt>33000</altitudeFt>
                </position>
                <position>
                    <lat>52.6849</lat>
                    <lon>9.5779</lon>
                    <date>2013-07-11T21:26:04+02:00</date>
                    <speedMph>452</speedMph>
                    <altitudeFt>33000</altitudeFt>
                </position>
                <position>
                    <lat>52.6753</lat>
                    <lon>9.3753</lon>
                    <date>2013-07-11T21:25:04+02:00</date>
                    <speedMph>452</speedMph>
                    <altitudeFt>33000</altitudeFt>
                </position>
                <position>
                    <lat>52.665</lat>
                    <lon>9.1655</lon>
                    <date>2013-07-11T21:24:04+02:00</date>
                    <speedMph>456</speedMph>
                    <altitudeFt>33000</altitudeFt>
                </position>
                <position>
                    <lat>52.6549</lat>
                    <lon>8.9688</lon>
                    <date>2013-07-11T21:23:04+02:00</date>
                    <speedMph>456</speedMph>
                    <altitudeFt>33000</altitudeFt>
                </position>
                <position>
                    <lat>52.6433</lat>
                    <lon>8.7512</lon>
                    <date>2013-07-11T21:22:04+02:00</date>
                    <speedMph>456</speedMph>
                    <altitudeFt>33000</altitudeFt>
                </position>
                <position>
                    <lat>52.6317</lat>
                    <lon>8.5435</lon>
                    <date>2013-07-11T21:21:04+02:00</date>
                    <speedMph>460</speedMph>
                    <altitudeFt>33000</altitudeFt>
                </position>
                <position>
                    <lat>52.6207</lat>
                    <lon>8.3492</lon>
                    <date>2013-07-11T21:20:04+02:00</date>
                    <speedMph>460</speedMph>
                    <altitudeFt>33000</altitudeFt>
                </position>
                <position>
                    <lat>52.6073</lat>
                    <lon>8.1237</lon>
                    <date>2013-07-11T21:19:04+02:00</date>
                    <speedMph>460</speedMph>
                    <altitudeFt>33000</altitudeFt>
                </position>
                <position>
                    <lat>52.5951</lat>
                    <lon>7.9223</lon>
                    <date>2013-07-11T21:18:04+02:00</date>
                    <speedMph>460</speedMph>
                    <altitudeFt>33000</altitudeFt>
                </position>
                <position>
                    <lat>52.5826</lat>
                    <lon>7.7213</lon>
                    <date>2013-07-11T21:17:04+02:00</date>
                    <speedMph>460</speedMph>
                    <altitudeFt>33000</altitudeFt>
                </position>
                <position>
                    <lat>52.5687</lat>
                    <lon>7.503</lon>
                    <date>2013-07-11T21:16:04+02:00</date>
                    <speedMph>460</speedMph>
                    <altitudeFt>33000</altitudeFt>
                </position>
                <position>
                    <lat>52.555</lat>
                    <lon>7.2915</lon>
                    <date>2013-07-11T21:15:04+02:00</date>
                    <speedMph>460</speedMph>
                    <altitudeFt>33000</altitudeFt>
                </position>
                <position>
                    <lat>52.5409</lat>
                    <lon>7.0882</lon>
                    <date>2013-07-11T21:14:04+02:00</date>
                    <speedMph>452</speedMph>
                    <altitudeFt>32930</altitudeFt>
                </position>
                <position>
                    <lat>52.5273</lat>
                    <lon>6.89</lon>
                    <date>2013-07-11T21:13:04+02:00</date>
                    <speedMph>456</speedMph>
                    <altitudeFt>31180</altitudeFt>
                </position>
                <position>
                    <lat>52.5125</lat>
                    <lon>6.6826</lon>
                    <date>2013-07-11T21:12:04+02:00</date>
                    <speedMph>464</speedMph>
                    <altitudeFt>29180</altitudeFt>
                </position>
                <position>
                    <lat>52.4937</lat>
                    <lon>6.4246</lon>
                    <date>2013-07-11T21:10:47+02:00</date>
                    <speedMph>468</speedMph>
                    <altitudeFt>26580</altitudeFt>
                </position>
                <position>
                    <lat>52.4766</lat>
                    <lon>6.1958</lon>
                    <date>2013-07-11T21:09:47+02:00</date>
                    <speedMph>464</speedMph>
                    <altitudeFt>24300</altitudeFt>
                </position>
                <position>
                    <lat>52.4606</lat>
                    <lon>5.9924</lon>
                    <date>2013-07-11T21:08:47+02:00</date>
                    <speedMph>452</speedMph>
                    <altitudeFt>22380</altitudeFt>
                </position>
                <position>
                    <lat>52.4523</lat>
                    <lon>5.7892</lon>
                    <date>2013-07-11T21:07:47+02:00</date>
                    <speedMph>440</speedMph>
                    <altitudeFt>20150</altitudeFt>
                </position>
                <position>
                    <lat>52.4442</lat>
                    <lon>5.5933</lon>
                    <date>2013-07-11T21:06:47+02:00</date>
                    <speedMph>424</speedMph>
                    <altitudeFt>17900</altitudeFt>
                </position>
                <position>
                    <lat>52.435</lat>
                    <lon>5.3716</lon>
                    <date>2013-07-11T21:05:47+02:00</date>
                    <speedMph>404</speedMph>
                    <altitudeFt>14800</altitudeFt>
                </position>
                <position>
                    <lat>52.4331</lat>
                    <lon>5.3233</lon>
                    <date>2013-07-11T21:05:17+02:00</date>
                    <speedMph>396</speedMph>
                    <altitudeFt>14130</altitudeFt>
                </position>
                <position>
                    <lat>52.4291</lat>
                    <lon>5.2211</lon>
                    <date>2013-07-11T21:04:47+02:00</date>
                    <speedMph>376</speedMph>
                    <altitudeFt>12650</altitudeFt>
                </position>
                <position>
                    <lat>52.4238</lat>
                    <lon>5.1265</lon>
                    <date>2013-07-11T21:04:17+02:00</date>
                    <speedMph>340</speedMph>
                    <altitudeFt>11630</altitudeFt>
                </position>
                <position>
                    <lat>52.421</lat>
                    <lon>5.0628</lon>
                    <date>2013-07-11T21:03:47+02:00</date>
                    <speedMph>312</speedMph>
                    <altitudeFt>10830</altitudeFt>
                </position>
                <position>
                    <lat>52.4196</lat>
                    <lon>4.9959</lon>
                    <date>2013-07-11T21:03:17+02:00</date>
                    <speedMph>280</speedMph>
                    <altitudeFt>9800</altitudeFt>
                </position>
                <position>
                    <lat>52.4218</lat>
                    <lon>4.9794</lon>
                    <date>2013-07-11T21:03:07+02:00</date>
                    <speedMph>272</speedMph>
                    <altitudeFt>9430</altitudeFt>
                </position>
                <position>
                    <lat>52.4239</lat>
                    <lon>4.9551</lon>
                    <date>2013-07-11T21:02:57+02:00</date>
                    <speedMph>272</speedMph>
                    <altitudeFt>8580</altitudeFt>
                </position>
                <position>
                    <lat>52.4241</lat>
                    <lon>4.9427</lon>
                    <date>2013-07-11T21:02:47+02:00</date>
                    <speedMph>276</speedMph>
                    <altitudeFt>8100</altitudeFt>
                </position>
                <position>
                    <lat>52.4244</lat>
                    <lon>4.9133</lon>
                    <date>2013-07-11T21:02:37+02:00</date>
                    <speedMph>280</speedMph>
                    <altitudeFt>7100</altitudeFt>
                </position>
                <position>
                    <lat>52.4247</lat>
                    <lon>4.8695</lon>
                    <date>2013-07-11T21:02:22+02:00</date>
                    <speedMph>272</speedMph>
                    <altitudeFt>5900</altitudeFt>
                </position>
                <position>
                    <lat>52.424</lat>
                    <lon>4.8595</lon>
                    <date>2013-07-11T21:02:12+02:00</date>
                    <speedMph>264</speedMph>
                    <altitudeFt>5600</altitudeFt>
                </position>
                <position>
                    <lat>52.4228</lat>
                    <lon>4.8517</lon>
                    <date>2013-07-11T21:02:02+02:00</date>
                    <speedMph>260</speedMph>
                    <altitudeFt>5380</altitudeFt>
                </position>
                <position>
                    <lat>52.4137</lat>
                    <lon>4.8268</lon>
                    <date>2013-07-11T21:01:52+02:00</date>
                    <speedMph>252</speedMph>
                    <altitudeFt>4550</altitudeFt>
                </position>
                <position>
                    <lat>52.4094</lat>
                    <lon>4.8186</lon>
                    <date>2013-07-11T21:01:42+02:00</date>
                    <speedMph>244</speedMph>
                    <altitudeFt>4330</altitudeFt>
                </position>
                <position>
                    <lat>52.4047</lat>
                    <lon>4.8106</lon>
                    <date>2013-07-11T21:01:37+02:00</date>
                    <speedMph>236</speedMph>
                    <altitudeFt>4130</altitudeFt>
                </position>
                <position>
                    <lat>52.3972</lat>
                    <lon>4.7982</lon>
                    <date>2013-07-11T21:01:32+02:00</date>
                    <speedMph>216</speedMph>
                    <altitudeFt>3850</altitudeFt>
                </position>
                <position>
                    <lat>52.395</lat>
                    <lon>4.7948</lon>
                    <date>2013-07-11T21:01:22+02:00</date>
                    <speedMph>212</speedMph>
                    <altitudeFt>3750</altitudeFt>
                </position>
                <position>
                    <lat>52.3873</lat>
                    <lon>4.7844</lon>
                    <date>2013-07-11T21:01:17+02:00</date>
                    <speedMph>184</speedMph>
                    <altitudeFt>3530</altitudeFt>
                </position>
                <position>
                    <lat>52.3836</lat>
                    <lon>4.7804</lon>
                    <date>2013-07-11T21:01:12+02:00</date>
                    <speedMph>176</speedMph>
                    <altitudeFt>3430</altitudeFt>
                </position>
                <position>
                    <lat>52.3806</lat>
                    <lon>4.7776</lon>
                    <date>2013-07-11T21:01:02+02:00</date>
                    <speedMph>172</speedMph>
                    <altitudeFt>3330</altitudeFt>
                </position>
                <position>
                    <lat>52.3761</lat>
                    <lon>4.7732</lon>
                    <date>2013-07-11T21:00:57+02:00</date>
                    <speedMph>168</speedMph>
                    <altitudeFt>3080</altitudeFt>
                </position>
                <position>
                    <lat>52.3705</lat>
                    <lon>4.7684</lon>
                    <date>2013-07-11T21:00:52+02:00</date>
                    <speedMph>164</speedMph>
                    <altitudeFt>2730</altitudeFt>
                </position>
                <position>
                    <lat>52.3672</lat>
                    <lon>4.7656</lon>
                    <date>2013-07-11T21:00:42+02:00</date>
                    <speedMph>164</speedMph>
                    <altitudeFt>2530</altitudeFt>
                </position>
                <position>
                    <lat>52.3634</lat>
                    <lon>4.7627</lon>
                    <date>2013-07-11T21:00:37+02:00</date>
                    <speedMph>164</speedMph>
                    <altitudeFt>2280</altitudeFt>
                </position>
                <position>
                    <lat>52.3569</lat>
                    <lon>4.757</lon>
                    <date>2013-07-11T21:00:32+02:00</date>
                    <speedMph>160</speedMph>
                    <altitudeFt>1880</altitudeFt>
                </position>
                <position>
                    <lat>52.3539</lat>
                    <lon>4.7542</lon>
                    <date>2013-07-11T21:00:22+02:00</date>
                    <speedMph>160</speedMph>
                    <altitudeFt>1650</altitudeFt>
                </position>
                <position>
                    <lat>52.3472</lat>
                    <lon>4.7486</lon>
                    <date>2013-07-11T21:00:12+02:00</date>
                    <speedMph>160</speedMph>
                    <altitudeFt>1200</altitudeFt>
                </position>
                <position>
                    <lat>52.3392</lat>
                    <lon>4.7423</lon>
                    <date>2013-07-11T21:00:07+02:00</date>
                    <speedMph>156</speedMph>
                    <altitudeFt>750</altitudeFt>
                </position>
                <position>
                    <lat>52.3368</lat>
                    <lon>4.741</lon>
                    <date>2013-07-11T20:59:57+02:00</date>
                    <speedMph>156</speedMph>
                    <altitudeFt>600</altitudeFt>
                </position>
                <position>
                    <lat>52.3246</lat>
                    <lon>4.7394</lon>
                    <date>2013-07-11T20:59:47+02:00</date>
                    <speedMph>156</speedMph>
                    <altitudeFt>0</altitudeFt>
                </position>
                <position>
                    <lat>52.3225</lat>
                    <lon>4.7392</lon>
                    <date>2013-07-11T20:59:37+02:00</date>
                    <speedMph>152</speedMph>
                    <altitudeFt>0</altitudeFt>
                </position>
                <position>
                    <lat>52.3139</lat>
                    <lon>4.7384</lon>
                    <date>2013-07-11T20:59:32+02:00</date>
                    <speedMph>136</speedMph>
                    <altitudeFt>0</altitudeFt>
                </position>
                <position>
                    <lat>52.3124</lat>
                    <lon>4.7383</lon>
                    <date>2013-07-11T20:59:27+02:00</date>
                    <speedMph>132</speedMph>
                    <altitudeFt>0</altitudeFt>
                </position>
                <position>
                    <lat>52.3088</lat>
                    <lon>4.7379</lon>
                    <date>2013-07-11T20:59:22+02:00</date>
                    <speedMph>104</speedMph>
                    <altitudeFt>0</altitudeFt>
                </position>
                <position>
                    <lat>52.3061</lat>
                    <lon>4.7377</lon>
                    <date>2013-07-11T20:59:17+02:00</date>
                    <speedMph>84</speedMph>
                    <altitudeFt>0</altitudeFt>
                </position>
                <position>
                    <lat>52.3023</lat>
                    <lon>4.7374</lon>
                    <date>2013-07-11T20:58:57+02:00</date>
                    <speedMph>12</speedMph>
                    <altitudeFt>0</altitudeFt>
                </position>
                <position>
                    <lat>52.3023</lat>
                    <lon>4.7374</lon>
                    <date>2013-07-11T20:58:37+02:00</date>
                    <speedMph>0</speedMph>
                    <altitudeFt>0</altitudeFt>
                </position>
                <position>
                    <lat>52.3023</lat>
                    <lon>4.7374</lon>
                    <date>2013-07-11T20:58:12+02:00</date>
                    <speedMph>0</speedMph>
                    <altitudeFt>0</altitudeFt>
                </position>
                <position>
                    <lat>52.3022</lat>
                    <lon>4.7373</lon>
                    <date>2013-07-11T20:57:52+02:00</date>
                    <speedMph>8</speedMph>
                    <altitudeFt>0</altitudeFt>
                </position>
                <position>
                    <lat>52.3019</lat>
                    <lon>4.7381</lon>
                    <date>2013-07-11T20:57:47+02:00</date>
                    <speedMph>12</speedMph>
                    <altitudeFt>0</altitudeFt>
                </position>
                <position>
                    <lat>52.3019</lat>
                    <lon>4.7385</lon>
                    <date>2013-07-11T20:57:37+02:00</date>
                    <speedMph>8</speedMph>
                    <altitudeFt>0</altitudeFt>
                </position>
                <position>
                    <lat>52.3022</lat>
                    <lon>4.7391</lon>
                    <date>2013-07-11T20:57:02+02:00</date>
                    <speedMph>0</speedMph>
                    <altitudeFt>0</altitudeFt>
                </position>
                <position>
                    <lat>52.3023</lat>
                    <lon>4.7393</lon>
                    <date>2013-07-11T20:56:42+02:00</date>
                    <speedMph>12</speedMph>
                    <altitudeFt>0</altitudeFt>
                </position>
                <position>
                    <lat>52.3024</lat>
                    <lon>4.7393</lon>
                    <date>2013-07-11T20:56:37+02:00</date>
                    <speedMph>12</speedMph>
                    <altitudeFt>0</altitudeFt>
                </position>
                <position>
                    <lat>52.3024</lat>
                    <lon>4.7394</lon>
                    <date>2013-07-11T20:56:32+02:00</date>
                    <speedMph>12</speedMph>
                    <altitudeFt>0</altitudeFt>
                </position>
                <position>
                    <lat>52.3025</lat>
                    <lon>4.7395</lon>
                    <date>2013-07-11T20:56:27+02:00</date>
                    <speedMph>12</speedMph>
                    <altitudeFt>0</altitudeFt>
                </position>
                <position>
                    <lat>52.3025</lat>
                    <lon>4.7396</lon>
                    <date>2013-07-11T20:56:22+02:00</date>
                    <speedMph>12</speedMph>
                    <altitudeFt>0</altitudeFt>
                </position>
                <position>
                    <lat>52.3026</lat>
                    <lon>4.7396</lon>
                    <date>2013-07-11T20:56:17+02:00</date>
                    <speedMph>12</speedMph>
                    <altitudeFt>0</altitudeFt>
                </position>
                <position>
                    <lat>52.3027</lat>
                    <lon>4.7397</lon>
                    <date>2013-07-11T20:56:07+02:00</date>
                    <speedMph>4</speedMph>
                    <altitudeFt>0</altitudeFt>
                </position>
                <position>
                    <lat>52.3027</lat>
                    <lon>4.7398</lon>
                    <date>2013-07-11T20:55:52+02:00</date>
                    <speedMph>4</speedMph>
                    <altitudeFt>0</altitudeFt>
                </position>
                <position>
                    <lat>52.3034</lat>
                    <lon>4.7412</lon>
                    <date>2013-07-11T20:55:12+02:00</date>
                    <speedMph>20</speedMph>
                    <altitudeFt>0</altitudeFt>
                </position>
                <position>
                    <lat>52.3032</lat>
                    <lon>4.7432</lon>
                    <date>2013-07-11T20:54:52+02:00</date>
                    <speedMph>20</speedMph>
                    <altitudeFt>0</altitudeFt>
                </position>
                <position>
                    <lat>52.3018</lat>
                    <lon>4.7458</lon>
                    <date>2013-07-11T20:54:32+02:00</date>
                    <speedMph>20</speedMph>
                    <altitudeFt>0</altitudeFt>
                </position>
                <position>
                    <lat>52.3012</lat>
                    <lon>4.7468</lon>
                    <date>2013-07-11T20:54:27+02:00</date>
                    <speedMph>20</speedMph>
                    <altitudeFt>0</altitudeFt>
                </position>
                <position>
                    <lat>52.301</lat>
                    <lon>4.7472</lon>
                    <date>2013-07-11T20:54:17+02:00</date>
                    <speedMph>20</speedMph>
                    <altitudeFt>0</altitudeFt>
                </position>
                <position>
                    <lat>52.3007</lat>
                    <lon>4.7477</lon>
                    <date>2013-07-11T20:54:12+02:00</date>
                    <speedMph>20</speedMph>
                    <altitudeFt>0</altitudeFt>
                </position>
                <position>
                    <lat>52.3004</lat>
                    <lon>4.7483</lon>
                    <date>2013-07-11T20:54:07+02:00</date>
                    <speedMph>16</speedMph>
                    <altitudeFt>0</altitudeFt>
                </position>
                <position>
                    <lat>52.3003</lat>
                    <lon>4.7486</lon>
                    <date>2013-07-11T20:54:02+02:00</date>
                    <speedMph>16</speedMph>
                    <altitudeFt>0</altitudeFt>
                </position>
                <position>
                    <lat>52.2998</lat>
                    <lon>4.7493</lon>
                    <date>2013-07-11T20:53:57+02:00</date>
                    <speedMph>16</speedMph>
                    <altitudeFt>0</altitudeFt>
                </position>
                <position>
                    <lat>52.2996</lat>
                    <lon>4.7498</lon>
                    <date>2013-07-11T20:53:52+02:00</date>
                    <speedMph>16</speedMph>
                    <altitudeFt>0</altitudeFt>
                </position>
                <position>
                    <lat>52.2993</lat>
                    <lon>4.7503</lon>
                    <date>2013-07-11T20:53:47+02:00</date>
                    <speedMph>16</speedMph>
                    <altitudeFt>0</altitudeFt>
                </position>
                <position>
                    <lat>52.2992</lat>
                    <lon>4.7505</lon>
                    <date>2013-07-11T20:53:42+02:00</date>
                    <speedMph>16</speedMph>
                    <altitudeFt>0</altitudeFt>
                </position>
                <position>
                    <lat>52.2985</lat>
                    <lon>4.7521</lon>
                    <date>2013-07-11T20:53:32+02:00</date>
                    <speedMph>20</speedMph>
                    <altitudeFt>0</altitudeFt>
                </position>
                <position>
                    <lat>52.2984</lat>
                    <lon>4.7522</lon>
                    <date>2013-07-11T20:53:27+02:00</date>
                    <speedMph>20</speedMph>
                    <altitudeFt>0</altitudeFt>
                </position>
                <position>
                    <lat>52.2984</lat>
                    <lon>4.753</lon>
                    <date>2013-07-11T20:53:22+02:00</date>
                    <speedMph>20</speedMph>
                    <altitudeFt>0</altitudeFt>
                </position>
                <position>
                    <lat>52.2992</lat>
                    <lon>4.7554</lon>
                    <date>2013-07-11T20:53:07+02:00</date>
                    <speedMph>24</speedMph>
                    <altitudeFt>0</altitudeFt>
                </position>
                <position>
                    <lat>52.2993</lat>
                    <lon>4.7557</lon>
                    <date>2013-07-11T20:53:02+02:00</date>
                    <speedMph>24</speedMph>
                    <altitudeFt>0</altitudeFt>
                </position>
                <position>
                    <lat>52.2997</lat>
                    <lon>4.7568</lon>
                    <date>2013-07-11T20:52:57+02:00</date>
                    <speedMph>24</speedMph>
                    <altitudeFt>0</altitudeFt>
                </position>
                <position>
                    <lat>52.3</lat>
                    <lon>4.7576</lon>
                    <date>2013-07-11T20:52:52+02:00</date>
                    <speedMph>24</speedMph>
                    <altitudeFt>0</altitudeFt>
                </position>
                <position>
                    <lat>52.3004</lat>
                    <lon>4.7586</lon>
                    <date>2013-07-11T20:52:47+02:00</date>
                    <speedMph>24</speedMph>
                    <altitudeFt>0</altitudeFt>
                </position>
                <position>
                    <lat>52.3005</lat>
                    <lon>4.7587</lon>
                    <date>2013-07-11T20:52:42+02:00</date>
                    <speedMph>24</speedMph>
                    <altitudeFt>0</altitudeFt>
                </position>
                <position>
                    <lat>52.3007</lat>
                    <lon>4.7595</lon>
                    <date>2013-07-11T20:52:37+02:00</date>
                    <speedMph>24</speedMph>
                    <altitudeFt>0</altitudeFt>
                </position>
                <position>
                    <lat>52.3013</lat>
                    <lon>4.761</lon>
                    <date>2013-07-11T20:52:32+02:00</date>
                    <speedMph>24</speedMph>
                    <altitudeFt>0</altitudeFt>
                </position>
                <position>
                    <lat>52.3017</lat>
                    <lon>4.7618</lon>
                    <date>2013-07-11T20:52:27+02:00</date>
                    <speedMph>20</speedMph>
                    <altitudeFt>0</altitudeFt>
                </position>
                <position>
                    <lat>52.3022</lat>
                    <lon>4.7632</lon>
                    <date>2013-07-11T20:52:12+02:00</date>
                    <speedMph>20</speedMph>
                    <altitudeFt>0</altitudeFt>
                </position>
                <position>
                    <lat>52.3023</lat>
                    <lon>4.7636</lon>
                    <date>2013-07-11T20:52:07+02:00</date>
                    <speedMph>16</speedMph>
                    <altitudeFt>0</altitudeFt>
                </position>
                <position>
                    <lat>52.3027</lat>
                    <lon>4.7646</lon>
                    <date>2013-07-11T20:52:02+02:00</date>
                    <speedMph>32</speedMph>
                    <altitudeFt>0</altitudeFt>
                </position>
                <position>
                    <lat>52.3028</lat>
                    <lon>4.765</lon>
                    <date>2013-07-11T20:51:57+02:00</date>
                    <speedMph>32</speedMph>
                    <altitudeFt>0</altitudeFt>
                </position>
                <position>
                    <lat>52.3038</lat>
                    <lon>4.7658</lon>
                    <date>2013-07-11T20:51:22+02:00</date>
                    <speedMph>8</speedMph>
                    <altitudeFt>0</altitudeFt>
                </position>
                <position>
                    <lat>52.3038</lat>
                    <lon>4.7658</lon>
                    <date>2013-07-11T20:48:57+02:00</date>
                    <speedMph>12</speedMph>
                    <altitudeFt>0</altitudeFt>
                </position>
                <position>
                    <lat>52.304</lat>
                    <lon>4.7664</lon>
                    <date>2013-07-11T20:48:22+02:00</date>
                    <speedMph>12</speedMph>
                    <altitudeFt>0</altitudeFt>
                </position>
                <position>
                    <lat>52.3041</lat>
                    <lon>4.7664</lon>
                    <date>2013-07-11T20:48:12+02:00</date>
                    <speedMph>12</speedMph>
                    <altitudeFt>0</altitudeFt>
                </position>
                <position>
                    <lat>52.3042</lat>
                    <lon>4.7665</lon>
                    <date>2013-07-11T20:48:07+02:00</date>
                    <speedMph>8</speedMph>
                    <altitudeFt>0</altitudeFt>
                </position>
                <position>
                    <lat>52.3042</lat>
                    <lon>4.7665</lon>
                    <date>2013-07-11T20:48:02+02:00</date>
                    <speedMph>12</speedMph>
                    <altitudeFt>0</altitudeFt>
                </position>
                <position>
                    <lat>52.3042</lat>
                    <lon>4.7666</lon>
                    <date>2013-07-11T20:47:57+02:00</date>
                    <speedMph>12</speedMph>
                    <altitudeFt>0</altitudeFt>
                </position>
                <position>
                    <lat>52.3043</lat>
                    <lon>4.7667</lon>
                    <date>2013-07-11T20:47:52+02:00</date>
                    <speedMph>12</speedMph>
                    <altitudeFt>0</altitudeFt>
                </position>
            </positions>
        </flightTrack>
    </flightTracks>
</flightstatslog>
