<?xml version="1.0" encoding="UTF-8" standalone="yes"?>
<flightstatslog>
    <appendix>
        <airports>
            <airport>
                <fs>NCE</fs>
                <latitude>43.658411</latitude>
                <longitude>7.215872</longitude>
                <city>Nice</city>
            </airport>
            <airport>
                <fs>LTN</fs>
                <latitude>51.874722</latitude>
                <longitude>-0.368333</longitude>
                <city>London</city>
            </airport>
        </airports>
    </appendix>
    <flightTracks>
        <flightTrack>
            <flightId>4197114</flightId>
            <departureAirportFsCode>NCE</departureAirportFsCode>
            <arrivalAirportFsCode>LTN</arrivalAirportFsCode>
            <positions>
                <position>
                    <lat>51.8764</lat>
                    <lon>-0.3592</lon>
                    <date>2013-07-11T23:49:12+02:00</date>
                    <speedMph>12</speedMph>
                    <altitudeFt>0</altitudeFt>
                </position>
                <position>
                    <lat>51.876</lat>
                    <lon>-0.3605</lon>
                    <date>2013-07-11T23:49:02+02:00</date>
                    <speedMph>32</speedMph>
                    <altitudeFt>0</altitudeFt>
                </position>
                <position>
                    <lat>51.8756</lat>
                    <lon>-0.3628</lon>
                    <date>2013-07-11T23:48:57+02:00</date>
                    <speedMph>52</speedMph>
                    <altitudeFt>0</altitudeFt>
                </position>
                <position>
                    <lat>51.8754</lat>
                    <lon>-0.3639</lon>
                    <date>2013-07-11T23:48:47+02:00</date>
                    <speedMph>64</speedMph>
                    <altitudeFt>0</altitudeFt>
                </position>
                <position>
                    <lat>51.8725</lat>
                    <lon>-0.3806</lon>
                    <date>2013-07-11T23:48:27+02:00</date>
                    <speedMph>124</speedMph>
                    <altitudeFt>150</altitudeFt>
                </position>
                <position>
                    <lat>51.8721</lat>
                    <lon>-0.3832</lon>
                    <date>2013-07-11T23:48:22+02:00</date>
                    <speedMph>124</speedMph>
                    <altitudeFt>200</altitudeFt>
                </position>
                <position>
                    <lat>51.8699</lat>
                    <lon>-0.3952</lon>
                    <date>2013-07-11T23:48:07+02:00</date>
                    <speedMph>120</speedMph>
                    <altitudeFt>350</altitudeFt>
                </position>
                <position>
                    <lat>51.8691</lat>
                    <lon>-0.4006</lon>
                    <date>2013-07-11T23:48:02+02:00</date>
                    <speedMph>120</speedMph>
                    <altitudeFt>430</altitudeFt>
                </position>
                <position>
                    <lat>51.8689</lat>
                    <lon>-0.4017</lon>
                    <date>2013-07-11T23:47:57+02:00</date>
                    <speedMph>120</speedMph>
                    <altitudeFt>450</altitudeFt>
                </position>
                <position>
                    <lat>51.8681</lat>
                    <lon>-0.406</lon>
                    <date>2013-07-11T23:47:52+02:00</date>
                    <speedMph>120</speedMph>
                    <altitudeFt>500</altitudeFt>
                </position>
                <position>
                    <lat>51.8674</lat>
                    <lon>-0.4104</lon>
                    <date>2013-07-11T23:47:47+02:00</date>
                    <speedMph>120</speedMph>
                    <altitudeFt>550</altitudeFt>
                </position>
                <position>
                    <lat>51.8668</lat>
                    <lon>-0.4136</lon>
                    <date>2013-07-11T23:47:42+02:00</date>
                    <speedMph>120</speedMph>
                    <altitudeFt>580</altitudeFt>
                </position>
                <position>
                    <lat>51.8659</lat>
                    <lon>-0.4185</lon>
                    <date>2013-07-11T23:47:37+02:00</date>
                    <speedMph>120</speedMph>
                    <altitudeFt>650</altitudeFt>
                </position>
                <position>
                    <lat>51.8656</lat>
                    <lon>-0.4205</lon>
                    <date>2013-07-11T23:47:32+02:00</date>
                    <speedMph>120</speedMph>
                    <altitudeFt>680</altitudeFt>
                </position>
                <position>
                    <lat>51.8651</lat>
                    <lon>-0.4237</lon>
                    <date>2013-07-11T23:47:27+02:00</date>
                    <speedMph>120</speedMph>
                    <altitudeFt>730</altitudeFt>
                </position>
                <position>
                    <lat>51.8639</lat>
                    <lon>-0.4304</lon>
                    <date>2013-07-11T23:47:22+02:00</date>
                    <speedMph>120</speedMph>
                    <altitudeFt>800</altitudeFt>
                </position>
                <position>
                    <lat>51.8627</lat>
                    <lon>-0.4372</lon>
                    <date>2013-07-11T23:47:12+02:00</date>
                    <speedMph>120</speedMph>
                    <altitudeFt>880</altitudeFt>
                </position>
                <position>
                    <lat>51.8616</lat>
                    <lon>-0.4438</lon>
                    <date>2013-07-11T23:47:07+02:00</date>
                    <speedMph>120</speedMph>
                    <altitudeFt>950</altitudeFt>
                </position>
                <position>
                    <lat>51.8609</lat>
                    <lon>-0.4478</lon>
                    <date>2013-07-11T23:47:02+02:00</date>
                    <speedMph>120</speedMph>
                    <altitudeFt>1000</altitudeFt>
                </position>
                <position>
                    <lat>51.8604</lat>
                    <lon>-0.4511</lon>
                    <date>2013-07-11T23:46:57+02:00</date>
                    <speedMph>120</speedMph>
                    <altitudeFt>1050</altitudeFt>
                </position>
                <position>
                    <lat>51.8596</lat>
                    <lon>-0.4552</lon>
                    <date>2013-07-11T23:46:52+02:00</date>
                    <speedMph>120</speedMph>
                    <altitudeFt>1080</altitudeFt>
                </position>
                <position>
                    <lat>51.8585</lat>
                    <lon>-0.4615</lon>
                    <date>2013-07-11T23:46:47+02:00</date>
                    <speedMph>124</speedMph>
                    <altitudeFt>1180</altitudeFt>
                </position>
                <position>
                    <lat>51.8576</lat>
                    <lon>-0.4668</lon>
                    <date>2013-07-11T23:46:42+02:00</date>
                    <speedMph>128</speedMph>
                    <altitudeFt>1250</altitudeFt>
                </position>
                <position>
                    <lat>51.857</lat>
                    <lon>-0.4706</lon>
                    <date>2013-07-11T23:46:37+02:00</date>
                    <speedMph>128</speedMph>
                    <altitudeFt>1300</altitudeFt>
                </position>
                <position>
                    <lat>51.8567</lat>
                    <lon>-0.4721</lon>
                    <date>2013-07-11T23:46:32+02:00</date>
                    <speedMph>132</speedMph>
                    <altitudeFt>1300</altitudeFt>
                </position>
                <position>
                    <lat>51.856</lat>
                    <lon>-0.476</lon>
                    <date>2013-07-11T23:46:27+02:00</date>
                    <speedMph>136</speedMph>
                    <altitudeFt>1350</altitudeFt>
                </position>
                <position>
                    <lat>51.8546</lat>
                    <lon>-0.4844</lon>
                    <date>2013-07-11T23:46:22+02:00</date>
                    <speedMph>140</speedMph>
                    <altitudeFt>1450</altitudeFt>
                </position>
                <position>
                    <lat>51.8539</lat>
                    <lon>-0.4884</lon>
                    <date>2013-07-11T23:46:17+02:00</date>
                    <speedMph>144</speedMph>
                    <altitudeFt>1500</altitudeFt>
                </position>
                <position>
                    <lat>51.8515</lat>
                    <lon>-0.5025</lon>
                    <date>2013-07-11T23:46:07+02:00</date>
                    <speedMph>152</speedMph>
                    <altitudeFt>1650</altitudeFt>
                </position>
                <position>
                    <lat>51.8508</lat>
                    <lon>-0.5064</lon>
                    <date>2013-07-11T23:46:02+02:00</date>
                    <speedMph>152</speedMph>
                    <altitudeFt>1700</altitudeFt>
                </position>
                <position>
                    <lat>51.8492</lat>
                    <lon>-0.5151</lon>
                    <date>2013-07-11T23:45:52+02:00</date>
                    <speedMph>152</speedMph>
                    <altitudeFt>1800</altitudeFt>
                </position>
                <position>
                    <lat>51.8481</lat>
                    <lon>-0.5214</lon>
                    <date>2013-07-11T23:45:47+02:00</date>
                    <speedMph>152</speedMph>
                    <altitudeFt>1900</altitudeFt>
                </position>
                <position>
                    <lat>51.8475</lat>
                    <lon>-0.5247</lon>
                    <date>2013-07-11T23:45:42+02:00</date>
                    <speedMph>152</speedMph>
                    <altitudeFt>1930</altitudeFt>
                </position>
                <position>
                    <lat>51.8435</lat>
                    <lon>-0.5481</lon>
                    <date>2013-07-11T23:45:27+02:00</date>
                    <speedMph>156</speedMph>
                    <altitudeFt>2230</altitudeFt>
                </position>
                <position>
                    <lat>51.8423</lat>
                    <lon>-0.5551</lon>
                    <date>2013-07-11T23:45:22+02:00</date>
                    <speedMph>156</speedMph>
                    <altitudeFt>2330</altitudeFt>
                </position>
                <position>
                    <lat>51.8411</lat>
                    <lon>-0.5617</lon>
                    <date>2013-07-11T23:45:17+02:00</date>
                    <speedMph>156</speedMph>
                    <altitudeFt>2430</altitudeFt>
                </position>
                <position>
                    <lat>51.8404</lat>
                    <lon>-0.566</lon>
                    <date>2013-07-11T23:45:12+02:00</date>
                    <speedMph>156</speedMph>
                    <altitudeFt>2480</altitudeFt>
                </position>
                <position>
                    <lat>51.8395</lat>
                    <lon>-0.5714</lon>
                    <date>2013-07-11T23:45:07+02:00</date>
                    <speedMph>156</speedMph>
                    <altitudeFt>2530</altitudeFt>
                </position>
                <position>
                    <lat>51.8383</lat>
                    <lon>-0.5782</lon>
                    <date>2013-07-11T23:44:57+02:00</date>
                    <speedMph>160</speedMph>
                    <altitudeFt>2630</altitudeFt>
                </position>
                <position>
                    <lat>51.8364</lat>
                    <lon>-0.5887</lon>
                    <date>2013-07-11T23:44:52+02:00</date>
                    <speedMph>160</speedMph>
                    <altitudeFt>2730</altitudeFt>
                </position>
                <position>
                    <lat>51.8353</lat>
                    <lon>-0.5943</lon>
                    <date>2013-07-11T23:44:42+02:00</date>
                    <speedMph>160</speedMph>
                    <altitudeFt>2800</altitudeFt>
                </position>
                <position>
                    <lat>51.8331</lat>
                    <lon>-0.6051</lon>
                    <date>2013-07-11T23:44:37+02:00</date>
                    <speedMph>160</speedMph>
                    <altitudeFt>2900</altitudeFt>
                </position>
                <position>
                    <lat>51.8316</lat>
                    <lon>-0.612</lon>
                    <date>2013-07-11T23:44:32+02:00</date>
                    <speedMph>156</speedMph>
                    <altitudeFt>2980</altitudeFt>
                </position>
                <position>
                    <lat>51.8307</lat>
                    <lon>-0.6161</lon>
                    <date>2013-07-11T23:44:22+02:00</date>
                    <speedMph>160</speedMph>
                    <altitudeFt>3000</altitudeFt>
                </position>
                <position>
                    <lat>51.8287</lat>
                    <lon>-0.6226</lon>
                    <date>2013-07-11T23:44:17+02:00</date>
                    <speedMph>164</speedMph>
                    <altitudeFt>3030</altitudeFt>
                </position>
                <position>
                    <lat>51.8235</lat>
                    <lon>-0.6343</lon>
                    <date>2013-07-11T23:44:12+02:00</date>
                    <speedMph>172</speedMph>
                    <altitudeFt>3080</altitudeFt>
                </position>
                <position>
                    <lat>51.822</lat>
                    <lon>-0.637</lon>
                    <date>2013-07-11T23:44:07+02:00</date>
                    <speedMph>172</speedMph>
                    <altitudeFt>3100</altitudeFt>
                </position>
                <position>
                    <lat>51.8193</lat>
                    <lon>-0.6421</lon>
                    <date>2013-07-11T23:43:57+02:00</date>
                    <speedMph>176</speedMph>
                    <altitudeFt>3150</altitudeFt>
                </position>
                <position>
                    <lat>51.8138</lat>
                    <lon>-0.6522</lon>
                    <date>2013-07-11T23:43:52+02:00</date>
                    <speedMph>180</speedMph>
                    <altitudeFt>3200</altitudeFt>
                </position>
                <position>
                    <lat>51.8102</lat>
                    <lon>-0.6585</lon>
                    <date>2013-07-11T23:43:42+02:00</date>
                    <speedMph>188</speedMph>
                    <altitudeFt>3250</altitudeFt>
                </position>
                <position>
                    <lat>51.8049</lat>
                    <lon>-0.668</lon>
                    <date>2013-07-11T23:43:37+02:00</date>
                    <speedMph>196</speedMph>
                    <altitudeFt>3350</altitudeFt>
                </position>
                <position>
                    <lat>51.8018</lat>
                    <lon>-0.6735</lon>
                    <date>2013-07-11T23:43:32+02:00</date>
                    <speedMph>200</speedMph>
                    <altitudeFt>3400</altitudeFt>
                </position>
                <position>
                    <lat>51.7993</lat>
                    <lon>-0.678</lon>
                    <date>2013-07-11T23:43:22+02:00</date>
                    <speedMph>196</speedMph>
                    <altitudeFt>3430</altitudeFt>
                </position>
                <position>
                    <lat>51.7927</lat>
                    <lon>-0.6893</lon>
                    <date>2013-07-11T23:43:17+02:00</date>
                    <speedMph>208</speedMph>
                    <altitudeFt>3530</altitudeFt>
                </position>
                <position>
                    <lat>51.789</lat>
                    <lon>-0.6941</lon>
                    <date>2013-07-11T23:43:12+02:00</date>
                    <speedMph>216</speedMph>
                    <altitudeFt>3580</altitudeFt>
                </position>
                <position>
                    <lat>51.7819</lat>
                    <lon>-0.6995</lon>
                    <date>2013-07-11T23:43:07+02:00</date>
                    <speedMph>216</speedMph>
                    <altitudeFt>3650</altitudeFt>
                </position>
                <position>
                    <lat>51.7796</lat>
                    <lon>-0.7005</lon>
                    <date>2013-07-11T23:43:02+02:00</date>
                    <speedMph>216</speedMph>
                    <altitudeFt>3680</altitudeFt>
                </position>
                <position>
                    <lat>51.7748</lat>
                    <lon>-0.702</lon>
                    <date>2013-07-11T23:42:57+02:00</date>
                    <speedMph>216</speedMph>
                    <altitudeFt>3680</altitudeFt>
                </position>
                <position>
                    <lat>51.7688</lat>
                    <lon>-0.7038</lon>
                    <date>2013-07-11T23:42:52+02:00</date>
                    <speedMph>228</speedMph>
                    <altitudeFt>3700</altitudeFt>
                </position>
                <position>
                    <lat>51.7626</lat>
                    <lon>-0.7057</lon>
                    <date>2013-07-11T23:42:42+02:00</date>
                    <speedMph>228</speedMph>
                    <altitudeFt>3750</altitudeFt>
                </position>
                <position>
                    <lat>51.7564</lat>
                    <lon>-0.7075</lon>
                    <date>2013-07-11T23:42:37+02:00</date>
                    <speedMph>228</speedMph>
                    <altitudeFt>3850</altitudeFt>
                </position>
                <position>
                    <lat>51.7484</lat>
                    <lon>-0.7098</lon>
                    <date>2013-07-11T23:42:32+02:00</date>
                    <speedMph>228</speedMph>
                    <altitudeFt>4030</altitudeFt>
                </position>
                <position>
                    <lat>51.7422</lat>
                    <lon>-0.7116</lon>
                    <date>2013-07-11T23:42:27+02:00</date>
                    <speedMph>228</speedMph>
                    <altitudeFt>4180</altitudeFt>
                </position>
                <position>
                    <lat>51.7367</lat>
                    <lon>-0.7131</lon>
                    <date>2013-07-11T23:42:17+02:00</date>
                    <speedMph>228</speedMph>
                    <altitudeFt>4300</altitudeFt>
                </position>
                <position>
                    <lat>51.7138</lat>
                    <lon>-0.7177</lon>
                    <date>2013-07-11T23:41:57+02:00</date>
                    <speedMph>244</speedMph>
                    <altitudeFt>4700</altitudeFt>
                </position>
                <position>
                    <lat>51.7038</lat>
                    <lon>-0.7165</lon>
                    <date>2013-07-11T23:41:52+02:00</date>
                    <speedMph>240</speedMph>
                    <altitudeFt>4930</altitudeFt>
                </position>
                <position>
                    <lat>51.6938</lat>
                    <lon>-0.7147</lon>
                    <date>2013-07-11T23:41:47+02:00</date>
                    <speedMph>244</speedMph>
                    <altitudeFt>5080</altitudeFt>
                </position>
                <position>
                    <lat>51.6884</lat>
                    <lon>-0.7137</lon>
                    <date>2013-07-11T23:41:37+02:00</date>
                    <speedMph>244</speedMph>
                    <altitudeFt>5180</altitudeFt>
                </position>
                <position>
                    <lat>51.6804</lat>
                    <lon>-0.7123</lon>
                    <date>2013-07-11T23:41:27+02:00</date>
                    <speedMph>244</speedMph>
                    <altitudeFt>5330</altitudeFt>
                </position>
                <position>
                    <lat>51.6629</lat>
                    <lon>-0.7091</lon>
                    <date>2013-07-11T23:41:17+02:00</date>
                    <speedMph>260</speedMph>
                    <altitudeFt>5600</altitudeFt>
                </position>
                <position>
                    <lat>51.6573</lat>
                    <lon>-0.708</lon>
                    <date>2013-07-11T23:41:07+02:00</date>
                    <speedMph>264</speedMph>
                    <altitudeFt>5650</altitudeFt>
                </position>
                <position>
                    <lat>51.638</lat>
                    <lon>-0.7041</lon>
                    <date>2013-07-11T23:40:57+02:00</date>
                    <speedMph>280</speedMph>
                    <altitudeFt>5700</altitudeFt>
                </position>
                <position>
                    <lat>51.6324</lat>
                    <lon>-0.7026</lon>
                    <date>2013-07-11T23:40:47+02:00</date>
                    <speedMph>288</speedMph>
                    <altitudeFt>5750</altitudeFt>
                </position>
                <position>
                    <lat>51.6126</lat>
                    <lon>-0.6888</lon>
                    <date>2013-07-11T23:40:37+02:00</date>
                    <speedMph>324</speedMph>
                    <altitudeFt>6100</altitudeFt>
                </position>
                <position>
                    <lat>51.607</lat>
                    <lon>-0.6817</lon>
                    <date>2013-07-11T23:40:27+02:00</date>
                    <speedMph>328</speedMph>
                    <altitudeFt>6280</altitudeFt>
                </position>
                <position>
                    <lat>51.5889</lat>
                    <lon>-0.6556</lon>
                    <date>2013-07-11T23:40:17+02:00</date>
                    <speedMph>328</speedMph>
                    <altitudeFt>7100</altitudeFt>
                </position>
                <position>
                    <lat>51.5841</lat>
                    <lon>-0.6489</lon>
                    <date>2013-07-11T23:40:07+02:00</date>
                    <speedMph>328</speedMph>
                    <altitudeFt>7400</altitudeFt>
                </position>
                <position>
                    <lat>51.5664</lat>
                    <lon>-0.6236</lon>
                    <date>2013-07-11T23:39:57+02:00</date>
                    <speedMph>328</speedMph>
                    <altitudeFt>8430</altitudeFt>
                </position>
                <position>
                    <lat>51.5597</lat>
                    <lon>-0.6141</lon>
                    <date>2013-07-11T23:39:47+02:00</date>
                    <speedMph>328</speedMph>
                    <altitudeFt>8800</altitudeFt>
                </position>
                <position>
                    <lat>51.5431</lat>
                    <lon>-0.591</lon>
                    <date>2013-07-11T23:39:37+02:00</date>
                    <speedMph>340</speedMph>
                    <altitudeFt>9600</altitudeFt>
                </position>
                <position>
                    <lat>51.5366</lat>
                    <lon>-0.5821</lon>
                    <date>2013-07-11T23:39:27+02:00</date>
                    <speedMph>340</speedMph>
                    <altitudeFt>9830</altitudeFt>
                </position>
                <position>
                    <lat>51.4999</lat>
                    <lon>-0.5315</lon>
                    <date>2013-07-11T23:39:02+02:00</date>
                    <speedMph>348</speedMph>
                    <altitudeFt>10930</altitudeFt>
                </position>
                <position>
                    <lat>51.4626</lat>
                    <lon>-0.481</lon>
                    <date>2013-07-11T23:38:32+02:00</date>
                    <speedMph>344</speedMph>
                    <altitudeFt>12350</altitudeFt>
                </position>
                <position>
                    <lat>51.4246</lat>
                    <lon>-0.4311</lon>
                    <date>2013-07-11T23:38:02+02:00</date>
                    <speedMph>332</speedMph>
                    <altitudeFt>13930</altitudeFt>
                </position>
                <position>
                    <lat>51.3875</lat>
                    <lon>-0.3841</lon>
                    <date>2013-07-11T23:37:32+02:00</date>
                    <speedMph>368</speedMph>
                    <altitudeFt>14130</altitudeFt>
                </position>
                <position>
                    <lat>51.3471</lat>
                    <lon>-0.3347</lon>
                    <date>2013-07-11T23:37:02+02:00</date>
                    <speedMph>352</speedMph>
                    <altitudeFt>15300</altitudeFt>
                </position>
                <position>
                    <lat>51.2777</lat>
                    <lon>-0.2283</lon>
                    <date>2013-07-11T23:36:02+02:00</date>
                    <speedMph>348</speedMph>
                    <altitudeFt>17730</altitudeFt>
                </position>
                <position>
                    <lat>51.2098</lat>
                    <lon>-0.1147</lon>
                    <date>2013-07-11T23:35:02+02:00</date>
                    <speedMph>352</speedMph>
                    <altitudeFt>18030</altitudeFt>
                </position>
                <position>
                    <lat>51.1428</lat>
                    <lon>-0.0226</lon>
                    <date>2013-07-11T23:34:02+02:00</date>
                    <speedMph>356</speedMph>
                    <altitudeFt>18730</altitudeFt>
                </position>
                <position>
                    <lat>51.0618</lat>
                    <lon>0.0674</lon>
                    <date>2013-07-11T23:33:02+02:00</date>
                    <speedMph>356</speedMph>
                    <altitudeFt>19500</altitudeFt>
                </position>
                <position>
                    <lat>50.984</lat>
                    <lon>0.1617</lon>
                    <date>2013-07-11T23:32:02+02:00</date>
                    <speedMph>364</speedMph>
                    <altitudeFt>20850</altitudeFt>
                </position>
                <position>
                    <lat>50.9035</lat>
                    <lon>0.271</lon>
                    <date>2013-07-11T23:31:02+02:00</date>
                    <speedMph>380</speedMph>
                    <altitudeFt>23130</altitudeFt>
                </position>
                <position>
                    <lat>50.8256</lat>
                    <lon>0.3762</lon>
                    <date>2013-07-11T23:30:02+02:00</date>
                    <speedMph>396</speedMph>
                    <altitudeFt>25300</altitudeFt>
                </position>
                <position>
                    <lat>50.7363</lat>
                    <lon>0.4967</lon>
                    <date>2013-07-11T23:29:02+02:00</date>
                    <speedMph>412</speedMph>
                    <altitudeFt>27930</altitudeFt>
                </position>
                <position>
                    <lat>50.6465</lat>
                    <lon>0.617</lon>
                    <date>2013-07-11T23:28:02+02:00</date>
                    <speedMph>436</speedMph>
                    <altitudeFt>30300</altitudeFt>
                </position>
                <position>
                    <lat>50.552</lat>
                    <lon>0.7432</lon>
                    <date>2013-07-11T23:27:02+02:00</date>
                    <speedMph>432</speedMph>
                    <altitudeFt>33100</altitudeFt>
                </position>
                <position>
                    <lat>50.4648</lat>
                    <lon>0.8589</lon>
                    <date>2013-07-11T23:26:02+02:00</date>
                    <speedMph>436</speedMph>
                    <altitudeFt>35000</altitudeFt>
                </position>
                <position>
                    <lat>50.3714</lat>
                    <lon>0.9819</lon>
                    <date>2013-07-11T23:25:02+02:00</date>
                    <speedMph>436</speedMph>
                    <altitudeFt>35980</altitudeFt>
                </position>
                <position>
                    <lat>50.2817</lat>
                    <lon>1.0995</lon>
                    <date>2013-07-11T23:24:02+02:00</date>
                    <speedMph>436</speedMph>
                    <altitudeFt>36000</altitudeFt>
                </position>
                <position>
                    <lat>50.1873</lat>
                    <lon>1.2228</lon>
                    <date>2013-07-11T23:23:02+02:00</date>
                    <speedMph>436</speedMph>
                    <altitudeFt>35980</altitudeFt>
                </position>
                <position>
                    <lat>50.0982</lat>
                    <lon>1.3387</lon>
                    <date>2013-07-11T23:22:02+02:00</date>
                    <speedMph>436</speedMph>
                    <altitudeFt>36000</altitudeFt>
                </position>
                <position>
                    <lat>50.0077</lat>
                    <lon>1.4558</lon>
                    <date>2013-07-11T23:21:02+02:00</date>
                    <speedMph>436</speedMph>
                    <altitudeFt>35980</altitudeFt>
                </position>
                <position>
                    <lat>49.9141</lat>
                    <lon>1.5756</lon>
                    <date>2013-07-11T23:20:02+02:00</date>
                    <speedMph>436</speedMph>
                    <altitudeFt>36030</altitudeFt>
                </position>
                <position>
                    <lat>49.8087</lat>
                    <lon>1.7103</lon>
                    <date>2013-07-11T23:19:02+02:00</date>
                    <speedMph>440</speedMph>
                    <altitudeFt>36000</altitudeFt>
                </position>
                <position>
                    <lat>49.717</lat>
                    <lon>1.8271</lon>
                    <date>2013-07-11T23:18:02+02:00</date>
                    <speedMph>440</speedMph>
                    <altitudeFt>35980</altitudeFt>
                </position>
                <position>
                    <lat>49.6272</lat>
                    <lon>1.9415</lon>
                    <date>2013-07-11T23:17:02+02:00</date>
                    <speedMph>440</speedMph>
                    <altitudeFt>36000</altitudeFt>
                </position>
                <position>
                    <lat>49.5235</lat>
                    <lon>2.0631</lon>
                    <date>2013-07-11T23:16:02+02:00</date>
                    <speedMph>440</speedMph>
                    <altitudeFt>36000</altitudeFt>
                </position>
                <position>
                    <lat>49.4233</lat>
                    <lon>2.1796</lon>
                    <date>2013-07-11T23:15:02+02:00</date>
                    <speedMph>432</speedMph>
                    <altitudeFt>36030</altitudeFt>
                </position>
                <position>
                    <lat>49.3298</lat>
                    <lon>2.2878</lon>
                    <date>2013-07-11T23:14:02+02:00</date>
                    <speedMph>440</speedMph>
                    <altitudeFt>36030</altitudeFt>
                </position>
                <position>
                    <lat>49.2327</lat>
                    <lon>2.3994</lon>
                    <date>2013-07-11T23:13:02+02:00</date>
                    <speedMph>440</speedMph>
                    <altitudeFt>36000</altitudeFt>
                </position>
                <position>
                    <lat>49.1374</lat>
                    <lon>2.5085</lon>
                    <date>2013-07-11T23:12:02+02:00</date>
                    <speedMph>432</speedMph>
                    <altitudeFt>35980</altitudeFt>
                </position>
                <position>
                    <lat>49.0451</lat>
                    <lon>2.6139</lon>
                    <date>2013-07-11T23:10:58+02:00</date>
                    <speedMph>436</speedMph>
                    <altitudeFt>35980</altitudeFt>
                </position>
                <position>
                    <lat>48.9403</lat>
                    <lon>2.7327</lon>
                    <date>2013-07-11T23:09:58+02:00</date>
                    <speedMph>436</speedMph>
                    <altitudeFt>36030</altitudeFt>
                </position>
                <position>
                    <lat>48.8382</lat>
                    <lon>2.848</lon>
                    <date>2013-07-11T23:08:58+02:00</date>
                    <speedMph>440</speedMph>
                    <altitudeFt>36000</altitudeFt>
                </position>
                <position>
                    <lat>48.7445</lat>
                    <lon>2.9531</lon>
                    <date>2013-07-11T23:07:58+02:00</date>
                    <speedMph>440</speedMph>
                    <altitudeFt>36000</altitudeFt>
                </position>
                <position>
                    <lat>48.6442</lat>
                    <lon>3.0649</lon>
                    <date>2013-07-11T23:06:58+02:00</date>
                    <speedMph>436</speedMph>
                    <altitudeFt>36000</altitudeFt>
                </position>
                <position>
                    <lat>48.5479</lat>
                    <lon>3.1722</lon>
                    <date>2013-07-11T23:05:58+02:00</date>
                    <speedMph>436</speedMph>
                    <altitudeFt>36030</altitudeFt>
                </position>
                <position>
                    <lat>48.4593</lat>
                    <lon>3.2699</lon>
                    <date>2013-07-11T23:04:58+02:00</date>
                    <speedMph>436</speedMph>
                    <altitudeFt>36000</altitudeFt>
                </position>
                <position>
                    <lat>48.3491</lat>
                    <lon>3.3912</lon>
                    <date>2013-07-11T23:03:58+02:00</date>
                    <speedMph>436</speedMph>
                    <altitudeFt>36000</altitudeFt>
                </position>
                <position>
                    <lat>48.2573</lat>
                    <lon>3.4785</lon>
                    <date>2013-07-11T23:02:58+02:00</date>
                    <speedMph>436</speedMph>
                    <altitudeFt>36000</altitudeFt>
                </position>
                <position>
                    <lat>48.1529</lat>
                    <lon>3.5597</lon>
                    <date>2013-07-11T23:01:58+02:00</date>
                    <speedMph>436</speedMph>
                    <altitudeFt>35980</altitudeFt>
                </position>
                <position>
                    <lat>48.0419</lat>
                    <lon>3.6459</lon>
                    <date>2013-07-11T23:00:58+02:00</date>
                    <speedMph>436</speedMph>
                    <altitudeFt>36000</altitudeFt>
                </position>
                <position>
                    <lat>47.9337</lat>
                    <lon>3.7295</lon>
                    <date>2013-07-11T22:59:58+02:00</date>
                    <speedMph>436</speedMph>
                    <altitudeFt>36000</altitudeFt>
                </position>
                <position>
                    <lat>47.8308</lat>
                    <lon>3.8082</lon>
                    <date>2013-07-11T22:58:58+02:00</date>
                    <speedMph>436</speedMph>
                    <altitudeFt>36000</altitudeFt>
                </position>
                <position>
                    <lat>47.7227</lat>
                    <lon>3.8908</lon>
                    <date>2013-07-11T22:57:58+02:00</date>
                    <speedMph>436</speedMph>
                    <altitudeFt>36030</altitudeFt>
                </position>
                <position>
                    <lat>47.6137</lat>
                    <lon>3.974</lon>
                    <date>2013-07-11T22:56:58+02:00</date>
                    <speedMph>440</speedMph>
                    <altitudeFt>36000</altitudeFt>
                </position>
                <position>
                    <lat>47.5007</lat>
                    <lon>4.0596</lon>
                    <date>2013-07-11T22:55:58+02:00</date>
                    <speedMph>436</speedMph>
                    <altitudeFt>36000</altitudeFt>
                </position>
                <position>
                    <lat>47.3914</lat>
                    <lon>4.1415</lon>
                    <date>2013-07-11T22:54:58+02:00</date>
                    <speedMph>436</speedMph>
                    <altitudeFt>35980</altitudeFt>
                </position>
                <position>
                    <lat>47.2866</lat>
                    <lon>4.2201</lon>
                    <date>2013-07-11T22:53:58+02:00</date>
                    <speedMph>436</speedMph>
                    <altitudeFt>36000</altitudeFt>
                </position>
                <position>
                    <lat>47.1779</lat>
                    <lon>4.3013</lon>
                    <date>2013-07-11T22:52:58+02:00</date>
                    <speedMph>436</speedMph>
                    <altitudeFt>36030</altitudeFt>
                </position>
                <position>
                    <lat>47.0675</lat>
                    <lon>4.3831</lon>
                    <date>2013-07-11T22:51:58+02:00</date>
                    <speedMph>436</speedMph>
                    <altitudeFt>36030</altitudeFt>
                </position>
                <position>
                    <lat>46.9632</lat>
                    <lon>4.4601</lon>
                    <date>2013-07-11T22:50:58+02:00</date>
                    <speedMph>436</speedMph>
                    <altitudeFt>36000</altitudeFt>
                </position>
                <position>
                    <lat>46.8578</lat>
                    <lon>4.5376</lon>
                    <date>2013-07-11T22:49:58+02:00</date>
                    <speedMph>436</speedMph>
                    <altitudeFt>36000</altitudeFt>
                </position>
                <position>
                    <lat>46.749</lat>
                    <lon>4.6177</lon>
                    <date>2013-07-11T22:48:58+02:00</date>
                    <speedMph>436</speedMph>
                    <altitudeFt>35980</altitudeFt>
                </position>
                <position>
                    <lat>46.6396</lat>
                    <lon>4.6974</lon>
                    <date>2013-07-11T22:47:58+02:00</date>
                    <speedMph>432</speedMph>
                    <altitudeFt>36000</altitudeFt>
                </position>
                <position>
                    <lat>46.5395</lat>
                    <lon>4.7701</lon>
                    <date>2013-07-11T22:46:58+02:00</date>
                    <speedMph>436</speedMph>
                    <altitudeFt>36000</altitudeFt>
                </position>
                <position>
                    <lat>46.4252</lat>
                    <lon>4.8529</lon>
                    <date>2013-07-11T22:45:58+02:00</date>
                    <speedMph>436</speedMph>
                    <altitudeFt>36030</altitudeFt>
                </position>
                <position>
                    <lat>46.3195</lat>
                    <lon>4.9288</lon>
                    <date>2013-07-11T22:44:58+02:00</date>
                    <speedMph>436</speedMph>
                    <altitudeFt>36000</altitudeFt>
                </position>
                <position>
                    <lat>46.2124</lat>
                    <lon>5.0055</lon>
                    <date>2013-07-11T22:43:58+02:00</date>
                    <speedMph>436</speedMph>
                    <altitudeFt>35980</altitudeFt>
                </position>
                <position>
                    <lat>46.1028</lat>
                    <lon>5.0837</lon>
                    <date>2013-07-11T22:42:58+02:00</date>
                    <speedMph>436</speedMph>
                    <altitudeFt>36000</altitudeFt>
                </position>
                <position>
                    <lat>45.996</lat>
                    <lon>5.1592</lon>
                    <date>2013-07-11T22:41:58+02:00</date>
                    <speedMph>436</speedMph>
                    <altitudeFt>36000</altitudeFt>
                </position>
                <position>
                    <lat>45.8871</lat>
                    <lon>5.2368</lon>
                    <date>2013-07-11T22:40:58+02:00</date>
                    <speedMph>436</speedMph>
                    <altitudeFt>36000</altitudeFt>
                </position>
                <position>
                    <lat>45.7818</lat>
                    <lon>5.3315</lon>
                    <date>2013-07-11T22:39:58+02:00</date>
                    <speedMph>440</speedMph>
                    <altitudeFt>36000</altitudeFt>
                </position>
                <position>
                    <lat>45.6779</lat>
                    <lon>5.4244</lon>
                    <date>2013-07-11T22:38:58+02:00</date>
                    <speedMph>440</speedMph>
                    <altitudeFt>35780</altitudeFt>
                </position>
                <position>
                    <lat>45.5722</lat>
                    <lon>5.5192</lon>
                    <date>2013-07-11T22:37:58+02:00</date>
                    <speedMph>444</speedMph>
                    <altitudeFt>35000</altitudeFt>
                </position>
                <position>
                    <lat>45.4667</lat>
                    <lon>5.6087</lon>
                    <date>2013-07-11T22:36:58+02:00</date>
                    <speedMph>440</speedMph>
                    <altitudeFt>35000</altitudeFt>
                </position>
                <position>
                    <lat>45.3622</lat>
                    <lon>5.6967</lon>
                    <date>2013-07-11T22:35:58+02:00</date>
                    <speedMph>444</speedMph>
                    <altitudeFt>35000</altitudeFt>
                </position>
                <position>
                    <lat>45.2634</lat>
                    <lon>5.7801</lon>
                    <date>2013-07-11T22:34:58+02:00</date>
                    <speedMph>440</speedMph>
                    <altitudeFt>35000</altitudeFt>
                </position>
                <position>
                    <lat>45.1511</lat>
                    <lon>5.8737</lon>
                    <date>2013-07-11T22:33:58+02:00</date>
                    <speedMph>440</speedMph>
                    <altitudeFt>35000</altitudeFt>
                </position>
                <position>
                    <lat>45.0423</lat>
                    <lon>5.9642</lon>
                    <date>2013-07-11T22:32:58+02:00</date>
                    <speedMph>424</speedMph>
                    <altitudeFt>35030</altitudeFt>
                </position>
                <position>
                    <lat>44.9462</lat>
                    <lon>6.0441</lon>
                    <date>2013-07-11T22:31:58+02:00</date>
                    <speedMph>420</speedMph>
                    <altitudeFt>35030</altitudeFt>
                </position>
                <position>
                    <lat>44.8474</lat>
                    <lon>6.1256</lon>
                    <date>2013-07-11T22:30:58+02:00</date>
                    <speedMph>428</speedMph>
                    <altitudeFt>34930</altitudeFt>
                </position>
                <position>
                    <lat>44.7441</lat>
                    <lon>6.2104</lon>
                    <date>2013-07-11T22:29:58+02:00</date>
                    <speedMph>424</speedMph>
                    <altitudeFt>33850</altitudeFt>
                </position>
                <position>
                    <lat>44.6495</lat>
                    <lon>6.2882</lon>
                    <date>2013-07-11T22:28:58+02:00</date>
                    <speedMph>420</speedMph>
                    <altitudeFt>32550</altitudeFt>
                </position>
                <position>
                    <lat>44.5396</lat>
                    <lon>6.3778</lon>
                    <date>2013-07-11T22:27:58+02:00</date>
                    <speedMph>440</speedMph>
                    <altitudeFt>29930</altitudeFt>
                </position>
                <position>
                    <lat>44.4376</lat>
                    <lon>6.4606</lon>
                    <date>2013-07-11T22:26:58+02:00</date>
                    <speedMph>444</speedMph>
                    <altitudeFt>27930</altitudeFt>
                </position>
                <position>
                    <lat>44.3276</lat>
                    <lon>6.5496</lon>
                    <date>2013-07-11T22:25:58+02:00</date>
                    <speedMph>444</speedMph>
                    <altitudeFt>26100</altitudeFt>
                </position>
                <position>
                    <lat>44.2092</lat>
                    <lon>6.6448</lon>
                    <date>2013-07-11T22:24:58+02:00</date>
                    <speedMph>436</speedMph>
                    <altitudeFt>23800</altitudeFt>
                </position>
                <position>
                    <lat>44.1142</lat>
                    <lon>6.7209</lon>
                    <date>2013-07-11T22:23:58+02:00</date>
                    <speedMph>424</speedMph>
                    <altitudeFt>22030</altitudeFt>
                </position>
                <position>
                    <lat>44.0055</lat>
                    <lon>6.8077</lon>
                    <date>2013-07-11T22:22:58+02:00</date>
                    <speedMph>404</speedMph>
                    <altitudeFt>19700</altitudeFt>
                </position>
                <position>
                    <lat>43.9212</lat>
                    <lon>6.8748</lon>
                    <date>2013-07-11T22:21:58+02:00</date>
                    <speedMph>376</speedMph>
                    <altitudeFt>18130</altitudeFt>
                </position>
                <position>
                    <lat>43.8334</lat>
                    <lon>6.9442</lon>
                    <date>2013-07-11T22:20:58+02:00</date>
                    <speedMph>352</speedMph>
                    <altitudeFt>15750</altitudeFt>
                </position>
                <position>
                    <lat>43.6699</lat>
                    <lon>7.0795</lon>
                    <date>2013-07-11T22:19:58+02:00</date>
                    <speedMph>320</speedMph>
                    <altitudeFt>12680</altitudeFt>
                </position>
                <position>
                    <lat>43.6699</lat>
                    <lon>7.0795</lon>
                    <date>2013-07-11T22:19:03+02:00</date>
                    <speedMph>288</speedMph>
                    <altitudeFt>10450</altitudeFt>
                </position>
                <position>
                    <lat>43.6519</lat>
                    <lon>7.1016</lon>
                    <date>2013-07-11T22:18:33+02:00</date>
                    <speedMph>268</speedMph>
                    <altitudeFt>9750</altitudeFt>
                </position>
                <position>
                    <lat>43.6431</lat>
                    <lon>7.1125</lon>
                    <date>2013-07-11T22:18:23+02:00</date>
                    <speedMph>264</speedMph>
                    <altitudeFt>9280</altitudeFt>
                </position>
                <position>
                    <lat>43.6298</lat>
                    <lon>7.1286</lon>
                    <date>2013-07-11T22:18:13+02:00</date>
                    <speedMph>260</speedMph>
                    <altitudeFt>8580</altitudeFt>
                </position>
                <position>
                    <lat>43.6249</lat>
                    <lon>7.1342</lon>
                    <date>2013-07-11T22:18:03+02:00</date>
                    <speedMph>256</speedMph>
                    <altitudeFt>8280</altitudeFt>
                </position>
                <position>
                    <lat>43.6151</lat>
                    <lon>7.1467</lon>
                    <date>2013-07-11T22:17:53+02:00</date>
                    <speedMph>256</speedMph>
                    <altitudeFt>7700</altitudeFt>
                </position>
                <position>
                    <lat>43.6085</lat>
                    <lon>7.1759</lon>
                    <date>2013-07-11T22:17:38+02:00</date>
                    <speedMph>248</speedMph>
                    <altitudeFt>6700</altitudeFt>
                </position>
                <position>
                    <lat>43.6095</lat>
                    <lon>7.1845</lon>
                    <date>2013-07-11T22:17:28+02:00</date>
                    <speedMph>244</speedMph>
                    <altitudeFt>6450</altitudeFt>
                </position>
                <position>
                    <lat>43.6118</lat>
                    <lon>7.2011</lon>
                    <date>2013-07-11T22:17:18+02:00</date>
                    <speedMph>236</speedMph>
                    <altitudeFt>6030</altitudeFt>
                </position>
                <position>
                    <lat>43.6136</lat>
                    <lon>7.213</lon>
                    <date>2013-07-11T22:17:08+02:00</date>
                    <speedMph>232</speedMph>
                    <altitudeFt>5450</altitudeFt>
                </position>
                <position>
                    <lat>43.6156</lat>
                    <lon>7.2276</lon>
                    <date>2013-07-11T22:16:58+02:00</date>
                    <speedMph>228</speedMph>
                    <altitudeFt>4980</altitudeFt>
                </position>
                <position>
                    <lat>43.6164</lat>
                    <lon>7.2337</lon>
                    <date>2013-07-11T22:16:53+02:00</date>
                    <speedMph>224</speedMph>
                    <altitudeFt>4780</altitudeFt>
                </position>
                <position>
                    <lat>43.6175</lat>
                    <lon>7.2415</lon>
                    <date>2013-07-11T22:16:48+02:00</date>
                    <speedMph>220</speedMph>
                    <altitudeFt>4550</altitudeFt>
                </position>
                <position>
                    <lat>43.6202</lat>
                    <lon>7.2559</lon>
                    <date>2013-07-11T22:16:38+02:00</date>
                    <speedMph>216</speedMph>
                    <altitudeFt>4050</altitudeFt>
                </position>
                <position>
                    <lat>43.625</lat>
                    <lon>7.2663</lon>
                    <date>2013-07-11T22:16:28+02:00</date>
                    <speedMph>216</speedMph>
                    <altitudeFt>3530</altitudeFt>
                </position>
                <position>
                    <lat>43.6291</lat>
                    <lon>7.2712</lon>
                    <date>2013-07-11T22:16:23+02:00</date>
                    <speedMph>216</speedMph>
                    <altitudeFt>3300</altitudeFt>
                </position>
                <position>
                    <lat>43.6387</lat>
                    <lon>7.2766</lon>
                    <date>2013-07-11T22:16:18+02:00</date>
                    <speedMph>216</speedMph>
                    <altitudeFt>2780</altitudeFt>
                </position>
                <position>
                    <lat>43.6431</lat>
                    <lon>7.2772</lon>
                    <date>2013-07-11T22:16:13+02:00</date>
                    <speedMph>216</speedMph>
                    <altitudeFt>2530</altitudeFt>
                </position>
                <position>
                    <lat>43.6479</lat>
                    <lon>7.2772</lon>
                    <date>2013-07-11T22:16:03+02:00</date>
                    <speedMph>216</speedMph>
                    <altitudeFt>2280</altitudeFt>
                </position>
                <position>
                    <lat>43.6542</lat>
                    <lon>7.2766</lon>
                    <date>2013-07-11T22:15:58+02:00</date>
                    <speedMph>212</speedMph>
                    <altitudeFt>2100</altitudeFt>
                </position>
                <position>
                    <lat>43.6594</lat>
                    <lon>7.2755</lon>
                    <date>2013-07-11T22:15:53+02:00</date>
                    <speedMph>204</speedMph>
                    <altitudeFt>1900</altitudeFt>
                </position>
                <position>
                    <lat>43.663</lat>
                    <lon>7.2738</lon>
                    <date>2013-07-11T22:15:48+02:00</date>
                    <speedMph>204</speedMph>
                    <altitudeFt>1800</altitudeFt>
                </position>
                <position>
                    <lat>43.675</lat>
                    <lon>7.251</lon>
                    <date>2013-07-11T22:15:28+02:00</date>
                    <speedMph>168</speedMph>
                    <altitudeFt>1330</altitudeFt>
                </position>
                <position>
                    <lat>43.6745</lat>
                    <lon>7.2445</lon>
                    <date>2013-07-11T22:15:18+02:00</date>
                    <speedMph>164</speedMph>
                    <altitudeFt>1200</altitudeFt>
                </position>
                <position>
                    <lat>43.6736</lat>
                    <lon>7.2414</lon>
                    <date>2013-07-11T22:15:13+02:00</date>
                    <speedMph>164</speedMph>
                    <altitudeFt>1000</altitudeFt>
                </position>
                <position>
                    <lat>43.6718</lat>
                    <lon>7.2372</lon>
                    <date>2013-07-11T22:15:08+02:00</date>
                    <speedMph>164</speedMph>
                    <altitudeFt>800</altitudeFt>
                </position>
                <position>
                    <lat>43.666</lat>
                    <lon>7.2288</lon>
                    <date>2013-07-11T22:14:58+02:00</date>
                    <speedMph>164</speedMph>
                    <altitudeFt>400</altitudeFt>
                </position>
                <position>
                    <lat>43.6631</lat>
                    <lon>7.2249</lon>
                    <date>2013-07-11T22:14:53+02:00</date>
                    <speedMph>164</speedMph>
                    <altitudeFt>230</altitudeFt>
                </position>
                <position>
                    <lat>43.6611</lat>
                    <lon>7.2222</lon>
                    <date>2013-07-11T22:14:48+02:00</date>
                    <speedMph>160</speedMph>
                    <altitudeFt>130</altitudeFt>
                </position>
                <position>
                    <lat>43.6559</lat>
                    <lon>7.2151</lon>
                    <date>2013-07-11T22:14:43+02:00</date>
                    <speedMph>140</speedMph>
                    <altitudeFt>0</altitudeFt>
                </position>
                <position>
                    <lat>43.6538</lat>
                    <lon>7.2122</lon>
                    <date>2013-07-11T22:14:33+02:00</date>
                    <speedMph>120</speedMph>
                    <altitudeFt>0</altitudeFt>
                </position>
                <position>
                    <lat>43.6513</lat>
                    <lon>7.2087</lon>
                    <date>2013-07-11T22:14:28+02:00</date>
                    <speedMph>100</speedMph>
                    <altitudeFt>0</altitudeFt>
                </position>
                <position>
                    <lat>43.65</lat>
                    <lon>7.207</lon>
                    <date>2013-07-11T22:14:23+02:00</date>
                    <speedMph>84</speedMph>
                    <altitudeFt>0</altitudeFt>
                </position>
                <position>
                    <lat>43.6468</lat>
                    <lon>7.2026</lon>
                    <date>2013-07-11T22:12:13+02:00</date>
                    <speedMph>4</speedMph>
                    <altitudeFt>0</altitudeFt>
                </position>
                <position>
                    <lat>43.6469</lat>
                    <lon>7.2024</lon>
                    <date>2013-07-11T22:12:03+02:00</date>
                    <speedMph>8</speedMph>
                    <altitudeFt>0</altitudeFt>
                </position>
                <position>
                    <lat>43.6472</lat>
                    <lon>7.2022</lon>
                    <date>2013-07-11T22:11:53+02:00</date>
                    <speedMph>8</speedMph>
                    <altitudeFt>0</altitudeFt>
                </position>
                <position>
                    <lat>43.6473</lat>
                    <lon>7.2021</lon>
                    <date>2013-07-11T22:11:48+02:00</date>
                    <speedMph>8</speedMph>
                    <altitudeFt>0</altitudeFt>
                </position>
                <position>
                    <lat>43.6475</lat>
                    <lon>7.2018</lon>
                    <date>2013-07-11T22:11:43+02:00</date>
                    <speedMph>4</speedMph>
                    <altitudeFt>0</altitudeFt>
                </position>
                <position>
                    <lat>43.6475</lat>
                    <lon>7.2018</lon>
                    <date>2013-07-11T22:10:54+02:00</date>
                    <speedMph>0</speedMph>
                    <altitudeFt>0</altitudeFt>
                </position>
                <position>
                    <lat>43.6475</lat>
                    <lon>7.2018</lon>
                    <date>2013-07-11T22:10:49+02:00</date>
                    <speedMph>0</speedMph>
                    <altitudeFt>0</altitudeFt>
                </position>
                <position>
                    <lat>43.6477</lat>
                    <lon>7.2018</lon>
                    <date>2013-07-11T22:10:29+02:00</date>
                    <speedMph>8</speedMph>
                    <altitudeFt>0</altitudeFt>
                </position>
                <position>
                    <lat>43.6481</lat>
                    <lon>7.2022</lon>
                    <date>2013-07-11T22:10:19+02:00</date>
                    <speedMph>8</speedMph>
                    <altitudeFt>0</altitudeFt>
                </position>
                <position>
                    <lat>43.6482</lat>
                    <lon>7.2022</lon>
                    <date>2013-07-11T22:10:14+02:00</date>
                    <speedMph>8</speedMph>
                    <altitudeFt>0</altitudeFt>
                </position>
                <position>
                    <lat>43.6484</lat>
                    <lon>7.2025</lon>
                    <date>2013-07-11T22:10:04+02:00</date>
                    <speedMph>8</speedMph>
                    <altitudeFt>0</altitudeFt>
                </position>
                <position>
                    <lat>43.6486</lat>
                    <lon>7.2028</lon>
                    <date>2013-07-11T22:09:59+02:00</date>
                    <speedMph>12</speedMph>
                    <altitudeFt>0</altitudeFt>
                </position>
                <position>
                    <lat>43.6487</lat>
                    <lon>7.2029</lon>
                    <date>2013-07-11T22:09:54+02:00</date>
                    <speedMph>16</speedMph>
                    <altitudeFt>0</altitudeFt>
                </position>
                <position>
                    <lat>43.649</lat>
                    <lon>7.2033</lon>
                    <date>2013-07-11T22:09:49+02:00</date>
                    <speedMph>20</speedMph>
                    <altitudeFt>0</altitudeFt>
                </position>
                <position>
                    <lat>43.6496</lat>
                    <lon>7.2042</lon>
                    <date>2013-07-11T22:09:39+02:00</date>
                    <speedMph>24</speedMph>
                    <altitudeFt>0</altitudeFt>
                </position>
                <position>
                    <lat>43.6503</lat>
                    <lon>7.2052</lon>
                    <date>2013-07-11T22:09:34+02:00</date>
                    <speedMph>20</speedMph>
                    <altitudeFt>0</altitudeFt>
                </position>
                <position>
                    <lat>43.6504</lat>
                    <lon>7.2053</lon>
                    <date>2013-07-11T22:09:29+02:00</date>
                    <speedMph>20</speedMph>
                    <altitudeFt>0</altitudeFt>
                </position>
                <position>
                    <lat>43.6507</lat>
                    <lon>7.2057</lon>
                    <date>2013-07-11T22:09:24+02:00</date>
                    <speedMph>20</speedMph>
                    <altitudeFt>0</altitudeFt>
                </position>
                <position>
                    <lat>43.6512</lat>
                    <lon>7.2064</lon>
                    <date>2013-07-11T22:09:19+02:00</date>
                    <speedMph>20</speedMph>
                    <altitudeFt>0</altitudeFt>
                </position>
                <position>
                    <lat>43.6514</lat>
                    <lon>7.2067</lon>
                    <date>2013-07-11T22:09:14+02:00</date>
                    <speedMph>20</speedMph>
                    <altitudeFt>0</altitudeFt>
                </position>
                <position>
                    <lat>43.6518</lat>
                    <lon>7.2073</lon>
                    <date>2013-07-11T22:09:09+02:00</date>
                    <speedMph>20</speedMph>
                    <altitudeFt>0</altitudeFt>
                </position>
                <position>
                    <lat>43.652</lat>
                    <lon>7.2075</lon>
                    <date>2013-07-11T22:09:04+02:00</date>
                    <speedMph>20</speedMph>
                    <altitudeFt>0</altitudeFt>
                </position>
                <position>
                    <lat>43.6524</lat>
                    <lon>7.208</lon>
                    <date>2013-07-11T22:08:59+02:00</date>
                    <speedMph>16</speedMph>
                    <altitudeFt>0</altitudeFt>
                </position>
                <position>
                    <lat>43.6528</lat>
                    <lon>7.2086</lon>
                    <date>2013-07-11T22:08:54+02:00</date>
                    <speedMph>16</speedMph>
                    <altitudeFt>0</altitudeFt>
                </position>
                <position>
                    <lat>43.653</lat>
                    <lon>7.2088</lon>
                    <date>2013-07-11T22:08:49+02:00</date>
                    <speedMph>16</speedMph>
                    <altitudeFt>0</altitudeFt>
                </position>
                <position>
                    <lat>43.6531</lat>
                    <lon>7.209</lon>
                    <date>2013-07-11T22:08:44+02:00</date>
                    <speedMph>16</speedMph>
                    <altitudeFt>0</altitudeFt>
                </position>
                <position>
                    <lat>43.6538</lat>
                    <lon>7.2096</lon>
                    <date>2013-07-11T22:08:34+02:00</date>
                    <speedMph>16</speedMph>
                    <altitudeFt>0</altitudeFt>
                </position>
                <position>
                    <lat>43.6541</lat>
                    <lon>7.2095</lon>
                    <date>2013-07-11T22:08:29+02:00</date>
                    <speedMph>20</speedMph>
                    <altitudeFt>0</altitudeFt>
                </position>
                <position>
                    <lat>43.6546</lat>
                    <lon>7.2094</lon>
                    <date>2013-07-11T22:08:24+02:00</date>
                    <speedMph>20</speedMph>
                    <altitudeFt>0</altitudeFt>
                </position>
                <position>
                    <lat>43.655</lat>
                    <lon>7.2093</lon>
                    <date>2013-07-11T22:08:19+02:00</date>
                    <speedMph>16</speedMph>
                    <altitudeFt>0</altitudeFt>
                </position>
                <position>
                    <lat>43.6553</lat>
                    <lon>7.2092</lon>
                    <date>2013-07-11T22:08:14+02:00</date>
                    <speedMph>16</speedMph>
                    <altitudeFt>0</altitudeFt>
                </position>
                <position>
                    <lat>43.656</lat>
                    <lon>7.2091</lon>
                    <date>2013-07-11T22:08:09+02:00</date>
                    <speedMph>16</speedMph>
                    <altitudeFt>0</altitudeFt>
                </position>
                <position>
                    <lat>43.6561</lat>
                    <lon>7.2091</lon>
                    <date>2013-07-11T22:08:04+02:00</date>
                    <speedMph>16</speedMph>
                    <altitudeFt>0</altitudeFt>
                </position>
                <position>
                    <lat>43.6564</lat>
                    <lon>7.209</lon>
                    <date>2013-07-11T22:07:59+02:00</date>
                    <speedMph>12</speedMph>
                    <altitudeFt>0</altitudeFt>
                </position>
                <position>
                    <lat>43.6567</lat>
                    <lon>7.2089</lon>
                    <date>2013-07-11T22:07:54+02:00</date>
                    <speedMph>12</speedMph>
                    <altitudeFt>0</altitudeFt>
                </position>
                <position>
                    <lat>43.6569</lat>
                    <lon>7.2089</lon>
                    <date>2013-07-11T22:07:49+02:00</date>
                    <speedMph>8</speedMph>
                    <altitudeFt>0</altitudeFt>
                </position>
                <position>
                    <lat>43.6571</lat>
                    <lon>7.2088</lon>
                    <date>2013-07-11T22:07:44+02:00</date>
                    <speedMph>8</speedMph>
                    <altitudeFt>0</altitudeFt>
                </position>
                <position>
                    <lat>43.6572</lat>
                    <lon>7.2088</lon>
                    <date>2013-07-11T22:07:39+02:00</date>
                    <speedMph>4</speedMph>
                    <altitudeFt>0</altitudeFt>
                </position>
                <position>
                    <lat>43.6573</lat>
                    <lon>7.2088</lon>
                    <date>2013-07-11T22:07:34+02:00</date>
                    <speedMph>4</speedMph>
                    <altitudeFt>0</altitudeFt>
                </position>
                <position>
                    <lat>43.6575</lat>
                    <lon>7.2088</lon>
                    <date>2013-07-11T22:07:29+02:00</date>
                    <speedMph>4</speedMph>
                    <altitudeFt>0</altitudeFt>
                </position>
                <position>
                    <lat>43.6576</lat>
                    <lon>7.2087</lon>
                    <date>2013-07-11T22:07:24+02:00</date>
                    <speedMph>4</speedMph>
                    <altitudeFt>0</altitudeFt>
                </position>
                <position>
                    <lat>43.6577</lat>
                    <lon>7.2087</lon>
                    <date>2013-07-11T22:07:14+02:00</date>
                    <speedMph>4</speedMph>
                    <altitudeFt>0</altitudeFt>
                </position>
                <position>
                    <lat>43.6587</lat>
                    <lon>7.208</lon>
                    <date>2013-07-11T22:06:49+02:00</date>
                    <speedMph>8</speedMph>
                    <altitudeFt>0</altitudeFt>
                </position>
                <position>
                    <lat>43.6585</lat>
                    <lon>7.2076</lon>
                    <date>2013-07-11T22:06:44+02:00</date>
                    <speedMph>8</speedMph>
                    <altitudeFt>0</altitudeFt>
                </position>
                <position>
                    <lat>43.6584</lat>
                    <lon>7.2074</lon>
                    <date>2013-07-11T22:06:34+02:00</date>
                    <speedMph>4</speedMph>
                    <altitudeFt>0</altitudeFt>
                </position>
                <position>
                    <lat>43.6583</lat>
                    <lon>7.2073</lon>
                    <date>2013-07-11T22:06:29+02:00</date>
                    <speedMph>4</speedMph>
                    <altitudeFt>0</altitudeFt>
                </position>
                <position>
                    <lat>43.6582</lat>
                    <lon>7.2072</lon>
                    <date>2013-07-11T22:06:24+02:00</date>
                    <speedMph>4</speedMph>
                    <altitudeFt>0</altitudeFt>
                </position>
                <position>
                    <lat>43.6582</lat>
                    <lon>7.2072</lon>
                    <date>2013-07-11T22:05:54+02:00</date>
                    <speedMph>0</speedMph>
                    <altitudeFt>0</altitudeFt>
                </position>
                <position>
                    <lat>43.6582</lat>
                    <lon>7.2072</lon>
                    <date>2013-07-11T22:05:24+02:00</date>
                    <speedMph>0</speedMph>
                    <altitudeFt>0</altitudeFt>
                </position>
                <position>
                    <lat>43.6582</lat>
                    <lon>7.2072</lon>
                    <date>2013-07-11T22:04:59+02:00</date>
                    <speedMph>0</speedMph>
                    <altitudeFt>0</altitudeFt>
                </position>
                <position>
                    <lat>43.6582</lat>
                    <lon>7.2072</lon>
                    <date>2013-07-11T22:03:49+02:00</date>
                    <speedMph>0</speedMph>
                    <altitudeFt>0</altitudeFt>
                </position>
                <position>
                    <lat>43.6584</lat>
                    <lon>7.2073</lon>
                    <date>2013-07-11T22:03:29+02:00</date>
                    <speedMph>4</speedMph>
                    <altitudeFt>0</altitudeFt>
                </position>
                <position>
                    <lat>43.6586</lat>
                    <lon>7.2071</lon>
                    <date>2013-07-11T22:03:09+02:00</date>
                    <speedMph>4</speedMph>
                    <altitudeFt>0</altitudeFt>
                </position>
            </positions>
        </flightTrack>
    </flightTracks>
</flightstatslog>
