<?xml version="1.0" encoding="UTF-8" standalone="yes"?>
<flightstatslog>
    <appendix>
        <airports>
            <airport>
                <fs>CGN</fs>
                <latitude>50.865917</latitude>
                <longitude>7.142744</longitude>
                <city>Cologne</city>
            </airport>
            <airport>
                <fs>IST</fs>
                <latitude>40.976922</latitude>
                <longitude>28.814606</longitude>
                <city>Istanbul</city>
            </airport>
        </airports>
    </appendix>
    <flightTracks>
        <flightTrack>
            <flightId>4958614</flightId>
            <departureAirportFsCode>CGN</departureAirportFsCode>
            <arrivalAirportFsCode>IST</arrivalAirportFsCode>
            <positions>
                <position>
                    <lat>40.9893</lat>
                    <lon>28.813</lon>
                    <date>2013-07-12T04:08:29+02:00</date>
                    <speedMph>4</speedMph>
                    <altitudeFt>0</altitudeFt>
                </position>
                <position>
                    <lat>40.9893</lat>
                    <lon>28.8131</lon>
                    <date>2013-07-12T04:08:24+02:00</date>
                    <speedMph>4</speedMph>
                    <altitudeFt>0</altitudeFt>
                </position>
                <position>
                    <lat>40.9893</lat>
                    <lon>28.8136</lon>
                    <date>2013-07-12T04:08:04+02:00</date>
                    <speedMph>4</speedMph>
                    <altitudeFt>0</altitudeFt>
                </position>
                <position>
                    <lat>40.9893</lat>
                    <lon>28.8137</lon>
                    <date>2013-07-12T04:07:59+02:00</date>
                    <speedMph>4</speedMph>
                    <altitudeFt>0</altitudeFt>
                </position>
                <position>
                    <lat>40.9871</lat>
                    <lon>28.8139</lon>
                    <date>2013-07-12T04:07:14+02:00</date>
                    <speedMph>12</speedMph>
                    <altitudeFt>0</altitudeFt>
                </position>
                <position>
                    <lat>40.9837</lat>
                    <lon>28.814</lon>
                    <date>2013-07-12T04:06:14+02:00</date>
                    <speedMph>12</speedMph>
                    <altitudeFt>0</altitudeFt>
                </position>
                <position>
                    <lat>40.9833</lat>
                    <lon>28.814</lon>
                    <date>2013-07-12T04:06:09+02:00</date>
                    <speedMph>16</speedMph>
                    <altitudeFt>0</altitudeFt>
                </position>
                <position>
                    <lat>40.9824</lat>
                    <lon>28.814</lon>
                    <date>2013-07-12T04:05:54+02:00</date>
                    <speedMph>12</speedMph>
                    <altitudeFt>0</altitudeFt>
                </position>
                <position>
                    <lat>40.982</lat>
                    <lon>28.814</lon>
                    <date>2013-07-12T04:05:49+02:00</date>
                    <speedMph>12</speedMph>
                    <altitudeFt>0</altitudeFt>
                </position>
                <position>
                    <lat>40.9815</lat>
                    <lon>28.8141</lon>
                    <date>2013-07-12T04:05:39+02:00</date>
                    <speedMph>12</speedMph>
                    <altitudeFt>0</altitudeFt>
                </position>
                <position>
                    <lat>40.9813</lat>
                    <lon>28.8141</lon>
                    <date>2013-07-12T04:05:34+02:00</date>
                    <speedMph>12</speedMph>
                    <altitudeFt>0</altitudeFt>
                </position>
                <position>
                    <lat>40.9801</lat>
                    <lon>28.8141</lon>
                    <date>2013-07-12T04:05:14+02:00</date>
                    <speedMph>12</speedMph>
                    <altitudeFt>0</altitudeFt>
                </position>
                <position>
                    <lat>40.9756</lat>
                    <lon>28.814</lon>
                    <date>2013-07-12T04:04:04+02:00</date>
                    <speedMph>12</speedMph>
                    <altitudeFt>0</altitudeFt>
                </position>
                <position>
                    <lat>40.975</lat>
                    <lon>28.8141</lon>
                    <date>2013-07-12T04:03:54+02:00</date>
                    <speedMph>12</speedMph>
                    <altitudeFt>0</altitudeFt>
                </position>
                <position>
                    <lat>40.974</lat>
                    <lon>28.8143</lon>
                    <date>2013-07-12T04:03:39+02:00</date>
                    <speedMph>12</speedMph>
                    <altitudeFt>0</altitudeFt>
                </position>
                <position>
                    <lat>40.9737</lat>
                    <lon>28.8143</lon>
                    <date>2013-07-12T04:03:34+02:00</date>
                    <speedMph>12</speedMph>
                    <altitudeFt>0</altitudeFt>
                </position>
                <position>
                    <lat>40.973</lat>
                    <lon>28.8144</lon>
                    <date>2013-07-12T04:03:29+02:00</date>
                    <speedMph>16</speedMph>
                    <altitudeFt>0</altitudeFt>
                </position>
                <position>
                    <lat>40.9722</lat>
                    <lon>28.8144</lon>
                    <date>2013-07-12T04:03:14+02:00</date>
                    <speedMph>16</speedMph>
                    <altitudeFt>0</altitudeFt>
                </position>
                <position>
                    <lat>40.9731</lat>
                    <lon>28.8218</lon>
                    <date>2013-07-12T04:01:34+02:00</date>
                    <speedMph>20</speedMph>
                    <altitudeFt>0</altitudeFt>
                </position>
                <position>
                    <lat>40.9733</lat>
                    <lon>28.8223</lon>
                    <date>2013-07-12T04:01:29+02:00</date>
                    <speedMph>20</speedMph>
                    <altitudeFt>0</altitudeFt>
                </position>
                <position>
                    <lat>40.9741</lat>
                    <lon>28.824</lon>
                    <date>2013-07-12T04:01:14+02:00</date>
                    <speedMph>20</speedMph>
                    <altitudeFt>0</altitudeFt>
                </position>
                <position>
                    <lat>40.9742</lat>
                    <lon>28.8242</lon>
                    <date>2013-07-12T04:01:09+02:00</date>
                    <speedMph>20</speedMph>
                    <altitudeFt>0</altitudeFt>
                </position>
                <position>
                    <lat>40.9748</lat>
                    <lon>28.8256</lon>
                    <date>2013-07-12T04:00:54+02:00</date>
                    <speedMph>16</speedMph>
                    <altitudeFt>0</altitudeFt>
                </position>
                <position>
                    <lat>40.9753</lat>
                    <lon>28.8266</lon>
                    <date>2013-07-12T04:00:44+02:00</date>
                    <speedMph>20</speedMph>
                    <altitudeFt>0</altitudeFt>
                </position>
                <position>
                    <lat>40.9765</lat>
                    <lon>28.8291</lon>
                    <date>2013-07-12T04:00:09+02:00</date>
                    <speedMph>12</speedMph>
                    <altitudeFt>0</altitudeFt>
                </position>
                <position>
                    <lat>40.9767</lat>
                    <lon>28.8308</lon>
                    <date>2013-07-12T03:59:29+02:00</date>
                    <speedMph>8</speedMph>
                    <altitudeFt>0</altitudeFt>
                </position>
                <position>
                    <lat>40.9756</lat>
                    <lon>28.8301</lon>
                    <date>2013-07-12T03:59:04+02:00</date>
                    <speedMph>24</speedMph>
                    <altitudeFt>0</altitudeFt>
                </position>
                <position>
                    <lat>40.9751</lat>
                    <lon>28.8296</lon>
                    <date>2013-07-12T03:58:59+02:00</date>
                    <speedMph>28</speedMph>
                    <altitudeFt>0</altitudeFt>
                </position>
                <position>
                    <lat>40.9747</lat>
                    <lon>28.8292</lon>
                    <date>2013-07-12T03:58:49+02:00</date>
                    <speedMph>28</speedMph>
                    <altitudeFt>0</altitudeFt>
                </position>
                <position>
                    <lat>40.9568</lat>
                    <lon>28.7908</lon>
                    <date>2013-07-12T03:57:39+02:00</date>
                    <speedMph>124</speedMph>
                    <altitudeFt>550</altitudeFt>
                </position>
                <position>
                    <lat>40.956</lat>
                    <lon>28.7892</lon>
                    <date>2013-07-12T03:57:34+02:00</date>
                    <speedMph>124</speedMph>
                    <altitudeFt>580</altitudeFt>
                </position>
                <position>
                    <lat>40.9503</lat>
                    <lon>28.7769</lon>
                    <date>2013-07-12T03:57:19+02:00</date>
                    <speedMph>124</speedMph>
                    <altitudeFt>780</altitudeFt>
                </position>
                <position>
                    <lat>40.9486</lat>
                    <lon>28.7731</lon>
                    <date>2013-07-12T03:57:09+02:00</date>
                    <speedMph>124</speedMph>
                    <altitudeFt>830</altitudeFt>
                </position>
                <position>
                    <lat>40.9466</lat>
                    <lon>28.7688</lon>
                    <date>2013-07-12T03:57:04+02:00</date>
                    <speedMph>124</speedMph>
                    <altitudeFt>900</altitudeFt>
                </position>
                <position>
                    <lat>40.941</lat>
                    <lon>28.7565</lon>
                    <date>2013-07-12T03:56:44+02:00</date>
                    <speedMph>124</speedMph>
                    <altitudeFt>1130</altitudeFt>
                </position>
                <position>
                    <lat>40.9379</lat>
                    <lon>28.7501</lon>
                    <date>2013-07-12T03:56:39+02:00</date>
                    <speedMph>124</speedMph>
                    <altitudeFt>1230</altitudeFt>
                </position>
                <position>
                    <lat>40.9378</lat>
                    <lon>28.7498</lon>
                    <date>2013-07-12T03:56:34+02:00</date>
                    <speedMph>124</speedMph>
                    <altitudeFt>1230</altitudeFt>
                </position>
                <position>
                    <lat>40.9356</lat>
                    <lon>28.7451</lon>
                    <date>2013-07-12T03:56:24+02:00</date>
                    <speedMph>124</speedMph>
                    <altitudeFt>1330</altitudeFt>
                </position>
                <position>
                    <lat>40.9334</lat>
                    <lon>28.7404</lon>
                    <date>2013-07-12T03:56:19+02:00</date>
                    <speedMph>124</speedMph>
                    <altitudeFt>1400</altitudeFt>
                </position>
                <position>
                    <lat>40.9317</lat>
                    <lon>28.7368</lon>
                    <date>2013-07-12T03:56:14+02:00</date>
                    <speedMph>124</speedMph>
                    <altitudeFt>1450</altitudeFt>
                </position>
                <position>
                    <lat>40.9297</lat>
                    <lon>28.7327</lon>
                    <date>2013-07-12T03:56:09+02:00</date>
                    <speedMph>124</speedMph>
                    <altitudeFt>1530</altitudeFt>
                </position>
                <position>
                    <lat>40.9289</lat>
                    <lon>28.7307</lon>
                    <date>2013-07-12T03:56:04+02:00</date>
                    <speedMph>124</speedMph>
                    <altitudeFt>1580</altitudeFt>
                </position>
                <position>
                    <lat>40.9271</lat>
                    <lon>28.727</lon>
                    <date>2013-07-12T03:55:59+02:00</date>
                    <speedMph>124</speedMph>
                    <altitudeFt>1630</altitudeFt>
                </position>
                <position>
                    <lat>40.9248</lat>
                    <lon>28.722</lon>
                    <date>2013-07-12T03:55:54+02:00</date>
                    <speedMph>124</speedMph>
                    <altitudeFt>1700</altitudeFt>
                </position>
                <position>
                    <lat>40.9243</lat>
                    <lon>28.7209</lon>
                    <date>2013-07-12T03:55:49+02:00</date>
                    <speedMph>124</speedMph>
                    <altitudeFt>1730</altitudeFt>
                </position>
                <position>
                    <lat>40.9226</lat>
                    <lon>28.7173</lon>
                    <date>2013-07-12T03:55:44+02:00</date>
                    <speedMph>124</speedMph>
                    <altitudeFt>1780</altitudeFt>
                </position>
                <position>
                    <lat>40.9213</lat>
                    <lon>28.7145</lon>
                    <date>2013-07-12T03:55:39+02:00</date>
                    <speedMph>124</speedMph>
                    <altitudeFt>1830</altitudeFt>
                </position>
                <position>
                    <lat>40.9193</lat>
                    <lon>28.7101</lon>
                    <date>2013-07-12T03:55:34+02:00</date>
                    <speedMph>124</speedMph>
                    <altitudeFt>1900</altitudeFt>
                </position>
                <position>
                    <lat>40.9174</lat>
                    <lon>28.7061</lon>
                    <date>2013-07-12T03:55:24+02:00</date>
                    <speedMph>124</speedMph>
                    <altitudeFt>1950</altitudeFt>
                </position>
                <position>
                    <lat>40.9153</lat>
                    <lon>28.7015</lon>
                    <date>2013-07-12T03:55:19+02:00</date>
                    <speedMph>124</speedMph>
                    <altitudeFt>2050</altitudeFt>
                </position>
                <position>
                    <lat>40.9138</lat>
                    <lon>28.6983</lon>
                    <date>2013-07-12T03:55:14+02:00</date>
                    <speedMph>128</speedMph>
                    <altitudeFt>2100</altitudeFt>
                </position>
                <position>
                    <lat>40.9124</lat>
                    <lon>28.6953</lon>
                    <date>2013-07-12T03:55:09+02:00</date>
                    <speedMph>128</speedMph>
                    <altitudeFt>2180</altitudeFt>
                </position>
                <position>
                    <lat>40.9099</lat>
                    <lon>28.69</lon>
                    <date>2013-07-12T03:55:04+02:00</date>
                    <speedMph>132</speedMph>
                    <altitudeFt>2250</altitudeFt>
                </position>
                <position>
                    <lat>40.9076</lat>
                    <lon>28.6849</lon>
                    <date>2013-07-12T03:54:54+02:00</date>
                    <speedMph>140</speedMph>
                    <altitudeFt>2330</altitudeFt>
                </position>
                <position>
                    <lat>40.9055</lat>
                    <lon>28.6805</lon>
                    <date>2013-07-12T03:54:49+02:00</date>
                    <speedMph>144</speedMph>
                    <altitudeFt>2400</altitudeFt>
                </position>
                <position>
                    <lat>40.904</lat>
                    <lon>28.6772</lon>
                    <date>2013-07-12T03:54:44+02:00</date>
                    <speedMph>144</speedMph>
                    <altitudeFt>2450</altitudeFt>
                </position>
                <position>
                    <lat>40.902</lat>
                    <lon>28.6728</lon>
                    <date>2013-07-12T03:54:39+02:00</date>
                    <speedMph>156</speedMph>
                    <altitudeFt>2500</altitudeFt>
                </position>
                <position>
                    <lat>40.8996</lat>
                    <lon>28.6679</lon>
                    <date>2013-07-12T03:54:34+02:00</date>
                    <speedMph>160</speedMph>
                    <altitudeFt>2580</altitudeFt>
                </position>
                <position>
                    <lat>40.8979</lat>
                    <lon>28.6642</lon>
                    <date>2013-07-12T03:54:29+02:00</date>
                    <speedMph>164</speedMph>
                    <altitudeFt>2650</altitudeFt>
                </position>
                <position>
                    <lat>40.8961</lat>
                    <lon>28.6602</lon>
                    <date>2013-07-12T03:54:24+02:00</date>
                    <speedMph>160</speedMph>
                    <altitudeFt>2700</altitudeFt>
                </position>
                <position>
                    <lat>40.893</lat>
                    <lon>28.6537</lon>
                    <date>2013-07-12T03:54:19+02:00</date>
                    <speedMph>168</speedMph>
                    <altitudeFt>2830</altitudeFt>
                </position>
                <position>
                    <lat>40.8918</lat>
                    <lon>28.6511</lon>
                    <date>2013-07-12T03:54:14+02:00</date>
                    <speedMph>168</speedMph>
                    <altitudeFt>2850</altitudeFt>
                </position>
                <position>
                    <lat>40.8895</lat>
                    <lon>28.6462</lon>
                    <date>2013-07-12T03:54:04+02:00</date>
                    <speedMph>176</speedMph>
                    <altitudeFt>2930</altitudeFt>
                </position>
                <position>
                    <lat>40.8863</lat>
                    <lon>28.6392</lon>
                    <date>2013-07-12T03:53:59+02:00</date>
                    <speedMph>176</speedMph>
                    <altitudeFt>3050</altitudeFt>
                </position>
                <position>
                    <lat>40.8836</lat>
                    <lon>28.6335</lon>
                    <date>2013-07-12T03:53:54+02:00</date>
                    <speedMph>180</speedMph>
                    <altitudeFt>3180</altitudeFt>
                </position>
                <position>
                    <lat>40.8816</lat>
                    <lon>28.6291</lon>
                    <date>2013-07-12T03:53:49+02:00</date>
                    <speedMph>184</speedMph>
                    <altitudeFt>3250</altitudeFt>
                </position>
                <position>
                    <lat>40.8789</lat>
                    <lon>28.6235</lon>
                    <date>2013-07-12T03:53:44+02:00</date>
                    <speedMph>184</speedMph>
                    <altitudeFt>3330</altitudeFt>
                </position>
                <position>
                    <lat>40.877</lat>
                    <lon>28.6193</lon>
                    <date>2013-07-12T03:53:39+02:00</date>
                    <speedMph>184</speedMph>
                    <altitudeFt>3430</altitudeFt>
                </position>
                <position>
                    <lat>40.8744</lat>
                    <lon>28.6136</lon>
                    <date>2013-07-12T03:53:34+02:00</date>
                    <speedMph>184</speedMph>
                    <altitudeFt>3530</altitudeFt>
                </position>
                <position>
                    <lat>40.8717</lat>
                    <lon>28.6078</lon>
                    <date>2013-07-12T03:53:29+02:00</date>
                    <speedMph>184</speedMph>
                    <altitudeFt>3630</altitudeFt>
                </position>
                <position>
                    <lat>40.8698</lat>
                    <lon>28.6036</lon>
                    <date>2013-07-12T03:53:24+02:00</date>
                    <speedMph>184</speedMph>
                    <altitudeFt>3700</altitudeFt>
                </position>
                <position>
                    <lat>40.8675</lat>
                    <lon>28.5988</lon>
                    <date>2013-07-12T03:53:19+02:00</date>
                    <speedMph>188</speedMph>
                    <altitudeFt>3780</altitudeFt>
                </position>
                <position>
                    <lat>40.8642</lat>
                    <lon>28.5919</lon>
                    <date>2013-07-12T03:53:14+02:00</date>
                    <speedMph>188</speedMph>
                    <altitudeFt>3880</altitudeFt>
                </position>
                <position>
                    <lat>40.8615</lat>
                    <lon>28.5859</lon>
                    <date>2013-07-12T03:53:04+02:00</date>
                    <speedMph>188</speedMph>
                    <altitudeFt>3980</altitudeFt>
                </position>
                <position>
                    <lat>40.8582</lat>
                    <lon>28.579</lon>
                    <date>2013-07-12T03:52:59+02:00</date>
                    <speedMph>184</speedMph>
                    <altitudeFt>4050</altitudeFt>
                </position>
                <position>
                    <lat>40.8567</lat>
                    <lon>28.5756</lon>
                    <date>2013-07-12T03:52:54+02:00</date>
                    <speedMph>184</speedMph>
                    <altitudeFt>4050</altitudeFt>
                </position>
                <position>
                    <lat>40.8515</lat>
                    <lon>28.5648</lon>
                    <date>2013-07-12T03:52:44+02:00</date>
                    <speedMph>188</speedMph>
                    <altitudeFt>4050</altitudeFt>
                </position>
                <position>
                    <lat>40.8502</lat>
                    <lon>28.5617</lon>
                    <date>2013-07-12T03:52:39+02:00</date>
                    <speedMph>188</speedMph>
                    <altitudeFt>4050</altitudeFt>
                </position>
                <position>
                    <lat>40.8473</lat>
                    <lon>28.5555</lon>
                    <date>2013-07-12T03:52:34+02:00</date>
                    <speedMph>188</speedMph>
                    <altitudeFt>4050</altitudeFt>
                </position>
                <position>
                    <lat>40.8446</lat>
                    <lon>28.5498</lon>
                    <date>2013-07-12T03:52:29+02:00</date>
                    <speedMph>192</speedMph>
                    <altitudeFt>4050</altitudeFt>
                </position>
                <position>
                    <lat>40.8424</lat>
                    <lon>28.5451</lon>
                    <date>2013-07-12T03:52:24+02:00</date>
                    <speedMph>196</speedMph>
                    <altitudeFt>4080</altitudeFt>
                </position>
                <position>
                    <lat>40.8388</lat>
                    <lon>28.5374</lon>
                    <date>2013-07-12T03:52:19+02:00</date>
                    <speedMph>200</speedMph>
                    <altitudeFt>4100</altitudeFt>
                </position>
                <position>
                    <lat>40.8372</lat>
                    <lon>28.5342</lon>
                    <date>2013-07-12T03:52:14+02:00</date>
                    <speedMph>200</speedMph>
                    <altitudeFt>4130</altitudeFt>
                </position>
                <position>
                    <lat>40.8355</lat>
                    <lon>28.5305</lon>
                    <date>2013-07-12T03:52:09+02:00</date>
                    <speedMph>204</speedMph>
                    <altitudeFt>4150</altitudeFt>
                </position>
                <position>
                    <lat>40.8332</lat>
                    <lon>28.5254</lon>
                    <date>2013-07-12T03:52:04+02:00</date>
                    <speedMph>204</speedMph>
                    <altitudeFt>4230</altitudeFt>
                </position>
                <position>
                    <lat>40.8303</lat>
                    <lon>28.5194</lon>
                    <date>2013-07-12T03:51:59+02:00</date>
                    <speedMph>204</speedMph>
                    <altitudeFt>4280</altitudeFt>
                </position>
                <position>
                    <lat>40.8274</lat>
                    <lon>28.513</lon>
                    <date>2013-07-12T03:51:54+02:00</date>
                    <speedMph>204</speedMph>
                    <altitudeFt>4350</altitudeFt>
                </position>
                <position>
                    <lat>40.8235</lat>
                    <lon>28.5048</lon>
                    <date>2013-07-12T03:51:44+02:00</date>
                    <speedMph>204</speedMph>
                    <altitudeFt>4400</altitudeFt>
                </position>
                <position>
                    <lat>40.8208</lat>
                    <lon>28.4991</lon>
                    <date>2013-07-12T03:51:39+02:00</date>
                    <speedMph>204</speedMph>
                    <altitudeFt>4480</altitudeFt>
                </position>
                <position>
                    <lat>40.8161</lat>
                    <lon>28.4892</lon>
                    <date>2013-07-12T03:51:34+02:00</date>
                    <speedMph>216</speedMph>
                    <altitudeFt>4550</altitudeFt>
                </position>
                <position>
                    <lat>40.8128</lat>
                    <lon>28.4819</lon>
                    <date>2013-07-12T03:51:24+02:00</date>
                    <speedMph>216</speedMph>
                    <altitudeFt>4630</altitudeFt>
                </position>
                <position>
                    <lat>40.8103</lat>
                    <lon>28.4765</lon>
                    <date>2013-07-12T03:51:19+02:00</date>
                    <speedMph>220</speedMph>
                    <altitudeFt>4680</altitudeFt>
                </position>
                <position>
                    <lat>40.8081</lat>
                    <lon>28.4716</lon>
                    <date>2013-07-12T03:51:14+02:00</date>
                    <speedMph>216</speedMph>
                    <altitudeFt>4750</altitudeFt>
                </position>
                <position>
                    <lat>40.8056</lat>
                    <lon>28.4661</lon>
                    <date>2013-07-12T03:51:09+02:00</date>
                    <speedMph>220</speedMph>
                    <altitudeFt>4800</altitudeFt>
                </position>
                <position>
                    <lat>40.8026</lat>
                    <lon>28.4587</lon>
                    <date>2013-07-12T03:51:04+02:00</date>
                    <speedMph>224</speedMph>
                    <altitudeFt>4900</altitudeFt>
                </position>
                <position>
                    <lat>40.8003</lat>
                    <lon>28.4526</lon>
                    <date>2013-07-12T03:50:59+02:00</date>
                    <speedMph>220</speedMph>
                    <altitudeFt>4950</altitudeFt>
                </position>
                <position>
                    <lat>40.7956</lat>
                    <lon>28.4371</lon>
                    <date>2013-07-12T03:50:49+02:00</date>
                    <speedMph>228</speedMph>
                    <altitudeFt>5130</altitudeFt>
                </position>
                <position>
                    <lat>40.794</lat>
                    <lon>28.4272</lon>
                    <date>2013-07-12T03:50:39+02:00</date>
                    <speedMph>228</speedMph>
                    <altitudeFt>5230</altitudeFt>
                </position>
                <position>
                    <lat>40.793</lat>
                    <lon>28.4129</lon>
                    <date>2013-07-12T03:50:29+02:00</date>
                    <speedMph>232</speedMph>
                    <altitudeFt>5380</altitudeFt>
                </position>
                <position>
                    <lat>40.7923</lat>
                    <lon>28.399</lon>
                    <date>2013-07-12T03:50:19+02:00</date>
                    <speedMph>232</speedMph>
                    <altitudeFt>5500</altitudeFt>
                </position>
                <position>
                    <lat>40.7915</lat>
                    <lon>28.3842</lon>
                    <date>2013-07-12T03:50:09+02:00</date>
                    <speedMph>232</speedMph>
                    <altitudeFt>5630</altitudeFt>
                </position>
                <position>
                    <lat>40.7907</lat>
                    <lon>28.3697</lon>
                    <date>2013-07-12T03:49:59+02:00</date>
                    <speedMph>232</speedMph>
                    <altitudeFt>5750</altitudeFt>
                </position>
                <position>
                    <lat>40.7902</lat>
                    <lon>28.358</lon>
                    <date>2013-07-12T03:49:49+02:00</date>
                    <speedMph>236</speedMph>
                    <altitudeFt>5850</altitudeFt>
                </position>
                <position>
                    <lat>40.7906</lat>
                    <lon>28.3437</lon>
                    <date>2013-07-12T03:49:39+02:00</date>
                    <speedMph>240</speedMph>
                    <altitudeFt>5980</altitudeFt>
                </position>
                <position>
                    <lat>40.7962</lat>
                    <lon>28.3264</lon>
                    <date>2013-07-12T03:49:29+02:00</date>
                    <speedMph>244</speedMph>
                    <altitudeFt>6050</altitudeFt>
                </position>
                <position>
                    <lat>40.8033</lat>
                    <lon>28.314</lon>
                    <date>2013-07-12T03:49:19+02:00</date>
                    <speedMph>244</speedMph>
                    <altitudeFt>6050</altitudeFt>
                </position>
                <position>
                    <lat>40.808</lat>
                    <lon>28.3056</lon>
                    <date>2013-07-12T03:49:09+02:00</date>
                    <speedMph>244</speedMph>
                    <altitudeFt>6080</altitudeFt>
                </position>
                <position>
                    <lat>40.8148</lat>
                    <lon>28.2938</lon>
                    <date>2013-07-12T03:48:59+02:00</date>
                    <speedMph>244</speedMph>
                    <altitudeFt>6150</altitudeFt>
                </position>
                <position>
                    <lat>40.821</lat>
                    <lon>28.2828</lon>
                    <date>2013-07-12T03:48:49+02:00</date>
                    <speedMph>248</speedMph>
                    <altitudeFt>6250</altitudeFt>
                </position>
                <position>
                    <lat>40.8284</lat>
                    <lon>28.2695</lon>
                    <date>2013-07-12T03:48:39+02:00</date>
                    <speedMph>244</speedMph>
                    <altitudeFt>6350</altitudeFt>
                </position>
                <position>
                    <lat>40.8374</lat>
                    <lon>28.256</lon>
                    <date>2013-07-12T03:48:29+02:00</date>
                    <speedMph>252</speedMph>
                    <altitudeFt>6450</altitudeFt>
                </position>
                <position>
                    <lat>40.8491</lat>
                    <lon>28.2468</lon>
                    <date>2013-07-12T03:48:19+02:00</date>
                    <speedMph>244</speedMph>
                    <altitudeFt>6580</altitudeFt>
                </position>
                <position>
                    <lat>40.8845</lat>
                    <lon>28.2415</lon>
                    <date>2013-07-12T03:47:44+02:00</date>
                    <speedMph>244</speedMph>
                    <altitudeFt>7130</altitudeFt>
                </position>
                <position>
                    <lat>40.8986</lat>
                    <lon>28.2401</lon>
                    <date>2013-07-12T03:47:34+02:00</date>
                    <speedMph>240</speedMph>
                    <altitudeFt>7480</altitudeFt>
                </position>
                <position>
                    <lat>40.9108</lat>
                    <lon>28.2388</lon>
                    <date>2013-07-12T03:47:24+02:00</date>
                    <speedMph>248</speedMph>
                    <altitudeFt>7730</altitudeFt>
                </position>
                <position>
                    <lat>40.9225</lat>
                    <lon>28.2374</lon>
                    <date>2013-07-12T03:47:14+02:00</date>
                    <speedMph>248</speedMph>
                    <altitudeFt>7950</altitudeFt>
                </position>
                <position>
                    <lat>40.9337</lat>
                    <lon>28.236</lon>
                    <date>2013-07-12T03:47:04+02:00</date>
                    <speedMph>240</speedMph>
                    <altitudeFt>8150</altitudeFt>
                </position>
                <position>
                    <lat>40.947</lat>
                    <lon>28.2344</lon>
                    <date>2013-07-12T03:46:54+02:00</date>
                    <speedMph>244</speedMph>
                    <altitudeFt>8350</altitudeFt>
                </position>
                <position>
                    <lat>40.9575</lat>
                    <lon>28.2328</lon>
                    <date>2013-07-12T03:46:44+02:00</date>
                    <speedMph>248</speedMph>
                    <altitudeFt>8480</altitudeFt>
                </position>
                <position>
                    <lat>40.9617</lat>
                    <lon>28.232</lon>
                    <date>2013-07-12T03:46:34+02:00</date>
                    <speedMph>252</speedMph>
                    <altitudeFt>8530</altitudeFt>
                </position>
                <position>
                    <lat>40.9787</lat>
                    <lon>28.2237</lon>
                    <date>2013-07-12T03:46:24+02:00</date>
                    <speedMph>260</speedMph>
                    <altitudeFt>8800</altitudeFt>
                </position>
                <position>
                    <lat>40.9909</lat>
                    <lon>28.207</lon>
                    <date>2013-07-12T03:46:14+02:00</date>
                    <speedMph>272</speedMph>
                    <altitudeFt>9000</altitudeFt>
                </position>
                <position>
                    <lat>40.9952</lat>
                    <lon>28.1998</lon>
                    <date>2013-07-12T03:46:04+02:00</date>
                    <speedMph>272</speedMph>
                    <altitudeFt>9080</altitudeFt>
                </position>
                <position>
                    <lat>41.0</lat>
                    <lon>28.1916</lon>
                    <date>2013-07-12T03:45:54+02:00</date>
                    <speedMph>276</speedMph>
                    <altitudeFt>9150</altitudeFt>
                </position>
                <position>
                    <lat>41.0148</lat>
                    <lon>28.1669</lon>
                    <date>2013-07-12T03:45:44+02:00</date>
                    <speedMph>296</speedMph>
                    <altitudeFt>9350</altitudeFt>
                </position>
                <position>
                    <lat>41.0199</lat>
                    <lon>28.158</lon>
                    <date>2013-07-12T03:45:29+02:00</date>
                    <speedMph>300</speedMph>
                    <altitudeFt>9400</altitudeFt>
                </position>
                <position>
                    <lat>41.0335</lat>
                    <lon>28.135</lon>
                    <date>2013-07-12T03:45:19+02:00</date>
                    <speedMph>320</speedMph>
                    <altitudeFt>9550</altitudeFt>
                </position>
                <position>
                    <lat>41.0424</lat>
                    <lon>28.1201</lon>
                    <date>2013-07-12T03:45:09+02:00</date>
                    <speedMph>328</speedMph>
                    <altitudeFt>9680</altitudeFt>
                </position>
                <position>
                    <lat>41.0523</lat>
                    <lon>28.1035</lon>
                    <date>2013-07-12T03:44:59+02:00</date>
                    <speedMph>344</speedMph>
                    <altitudeFt>9800</altitudeFt>
                </position>
                <position>
                    <lat>41.0618</lat>
                    <lon>28.0878</lon>
                    <date>2013-07-12T03:44:49+02:00</date>
                    <speedMph>344</speedMph>
                    <altitudeFt>9930</altitudeFt>
                </position>
                <position>
                    <lat>41.0727</lat>
                    <lon>28.0699</lon>
                    <date>2013-07-12T03:44:39+02:00</date>
                    <speedMph>348</speedMph>
                    <altitudeFt>10150</altitudeFt>
                </position>
                <position>
                    <lat>41.1055</lat>
                    <lon>28.0156</lon>
                    <date>2013-07-12T03:44:09+02:00</date>
                    <speedMph>364</speedMph>
                    <altitudeFt>11150</altitudeFt>
                </position>
                <position>
                    <lat>41.1334</lat>
                    <lon>27.9664</lon>
                    <date>2013-07-12T03:43:39+02:00</date>
                    <speedMph>368</speedMph>
                    <altitudeFt>11950</altitudeFt>
                </position>
                <position>
                    <lat>41.161</lat>
                    <lon>27.9155</lon>
                    <date>2013-07-12T03:43:09+02:00</date>
                    <speedMph>364</speedMph>
                    <altitudeFt>11980</altitudeFt>
                </position>
                <position>
                    <lat>41.1936</lat>
                    <lon>27.8557</lon>
                    <date>2013-07-12T03:42:39+02:00</date>
                    <speedMph>368</speedMph>
                    <altitudeFt>12500</altitudeFt>
                </position>
                <position>
                    <lat>41.2198</lat>
                    <lon>27.807</lon>
                    <date>2013-07-12T03:42:09+02:00</date>
                    <speedMph>372</speedMph>
                    <altitudeFt>13450</altitudeFt>
                </position>
                <position>
                    <lat>41.2543</lat>
                    <lon>27.7429</lon>
                    <date>2013-07-12T03:41:39+02:00</date>
                    <speedMph>376</speedMph>
                    <altitudeFt>14780</altitudeFt>
                </position>
                <position>
                    <lat>41.2902</lat>
                    <lon>27.6761</lon>
                    <date>2013-07-12T03:41:04+02:00</date>
                    <speedMph>368</speedMph>
                    <altitudeFt>16650</altitudeFt>
                </position>
                <position>
                    <lat>41.3469</lat>
                    <lon>27.571</lon>
                    <date>2013-07-12T03:40:04+02:00</date>
                    <speedMph>376</speedMph>
                    <altitudeFt>18450</altitudeFt>
                </position>
                <position>
                    <lat>41.4104</lat>
                    <lon>27.4523</lon>
                    <date>2013-07-12T03:39:04+02:00</date>
                    <speedMph>392</speedMph>
                    <altitudeFt>20400</altitudeFt>
                </position>
                <position>
                    <lat>41.4752</lat>
                    <lon>27.3307</lon>
                    <date>2013-07-12T03:38:04+02:00</date>
                    <speedMph>400</speedMph>
                    <altitudeFt>22450</altitudeFt>
                </position>
                <position>
                    <lat>41.5364</lat>
                    <lon>27.2139</lon>
                    <date>2013-07-12T03:37:04+02:00</date>
                    <speedMph>416</speedMph>
                    <altitudeFt>24280</altitudeFt>
                </position>
                <position>
                    <lat>41.6033</lat>
                    <lon>27.0868</lon>
                    <date>2013-07-12T03:36:04+02:00</date>
                    <speedMph>420</speedMph>
                    <altitudeFt>26550</altitudeFt>
                </position>
                <position>
                    <lat>41.6695</lat>
                    <lon>26.9585</lon>
                    <date>2013-07-12T03:35:04+02:00</date>
                    <speedMph>432</speedMph>
                    <altitudeFt>28400</altitudeFt>
                </position>
                <position>
                    <lat>41.7629</lat>
                    <lon>26.7796</lon>
                    <date>2013-07-12T03:34:04+02:00</date>
                    <speedMph>456</speedMph>
                    <altitudeFt>30550</altitudeFt>
                </position>
                <position>
                    <lat>41.8205</lat>
                    <lon>26.6678</lon>
                    <date>2013-07-12T03:33:04+02:00</date>
                    <speedMph>460</speedMph>
                    <altitudeFt>31350</altitudeFt>
                </position>
                <position>
                    <lat>41.8874</lat>
                    <lon>26.5406</lon>
                    <date>2013-07-12T03:32:04+02:00</date>
                    <speedMph>460</speedMph>
                    <altitudeFt>32280</altitudeFt>
                </position>
                <position>
                    <lat>41.9686</lat>
                    <lon>26.4013</lon>
                    <date>2013-07-12T03:31:04+02:00</date>
                    <speedMph>468</speedMph>
                    <altitudeFt>33280</altitudeFt>
                </position>
                <position>
                    <lat>42.0449</lat>
                    <lon>26.2719</lon>
                    <date>2013-07-12T03:30:04+02:00</date>
                    <speedMph>472</speedMph>
                    <altitudeFt>34200</altitudeFt>
                </position>
                <position>
                    <lat>42.1366</lat>
                    <lon>26.1138</lon>
                    <date>2013-07-12T03:29:03+02:00</date>
                    <speedMph>480</speedMph>
                    <altitudeFt>35000</altitudeFt>
                </position>
                <position>
                    <lat>42.2189</lat>
                    <lon>25.9711</lon>
                    <date>2013-07-12T03:28:03+02:00</date>
                    <speedMph>476</speedMph>
                    <altitudeFt>34980</altitudeFt>
                </position>
                <position>
                    <lat>42.3011</lat>
                    <lon>25.828</lon>
                    <date>2013-07-12T03:27:03+02:00</date>
                    <speedMph>472</speedMph>
                    <altitudeFt>34950</altitudeFt>
                </position>
                <position>
                    <lat>42.3728</lat>
                    <lon>25.703</lon>
                    <date>2013-07-12T03:26:03+02:00</date>
                    <speedMph>468</speedMph>
                    <altitudeFt>34950</altitudeFt>
                </position>
                <position>
                    <lat>42.4525</lat>
                    <lon>25.5624</lon>
                    <date>2013-07-12T03:25:03+02:00</date>
                    <speedMph>468</speedMph>
                    <altitudeFt>35000</altitudeFt>
                </position>
                <position>
                    <lat>42.531</lat>
                    <lon>25.4242</lon>
                    <date>2013-07-12T03:24:03+02:00</date>
                    <speedMph>472</speedMph>
                    <altitudeFt>35030</altitudeFt>
                </position>
                <position>
                    <lat>42.6106</lat>
                    <lon>25.2825</lon>
                    <date>2013-07-12T03:23:03+02:00</date>
                    <speedMph>472</speedMph>
                    <altitudeFt>35030</altitudeFt>
                </position>
                <position>
                    <lat>42.6906</lat>
                    <lon>25.1407</lon>
                    <date>2013-07-12T03:22:03+02:00</date>
                    <speedMph>472</speedMph>
                    <altitudeFt>35030</altitudeFt>
                </position>
                <position>
                    <lat>42.7695</lat>
                    <lon>24.9993</lon>
                    <date>2013-07-12T03:21:03+02:00</date>
                    <speedMph>468</speedMph>
                    <altitudeFt>34980</altitudeFt>
                </position>
                <position>
                    <lat>42.8464</lat>
                    <lon>24.8625</lon>
                    <date>2013-07-12T03:20:03+02:00</date>
                    <speedMph>464</speedMph>
                    <altitudeFt>34950</altitudeFt>
                </position>
                <position>
                    <lat>42.9244</lat>
                    <lon>24.7208</lon>
                    <date>2013-07-12T03:19:03+02:00</date>
                    <speedMph>460</speedMph>
                    <altitudeFt>34950</altitudeFt>
                </position>
                <position>
                    <lat>43.0007</lat>
                    <lon>24.5824</lon>
                    <date>2013-07-12T03:18:03+02:00</date>
                    <speedMph>460</speedMph>
                    <altitudeFt>34980</altitudeFt>
                </position>
                <position>
                    <lat>43.0772</lat>
                    <lon>24.4429</lon>
                    <date>2013-07-12T03:17:03+02:00</date>
                    <speedMph>464</speedMph>
                    <altitudeFt>35000</altitudeFt>
                </position>
                <position>
                    <lat>43.1538</lat>
                    <lon>24.3025</lon>
                    <date>2013-07-12T03:16:03+02:00</date>
                    <speedMph>468</speedMph>
                    <altitudeFt>35000</altitudeFt>
                </position>
                <position>
                    <lat>43.2309</lat>
                    <lon>24.16</lon>
                    <date>2013-07-12T03:15:03+02:00</date>
                    <speedMph>468</speedMph>
                    <altitudeFt>34980</altitudeFt>
                </position>
                <position>
                    <lat>43.3086</lat>
                    <lon>24.0167</lon>
                    <date>2013-07-12T03:14:03+02:00</date>
                    <speedMph>468</speedMph>
                    <altitudeFt>35030</altitudeFt>
                </position>
                <position>
                    <lat>43.3862</lat>
                    <lon>23.8728</lon>
                    <date>2013-07-12T03:13:03+02:00</date>
                    <speedMph>468</speedMph>
                    <altitudeFt>35000</altitudeFt>
                </position>
                <position>
                    <lat>43.4649</lat>
                    <lon>23.7254</lon>
                    <date>2013-07-12T03:12:03+02:00</date>
                    <speedMph>468</speedMph>
                    <altitudeFt>34980</altitudeFt>
                </position>
                <position>
                    <lat>43.6145</lat>
                    <lon>23.4447</lon>
                    <date>2013-07-12T03:10:08+02:00</date>
                    <speedMph>456</speedMph>
                    <altitudeFt>35030</altitudeFt>
                </position>
                <position>
                    <lat>43.686</lat>
                    <lon>23.3089</lon>
                    <date>2013-07-12T03:09:08+02:00</date>
                    <speedMph>456</speedMph>
                    <altitudeFt>34980</altitudeFt>
                </position>
                <position>
                    <lat>43.7619</lat>
                    <lon>23.1619</lon>
                    <date>2013-07-12T03:08:08+02:00</date>
                    <speedMph>456</speedMph>
                    <altitudeFt>35000</altitudeFt>
                </position>
                <position>
                    <lat>43.8242</lat>
                    <lon>23.0104</lon>
                    <date>2013-07-12T03:07:08+02:00</date>
                    <speedMph>456</speedMph>
                    <altitudeFt>35030</altitudeFt>
                </position>
                <position>
                    <lat>43.8638</lat>
                    <lon>22.8648</lon>
                    <date>2013-07-12T03:06:08+02:00</date>
                    <speedMph>456</speedMph>
                    <altitudeFt>35000</altitudeFt>
                </position>
                <position>
                    <lat>43.8842</lat>
                    <lon>22.6944</lon>
                    <date>2013-07-12T03:05:08+02:00</date>
                    <speedMph>452</speedMph>
                    <altitudeFt>34950</altitudeFt>
                </position>
                <position>
                    <lat>43.9018</lat>
                    <lon>22.5248</lon>
                    <date>2013-07-12T03:04:08+02:00</date>
                    <speedMph>448</speedMph>
                    <altitudeFt>34980</altitudeFt>
                </position>
                <position>
                    <lat>43.9195</lat>
                    <lon>22.3546</lon>
                    <date>2013-07-12T03:03:08+02:00</date>
                    <speedMph>452</speedMph>
                    <altitudeFt>35030</altitudeFt>
                </position>
                <position>
                    <lat>43.9468</lat>
                    <lon>22.184</lon>
                    <date>2013-07-12T03:02:08+02:00</date>
                    <speedMph>452</speedMph>
                    <altitudeFt>35030</altitudeFt>
                </position>
                <position>
                    <lat>43.9799</lat>
                    <lon>22.0065</lon>
                    <date>2013-07-12T03:01:08+02:00</date>
                    <speedMph>452</speedMph>
                    <altitudeFt>35030</altitudeFt>
                </position>
                <position>
                    <lat>44.0497</lat>
                    <lon>21.8805</lon>
                    <date>2013-07-12T03:00:08+02:00</date>
                    <speedMph>444</speedMph>
                    <altitudeFt>34950</altitudeFt>
                </position>
                <position>
                    <lat>44.1342</lat>
                    <lon>21.7545</lon>
                    <date>2013-07-12T02:59:08+02:00</date>
                    <speedMph>444</speedMph>
                    <altitudeFt>34950</altitudeFt>
                </position>
                <position>
                    <lat>44.2207</lat>
                    <lon>21.6247</lon>
                    <date>2013-07-12T02:58:08+02:00</date>
                    <speedMph>444</speedMph>
                    <altitudeFt>34980</altitudeFt>
                </position>
                <position>
                    <lat>44.3045</lat>
                    <lon>21.4985</lon>
                    <date>2013-07-12T02:57:08+02:00</date>
                    <speedMph>452</speedMph>
                    <altitudeFt>35030</altitudeFt>
                </position>
                <position>
                    <lat>44.3907</lat>
                    <lon>21.3683</lon>
                    <date>2013-07-12T02:56:08+02:00</date>
                    <speedMph>456</speedMph>
                    <altitudeFt>35000</altitudeFt>
                </position>
                <position>
                    <lat>44.4734</lat>
                    <lon>21.2423</lon>
                    <date>2013-07-12T02:55:08+02:00</date>
                    <speedMph>456</speedMph>
                    <altitudeFt>35000</altitudeFt>
                </position>
                <position>
                    <lat>44.5603</lat>
                    <lon>21.1102</lon>
                    <date>2013-07-12T02:54:08+02:00</date>
                    <speedMph>456</speedMph>
                    <altitudeFt>34950</altitudeFt>
                </position>
                <position>
                    <lat>44.6418</lat>
                    <lon>20.9853</lon>
                    <date>2013-07-12T02:53:08+02:00</date>
                    <speedMph>456</speedMph>
                    <altitudeFt>34980</altitudeFt>
                </position>
                <position>
                    <lat>44.7283</lat>
                    <lon>20.8514</lon>
                    <date>2013-07-12T02:52:08+02:00</date>
                    <speedMph>460</speedMph>
                    <altitudeFt>35030</altitudeFt>
                </position>
                <position>
                    <lat>44.8293</lat>
                    <lon>20.695</lon>
                    <date>2013-07-12T02:51:08+02:00</date>
                    <speedMph>460</speedMph>
                    <altitudeFt>35000</altitudeFt>
                </position>
                <position>
                    <lat>44.9064</lat>
                    <lon>20.5746</lon>
                    <date>2013-07-12T02:50:08+02:00</date>
                    <speedMph>460</speedMph>
                    <altitudeFt>34950</altitudeFt>
                </position>
                <position>
                    <lat>44.9903</lat>
                    <lon>20.444</lon>
                    <date>2013-07-12T02:49:08+02:00</date>
                    <speedMph>460</speedMph>
                    <altitudeFt>35000</altitudeFt>
                </position>
                <position>
                    <lat>45.077</lat>
                    <lon>20.3076</lon>
                    <date>2013-07-12T02:48:08+02:00</date>
                    <speedMph>464</speedMph>
                    <altitudeFt>34980</altitudeFt>
                </position>
                <position>
                    <lat>45.1612</lat>
                    <lon>20.1749</lon>
                    <date>2013-07-12T02:47:08+02:00</date>
                    <speedMph>464</speedMph>
                    <altitudeFt>34950</altitudeFt>
                </position>
                <position>
                    <lat>45.2481</lat>
                    <lon>20.0367</lon>
                    <date>2013-07-12T02:46:08+02:00</date>
                    <speedMph>464</speedMph>
                    <altitudeFt>35000</altitudeFt>
                </position>
                <position>
                    <lat>45.3333</lat>
                    <lon>19.9012</lon>
                    <date>2013-07-12T02:45:08+02:00</date>
                    <speedMph>468</speedMph>
                    <altitudeFt>35030</altitudeFt>
                </position>
                <position>
                    <lat>45.4196</lat>
                    <lon>19.7627</lon>
                    <date>2013-07-12T02:44:08+02:00</date>
                    <speedMph>464</speedMph>
                    <altitudeFt>34980</altitudeFt>
                </position>
                <position>
                    <lat>45.5043</lat>
                    <lon>19.6261</lon>
                    <date>2013-07-12T02:43:08+02:00</date>
                    <speedMph>468</speedMph>
                    <altitudeFt>34980</altitudeFt>
                </position>
                <position>
                    <lat>45.5929</lat>
                    <lon>19.4827</lon>
                    <date>2013-07-12T02:42:08+02:00</date>
                    <speedMph>464</speedMph>
                    <altitudeFt>34980</altitudeFt>
                </position>
                <position>
                    <lat>45.677</lat>
                    <lon>19.3463</lon>
                    <date>2013-07-12T02:41:08+02:00</date>
                    <speedMph>468</speedMph>
                    <altitudeFt>35000</altitudeFt>
                </position>
                <position>
                    <lat>45.7644</lat>
                    <lon>19.2033</lon>
                    <date>2013-07-12T02:40:08+02:00</date>
                    <speedMph>476</speedMph>
                    <altitudeFt>35030</altitudeFt>
                </position>
                <position>
                    <lat>45.8519</lat>
                    <lon>19.0609</lon>
                    <date>2013-07-12T02:39:08+02:00</date>
                    <speedMph>488</speedMph>
                    <altitudeFt>35000</altitudeFt>
                </position>
                <position>
                    <lat>45.9415</lat>
                    <lon>18.9101</lon>
                    <date>2013-07-12T02:38:08+02:00</date>
                    <speedMph>488</speedMph>
                    <altitudeFt>34980</altitudeFt>
                </position>
                <position>
                    <lat>46.0281</lat>
                    <lon>18.7579</lon>
                    <date>2013-07-12T02:37:08+02:00</date>
                    <speedMph>488</speedMph>
                    <altitudeFt>35030</altitudeFt>
                </position>
                <position>
                    <lat>46.114</lat>
                    <lon>18.6058</lon>
                    <date>2013-07-12T02:36:08+02:00</date>
                    <speedMph>488</speedMph>
                    <altitudeFt>35000</altitudeFt>
                </position>
                <position>
                    <lat>46.1985</lat>
                    <lon>18.4555</lon>
                    <date>2013-07-12T02:35:08+02:00</date>
                    <speedMph>488</speedMph>
                    <altitudeFt>34980</altitudeFt>
                </position>
                <position>
                    <lat>46.2812</lat>
                    <lon>18.3076</lon>
                    <date>2013-07-12T02:34:08+02:00</date>
                    <speedMph>488</speedMph>
                    <altitudeFt>34980</altitudeFt>
                </position>
                <position>
                    <lat>46.3884</lat>
                    <lon>18.1144</lon>
                    <date>2013-07-12T02:33:08+02:00</date>
                    <speedMph>488</speedMph>
                    <altitudeFt>34980</altitudeFt>
                </position>
                <position>
                    <lat>46.4492</lat>
                    <lon>18.0042</lon>
                    <date>2013-07-12T02:32:08+02:00</date>
                    <speedMph>488</speedMph>
                    <altitudeFt>35000</altitudeFt>
                </position>
                <position>
                    <lat>46.5328</lat>
                    <lon>17.8523</lon>
                    <date>2013-07-12T02:31:08+02:00</date>
                    <speedMph>492</speedMph>
                    <altitudeFt>34980</altitudeFt>
                </position>
                <position>
                    <lat>46.6116</lat>
                    <lon>17.7073</lon>
                    <date>2013-07-12T02:30:08+02:00</date>
                    <speedMph>492</speedMph>
                    <altitudeFt>35000</altitudeFt>
                </position>
                <position>
                    <lat>46.7004</lat>
                    <lon>17.5444</lon>
                    <date>2013-07-12T02:29:08+02:00</date>
                    <speedMph>488</speedMph>
                    <altitudeFt>35000</altitudeFt>
                </position>
                <position>
                    <lat>46.7858</lat>
                    <lon>17.3862</lon>
                    <date>2013-07-12T02:28:08+02:00</date>
                    <speedMph>488</speedMph>
                    <altitudeFt>35000</altitudeFt>
                </position>
                <position>
                    <lat>46.8683</lat>
                    <lon>17.2331</lon>
                    <date>2013-07-12T02:27:08+02:00</date>
                    <speedMph>488</speedMph>
                    <altitudeFt>34980</altitudeFt>
                </position>
                <position>
                    <lat>46.9523</lat>
                    <lon>17.0756</lon>
                    <date>2013-07-12T02:26:08+02:00</date>
                    <speedMph>488</speedMph>
                    <altitudeFt>35000</altitudeFt>
                </position>
                <position>
                    <lat>47.0311</lat>
                    <lon>16.9274</lon>
                    <date>2013-07-12T02:25:08+02:00</date>
                    <speedMph>488</speedMph>
                    <altitudeFt>34980</altitudeFt>
                </position>
                <position>
                    <lat>47.1139</lat>
                    <lon>16.7714</lon>
                    <date>2013-07-12T02:24:08+02:00</date>
                    <speedMph>488</speedMph>
                    <altitudeFt>34980</altitudeFt>
                </position>
                <position>
                    <lat>47.2014</lat>
                    <lon>16.6045</lon>
                    <date>2013-07-12T02:23:08+02:00</date>
                    <speedMph>492</speedMph>
                    <altitudeFt>35030</altitudeFt>
                </position>
                <position>
                    <lat>47.2808</lat>
                    <lon>16.4529</lon>
                    <date>2013-07-12T02:22:08+02:00</date>
                    <speedMph>492</speedMph>
                    <altitudeFt>34980</altitudeFt>
                </position>
                <position>
                    <lat>47.3633</lat>
                    <lon>16.2985</lon>
                    <date>2013-07-12T02:21:08+02:00</date>
                    <speedMph>492</speedMph>
                    <altitudeFt>34980</altitudeFt>
                </position>
                <position>
                    <lat>47.4436</lat>
                    <lon>16.1253</lon>
                    <date>2013-07-12T02:20:08+02:00</date>
                    <speedMph>492</speedMph>
                    <altitudeFt>35030</altitudeFt>
                </position>
                <position>
                    <lat>47.5164</lat>
                    <lon>15.9642</lon>
                    <date>2013-07-12T02:19:08+02:00</date>
                    <speedMph>492</speedMph>
                    <altitudeFt>35000</altitudeFt>
                </position>
                <position>
                    <lat>47.5924</lat>
                    <lon>15.7959</lon>
                    <date>2013-07-12T02:18:08+02:00</date>
                    <speedMph>492</speedMph>
                    <altitudeFt>34980</altitudeFt>
                </position>
                <position>
                    <lat>47.6671</lat>
                    <lon>15.6281</lon>
                    <date>2013-07-12T02:17:08+02:00</date>
                    <speedMph>492</speedMph>
                    <altitudeFt>34980</altitudeFt>
                </position>
                <position>
                    <lat>47.7423</lat>
                    <lon>15.4595</lon>
                    <date>2013-07-12T02:16:08+02:00</date>
                    <speedMph>488</speedMph>
                    <altitudeFt>35000</altitudeFt>
                </position>
                <position>
                    <lat>47.8184</lat>
                    <lon>15.2869</lon>
                    <date>2013-07-12T02:15:08+02:00</date>
                    <speedMph>488</speedMph>
                    <altitudeFt>34980</altitudeFt>
                </position>
                <position>
                    <lat>47.8929</lat>
                    <lon>15.1169</lon>
                    <date>2013-07-12T02:14:08+02:00</date>
                    <speedMph>484</speedMph>
                    <altitudeFt>35000</altitudeFt>
                </position>
                <position>
                    <lat>47.9663</lat>
                    <lon>14.949</lon>
                    <date>2013-07-12T02:13:08+02:00</date>
                    <speedMph>484</speedMph>
                    <altitudeFt>34980</altitudeFt>
                </position>
                <position>
                    <lat>48.039</lat>
                    <lon>14.7808</lon>
                    <date>2013-07-12T02:12:08+02:00</date>
                    <speedMph>484</speedMph>
                    <altitudeFt>34980</altitudeFt>
                </position>
                <position>
                    <lat>48.1249</lat>
                    <lon>14.5816</lon>
                    <date>2013-07-12T02:11:05+02:00</date>
                    <speedMph>484</speedMph>
                    <altitudeFt>34950</altitudeFt>
                </position>
                <position>
                    <lat>48.1904</lat>
                    <lon>14.4285</lon>
                    <date>2013-07-12T02:10:05+02:00</date>
                    <speedMph>484</speedMph>
                    <altitudeFt>34980</altitudeFt>
                </position>
                <position>
                    <lat>48.2594</lat>
                    <lon>14.2665</lon>
                    <date>2013-07-12T02:09:05+02:00</date>
                    <speedMph>484</speedMph>
                    <altitudeFt>34980</altitudeFt>
                </position>
                <position>
                    <lat>48.3323</lat>
                    <lon>14.0942</lon>
                    <date>2013-07-12T02:08:05+02:00</date>
                    <speedMph>488</speedMph>
                    <altitudeFt>35000</altitudeFt>
                </position>
                <position>
                    <lat>48.4039</lat>
                    <lon>13.923</lon>
                    <date>2013-07-12T02:07:05+02:00</date>
                    <speedMph>488</speedMph>
                    <altitudeFt>35000</altitudeFt>
                </position>
                <position>
                    <lat>48.4752</lat>
                    <lon>13.7527</lon>
                    <date>2013-07-12T02:06:05+02:00</date>
                    <speedMph>488</speedMph>
                    <altitudeFt>34980</altitudeFt>
                </position>
                <position>
                    <lat>48.5463</lat>
                    <lon>13.5803</lon>
                    <date>2013-07-12T02:05:05+02:00</date>
                    <speedMph>488</speedMph>
                    <altitudeFt>35000</altitudeFt>
                </position>
                <position>
                    <lat>48.6193</lat>
                    <lon>13.4035</lon>
                    <date>2013-07-12T02:04:05+02:00</date>
                    <speedMph>488</speedMph>
                    <altitudeFt>35000</altitudeFt>
                </position>
                <position>
                    <lat>48.6899</lat>
                    <lon>13.2309</lon>
                    <date>2013-07-12T02:03:05+02:00</date>
                    <speedMph>488</speedMph>
                    <altitudeFt>34980</altitudeFt>
                </position>
                <position>
                    <lat>48.7597</lat>
                    <lon>13.0594</lon>
                    <date>2013-07-12T02:02:05+02:00</date>
                    <speedMph>480</speedMph>
                    <altitudeFt>35000</altitudeFt>
                </position>
                <position>
                    <lat>48.8293</lat>
                    <lon>12.8864</lon>
                    <date>2013-07-12T02:01:05+02:00</date>
                    <speedMph>480</speedMph>
                    <altitudeFt>35030</altitudeFt>
                </position>
                <position>
                    <lat>48.8996</lat>
                    <lon>12.7113</lon>
                    <date>2013-07-12T02:00:05+02:00</date>
                    <speedMph>480</speedMph>
                    <altitudeFt>35000</altitudeFt>
                </position>
                <position>
                    <lat>48.9676</lat>
                    <lon>12.541</lon>
                    <date>2013-07-12T01:59:05+02:00</date>
                    <speedMph>480</speedMph>
                    <altitudeFt>34980</altitudeFt>
                </position>
                <position>
                    <lat>49.0384</lat>
                    <lon>12.3626</lon>
                    <date>2013-07-12T01:58:05+02:00</date>
                    <speedMph>476</speedMph>
                    <altitudeFt>34980</altitudeFt>
                </position>
                <position>
                    <lat>49.106</lat>
                    <lon>12.1902</lon>
                    <date>2013-07-12T01:57:05+02:00</date>
                    <speedMph>476</speedMph>
                    <altitudeFt>34980</altitudeFt>
                </position>
                <position>
                    <lat>49.1735</lat>
                    <lon>12.0177</lon>
                    <date>2013-07-12T01:56:05+02:00</date>
                    <speedMph>476</speedMph>
                    <altitudeFt>34980</altitudeFt>
                </position>
                <position>
                    <lat>49.236</lat>
                    <lon>11.8569</lon>
                    <date>2013-07-12T01:55:05+02:00</date>
                    <speedMph>476</speedMph>
                    <altitudeFt>34980</altitudeFt>
                </position>
                <position>
                    <lat>49.3087</lat>
                    <lon>11.6688</lon>
                    <date>2013-07-12T01:54:05+02:00</date>
                    <speedMph>476</speedMph>
                    <altitudeFt>34980</altitudeFt>
                </position>
                <position>
                    <lat>49.3725</lat>
                    <lon>11.5014</lon>
                    <date>2013-07-12T01:53:05+02:00</date>
                    <speedMph>476</speedMph>
                    <altitudeFt>35000</altitudeFt>
                </position>
                <position>
                    <lat>49.4405</lat>
                    <lon>11.3231</lon>
                    <date>2013-07-12T01:52:05+02:00</date>
                    <speedMph>476</speedMph>
                    <altitudeFt>35000</altitudeFt>
                </position>
                <position>
                    <lat>49.5026</lat>
                    <lon>11.1586</lon>
                    <date>2013-07-12T01:51:05+02:00</date>
                    <speedMph>476</speedMph>
                    <altitudeFt>35000</altitudeFt>
                </position>
                <position>
                    <lat>49.5712</lat>
                    <lon>10.9765</lon>
                    <date>2013-07-12T01:50:05+02:00</date>
                    <speedMph>476</speedMph>
                    <altitudeFt>35000</altitudeFt>
                </position>
                <position>
                    <lat>49.6366</lat>
                    <lon>10.8012</lon>
                    <date>2013-07-12T01:49:05+02:00</date>
                    <speedMph>472</speedMph>
                    <altitudeFt>35000</altitudeFt>
                </position>
                <position>
                    <lat>49.7045</lat>
                    <lon>10.6177</lon>
                    <date>2013-07-12T01:48:05+02:00</date>
                    <speedMph>472</speedMph>
                    <altitudeFt>35000</altitudeFt>
                </position>
                <position>
                    <lat>49.7691</lat>
                    <lon>10.4426</lon>
                    <date>2013-07-12T01:47:05+02:00</date>
                    <speedMph>472</speedMph>
                    <altitudeFt>35000</altitudeFt>
                </position>
                <position>
                    <lat>49.8322</lat>
                    <lon>10.2689</lon>
                    <date>2013-07-12T01:46:05+02:00</date>
                    <speedMph>468</speedMph>
                    <altitudeFt>35000</altitudeFt>
                </position>
                <position>
                    <lat>49.8946</lat>
                    <lon>10.098</lon>
                    <date>2013-07-12T01:45:05+02:00</date>
                    <speedMph>464</speedMph>
                    <altitudeFt>34980</altitudeFt>
                </position>
                <position>
                    <lat>49.9581</lat>
                    <lon>9.9211</lon>
                    <date>2013-07-12T01:44:05+02:00</date>
                    <speedMph>464</speedMph>
                    <altitudeFt>34980</altitudeFt>
                </position>
                <position>
                    <lat>50.0219</lat>
                    <lon>9.7428</lon>
                    <date>2013-07-12T01:43:05+02:00</date>
                    <speedMph>460</speedMph>
                    <altitudeFt>34250</altitudeFt>
                </position>
                <position>
                    <lat>50.0807</lat>
                    <lon>9.5776</lon>
                    <date>2013-07-12T01:42:05+02:00</date>
                    <speedMph>460</speedMph>
                    <altitudeFt>32950</altitudeFt>
                </position>
                <position>
                    <lat>50.1432</lat>
                    <lon>9.4015</lon>
                    <date>2013-07-12T01:41:05+02:00</date>
                    <speedMph>468</speedMph>
                    <altitudeFt>31280</altitudeFt>
                </position>
                <position>
                    <lat>50.2045</lat>
                    <lon>9.2255</lon>
                    <date>2013-07-12T01:40:05+02:00</date>
                    <speedMph>464</speedMph>
                    <altitudeFt>30000</altitudeFt>
                </position>
                <position>
                    <lat>50.2652</lat>
                    <lon>9.0509</lon>
                    <date>2013-07-12T01:39:05+02:00</date>
                    <speedMph>456</speedMph>
                    <altitudeFt>28680</altitudeFt>
                </position>
                <position>
                    <lat>50.3256</lat>
                    <lon>8.8761</lon>
                    <date>2013-07-12T01:38:05+02:00</date>
                    <speedMph>472</speedMph>
                    <altitudeFt>26300</altitudeFt>
                </position>
                <position>
                    <lat>50.3907</lat>
                    <lon>8.6981</lon>
                    <date>2013-07-12T01:37:05+02:00</date>
                    <speedMph>484</speedMph>
                    <altitudeFt>24330</altitudeFt>
                </position>
                <position>
                    <lat>50.4855</lat>
                    <lon>8.5511</lon>
                    <date>2013-07-12T01:36:05+02:00</date>
                    <speedMph>468</speedMph>
                    <altitudeFt>23350</altitudeFt>
                </position>
                <position>
                    <lat>50.5753</lat>
                    <lon>8.4138</lon>
                    <date>2013-07-12T01:35:05+02:00</date>
                    <speedMph>436</speedMph>
                    <altitudeFt>22350</altitudeFt>
                </position>
                <position>
                    <lat>50.6622</lat>
                    <lon>8.2794</lon>
                    <date>2013-07-12T01:34:05+02:00</date>
                    <speedMph>436</speedMph>
                    <altitudeFt>22000</altitudeFt>
                </position>
                <position>
                    <lat>50.7472</lat>
                    <lon>8.1468</lon>
                    <date>2013-07-12T01:33:05+02:00</date>
                    <speedMph>424</speedMph>
                    <altitudeFt>21400</altitudeFt>
                </position>
                <position>
                    <lat>50.8309</lat>
                    <lon>8.0205</lon>
                    <date>2013-07-12T01:32:05+02:00</date>
                    <speedMph>408</speedMph>
                    <altitudeFt>19550</altitudeFt>
                </position>
                <position>
                    <lat>50.8824</lat>
                    <lon>7.8667</lon>
                    <date>2013-07-12T01:31:05+02:00</date>
                    <speedMph>388</speedMph>
                    <altitudeFt>17500</altitudeFt>
                </position>
                <position>
                    <lat>50.9205</lat>
                    <lon>7.695</lon>
                    <date>2013-07-12T01:30:05+02:00</date>
                    <speedMph>376</speedMph>
                    <altitudeFt>14830</altitudeFt>
                </position>
                <position>
                    <lat>50.9337</lat>
                    <lon>7.635</lon>
                    <date>2013-07-12T01:29:35+02:00</date>
                    <speedMph>368</speedMph>
                    <altitudeFt>13830</altitudeFt>
                </position>
                <position>
                    <lat>50.9504</lat>
                    <lon>7.5601</lon>
                    <date>2013-07-12T01:29:05+02:00</date>
                    <speedMph>360</speedMph>
                    <altitudeFt>12500</altitudeFt>
                </position>
                <position>
                    <lat>50.9671</lat>
                    <lon>7.4858</lon>
                    <date>2013-07-12T01:28:35+02:00</date>
                    <speedMph>344</speedMph>
                    <altitudeFt>11350</altitudeFt>
                </position>
                <position>
                    <lat>50.9838</lat>
                    <lon>7.4125</lon>
                    <date>2013-07-12T01:28:05+02:00</date>
                    <speedMph>304</speedMph>
                    <altitudeFt>10680</altitudeFt>
                </position>
                <position>
                    <lat>50.9962</lat>
                    <lon>7.345</lon>
                    <date>2013-07-12T01:27:35+02:00</date>
                    <speedMph>284</speedMph>
                    <altitudeFt>9150</altitudeFt>
                </position>
                <position>
                    <lat>50.9933</lat>
                    <lon>7.3257</lon>
                    <date>2013-07-12T01:27:25+02:00</date>
                    <speedMph>276</speedMph>
                    <altitudeFt>8680</altitudeFt>
                </position>
                <position>
                    <lat>50.9906</lat>
                    <lon>7.3162</lon>
                    <date>2013-07-12T01:27:15+02:00</date>
                    <speedMph>272</speedMph>
                    <altitudeFt>8450</altitudeFt>
                </position>
                <position>
                    <lat>50.9826</lat>
                    <lon>7.2907</lon>
                    <date>2013-07-12T01:27:05+02:00</date>
                    <speedMph>268</speedMph>
                    <altitudeFt>7680</altitudeFt>
                </position>
                <position>
                    <lat>50.9765</lat>
                    <lon>7.2718</lon>
                    <date>2013-07-12T01:26:55+02:00</date>
                    <speedMph>268</speedMph>
                    <altitudeFt>7030</altitudeFt>
                </position>
                <position>
                    <lat>50.9738</lat>
                    <lon>7.2628</lon>
                    <date>2013-07-12T01:26:45+02:00</date>
                    <speedMph>268</speedMph>
                    <altitudeFt>6700</altitudeFt>
                </position>
                <position>
                    <lat>50.9668</lat>
                    <lon>7.2402</lon>
                    <date>2013-07-12T01:26:35+02:00</date>
                    <speedMph>268</speedMph>
                    <altitudeFt>6000</altitudeFt>
                </position>
                <position>
                    <lat>50.9628</lat>
                    <lon>7.2272</lon>
                    <date>2013-07-12T01:26:25+02:00</date>
                    <speedMph>272</speedMph>
                    <altitudeFt>5280</altitudeFt>
                </position>
                <position>
                    <lat>50.9577</lat>
                    <lon>7.2104</lon>
                    <date>2013-07-12T01:26:15+02:00</date>
                    <speedMph>268</speedMph>
                    <altitudeFt>4700</altitudeFt>
                </position>
                <position>
                    <lat>50.9538</lat>
                    <lon>7.1978</lon>
                    <date>2013-07-12T01:26:10+02:00</date>
                    <speedMph>264</speedMph>
                    <altitudeFt>4480</altitudeFt>
                </position>
                <position>
                    <lat>50.9521</lat>
                    <lon>7.192</lon>
                    <date>2013-07-12T01:26:05+02:00</date>
                    <speedMph>256</speedMph>
                    <altitudeFt>4300</altitudeFt>
                </position>
                <position>
                    <lat>50.9501</lat>
                    <lon>7.1851</lon>
                    <date>2013-07-12T01:26:00+02:00</date>
                    <speedMph>252</speedMph>
                    <altitudeFt>4130</altitudeFt>
                </position>
                <position>
                    <lat>50.9452</lat>
                    <lon>7.1684</lon>
                    <date>2013-07-12T01:25:50+02:00</date>
                    <speedMph>236</speedMph>
                    <altitudeFt>3830</altitudeFt>
                </position>
                <position>
                    <lat>50.9429</lat>
                    <lon>7.1606</lon>
                    <date>2013-07-12T01:25:45+02:00</date>
                    <speedMph>228</speedMph>
                    <altitudeFt>3680</altitudeFt>
                </position>
                <position>
                    <lat>50.9384</lat>
                    <lon>7.1465</lon>
                    <date>2013-07-12T01:25:35+02:00</date>
                    <speedMph>220</speedMph>
                    <altitudeFt>3330</altitudeFt>
                </position>
                <position>
                    <lat>50.935</lat>
                    <lon>7.1381</lon>
                    <date>2013-07-12T01:25:30+02:00</date>
                    <speedMph>216</speedMph>
                    <altitudeFt>3080</altitudeFt>
                </position>
                <position>
                    <lat>50.9311</lat>
                    <lon>7.1321</lon>
                    <date>2013-07-12T01:25:25+02:00</date>
                    <speedMph>212</speedMph>
                    <altitudeFt>2900</altitudeFt>
                </position>
                <position>
                    <lat>50.928</lat>
                    <lon>7.1285</lon>
                    <date>2013-07-12T01:25:20+02:00</date>
                    <speedMph>208</speedMph>
                    <altitudeFt>2700</altitudeFt>
                </position>
                <position>
                    <lat>50.9219</lat>
                    <lon>7.1217</lon>
                    <date>2013-07-12T01:25:15+02:00</date>
                    <speedMph>200</speedMph>
                    <altitudeFt>2550</altitudeFt>
                </position>
                <position>
                    <lat>50.9195</lat>
                    <lon>7.1191</lon>
                    <date>2013-07-12T01:25:10+02:00</date>
                    <speedMph>196</speedMph>
                    <altitudeFt>2430</altitudeFt>
                </position>
                <position>
                    <lat>50.9041</lat>
                    <lon>7.1117</lon>
                    <date>2013-07-12T01:24:50+02:00</date>
                    <speedMph>168</speedMph>
                    <altitudeFt>2030</altitudeFt>
                </position>
                <position>
                    <lat>50.8993</lat>
                    <lon>7.1119</lon>
                    <date>2013-07-12T01:24:45+02:00</date>
                    <speedMph>164</speedMph>
                    <altitudeFt>1900</altitudeFt>
                </position>
                <position>
                    <lat>50.8923</lat>
                    <lon>7.114</lon>
                    <date>2013-07-12T01:24:35+02:00</date>
                    <speedMph>160</speedMph>
                    <altitudeFt>1630</altitudeFt>
                </position>
                <position>
                    <lat>50.8897</lat>
                    <lon>7.1163</lon>
                    <date>2013-07-12T01:24:30+02:00</date>
                    <speedMph>160</speedMph>
                    <altitudeFt>1450</altitudeFt>
                </position>
                <position>
                    <lat>50.8864</lat>
                    <lon>7.1204</lon>
                    <date>2013-07-12T01:24:25+02:00</date>
                    <speedMph>160</speedMph>
                    <altitudeFt>1280</altitudeFt>
                </position>
                <position>
                    <lat>50.8816</lat>
                    <lon>7.1274</lon>
                    <date>2013-07-12T01:24:15+02:00</date>
                    <speedMph>168</speedMph>
                    <altitudeFt>800</altitudeFt>
                </position>
                <position>
                    <lat>50.8781</lat>
                    <lon>7.1324</lon>
                    <date>2013-07-12T01:24:10+02:00</date>
                    <speedMph>168</speedMph>
                    <altitudeFt>580</altitudeFt>
                </position>
                <position>
                    <lat>50.875</lat>
                    <lon>7.137</lon>
                    <date>2013-07-12T01:24:05+02:00</date>
                    <speedMph>168</speedMph>
                    <altitudeFt>380</altitudeFt>
                </position>
                <position>
                    <lat>50.873</lat>
                    <lon>7.14</lon>
                    <date>2013-07-12T01:24:00+02:00</date>
                    <speedMph>168</speedMph>
                    <altitudeFt>230</altitudeFt>
                </position>
                <position>
                    <lat>50.8611</lat>
                    <lon>7.1504</lon>
                    <date>2013-07-12T01:20:05+02:00</date>
                    <speedMph>16</speedMph>
                    <altitudeFt>0</altitudeFt>
                </position>
                <position>
                    <lat>50.8613</lat>
                    <lon>7.1501</lon>
                    <date>2013-07-12T01:20:00+02:00</date>
                    <speedMph>16</speedMph>
                    <altitudeFt>0</altitudeFt>
                </position>
                <position>
                    <lat>50.8619</lat>
                    <lon>7.1492</lon>
                    <date>2013-07-12T01:19:50+02:00</date>
                    <speedMph>16</speedMph>
                    <altitudeFt>0</altitudeFt>
                </position>
                <position>
                    <lat>50.8621</lat>
                    <lon>7.1489</lon>
                    <date>2013-07-12T01:19:45+02:00</date>
                    <speedMph>16</speedMph>
                    <altitudeFt>0</altitudeFt>
                </position>
                <position>
                    <lat>50.8624</lat>
                    <lon>7.1486</lon>
                    <date>2013-07-12T01:19:40+02:00</date>
                    <speedMph>16</speedMph>
                    <altitudeFt>0</altitudeFt>
                </position>
                <position>
                    <lat>50.863</lat>
                    <lon>7.1477</lon>
                    <date>2013-07-12T01:19:30+02:00</date>
                    <speedMph>16</speedMph>
                    <altitudeFt>0</altitudeFt>
                </position>
                <position>
                    <lat>50.8632</lat>
                    <lon>7.1474</lon>
                    <date>2013-07-12T01:19:25+02:00</date>
                    <speedMph>16</speedMph>
                    <altitudeFt>0</altitudeFt>
                </position>
                <position>
                    <lat>50.8644</lat>
                    <lon>7.1456</lon>
                    <date>2013-07-12T01:19:00+02:00</date>
                    <speedMph>16</speedMph>
                    <altitudeFt>0</altitudeFt>
                </position>
                <position>
                    <lat>50.865</lat>
                    <lon>7.1448</lon>
                    <date>2013-07-12T01:18:50+02:00</date>
                    <speedMph>16</speedMph>
                    <altitudeFt>0</altitudeFt>
                </position>
                <position>
                    <lat>50.8652</lat>
                    <lon>7.1445</lon>
                    <date>2013-07-12T01:18:45+02:00</date>
                    <speedMph>16</speedMph>
                    <altitudeFt>0</altitudeFt>
                </position>
                <position>
                    <lat>50.8655</lat>
                    <lon>7.1441</lon>
                    <date>2013-07-12T01:18:40+02:00</date>
                    <speedMph>16</speedMph>
                    <altitudeFt>0</altitudeFt>
                </position>
                <position>
                    <lat>50.867</lat>
                    <lon>7.1419</lon>
                    <date>2013-07-12T01:18:15+02:00</date>
                    <speedMph>0</speedMph>
                    <altitudeFt>0</altitudeFt>
                </position>
            </positions>
        </flightTrack>
    </flightTracks>
</flightstatslog>
