<?xml version="1.0" encoding="UTF-8" standalone="yes"?><response><appendix><airlines><airline><fs>LH</fs><iata>LH</iata><icao>DLH</icao><name>Lufthansa</name><active>true</active></airline></airlines><airports><airport><fs>BHX</fs><iata>BHX</iata><icao>EGBB</icao><name>Birmingham International Airport</name><city>Birmingham</city><cityCode>BHX</cityCode><stateCode>EN</stateCode><countryCode>GB</countryCode><countryName>United Kingdom</countryName><regionName>Europe</regionName><timeZoneRegionName>Europe/London</timeZoneRegionName><localTime>2013-07-23T14:37:49.690</localTime><utcOffsetHours>1.0</utcOffsetHours><latitude>52.452518</latitude><longitude>-1.733256</longitude><elevationFeet>325</elevationFeet><classification>2</classification><active>true</active><delayIndexUrl>https://api.flightstats.com/flex/delayindex/rest/v1/json/airports/BHX?codeType=fs</delayIndexUrl><weatherUrl>https://api.flightstats.com/flex/weather/rest/v1/json/all/BHX?codeType=fs</weatherUrl></airport><airport><fs>TXL</fs><iata>TXL</iata><icao>EDDT</icao><name>Tegel Airport</name><city>Berlin</city><cityCode>BER</cityCode><countryCode>DE</countryCode><countryName>Germany</countryName><regionName>Europe</regionName><timeZoneRegionName>Europe/Berlin</timeZoneRegionName><localTime>2013-07-23T15:37:49.690</localTime><utcOffsetHours>2.0</utcOffsetHours><latitude>52.553944</latitude><longitude>13.291722</longitude><elevationFeet>121</elevationFeet><classification>1</classification><active>true</active><delayIndexUrl>https://api.flightstats.com/flex/delayindex/rest/v1/json/airports/TXL?codeType=fs</delayIndexUrl><weatherUrl>https://api.flightstats.com/flex/weather/rest/v1/json/all/TXL?codeType=fs</weatherUrl></airport></airports></appendix><flightTracks><flightTrack><flightId>303574105</flightId><carrierFsCode>LH</carrierFsCode><flightNumber>3421</flightNumber><tailNumber>D-AIZI</tailNumber><callsign>DLH3421</callsign><departureAirportFsCode>BHX</departureAirportFsCode><arrivalAirportFsCode>TXL</arrivalAirportFsCode><departureDate><dateLocal>2013-07-22T10:35:00.000</dateLocal><dateUtc>2013-07-22T09:35:00.000Z</dateUtc></departureDate><equipment>A320</equipment><delayMinutes>12</delayMinutes><bearing>133.59951346070383</bearing><heading>86.47032226402477</heading><positions><position><lon>12.88659954071045</lon><lat>52.78919982910156</lat><speedMph>379</speedMph><altitudeFt>11150</altitudeFt><source>AirNav</source><date>2013-07-22T11:14:54.000Z</date></position><position><lon>12.859299659729004</lon><lat>52.78820037841797</lat><speedMph>381</speedMph><altitudeFt>11525</altitudeFt><source>AirNav</source><date>2013-07-22T11:14:42.000Z</date></position><position><lon>12.652700424194336</lon><lat>52.78049850463867</lat><speedMph>409</speedMph><altitudeFt>13650</altitudeFt><source>AirNav</source><date>2013-07-22T11:13:26.000Z</date></position><position><lon>12.617799758911133</lon><lat>52.77920150756836</lat><speedMph>413</speedMph><altitudeFt>14000</altitudeFt><source>AirNav</source><date>2013-07-22T11:13:11.000Z</date></position><position><lon>12.559900283813477</lon><lat>52.777000427246094</lat><speedMph>422</speedMph><altitudeFt>14525</altitudeFt><source>AirNav</source><date>2013-07-22T11:12:52.000Z</date></position><position><lon>12.522700309753418</lon><lat>52.775699615478516</lat><speedMph>427</speedMph><altitudeFt>14825</altitudeFt><source>AirNav</source><date>2013-07-22T11:12:39.000Z</date></position><position><lon>12.449000358581543</lon><lat>52.773101806640625</lat><speedMph>437</speedMph><altitudeFt>15475</altitudeFt><source>AirNav</source><date>2013-07-22T11:12:14.000Z</date></position><position><lon>12.409199714660645</lon><lat>52.77159881591797</lat><speedMph>440</speedMph><altitudeFt>15775</altitudeFt><source>AirNav</source><date>2013-07-22T11:12:02.000Z</date></position><position><lon>12.332099914550781</lon><lat>52.768699645996094</lat><speedMph>443</speedMph><altitudeFt>16425</altitudeFt><source>AirNav</source><date>2013-07-22T11:11:33.000Z</date></position><position><lon>12.300000190734863</lon><lat>52.76750183105469</lat><speedMph>445</speedMph><altitudeFt>16700</altitudeFt><source>AirNav</source><date>2013-07-22T11:11:19.000Z</date></position><position><lon>12.256999969482422</lon><lat>52.76580047607422</lat><speedMph>448</speedMph><altitudeFt>17050</altitudeFt><source>AirNav</source><date>2013-07-22T11:11:07.000Z</date></position><position><lon>12.217700004577637</lon><lat>52.764198303222656</lat><speedMph>450</speedMph><altitudeFt>17400</altitudeFt><source>AirNav</source><date>2013-07-22T11:10:52.000Z</date></position><position><lon>12.18120002746582</lon><lat>52.76259994506836</lat><speedMph>450</speedMph><altitudeFt>17675</altitudeFt><source>AirNav</source><date>2013-07-22T11:10:40.000Z</date></position><position><lon>12.1451997756958</lon><lat>52.76100158691406</lat><speedMph>452</speedMph><altitudeFt>18000</altitudeFt><source>AirNav</source><date>2013-07-22T11:10:28.000Z</date></position><position><lon>12.069600105285645</lon><lat>52.7577018737793</lat><speedMph>457</speedMph><altitudeFt>18575</altitudeFt><source>AirNav</source><date>2013-07-22T11:10:04.000Z</date></position><position><lon>12.028900146484375</lon><lat>52.75600051879883</lat><speedMph>458</speedMph><altitudeFt>18875</altitudeFt><source>AirNav</source><date>2013-07-22T11:09:50.000Z</date></position><position><lon>11.98960018157959</lon><lat>52.75429916381836</lat><speedMph>463</speedMph><altitudeFt>19200</altitudeFt><source>AirNav</source><date>2013-07-22T11:09:38.000Z</date></position><position><lon>11.955100059509277</lon><lat>52.752899169921875</lat><speedMph>464</speedMph><altitudeFt>19525</altitudeFt><source>AirNav</source><date>2013-07-22T11:09:25.000Z</date></position><position><lon>11.913100242614746</lon><lat>52.7510986328125</lat><speedMph>464</speedMph><altitudeFt>19850</altitudeFt><source>AirNav</source><date>2013-07-22T11:09:13.000Z</date></position><position><lon>11.878999710083008</lon><lat>52.74959945678711</lat><speedMph>465</speedMph><altitudeFt>20100</altitudeFt><source>AirNav</source><date>2013-07-22T11:09:02.000Z</date></position><position><lon>11.837300300598145</lon><lat>52.74769973754883</lat><speedMph>467</speedMph><altitudeFt>20425</altitudeFt><source>AirNav</source><date>2013-07-22T11:08:49.000Z</date></position><position><lon>11.793399810791016</lon><lat>52.74570083618164</lat><speedMph>470</speedMph><altitudeFt>20775</altitudeFt><source>AirNav</source><date>2013-07-22T11:08:32.000Z</date></position><position><lon>11.782600402832031</lon><lat>52.74530029296875</lat><speedMph>470</speedMph><altitudeFt>20875</altitudeFt><source>AirNav</source><date>2013-07-22T11:08:28.000Z</date></position><position><lon>11.721799850463867</lon><lat>52.74259948730469</lat><speedMph>470</speedMph><altitudeFt>21375</altitudeFt><source>AirNav</source><date>2013-07-22T11:08:10.000Z</date></position><position><lon>11.693599700927734</lon><lat>52.74140167236328</lat><speedMph>465</speedMph><altitudeFt>21650</altitudeFt><source>AirNav</source><date>2013-07-22T11:08:02.000Z</date></position><position><lon>11.637700080871582</lon><lat>52.73889923095703</lat><speedMph>465</speedMph><altitudeFt>22100</altitudeFt><source>AirNav</source><date>2013-07-22T11:07:41.000Z</date></position><position><lon>11.565699577331543</lon><lat>52.73550033569336</lat><speedMph>464</speedMph><altitudeFt>22675</altitudeFt><source>AirNav</source><date>2013-07-22T11:07:19.000Z</date></position><position><lon>11.508899688720703</lon><lat>52.7328987121582</lat><speedMph>463</speedMph><altitudeFt>23125</altitudeFt><source>AirNav</source><date>2013-07-22T11:06:57.000Z</date></position><position><lon>11.455300331115723</lon><lat>52.73030090332031</lat><speedMph>464</speedMph><altitudeFt>23525</altitudeFt><source>AirNav</source><date>2013-07-22T11:06:44.000Z</date></position><position><lon>11.423299789428711</lon><lat>52.72890090942383</lat><speedMph>464</speedMph><altitudeFt>23800</altitudeFt><source>AirNav</source><date>2013-07-22T11:06:30.000Z</date></position><position><lon>11.385100364685059</lon><lat>52.72710037231445</lat><speedMph>463</speedMph><altitudeFt>24025</altitudeFt><source>AirNav</source><date>2013-07-22T11:06:21.000Z</date></position><position><lon>11.350500106811523</lon><lat>52.725399017333984</lat><speedMph>463</speedMph><altitudeFt>24300</altitudeFt><source>AirNav</source><date>2013-07-22T11:06:05.000Z</date></position><position><lon>11.248700141906738</lon><lat>52.72050094604492</lat><speedMph>467</speedMph><altitudeFt>24925</altitudeFt><source>AirNav</source><date>2013-07-22T11:05:31.000Z</date></position><position><lon>11.23169994354248</lon><lat>52.71969985961914</lat><speedMph>463</speedMph><altitudeFt>25000</altitudeFt><source>AirNav</source><date>2013-07-22T11:05:28.000Z</date></position><position><lon>11.152600288391113</lon><lat>52.7156982421875</lat><speedMph>459</speedMph><altitudeFt>25000</altitudeFt><source>AirNav</source><date>2013-07-22T11:05:03.000Z</date></position><position><lon>11.069899559020996</lon><lat>52.71149826049805</lat><speedMph>467</speedMph><altitudeFt>25275</altitudeFt><source>AirNav</source><date>2013-07-22T11:04:34.000Z</date></position><position><lon>11.05739974975586</lon><lat>52.71080017089844</lat><speedMph>467</speedMph><altitudeFt>25325</altitudeFt><source>AirNav</source><date>2013-07-22T11:04:24.000Z</date></position><position><lon>11.014900207519531</lon><lat>52.70869827270508</lat><speedMph>471</speedMph><altitudeFt>25550</altitudeFt><source>AirNav</source><date>2013-07-22T11:04:16.000Z</date></position><position><lon>10.933199882507324</lon><lat>52.704498291015625</lat><speedMph>482</speedMph><altitudeFt>26025</altitudeFt><source>AirNav</source><date>2013-07-22T11:03:49.000Z</date></position><position><lon>10.833600044250488</lon><lat>52.69929885864258</lat><speedMph>491</speedMph><altitudeFt>27250</altitudeFt><source>AirNav</source><date>2013-07-22T11:03:22.000Z</date></position><position><lon>10.791500091552734</lon><lat>52.697200775146484</lat><speedMph>495</speedMph><altitudeFt>27775</altitudeFt><source>AirNav</source><date>2013-07-22T11:03:08.000Z</date></position><position><lon>10.756199836730957</lon><lat>52.6953010559082</lat><speedMph>497</speedMph><altitudeFt>28125</altitudeFt><source>AirNav</source><date>2013-07-22T11:02:56.000Z</date></position><position><lon>10.679699897766113</lon><lat>52.691200256347656</lat><speedMph>504</speedMph><altitudeFt>29100</altitudeFt><source>AirNav</source><date>2013-07-22T11:02:33.000Z</date></position><position><lon>10.641799926757812</lon><lat>52.6890983581543</lat><speedMph>507</speedMph><altitudeFt>29550</altitudeFt><source>AirNav</source><date>2013-07-22T11:02:21.000Z</date></position><position><lon>10.58899974822998</lon><lat>52.68629837036133</lat><speedMph>511</speedMph><altitudeFt>30300</altitudeFt><source>AirNav</source><date>2013-07-22T11:02:07.000Z</date></position><position><lon>10.560799598693848</lon><lat>52.68470001220703</lat><speedMph>513</speedMph><altitudeFt>30550</altitudeFt><source>AirNav</source><date>2013-07-22T11:01:59.000Z</date></position><position><lon>10.501399993896484</lon><lat>52.68149948120117</lat><speedMph>517</speedMph><altitudeFt>31200</altitudeFt><source>AirNav</source><date>2013-07-22T11:01:39.000Z</date></position><position><lon>10.465900421142578</lon><lat>52.67940139770508</lat><speedMph>520</speedMph><altitudeFt>31650</altitudeFt><source>AirNav</source><date>2013-07-22T11:01:30.000Z</date></position><position><lon>10.439900398254395</lon><lat>52.678001403808594</lat><speedMph>522</speedMph><altitudeFt>32100</altitudeFt><source>AirNav</source><date>2013-07-22T11:01:19.000Z</date></position><position><lon>10.39050006866455</lon><lat>52.67530059814453</lat><speedMph>526</speedMph><altitudeFt>32650</altitudeFt><source>AirNav</source><date>2013-07-22T11:01:06.000Z</date></position><position><lon>10.294599533081055</lon><lat>52.669700622558594</lat><speedMph>533</speedMph><altitudeFt>33675</altitudeFt><source>AirNav</source><date>2013-07-22T11:00:37.000Z</date></position><position><lon>10.256500244140625</lon><lat>52.66749954223633</lat><speedMph>535</speedMph><altitudeFt>34150</altitudeFt><source>AirNav</source><date>2013-07-22T11:00:27.000Z</date></position><position><lon>10.200599670410156</lon><lat>52.66419982910156</lat><speedMph>539</speedMph><altitudeFt>34400</altitudeFt><source>AirNav</source><date>2013-07-22T11:00:19.000Z</date></position><position><lon>10.167699813842773</lon><lat>52.66230010986328</lat><speedMph>542</speedMph><altitudeFt>35150</altitudeFt><source>AirNav</source><date>2013-07-22T11:00:03.000Z</date></position><position><lon>10.14009952545166</lon><lat>52.660701751708984</lat><speedMph>544</speedMph><altitudeFt>35400</altitudeFt><source>AirNav</source><date>2013-07-22T10:59:55.000Z</date></position><position><lon>10.115099906921387</lon><lat>52.6593017578125</lat><speedMph>545</speedMph><altitudeFt>35650</altitudeFt><source>AirNav</source><date>2013-07-22T10:59:49.000Z</date></position><position><lon>10.07129955291748</lon><lat>52.656700134277344</lat><speedMph>548</speedMph><altitudeFt>36250</altitudeFt><source>AirNav</source><date>2013-07-22T10:59:35.000Z</date></position><position><lon>10.049099922180176</lon><lat>52.655399322509766</lat><speedMph>550</speedMph><altitudeFt>36175</altitudeFt><source>AirNav</source><date>2013-07-22T10:59:32.000Z</date></position><position><lon>9.96619987487793</lon><lat>52.6505012512207</lat><speedMph>552</speedMph><altitudeFt>37000</altitudeFt><source>AirNav</source><date>2013-07-22T10:59:07.000Z</date></position><position><lon>9.942299842834473</lon><lat>52.64910125732422</lat><speedMph>552</speedMph><altitudeFt>37000</altitudeFt><source>AirNav</source><date>2013-07-22T10:59:01.000Z</date></position><position><lon>9.904600143432617</lon><lat>52.64680099487305</lat><speedMph>552</speedMph><altitudeFt>37000</altitudeFt><source>AirNav</source><date>2013-07-22T10:58:52.000Z</date></position><position><lon>9.878700256347656</lon><lat>52.645301818847656</lat><speedMph>552</speedMph><altitudeFt>37025</altitudeFt><source>AirNav</source><date>2013-07-22T10:58:42.000Z</date></position><position><lon>9.864999771118164</lon><lat>52.644500732421875</lat><speedMph>552</speedMph><altitudeFt>37025</altitudeFt><source>AirNav</source><date>2013-07-22T10:58:39.000Z</date></position><position><lon>9.794899940490723</lon><lat>52.64039993286133</lat><speedMph>552</speedMph><altitudeFt>37000</altitudeFt><source>AirNav</source><date>2013-07-22T10:58:27.000Z</date></position><position><lon>9.794899940490723</lon><lat>52.64039993286133</lat><speedMph>552</speedMph><altitudeFt>37000</altitudeFt><source>AirNav</source><date>2013-07-22T10:58:20.000Z</date></position><position><lon>9.77810001373291</lon><lat>52.639400482177734</lat><speedMph>552</speedMph><altitudeFt>37025</altitudeFt><source>AirNav</source><date>2013-07-22T10:58:17.000Z</date></position><position><lon>9.753199577331543</lon><lat>52.63779830932617</lat><speedMph>552</speedMph><altitudeFt>37000</altitudeFt><source>AirNav</source><date>2013-07-22T10:58:09.000Z</date></position><position><lon>9.705599784851074</lon><lat>52.6343994140625</lat><speedMph>552</speedMph><altitudeFt>37000</altitudeFt><source>AirNav</source><date>2013-07-22T10:57:58.000Z</date></position><position><lon>9.703200340270996</lon><lat>52.63420104980469</lat><speedMph>551</speedMph><altitudeFt>37000</altitudeFt><source>AirNav</source><date>2013-07-22T10:57:55.000Z</date></position><position><lon>9.610099792480469</lon><lat>52.627498626708984</lat><speedMph>550</speedMph><altitudeFt>36975</altitudeFt><source>AirNav</source><date>2013-07-22T10:57:32.000Z</date></position><position><lon>9.52929973602295</lon><lat>52.621498107910156</lat><speedMph>549</speedMph><altitudeFt>36975</altitudeFt><source>AirNav</source><date>2013-07-22T10:57:11.000Z</date></position><position><lon>9.4931001663208</lon><lat>52.61880111694336</lat><speedMph>549</speedMph><altitudeFt>36950</altitudeFt><source>AirNav</source><date>2013-07-22T10:56:54.000Z</date></position><position><lon>9.448200225830078</lon><lat>52.615501403808594</lat><speedMph>548</speedMph><altitudeFt>36975</altitudeFt><source>AirNav</source><date>2013-07-22T10:56:47.000Z</date></position><position><lon>9.411199569702148</lon><lat>52.61280059814453</lat><speedMph>547</speedMph><altitudeFt>36975</altitudeFt><source>AirNav</source><date>2013-07-22T10:56:36.000Z</date></position><position><lon>9.368200302124023</lon><lat>52.60960006713867</lat><speedMph>547</speedMph><altitudeFt>36975</altitudeFt><source>AirNav</source><date>2013-07-22T10:56:25.000Z</date></position><position><lon>9.368200302124023</lon><lat>52.60960006713867</lat><speedMph>545</speedMph><altitudeFt>36975</altitudeFt><source>AirNav</source><date>2013-07-22T10:56:22.000Z</date></position><position><lon>9.326499938964844</lon><lat>52.60649871826172</lat><speedMph>545</speedMph><altitudeFt>36975</altitudeFt><source>AirNav</source><date>2013-07-22T10:56:09.000Z</date></position><position><lon>9.297650337219238</lon><lat>52.604400634765625</lat><speedMph>545</speedMph><altitudeFt>36975</altitudeFt><source>AirNav</source><date>2013-07-22T10:56:04.000Z</date></position><position><lon>9.286199569702148</lon><lat>52.60350036621094</lat><speedMph>545</speedMph><altitudeFt>36975</altitudeFt><source>AirNav</source><date>2013-07-22T10:55:58.000Z</date></position><position><lon>9.248900413513184</lon><lat>52.60070037841797</lat><speedMph>544</speedMph><altitudeFt>36975</altitudeFt><source>AirNav</source><date>2013-07-22T10:55:47.000Z</date></position><position><lon>9.214099884033203</lon><lat>52.59809875488281</lat><speedMph>544</speedMph><altitudeFt>37000</altitudeFt><source>AirNav</source><date>2013-07-22T10:55:41.000Z</date></position><position><lon>9.164999961853027</lon><lat>52.594600677490234</lat><speedMph>544</speedMph><altitudeFt>37000</altitudeFt><source>AirNav</source><date>2013-07-22T10:55:27.000Z</date></position><position><lon>9.164999961853027</lon><lat>52.594600677490234</lat><speedMph>544</speedMph><altitudeFt>37000</altitudeFt><source>AirNav</source><date>2013-07-22T10:55:24.000Z</date></position><position><lon>9.08549976348877</lon><lat>52.58890151977539</lat><speedMph>545</speedMph><altitudeFt>37000</altitudeFt><source>AirNav</source><date>2013-07-22T10:55:00.000Z</date></position><position><lon>9.031999588012695</lon><lat>52.58509826660156</lat><speedMph>545</speedMph><altitudeFt>37000</altitudeFt><source>AirNav</source><date>2013-07-22T10:54:51.000Z</date></position><position><lon>9.006999969482422</lon><lat>52.58340072631836</lat><speedMph>545</speedMph><altitudeFt>37000</altitudeFt><source>AirNav</source><date>2013-07-22T10:54:38.000Z</date></position><position><lon>8.955080032348633</lon><lat>52.5797004699707</lat><speedMph>545</speedMph><altitudeFt>37000</altitudeFt><source>AirNav</source><date>2013-07-22T10:54:26.000Z</date></position><position><lon>8.905400276184082</lon><lat>52.57609939575195</lat><speedMph>544</speedMph><altitudeFt>37000</altitudeFt><source>AirNav</source><date>2013-07-22T10:54:10.000Z</date></position><position><lon>8.869999885559082</lon><lat>52.57350158691406</lat><speedMph>544</speedMph><altitudeFt>37000</altitudeFt><source>AirNav</source><date>2013-07-22T10:54:01.000Z</date></position><position><lon>8.826000213623047</lon><lat>52.5703010559082</lat><speedMph>544</speedMph><altitudeFt>36975</altitudeFt><source>AirNav</source><date>2013-07-22T10:53:49.000Z</date></position><position><lon>8.805100440979004</lon><lat>52.56880187988281</lat><speedMph>544</speedMph><altitudeFt>37000</altitudeFt><source>AirNav</source><date>2013-07-22T10:53:46.000Z</date></position><position><lon>8.75469970703125</lon><lat>52.56520080566406</lat><speedMph>544</speedMph><altitudeFt>36975</altitudeFt><source>AirNav</source><date>2013-07-22T10:53:34.000Z</date></position><position><lon>8.750100135803223</lon><lat>52.56480026245117</lat><speedMph>543</speedMph><altitudeFt>36975</altitudeFt><source>AirNav</source><date>2013-07-22T10:53:28.000Z</date></position><position><lon>8.725500106811523</lon><lat>52.5630989074707</lat><speedMph>543</speedMph><altitudeFt>36975</altitudeFt><source>AirNav</source><date>2013-07-22T10:53:23.000Z</date></position><position><lon>8.710100173950195</lon><lat>52.5620002746582</lat><speedMph>543</speedMph><altitudeFt>36975</altitudeFt><source>AirNav</source><date>2013-07-22T10:53:20.000Z</date></position><position><lon>8.664799690246582</lon><lat>52.55870056152344</lat><speedMph>543</speedMph><altitudeFt>36975</altitudeFt><source>AirNav</source><date>2013-07-22T10:53:04.000Z</date></position><position><lon>8.63640022277832</lon><lat>52.55670166015625</lat><speedMph>542</speedMph><altitudeFt>36975</altitudeFt><source>AirNav</source><date>2013-07-22T10:52:57.000Z</date></position><position><lon>8.587599754333496</lon><lat>52.5531005859375</lat><speedMph>542</speedMph><altitudeFt>36975</altitudeFt><source>AirNav</source><date>2013-07-22T10:52:47.000Z</date></position><position><lon>8.55270004272461</lon><lat>52.55059814453125</lat><speedMph>542</speedMph><altitudeFt>36975</altitudeFt><source>AirNav</source><date>2013-07-22T10:52:35.000Z</date></position><position><lon>8.55270004272461</lon><lat>52.55059814453125</lat><speedMph>542</speedMph><altitudeFt>36975</altitudeFt><source>AirNav</source><date>2013-07-22T10:52:31.000Z</date></position><position><lon>8.46090030670166</lon><lat>52.543800354003906</lat><speedMph>542</speedMph><altitudeFt>36975</altitudeFt><source>AirNav</source><date>2013-07-22T10:52:12.000Z</date></position><position><lon>8.46090030670166</lon><lat>52.543800354003906</lat><speedMph>542</speedMph><altitudeFt>36975</altitudeFt><source>AirNav</source><date>2013-07-22T10:52:07.000Z</date></position><position><lon>8.386099815368652</lon><lat>52.538299560546875</lat><speedMph>542</speedMph><altitudeFt>36975</altitudeFt><source>AirNav</source><date>2013-07-22T10:51:51.000Z</date></position><position><lon>8.386099815368652</lon><lat>52.538299560546875</lat><speedMph>542</speedMph><altitudeFt>36975</altitudeFt><source>AirNav</source><date>2013-07-22T10:51:46.000Z</date></position><position><lon>8.30935001373291</lon><lat>52.532501220703125</lat><speedMph>542</speedMph><altitudeFt>36975</altitudeFt><source>AirNav</source><date>2013-07-22T10:51:28.000Z</date></position><position><lon>8.248140335083008</lon><lat>52.52870178222656</lat><speedMph>541</speedMph><altitudeFt>36975</altitudeFt><source>AirNav</source><date>2013-07-22T10:51:05.000Z</date></position><position><lon>8.19159984588623</lon><lat>52.527000427246094</lat><speedMph>541</speedMph><altitudeFt>36975</altitudeFt><source>AirNav</source><date>2013-07-22T10:50:56.000Z</date></position><position><lon>8.139200210571289</lon><lat>52.5260009765625</lat><speedMph>542</speedMph><altitudeFt>37000</altitudeFt><source>AirNav</source><date>2013-07-22T10:50:38.000Z</date></position><position><lon>8.132399559020996</lon><lat>52.525901794433594</lat><speedMph>542</speedMph><altitudeFt>37000</altitudeFt><source>AirNav</source><date>2013-07-22T10:50:35.000Z</date></position><position><lon>8.055999755859375</lon><lat>52.52429962158203</lat><speedMph>542</speedMph><altitudeFt>37000</altitudeFt><source>AirNav</source><date>2013-07-22T10:50:12.000Z</date></position><position><lon>7.996399879455566</lon><lat>52.523101806640625</lat><speedMph>543</speedMph><altitudeFt>37025</altitudeFt><source>AirNav</source><date>2013-07-22T10:49:57.000Z</date></position><position><lon>7.994800090789795</lon><lat>52.523101806640625</lat><speedMph>543</speedMph><altitudeFt>37025</altitudeFt><source>AirNav</source><date>2013-07-22T10:49:54.000Z</date></position><position><lon>7.940000057220459</lon><lat>52.52190017700195</lat><speedMph>543</speedMph><altitudeFt>37025</altitudeFt><source>AirNav</source><date>2013-07-22T10:49:42.000Z</date></position><position><lon>7.907100200653076</lon><lat>52.52119827270508</lat><speedMph>544</speedMph><altitudeFt>37000</altitudeFt><source>AirNav</source><date>2013-07-22T10:49:32.000Z</date></position><position><lon>7.862370014190674</lon><lat>52.520198822021484</lat><speedMph>544</speedMph><altitudeFt>37000</altitudeFt><source>AirNav</source><date>2013-07-22T10:49:20.000Z</date></position><position><lon>7.821700096130371</lon><lat>52.5192985534668</lat><speedMph>544</speedMph><altitudeFt>37000</altitudeFt><source>AirNav</source><date>2013-07-22T10:49:10.000Z</date></position><position><lon>7.819369792938232</lon><lat>52.5192985534668</lat><speedMph>544</speedMph><altitudeFt>37000</altitudeFt><source>AirNav</source><date>2013-07-22T10:49:02.000Z</date></position><position><lon>7.780759811401367</lon><lat>52.51839828491211</lat><speedMph>544</speedMph><altitudeFt>37000</altitudeFt><source>AirNav</source><date>2013-07-22T10:48:52.000Z</date></position><position><lon>7.70713996887207</lon><lat>52.516700744628906</lat><speedMph>544</speedMph><altitudeFt>36975</altitudeFt><source>AirNav</source><date>2013-07-22T10:48:36.000Z</date></position><position><lon>7.69858980178833</lon><lat>52.5166015625</lat><speedMph>544</speedMph><altitudeFt>36975</altitudeFt><source>AirNav</source><date>2013-07-22T10:48:31.000Z</date></position><position><lon>7.682109832763672</lon><lat>52.51620101928711</lat><speedMph>544</speedMph><altitudeFt>36975</altitudeFt><source>AirNav</source><date>2013-07-22T10:48:23.000Z</date></position><position><lon>7.6280999183654785</lon><lat>52.51490020751953</lat><speedMph>543</speedMph><altitudeFt>37000</altitudeFt><source>AirNav</source><date>2013-07-22T10:48:15.000Z</date></position><position><lon>7.6280999183654785</lon><lat>52.51490020751953</lat><speedMph>543</speedMph><altitudeFt>37000</altitudeFt><source>AirNav</source><date>2013-07-22T10:48:10.000Z</date></position><position><lon>7.603400230407715</lon><lat>52.51430130004883</lat><speedMph>543</speedMph><altitudeFt>37000</altitudeFt><source>AirNav</source><date>2013-07-22T10:48:04.000Z</date></position><position><lon>7.529980182647705</lon><lat>52.51250076293945</lat><speedMph>542</speedMph><altitudeFt>36975</altitudeFt><source>AirNav</source><date>2013-07-22T10:47:43.000Z</date></position><position><lon>7.513239860534668</lon><lat>52.51210021972656</lat><speedMph>542</speedMph><altitudeFt>36975</altitudeFt><source>AirNav</source><date>2013-07-22T10:47:38.000Z</date></position><position><lon>7.440569877624512</lon><lat>52.51029968261719</lat><speedMph>541</speedMph><altitudeFt>36975</altitudeFt><source>AirNav</source><date>2013-07-22T10:47:21.000Z</date></position><position><lon>7.440569877624512</lon><lat>52.51029968261719</lat><speedMph>542</speedMph><altitudeFt>36975</altitudeFt><source>AirNav</source><date>2013-07-22T10:47:18.000Z</date></position><position><lon>7.364759922027588</lon><lat>52.50830078125</lat><speedMph>540</speedMph><altitudeFt>36975</altitudeFt><source>AirNav</source><date>2013-07-22T10:46:57.000Z</date></position><position><lon>7.356800079345703</lon><lat>52.50809860229492</lat><speedMph>540</speedMph><altitudeFt>36975</altitudeFt><source>AirNav</source><date>2013-07-22T10:46:53.000Z</date></position><position><lon>7.2812700271606445</lon><lat>52.506099700927734</lat><speedMph>540</speedMph><altitudeFt>36950</altitudeFt><source>AirNav</source><date>2013-07-22T10:46:38.000Z</date></position><position><lon>7.252729892730713</lon><lat>52.50529861450195</lat><speedMph>540</speedMph><altitudeFt>36975</altitudeFt><source>AirNav</source><date>2013-07-22T10:46:26.000Z</date></position><position><lon>7.176360130310059</lon><lat>52.503299713134766</lat><speedMph>539</speedMph><altitudeFt>36950</altitudeFt><source>AirNav</source><date>2013-07-22T10:46:06.000Z</date></position><position><lon>7.136250019073486</lon><lat>52.502201080322266</lat><speedMph>539</speedMph><altitudeFt>36950</altitudeFt><source>AirNav</source><date>2013-07-22T10:45:51.000Z</date></position><position><lon>7.061460018157959</lon><lat>52.5</lat><speedMph>537</speedMph><altitudeFt>36975</altitudeFt><source>AirNav</source><date>2013-07-22T10:45:30.000Z</date></position><position><lon>7.025400161743164</lon><lat>52.499000549316406</lat><speedMph>537</speedMph><altitudeFt>36975</altitudeFt><source>AirNav</source><date>2013-07-22T10:45:23.000Z</date></position><position><lon>7.024419784545898</lon><lat>52.499000549316406</lat><speedMph>537</speedMph><altitudeFt>36975</altitudeFt><source>AirNav</source><date>2013-07-22T10:45:20.000Z</date></position><position><lon>6.970600128173828</lon><lat>52.497398376464844</lat><speedMph>539</speedMph><altitudeFt>37000</altitudeFt><source>AirNav</source><date>2013-07-22T10:45:07.000Z</date></position><position><lon>6.905300140380859</lon><lat>52.49549865722656</lat><speedMph>540</speedMph><altitudeFt>37000</altitudeFt><source>AirNav</source><date>2013-07-22T10:44:46.000Z</date></position><position><lon>6.876420021057129</lon><lat>52.494598388671875</lat><speedMph>540</speedMph><altitudeFt>37000</altitudeFt><source>AirNav</source><date>2013-07-22T10:44:38.000Z</date></position><position><lon>6.844799995422363</lon><lat>52.49369812011719</lat><speedMph>540</speedMph><altitudeFt>37000</altitudeFt><source>AirNav</source><date>2013-07-22T10:44:29.000Z</date></position><position><lon>6.804299831390381</lon><lat>52.492401123046875</lat><speedMph>541</speedMph><altitudeFt>37000</altitudeFt><source>AirNav</source><date>2013-07-22T10:44:21.000Z</date></position><position><lon>6.774899959564209</lon><lat>52.49150085449219</lat><speedMph>541</speedMph><altitudeFt>37000</altitudeFt><source>AirNav</source><date>2013-07-22T10:44:09.000Z</date></position><position><lon>6.684869766235352</lon><lat>52.48849868774414</lat><speedMph>542</speedMph><altitudeFt>37000</altitudeFt><source>AirNav</source><date>2013-07-22T10:43:48.000Z</date></position><position><lon>6.6570000648498535</lon><lat>52.48759841918945</lat><speedMph>542</speedMph><altitudeFt>37000</altitudeFt><source>AirNav</source><date>2013-07-22T10:43:39.000Z</date></position><position><lon>6.593800067901611</lon><lat>52.485599517822266</lat><speedMph>543</speedMph><altitudeFt>37000</altitudeFt><source>AirNav</source><date>2013-07-22T10:43:21.000Z</date></position><position><lon>6.572800159454346</lon><lat>52.484901428222656</lat><speedMph>543</speedMph><altitudeFt>37000</altitudeFt><source>AirNav</source><date>2013-07-22T10:43:15.000Z</date></position><position><lon>6.498569965362549</lon><lat>52.48249816894531</lat><speedMph>543</speedMph><altitudeFt>37000</altitudeFt><source>AirNav</source><date>2013-07-22T10:42:50.000Z</date></position><position><lon>6.383059978485107</lon><lat>52.47850036621094</lat><speedMph>543</speedMph><altitudeFt>37000</altitudeFt><source>AirNav</source><date>2013-07-22T10:42:21.000Z</date></position><position><lon>6.30810022354126</lon><lat>52.47589874267578</lat><speedMph>543</speedMph><altitudeFt>37000</altitudeFt><source>AirNav</source><date>2013-07-22T10:42:02.000Z</date></position><position><lon>6.302340030670166</lon><lat>52.47570037841797</lat><speedMph>543</speedMph><altitudeFt>37000</altitudeFt><source>AirNav</source><date>2013-07-22T10:41:59.000Z</date></position><position><lon>6.269529819488525</lon><lat>52.4744987487793</lat><speedMph>543</speedMph><altitudeFt>37000</altitudeFt><source>AirNav</source><date>2013-07-22T10:41:49.000Z</date></position><position><lon>6.244900226593018</lon><lat>52.47359848022461</lat><speedMph>542</speedMph><altitudeFt>37000</altitudeFt><source>AirNav</source><date>2013-07-22T10:41:43.000Z</date></position><position><lon>6.171189785003662</lon><lat>52.471099853515625</lat><speedMph>543</speedMph><altitudeFt>36975</altitudeFt><source>AirNav</source><date>2013-07-22T10:41:27.000Z</date></position><position><lon>6.170899868011475</lon><lat>52.47100067138672</lat><speedMph>543</speedMph><altitudeFt>36975</altitudeFt><source>AirNav</source><date>2013-07-22T10:41:24.000Z</date></position><position><lon>6.100299835205078</lon><lat>52.46839904785156</lat><speedMph>542</speedMph><altitudeFt>36975</altitudeFt><source>AirNav</source><date>2013-07-22T10:41:03.000Z</date></position><position><lon>6.085400104522705</lon><lat>52.467899322509766</lat><speedMph>542</speedMph><altitudeFt>36975</altitudeFt><source>AirNav</source><date>2013-07-22T10:41:00.000Z</date></position><position><lon>6.0500898361206055</lon><lat>52.46659851074219</lat><speedMph>542</speedMph><altitudeFt>36975</altitudeFt><source>AirNav</source><date>2013-07-22T10:40:48.000Z</date></position><position><lon>6.041379928588867</lon><lat>52.46620178222656</lat><speedMph>541</speedMph><altitudeFt>36975</altitudeFt><source>AirNav</source><date>2013-07-22T10:40:44.000Z</date></position><position><lon>6.001589775085449</lon><lat>52.464698791503906</lat><speedMph>541</speedMph><altitudeFt>36975</altitudeFt><source>AirNav</source><date>2013-07-22T10:40:36.000Z</date></position><position><lon>5.9656500816345215</lon><lat>52.463401794433594</lat><speedMph>541</speedMph><altitudeFt>37000</altitudeFt><source>AirNav</source><date>2013-07-22T10:40:21.000Z</date></position><position><lon>5.924910068511963</lon><lat>52.46189880371094</lat><speedMph>540</speedMph><altitudeFt>37000</altitudeFt><source>AirNav</source><date>2013-07-22T10:40:12.000Z</date></position><position><lon>5.878600120544434</lon><lat>52.46009826660156</lat><speedMph>541</speedMph><altitudeFt>37000</altitudeFt><source>AirNav</source><date>2013-07-22T10:39:59.000Z</date></position><position><lon>5.852570056915283</lon><lat>52.45899963378906</lat><speedMph>540</speedMph><altitudeFt>37000</altitudeFt><source>AirNav</source><date>2013-07-22T10:39:51.000Z</date></position><position><lon>5.778349876403809</lon><lat>52.456199645996094</lat><speedMph>540</speedMph><altitudeFt>37000</altitudeFt><source>AirNav</source><date>2013-07-22T10:39:32.000Z</date></position><position><lon>5.7546000480651855</lon><lat>52.4552001953125</lat><speedMph>540</speedMph><altitudeFt>36975</altitudeFt><source>AirNav</source><date>2013-07-22T10:39:25.000Z</date></position><position><lon>5.744170188903809</lon><lat>52.45479965209961</lat><speedMph>540</speedMph><altitudeFt>37000</altitudeFt><source>AirNav</source><date>2013-07-22T10:39:20.000Z</date></position><position><lon>5.7051100730896</lon><lat>52.45320129394531</lat><speedMph>540</speedMph><altitudeFt>36975</altitudeFt><source>AirNav</source><date>2013-07-22T10:39:07.000Z</date></position><position><lon>5.631899833679199</lon><lat>52.450199127197266</lat><speedMph>540</speedMph><altitudeFt>36975</altitudeFt><source>AirNav</source><date>2013-07-22T10:38:47.000Z</date></position><position><lon>5.621600151062012</lon><lat>52.449798583984375</lat><speedMph>540</speedMph><altitudeFt>36950</altitudeFt><source>AirNav</source><date>2013-07-22T10:38:44.000Z</date></position><position><lon>5.526700019836426</lon><lat>52.44580078125</lat><speedMph>539</speedMph><altitudeFt>36950</altitudeFt><source>AirNav</source><date>2013-07-22T10:38:22.000Z</date></position><position><lon>5.4670000076293945</lon><lat>52.44340133666992</lat><speedMph>539</speedMph><altitudeFt>36950</altitudeFt><source>AirNav</source><date>2013-07-22T10:38:06.000Z</date></position><position><lon>5.440199851989746</lon><lat>52.44219970703125</lat><speedMph>539</speedMph><altitudeFt>36950</altitudeFt><source>AirNav</source><date>2013-07-22T10:37:58.000Z</date></position><position><lon>5.408100128173828</lon><lat>52.44089889526367</lat><speedMph>537</speedMph><altitudeFt>36950</altitudeFt><source>AirNav</source><date>2013-07-22T10:37:45.000Z</date></position><position><lon>5.368420124053955</lon><lat>52.43920135498047</lat><speedMph>537</speedMph><altitudeFt>36975</altitudeFt><source>AirNav</source><date>2013-07-22T10:37:34.000Z</date></position><position><lon>5.34060001373291</lon><lat>52.4379997253418</lat><speedMph>537</speedMph><altitudeFt>36975</altitudeFt><source>AirNav</source><date>2013-07-22T10:37:28.000Z</date></position><position><lon>5.292280197143555</lon><lat>52.4359016418457</lat><speedMph>537</speedMph><altitudeFt>37000</altitudeFt><source>AirNav</source><date>2013-07-22T10:37:13.000Z</date></position><position><lon>5.282100200653076</lon><lat>52.43550109863281</lat><speedMph>537</speedMph><altitudeFt>37000</altitudeFt><source>AirNav</source><date>2013-07-22T10:37:10.000Z</date></position><position><lon>5.245800018310547</lon><lat>52.43389892578125</lat><speedMph>539</speedMph><altitudeFt>37000</altitudeFt><source>AirNav</source><date>2013-07-22T10:36:58.000Z</date></position><position><lon>5.223400115966797</lon><lat>52.432899475097656</lat><speedMph>539</speedMph><altitudeFt>37000</altitudeFt><source>AirNav</source><date>2013-07-22T10:36:55.000Z</date></position><position><lon>5.201300144195557</lon><lat>52.43190002441406</lat><speedMph>539</speedMph><altitudeFt>37000</altitudeFt><source>AirNav</source><date>2013-07-22T10:36:46.000Z</date></position><position><lon>5.147900104522705</lon><lat>52.429500579833984</lat><speedMph>541</speedMph><altitudeFt>37000</altitudeFt><source>AirNav</source><date>2013-07-22T10:36:36.000Z</date></position><position><lon>5.144350051879883</lon><lat>52.42940139770508</lat><speedMph>541</speedMph><altitudeFt>37000</altitudeFt><source>AirNav</source><date>2013-07-22T10:36:34.000Z</date></position><position><lon>5.144350051879883</lon><lat>52.42940139770508</lat><speedMph>541</speedMph><altitudeFt>37000</altitudeFt><source>AirNav</source><date>2013-07-22T10:36:28.000Z</date></position><position><lon>5.086999893188477</lon><lat>52.426700592041016</lat><speedMph>541</speedMph><altitudeFt>37025</altitudeFt><source>AirNav</source><date>2013-07-22T10:36:13.000Z</date></position><position><lon>5.027740001678467</lon><lat>52.42409896850586</lat><speedMph>542</speedMph><altitudeFt>37025</altitudeFt><source>AirNav</source><date>2013-07-22T10:35:56.000Z</date></position><position><lon>5.014999866485596</lon><lat>52.423500061035156</lat><speedMph>542</speedMph><altitudeFt>37025</altitudeFt><source>AirNav</source><date>2013-07-22T10:35:54.000Z</date></position><position><lon>4.938300132751465</lon><lat>52.4197998046875</lat><speedMph>544</speedMph><altitudeFt>37025</altitudeFt><source>AirNav</source><date>2013-07-22T10:35:35.000Z</date></position><position><lon>4.922299861907959</lon><lat>52.41910171508789</lat><speedMph>544</speedMph><altitudeFt>37000</altitudeFt><source>AirNav</source><date>2013-07-22T10:35:31.000Z</date></position><position><lon>4.896500110626221</lon><lat>52.41790008544922</lat><speedMph>544</speedMph><altitudeFt>37000</altitudeFt><source>AirNav</source><date>2013-07-22T10:35:24.000Z</date></position><position><lon>4.853099822998047</lon><lat>52.41590118408203</lat><speedMph>544</speedMph><altitudeFt>37000</altitudeFt><source>AirNav</source><date>2013-07-22T10:35:13.000Z</date></position><position><lon>4.841839790344238</lon><lat>52.415401458740234</lat><speedMph>544</speedMph><altitudeFt>37000</altitudeFt><source>AirNav</source><date>2013-07-22T10:35:05.000Z</date></position><position><lon>4.813700199127197</lon><lat>52.41400146484375</lat><speedMph>544</speedMph><altitudeFt>37000</altitudeFt><source>AirNav</source><date>2013-07-22T10:35:00.000Z</date></position><position><lon>4.775300025939941</lon><lat>52.41210174560547</lat><speedMph>544</speedMph><altitudeFt>37000</altitudeFt><source>AirNav</source><date>2013-07-22T10:34:47.000Z</date></position><position><lon>4.775300025939941</lon><lat>52.41210174560547</lat><speedMph>544</speedMph><altitudeFt>37000</altitudeFt><source>AirNav</source><date>2013-07-22T10:34:44.000Z</date></position><position><lon>4.706500053405762</lon><lat>52.40890121459961</lat><speedMph>544</speedMph><altitudeFt>36975</altitudeFt><source>AirNav</source><date>2013-07-22T10:34:27.000Z</date></position><position><lon>4.686429977416992</lon><lat>52.407901763916016</lat><speedMph>544</speedMph><altitudeFt>36975</altitudeFt><source>AirNav</source><date>2013-07-22T10:34:21.000Z</date></position><position><lon>4.660200119018555</lon><lat>52.40660095214844</lat><speedMph>543</speedMph><altitudeFt>36975</altitudeFt><source>AirNav</source><date>2013-07-22T10:34:18.000Z</date></position><position><lon>4.616459846496582</lon><lat>52.40439987182617</lat><speedMph>542</speedMph><altitudeFt>36975</altitudeFt><source>AirNav</source><date>2013-07-22T10:34:00.000Z</date></position><position><lon>4.577640056610107</lon><lat>52.40250015258789</lat><speedMph>542</speedMph><altitudeFt>36975</altitudeFt><source>AirNav</source><date>2013-07-22T10:33:51.000Z</date></position><position><lon>4.505199909210205</lon><lat>52.398799896240234</lat><speedMph>541</speedMph><altitudeFt>36975</altitudeFt><source>AirNav</source><date>2013-07-22T10:33:31.000Z</date></position><position><lon>4.4637298583984375</lon><lat>52.39670181274414</lat><speedMph>541</speedMph><altitudeFt>36975</altitudeFt><source>AirNav</source><date>2013-07-22T10:33:19.000Z</date></position><position><lon>4.455599784851074</lon><lat>52.39630126953125</lat><speedMph>541</speedMph><altitudeFt>36975</altitudeFt><source>AirNav</source><date>2013-07-22T10:33:16.000Z</date></position><position><lon>4.3866801261901855</lon><lat>52.392799377441406</lat><speedMph>541</speedMph><altitudeFt>36975</altitudeFt><source>AirNav</source><date>2013-07-22T10:32:56.000Z</date></position><position><lon>4.279099941253662</lon><lat>52.38719940185547</lat><speedMph>541</speedMph><altitudeFt>36975</altitudeFt><source>AirNav</source><date>2013-07-22T10:32:31.000Z</date></position><position><lon>4.231379985809326</lon><lat>52.384700775146484</lat><speedMph>541</speedMph><altitudeFt>36975</altitudeFt><source>AirNav</source><date>2013-07-22T10:32:14.000Z</date></position><position><lon>4.213900089263916</lon><lat>52.3838005065918</lat><speedMph>541</speedMph><altitudeFt>36975</altitudeFt><source>AirNav</source><date>2013-07-22T10:32:07.000Z</date></position><position><lon>4.168399810791016</lon><lat>52.38130187988281</lat><speedMph>541</speedMph><altitudeFt>36975</altitudeFt><source>AirNav</source><date>2013-07-22T10:32:01.000Z</date></position><position><lon>4.1216301918029785</lon><lat>52.37879943847656</lat><speedMph>541</speedMph><altitudeFt>36975</altitudeFt><source>AirNav</source><date>2013-07-22T10:31:41.000Z</date></position><position><lon>4.090419769287109</lon><lat>52.37710189819336</lat><speedMph>541</speedMph><altitudeFt>37000</altitudeFt><source>AirNav</source><date>2013-07-22T10:31:35.000Z</date></position><position><lon>4.0477800369262695</lon><lat>52.37480163574219</lat><speedMph>541</speedMph><altitudeFt>36975</altitudeFt><source>AirNav</source><date>2013-07-22T10:31:21.000Z</date></position><position><lon>4.01161003112793</lon><lat>52.372798919677734</lat><speedMph>541</speedMph><altitudeFt>37000</altitudeFt><source>AirNav</source><date>2013-07-22T10:31:13.000Z</date></position><position><lon>3.975480079650879</lon><lat>52.37089920043945</lat><speedMph>542</speedMph><altitudeFt>36975</altitudeFt><source>AirNav</source><date>2013-07-22T10:30:59.000Z</date></position><position><lon>3.9156999588012695</lon><lat>52.36750030517578</lat><speedMph>543</speedMph><altitudeFt>37000</altitudeFt><source>AirNav</source><date>2013-07-22T10:30:46.000Z</date></position><position><lon>3.864300012588501</lon><lat>52.364601135253906</lat><speedMph>543</speedMph><altitudeFt>37000</altitudeFt><source>AirNav</source><date>2013-07-22T10:30:34.000Z</date></position><position><lon>3.864300012588501</lon><lat>52.364601135253906</lat><speedMph>543</speedMph><altitudeFt>37000</altitudeFt><source>AirNav</source><date>2013-07-22T10:30:32.000Z</date></position><position><lon>3.823930025100708</lon><lat>52.36240005493164</lat><speedMph>543</speedMph><altitudeFt>37000</altitudeFt><source>AirNav</source><date>2013-07-22T10:30:15.000Z</date></position><position><lon>3.7915000915527344</lon><lat>52.360599517822266</lat><speedMph>544</speedMph><altitudeFt>36975</altitudeFt><source>AirNav</source><date>2013-07-22T10:30:07.000Z</date></position><position><lon>3.7474000453948975</lon><lat>52.358001708984375</lat><speedMph>545</speedMph><altitudeFt>37000</altitudeFt><source>AirNav</source><date>2013-07-22T10:29:56.000Z</date></position><position><lon>3.7078099250793457</lon><lat>52.35580062866211</lat><speedMph>544</speedMph><altitudeFt>36975</altitudeFt><source>AirNav</source><date>2013-07-22T10:29:49.000Z</date></position><position><lon>3.636399984359741</lon><lat>52.35169982910156</lat><speedMph>545</speedMph><altitudeFt>36950</altitudeFt><source>AirNav</source><date>2013-07-22T10:29:31.000Z</date></position><position><lon>3.553849935531616</lon><lat>52.3468017578125</lat><speedMph>545</speedMph><altitudeFt>36975</altitudeFt><source>AirNav</source><date>2013-07-22T10:29:09.000Z</date></position><position><lon>3.553849935531616</lon><lat>52.3468017578125</lat><speedMph>545</speedMph><altitudeFt>36950</altitudeFt><source>AirNav</source><date>2013-07-22T10:29:03.000Z</date></position><position><lon>3.535799980163574</lon><lat>52.34579849243164</lat><speedMph>545</speedMph><altitudeFt>36975</altitudeFt><source>AirNav</source><date>2013-07-22T10:28:57.000Z</date></position><position><lon>3.480679988861084</lon><lat>52.342498779296875</lat><speedMph>544</speedMph><altitudeFt>36975</altitudeFt><source>AirNav</source><date>2013-07-22T10:28:41.000Z</date></position><position><lon>3.404900074005127</lon><lat>52.33810043334961</lat><speedMph>544</speedMph><altitudeFt>36975</altitudeFt><source>AirNav</source><date>2013-07-22T10:28:23.000Z</date></position><position><lon>3.404900074005127</lon><lat>52.33810043334961</lat><speedMph>544</speedMph><altitudeFt>36975</altitudeFt><source>AirNav</source><date>2013-07-22T10:28:20.000Z</date></position><position><lon>3.358380079269409</lon><lat>52.33530044555664</lat><speedMph>544</speedMph><altitudeFt>37000</altitudeFt><source>AirNav</source><date>2013-07-22T10:28:07.000Z</date></position><position><lon>3.330199956893921</lon><lat>52.33359909057617</lat><speedMph>544</speedMph><altitudeFt>37000</altitudeFt><source>AirNav</source><date>2013-07-22T10:28:01.000Z</date></position><position><lon>3.2172999382019043</lon><lat>52.326698303222656</lat><speedMph>545</speedMph><altitudeFt>37000</altitudeFt><source>AirNav</source><date>2013-07-22T10:27:35.000Z</date></position><position><lon>3.2172999382019043</lon><lat>52.326698303222656</lat><speedMph>545</speedMph><altitudeFt>37000</altitudeFt><source>AirNav</source><date>2013-07-22T10:27:32.000Z</date></position><position><lon>3.1693999767303467</lon><lat>52.32379913330078</lat><speedMph>545</speedMph><altitudeFt>37000</altitudeFt><source>AirNav</source><date>2013-07-22T10:27:14.000Z</date></position><position><lon>3.143699884414673</lon><lat>52.322200775146484</lat><speedMph>547</speedMph><altitudeFt>37000</altitudeFt><source>AirNav</source><date>2013-07-22T10:27:09.000Z</date></position><position><lon>3.1184000968933105</lon><lat>52.32059860229492</lat><speedMph>547</speedMph><altitudeFt>37000</altitudeFt><source>AirNav</source><date>2013-07-22T10:27:00.000Z</date></position><position><lon>3.045599937438965</lon><lat>52.316001892089844</lat><speedMph>547</speedMph><altitudeFt>37000</altitudeFt><source>AirNav</source><date>2013-07-22T10:26:37.000Z</date></position><position><lon>2.999579906463623</lon><lat>52.3130989074707</lat><speedMph>548</speedMph><altitudeFt>37025</altitudeFt><source>AirNav</source><date>2013-07-22T10:26:27.000Z</date></position><position><lon>2.9402999877929688</lon><lat>52.30929946899414</lat><speedMph>548</speedMph><altitudeFt>37025</altitudeFt><source>AirNav</source><date>2013-07-22T10:26:12.000Z</date></position><position><lon>2.889899969100952</lon><lat>52.30609893798828</lat><speedMph>548</speedMph><altitudeFt>37025</altitudeFt><source>AirNav</source><date>2013-07-22T10:26:00.000Z</date></position><position><lon>2.852400064468384</lon><lat>52.3036994934082</lat><speedMph>548</speedMph><altitudeFt>37025</altitudeFt><source>AirNav</source><date>2013-07-22T10:25:44.000Z</date></position><position><lon>2.801500082015991</lon><lat>52.30039978027344</lat><speedMph>549</speedMph><altitudeFt>37025</altitudeFt><source>AirNav</source><date>2013-07-22T10:25:33.000Z</date></position><position><lon>2.747270107269287</lon><lat>52.29679870605469</lat><speedMph>549</speedMph><altitudeFt>37025</altitudeFt><source>AirNav</source><date>2013-07-22T10:25:24.000Z</date></position><position><lon>2.7076001167297363</lon><lat>52.2942008972168</lat><speedMph>548</speedMph><altitudeFt>37025</altitudeFt><source>AirNav</source><date>2013-07-22T10:25:03.000Z</date></position><position><lon>2.653700113296509</lon><lat>52.29050064086914</lat><speedMph>549</speedMph><altitudeFt>37000</altitudeFt><source>AirNav</source><date>2013-07-22T10:24:53.000Z</date></position></positions></flightTrack></flightTracks><request><url>https://api.flightstats.com/flex/flightstatus/rest/v2/xml/flight/tracks/LH/3421/arr/2013/7/22</url><airline><requestedCode>LH</requestedCode><fsCode>LH</fsCode></airline><flight><requested>3421</requested><interpreted>3421</interpreted></flight><date><year>2013</year><month>7</month><day>22</day><interpreted>2013-07-22</interpreted></date><hourOfDay><interpreted>0</interpreted></hourOfDay><numHours><interpreted>24</interpreted></numHours><utc><requested>false</requested><interpreted>false</interpreted></utc><airport/><includeFlightPlan><requested>true</requested><interpreted>true</interpreted></includeFlightPlan><maxPositions/><maxPositionAgeMinutes/><codeType/><extendedOptions/></request></response>