<?xml version="1.0" encoding="UTF-8" standalone="yes"?><response><appendix><airlines><airline><fs>UA</fs><iata>UA</iata><icao>UAL</icao><name>United Airlines</name><phoneNumber>1-800-864-8331</phoneNumber><active>true</active></airline></airlines><airports><airport><fs>SFO</fs><iata>SFO</iata><icao>KSFO</icao><faa>SFO</faa><name>San Francisco International Airport</name><city>San Francisco</city><cityCode>SFO</cityCode><stateCode>CA</stateCode><postalCode>94128</postalCode><countryCode>US</countryCode><countryName>United States</countryName><regionName>North America</regionName><timeZoneRegionName>America/Los_Angeles</timeZoneRegionName><weatherZone>CAZ508</weatherZone><localTime>2013-08-09T01:05:28.674</localTime><utcOffsetHours>-7.0</utcOffsetHours><latitude>37.615215</latitude><longitude>-122.389881</longitude><elevationFeet>11</elevationFeet><classification>1</classification><active>true</active><delayIndexUrl>https://api.flightstats.com/flex/delayindex/rest/v1/json/airports/SFO?codeType=fs</delayIndexUrl><weatherUrl>https://api.flightstats.com/flex/weather/rest/v1/json/all/SFO?codeType=fs</weatherUrl></airport><airport><fs>ORD</fs><iata>ORD</iata><icao>KORD</icao><faa>ORD</faa><name>O'Hare International Airport</name><street1>10,000 West O'Hare</street1><city>Chicago</city><cityCode>CHI</cityCode><stateCode>IL</stateCode><postalCode>60666</postalCode><countryCode>US</countryCode><countryName>United States</countryName><regionName>North America</regionName><timeZoneRegionName>America/Chicago</timeZoneRegionName><weatherZone>ILZ014</weatherZone><localTime>2013-08-09T03:05:28.674</localTime><utcOffsetHours>-5.0</utcOffsetHours><latitude>41.976912</latitude><longitude>-87.904876</longitude><elevationFeet>668</elevationFeet><classification>1</classification><active>true</active><delayIndexUrl>https://api.flightstats.com/flex/delayindex/rest/v1/json/airports/ORD?codeType=fs</delayIndexUrl><weatherUrl>https://api.flightstats.com/flex/weather/rest/v1/json/all/ORD?codeType=fs</weatherUrl></airport></airports></appendix><flightTracks><flightTrack><flightId>305351146</flightId><carrierFsCode>UA</carrierFsCode><flightNumber>562</flightNumber><callsign>UAL562</callsign><departureAirportFsCode>ORD</departureAirportFsCode><arrivalAirportFsCode>SFO</arrivalAirportFsCode><departureDate><dateLocal>2013-08-08T17:50:00.000</dateLocal><dateUtc>2013-08-08T22:50:00.000Z</dateUtc></departureDate><equipment>B752</equipment><delayMinutes>9</delayMinutes><bearing>253.10589741067247</bearing><heading>302.2709803861766</heading><positions><position><lon>-122.37000274658203</lon><lat>37.619998931884766</lat><speedMph>152</speedMph><altitudeFt>200</altitudeFt><source>ASDI</source><date>2013-08-09T03:07:20.000Z</date></position><position><lon>-122.33000183105469</lon><lat>37.599998474121094</lat><speedMph>155</speedMph><altitudeFt>300</altitudeFt><source>ASDI</source><date>2013-08-09T03:06:19.000Z</date></position><position><lon>-122.31999969482422</lon><lat>37.599998474121094</lat><speedMph>145</speedMph><altitudeFt>800</altitudeFt><source>ASDI</source><date>2013-08-09T03:05:48.000Z</date></position><position><lon>-122.30000305175781</lon><lat>37.58000183105469</lat><speedMph>176</speedMph><altitudeFt>1000</altitudeFt><source>ASDI</source><date>2013-08-09T03:05:17.000Z</date></position><position><lon>-122.27999877929688</lon><lat>37.58000183105469</lat><speedMph>152</speedMph><altitudeFt>1400</altitudeFt><source>ASDI</source><date>2013-08-09T03:04:48.000Z</date></position><position><lon>-122.25</lon><lat>37.56999969482422</lat><speedMph>204</speedMph><altitudeFt>1700</altitudeFt><source>ASDI</source><date>2013-08-09T03:04:16.000Z</date></position><position><lon>-122.2300033569336</lon><lat>37.56999969482422</lat><speedMph>190</speedMph><altitudeFt>2100</altitudeFt><source>ASDI</source><date>2013-08-09T03:03:54.000Z</date></position><position><lon>-122.19999694824219</lon><lat>37.54999923706055</lat><speedMph>215</speedMph><altitudeFt>2400</altitudeFt><source>ASDI</source><date>2013-08-09T03:03:15.000Z</date></position><position><lon>-122.18000030517578</lon><lat>37.529998779296875</lat><speedMph>215</speedMph><altitudeFt>2800</altitudeFt><source>ASDI</source><date>2013-08-09T03:02:48.000Z</date></position><position><lon>-122.12999725341797</lon><lat>37.52000045776367</lat><speedMph>220</speedMph><altitudeFt>3600</altitudeFt><source>ASDI</source><date>2013-08-09T03:02:14.000Z</date></position><position><lon>-122.12999725341797</lon><lat>37.52000045776367</lat><speedMph>219</speedMph><altitudeFt>4100</altitudeFt><source>ASDI</source><date>2013-08-09T03:01:48.000Z</date></position><position><lon>-122.06999969482422</lon><lat>37.5</lat><speedMph>228</speedMph><altitudeFt>4700</altitudeFt><source>ASDI</source><date>2013-08-09T03:01:12.000Z</date></position><position><lon>-122.06999969482422</lon><lat>37.5</lat><speedMph>226</speedMph><altitudeFt>5000</altitudeFt><source>ASDI</source><date>2013-08-09T03:00:54.000Z</date></position><position><lon>-122.0199966430664</lon><lat>37.47999954223633</lat><speedMph>235</speedMph><altitudeFt>5600</altitudeFt><source>ASDI</source><date>2013-08-09T03:00:11.000Z</date></position><position><lon>-122.0</lon><lat>37.47999954223633</lat><speedMph>231</speedMph><altitudeFt>6000</altitudeFt><source>ASDI</source><date>2013-08-09T02:59:48.000Z</date></position><position><lon>-121.93000030517578</lon><lat>37.470001220703125</lat><speedMph>226</speedMph><altitudeFt>6700</altitudeFt><source>ASDI</source><date>2013-08-09T02:59:10.000Z</date></position><position><lon>-121.93000030517578</lon><lat>37.470001220703125</lat><speedMph>224</speedMph><altitudeFt>7100</altitudeFt><source>ASDI</source><date>2013-08-09T02:58:54.000Z</date></position><position><lon>-121.87999725341797</lon><lat>37.47999954223633</lat><speedMph>247</speedMph><altitudeFt>7900</altitudeFt><source>ASDI</source><date>2013-08-09T02:58:08.000Z</date></position><position><lon>-121.87000274658203</lon><lat>37.47999954223633</lat><speedMph>242</speedMph><altitudeFt>8100</altitudeFt><source>ASDI</source><date>2013-08-09T02:57:48.000Z</date></position><position><lon>-121.83000183105469</lon><lat>37.52000045776367</lat><speedMph>252</speedMph><altitudeFt>8800</altitudeFt><source>ASDI</source><date>2013-08-09T02:57:07.000Z</date></position><position><lon>-121.83000183105469</lon><lat>37.529998779296875</lat><speedMph>249</speedMph><altitudeFt>9000</altitudeFt><source>ASDI</source><date>2013-08-09T02:56:54.000Z</date></position><position><lon>-121.83000183105469</lon><lat>37.56999969482422</lat><speedMph>241</speedMph><altitudeFt>8900</altitudeFt><source>ASDI</source><date>2013-08-09T02:56:06.000Z</date></position><position><lon>-121.8499984741211</lon><lat>37.58000183105469</lat><speedMph>239</speedMph><altitudeFt>9100</altitudeFt><source>ASDI</source><date>2013-08-09T02:55:48.000Z</date></position><position><lon>-121.87000274658203</lon><lat>37.619998931884766</lat><speedMph>260</speedMph><altitudeFt>9700</altitudeFt><source>ASDI</source><date>2013-08-09T02:55:05.000Z</date></position><position><lon>-121.87000274658203</lon><lat>37.630001068115234</lat><speedMph>257</speedMph><altitudeFt>9900</altitudeFt><source>ASDI</source><date>2013-08-09T02:54:48.000Z</date></position><position><lon>-121.81999969482422</lon><lat>37.630001068115234</lat><speedMph>285</speedMph><altitudeFt>9900</altitudeFt><source>ASDI</source><date>2013-08-09T02:54:03.000Z</date></position><position><lon>-121.80000305175781</lon><lat>37.630001068115234</lat><speedMph>285</speedMph><altitudeFt>10000</altitudeFt><source>ASDI</source><date>2013-08-09T02:53:48.000Z</date></position><position><lon>-121.7300033569336</lon><lat>37.599998474121094</lat><speedMph>290</speedMph><altitudeFt>10700</altitudeFt><source>ASDI</source><date>2013-08-09T02:53:02.000Z</date></position><position><lon>-121.7300033569336</lon><lat>37.599998474121094</lat><speedMph>288</speedMph><altitudeFt>11000</altitudeFt><source>ASDI</source><date>2013-08-09T02:52:48.000Z</date></position><position><lon>-121.6500015258789</lon><lat>37.54999923706055</lat><speedMph>333</speedMph><altitudeFt>10900</altitudeFt><source>ASDI</source><date>2013-08-09T02:52:01.000Z</date></position><position><lon>-121.6500015258789</lon><lat>37.54999923706055</lat><speedMph>323</speedMph><altitudeFt>11000</altitudeFt><source>ASDI</source><date>2013-08-09T02:51:48.000Z</date></position><position><lon>-121.55000305175781</lon><lat>37.54999923706055</lat><speedMph>345</speedMph><altitudeFt>11500</altitudeFt><source>ASDI</source><date>2013-08-09T02:50:59.000Z</date></position><position><lon>-121.55000305175781</lon><lat>37.54999923706055</lat><speedMph>344</speedMph><altitudeFt>11700</altitudeFt><source>ASDI</source><date>2013-08-09T02:50:48.000Z</date></position><position><lon>-121.44999694824219</lon><lat>37.56999969482422</lat><speedMph>353</speedMph><altitudeFt>13100</altitudeFt><source>ASDI</source><date>2013-08-09T02:49:58.000Z</date></position><position><lon>-121.44999694824219</lon><lat>37.56999969482422</lat><speedMph>353</speedMph><altitudeFt>13200</altitudeFt><source>ASDI</source><date>2013-08-09T02:49:48.000Z</date></position><position><lon>-121.3499984741211</lon><lat>37.56999969482422</lat><speedMph>360</speedMph><altitudeFt>14600</altitudeFt><source>ASDI</source><date>2013-08-09T02:48:57.000Z</date></position><position><lon>-121.3499984741211</lon><lat>37.58000183105469</lat><speedMph>357</speedMph><altitudeFt>14800</altitudeFt><source>ASDI</source><date>2013-08-09T02:48:48.000Z</date></position><position><lon>-121.2300033569336</lon><lat>37.58000183105469</lat><speedMph>369</speedMph><altitudeFt>16200</altitudeFt><source>ASDI</source><date>2013-08-09T02:47:55.000Z</date></position><position><lon>-121.25</lon><lat>37.599998474121094</lat><speedMph>373</speedMph><altitudeFt>16400</altitudeFt><source>ASDI</source><date>2013-08-09T02:47:48.000Z</date></position><position><lon>-121.1500015258789</lon><lat>37.599998474121094</lat><speedMph>383</speedMph><altitudeFt>17900</altitudeFt><source>ASDI</source><date>2013-08-09T02:46:54.000Z</date></position><position><lon>-121.12999725341797</lon><lat>37.599998474121094</lat><speedMph>377</speedMph><altitudeFt>17900</altitudeFt><source>ASDI</source><date>2013-08-09T02:46:54.000Z</date></position><position><lon>-121.02999877929688</lon><lat>37.619998931884766</lat><speedMph>397</speedMph><altitudeFt>19700</altitudeFt><source>ASDI</source><date>2013-08-09T02:45:54.000Z</date></position><position><lon>-121.0</lon><lat>37.619998931884766</lat><speedMph>394</speedMph><altitudeFt>20100</altitudeFt><source>ASDI</source><date>2013-08-09T02:45:53.000Z</date></position><position><lon>-120.87999725341797</lon><lat>37.630001068115234</lat><speedMph>400</speedMph><altitudeFt>21800</altitudeFt><source>ASDI</source><date>2013-08-09T02:44:51.000Z</date></position><position><lon>-120.9000015258789</lon><lat>37.630001068115234</lat><speedMph>402</speedMph><altitudeFt>21600</altitudeFt><source>ASDI</source><date>2013-08-09T02:44:48.000Z</date></position><position><lon>-120.7699966430664</lon><lat>37.650001525878906</lat><speedMph>403</speedMph><altitudeFt>23000</altitudeFt><source>ASDI</source><date>2013-08-09T02:43:50.000Z</date></position><position><lon>-120.77999877929688</lon><lat>37.650001525878906</lat><speedMph>402</speedMph><altitudeFt>22900</altitudeFt><source>ASDI</source><date>2013-08-09T02:43:48.000Z</date></position><position><lon>-120.6500015258789</lon><lat>37.66999816894531</lat><speedMph>411</speedMph><altitudeFt>23800</altitudeFt><source>ASDI</source><date>2013-08-09T02:42:49.000Z</date></position><position><lon>-120.66999816894531</lon><lat>37.66999816894531</lat><speedMph>406</speedMph><altitudeFt>23700</altitudeFt><source>ASDI</source><date>2013-08-09T02:42:48.000Z</date></position><position><lon>-120.55000305175781</lon><lat>37.68000030517578</lat><speedMph>411</speedMph><altitudeFt>24600</altitudeFt><source>ASDI</source><date>2013-08-09T02:41:49.000Z</date></position><position><lon>-120.5199966430664</lon><lat>37.68000030517578</lat><speedMph>414</speedMph><altitudeFt>24700</altitudeFt><source>ASDI</source><date>2013-08-09T02:41:47.000Z</date></position><position><lon>-120.43000030517578</lon><lat>37.70000076293945</lat><speedMph>417</speedMph><altitudeFt>25300</altitudeFt><source>ASDI</source><date>2013-08-09T02:40:54.000Z</date></position><position><lon>-120.4000015258789</lon><lat>37.70000076293945</lat><speedMph>418</speedMph><altitudeFt>25500</altitudeFt><source>ASDI</source><date>2013-08-09T02:40:46.000Z</date></position><position><lon>-120.30000305175781</lon><lat>37.720001220703125</lat><speedMph>418</speedMph><altitudeFt>26000</altitudeFt><source>ASDI</source><date>2013-08-09T02:39:54.000Z</date></position><position><lon>-120.2699966430664</lon><lat>37.720001220703125</lat><speedMph>419</speedMph><altitudeFt>26100</altitudeFt><source>ASDI</source><date>2013-08-09T02:39:45.000Z</date></position><position><lon>-120.1500015258789</lon><lat>37.72999954223633</lat><speedMph>438</speedMph><altitudeFt>27700</altitudeFt><source>ASDI</source><date>2013-08-09T02:38:43.000Z</date></position><position><lon>-120.0199966430664</lon><lat>37.75</lat><speedMph>457</speedMph><altitudeFt>28800</altitudeFt><source>ASDI</source><date>2013-08-09T02:37:42.000Z</date></position><position><lon>-119.87999725341797</lon><lat>37.77000045776367</lat><speedMph>463</speedMph><altitudeFt>30300</altitudeFt><source>ASDI</source><date>2013-08-09T02:36:41.000Z</date></position><position><lon>-119.75</lon><lat>37.79999923706055</lat><speedMph>481</speedMph><altitudeFt>31800</altitudeFt><source>ASDI</source><date>2013-08-09T02:35:39.000Z</date></position><position><lon>-119.56999969482422</lon><lat>37.81999969482422</lat><speedMph>495</speedMph><altitudeFt>33300</altitudeFt><source>ASDI</source><date>2013-08-09T02:34:38.000Z</date></position><position><lon>-119.41999816894531</lon><lat>37.83000183105469</lat><speedMph>495</speedMph><altitudeFt>35300</altitudeFt><source>ASDI</source><date>2013-08-09T02:33:37.000Z</date></position><position><lon>-119.2699966430664</lon><lat>37.849998474121094</lat><speedMph>491</speedMph><altitudeFt>36000</altitudeFt><source>ASDI</source><date>2013-08-09T02:32:35.000Z</date></position><position><lon>-119.12000274658203</lon><lat>37.880001068115234</lat><speedMph>487</speedMph><altitudeFt>36000</altitudeFt><source>ASDI</source><date>2013-08-09T02:31:34.000Z</date></position><position><lon>-119.0</lon><lat>37.900001525878906</lat><speedMph>483</speedMph><altitudeFt>36000</altitudeFt><source>ASDI</source><date>2013-08-09T02:30:33.000Z</date></position><position><lon>-118.81999969482422</lon><lat>37.91999816894531</lat><speedMph>483</speedMph><altitudeFt>36000</altitudeFt><source>ASDI</source><date>2013-08-09T02:29:32.000Z</date></position><position><lon>-118.66999816894531</lon><lat>37.93000030517578</lat><speedMph>481</speedMph><altitudeFt>36700</altitudeFt><source>ASDI</source><date>2013-08-09T02:28:30.000Z</date></position><position><lon>-118.52999877929688</lon><lat>37.95000076293945</lat><speedMph>490</speedMph><altitudeFt>37800</altitudeFt><source>ASDI</source><date>2013-08-09T02:27:29.000Z</date></position><position><lon>-118.41999816894531</lon><lat>37.970001220703125</lat><speedMph>489</speedMph><altitudeFt>38000</altitudeFt><source>ASDI</source><date>2013-08-09T02:26:35.000Z</date></position><position><lon>-118.37999725341797</lon><lat>37.970001220703125</lat><speedMph>486</speedMph><altitudeFt>38000</altitudeFt><source>ASDI</source><date>2013-08-09T02:26:28.000Z</date></position><position><lon>-118.2699966430664</lon><lat>37.97999954223633</lat><speedMph>486</speedMph><altitudeFt>38000</altitudeFt><source>ASDI</source><date>2013-08-09T02:25:33.000Z</date></position><position><lon>-118.2300033569336</lon><lat>37.97999954223633</lat><speedMph>483</speedMph><altitudeFt>38000</altitudeFt><source>ASDI</source><date>2013-08-09T02:25:26.000Z</date></position><position><lon>-118.08000183105469</lon><lat>38.02000045776367</lat><speedMph>483</speedMph><altitudeFt>38000</altitudeFt><source>ASDI</source><date>2013-08-09T02:24:32.000Z</date></position><position><lon>-118.08000183105469</lon><lat>38.02000045776367</lat><speedMph>483</speedMph><altitudeFt>38000</altitudeFt><source>ASDI</source><date>2013-08-09T02:24:25.000Z</date></position><position><lon>-117.93000030517578</lon><lat>38.029998779296875</lat><speedMph>490</speedMph><altitudeFt>38000</altitudeFt><source>ASDI</source><date>2013-08-09T02:23:30.000Z</date></position><position><lon>-117.93000030517578</lon><lat>38.029998779296875</lat><speedMph>489</speedMph><altitudeFt>38000</altitudeFt><source>ASDI</source><date>2013-08-09T02:23:24.000Z</date></position><position><lon>-117.77999877929688</lon><lat>38.04999923706055</lat><speedMph>494</speedMph><altitudeFt>38000</altitudeFt><source>ASDI</source><date>2013-08-09T02:22:28.000Z</date></position><position><lon>-117.77999877929688</lon><lat>38.04999923706055</lat><speedMph>495</speedMph><altitudeFt>38000</altitudeFt><source>ASDI</source><date>2013-08-09T02:22:22.000Z</date></position><position><lon>-117.62999725341797</lon><lat>38.06999969482422</lat><speedMph>496</speedMph><altitudeFt>38000</altitudeFt><source>ASDI</source><date>2013-08-09T02:21:27.000Z</date></position><position><lon>-117.6500015258789</lon><lat>38.06999969482422</lat><speedMph>497</speedMph><altitudeFt>38000</altitudeFt><source>ASDI</source><date>2013-08-09T02:21:21.000Z</date></position><position><lon>-117.4800033569336</lon><lat>38.08000183105469</lat><speedMph>498</speedMph><altitudeFt>38000</altitudeFt><source>ASDI</source><date>2013-08-09T02:20:25.000Z</date></position><position><lon>-117.4800033569336</lon><lat>38.08000183105469</lat><speedMph>494</speedMph><altitudeFt>38000</altitudeFt><source>ASDI</source><date>2013-08-09T02:20:20.000Z</date></position><position><lon>-117.33000183105469</lon><lat>38.099998474121094</lat><speedMph>490</speedMph><altitudeFt>38000</altitudeFt><source>ASDI</source><date>2013-08-09T02:19:23.000Z</date></position><position><lon>-117.33000183105469</lon><lat>38.099998474121094</lat><speedMph>494</speedMph><altitudeFt>38000</altitudeFt><source>ASDI</source><date>2013-08-09T02:19:18.000Z</date></position><position><lon>-117.18000030517578</lon><lat>38.130001068115234</lat><speedMph>476</speedMph><altitudeFt>38000</altitudeFt><source>ASDI</source><date>2013-08-09T02:18:22.000Z</date></position><position><lon>-117.18000030517578</lon><lat>38.130001068115234</lat><speedMph>483</speedMph><altitudeFt>38000</altitudeFt><source>ASDI</source><date>2013-08-09T02:18:17.000Z</date></position><position><lon>-117.02999877929688</lon><lat>38.16999816894531</lat><speedMph>479</speedMph><altitudeFt>38000</altitudeFt><source>ASDI</source><date>2013-08-09T02:17:20.000Z</date></position><position><lon>-117.02999877929688</lon><lat>38.16999816894531</lat><speedMph>480</speedMph><altitudeFt>38000</altitudeFt><source>ASDI</source><date>2013-08-09T02:17:16.000Z</date></position><position><lon>-116.9000015258789</lon><lat>38.220001220703125</lat><speedMph>481</speedMph><altitudeFt>38000</altitudeFt><source>ASDI</source><date>2013-08-09T02:16:19.000Z</date></position><position><lon>-116.9000015258789</lon><lat>38.220001220703125</lat><speedMph>481</speedMph><altitudeFt>38000</altitudeFt><source>ASDI</source><date>2013-08-09T02:16:14.000Z</date></position><position><lon>-116.7699966430664</lon><lat>38.25</lat><speedMph>482</speedMph><altitudeFt>38000</altitudeFt><source>ASDI</source><date>2013-08-09T02:15:17.000Z</date></position><position><lon>-116.7699966430664</lon><lat>38.25</lat><speedMph>480</speedMph><altitudeFt>38000</altitudeFt><source>ASDI</source><date>2013-08-09T02:15:13.000Z</date></position><position><lon>-116.62000274658203</lon><lat>38.279998779296875</lat><speedMph>486</speedMph><altitudeFt>38000</altitudeFt><source>ASDI</source><date>2013-08-09T02:14:15.000Z</date></position><position><lon>-116.5999984741211</lon><lat>38.279998779296875</lat><speedMph>484</speedMph><altitudeFt>38000</altitudeFt><source>ASDI</source><date>2013-08-09T02:14:12.000Z</date></position><position><lon>-116.4800033569336</lon><lat>38.31999969482422</lat><speedMph>483</speedMph><altitudeFt>38000</altitudeFt><source>ASDI</source><date>2013-08-09T02:13:14.000Z</date></position><position><lon>-116.44999694824219</lon><lat>38.33000183105469</lat><speedMph>486</speedMph><altitudeFt>38000</altitudeFt><source>ASDI</source><date>2013-08-09T02:13:10.000Z</date></position><position><lon>-116.31999969482422</lon><lat>38.369998931884766</lat><speedMph>487</speedMph><altitudeFt>38000</altitudeFt><source>ASDI</source><date>2013-08-09T02:12:12.000Z</date></position><position><lon>-116.31999969482422</lon><lat>38.369998931884766</lat><speedMph>487</speedMph><altitudeFt>38000</altitudeFt><source>ASDI</source><date>2013-08-09T02:12:09.000Z</date></position><position><lon>-116.16999816894531</lon><lat>38.400001525878906</lat><speedMph>490</speedMph><altitudeFt>38000</altitudeFt><source>ASDI</source><date>2013-08-09T02:11:11.000Z</date></position><position><lon>-116.16999816894531</lon><lat>38.400001525878906</lat><speedMph>490</speedMph><altitudeFt>38000</altitudeFt><source>ASDI</source><date>2013-08-09T02:11:08.000Z</date></position><position><lon>-116.02999877929688</lon><lat>38.43000030517578</lat><speedMph>488</speedMph><altitudeFt>38000</altitudeFt><source>ASDI</source><date>2013-08-09T02:10:09.000Z</date></position><position><lon>-116.02999877929688</lon><lat>38.43000030517578</lat><speedMph>488</speedMph><altitudeFt>38000</altitudeFt><source>ASDI</source><date>2013-08-09T02:10:06.000Z</date></position><position><lon>-115.87999725341797</lon><lat>38.47999954223633</lat><speedMph>487</speedMph><altitudeFt>38000</altitudeFt><source>ASDI</source><date>2013-08-09T02:09:07.000Z</date></position><position><lon>-115.87999725341797</lon><lat>38.47999954223633</lat><speedMph>487</speedMph><altitudeFt>38000</altitudeFt><source>ASDI</source><date>2013-08-09T02:09:05.000Z</date></position><position><lon>-115.7300033569336</lon><lat>38.52000045776367</lat><speedMph>488</speedMph><altitudeFt>38000</altitudeFt><source>ASDI</source><date>2013-08-09T02:08:06.000Z</date></position><position><lon>-115.7300033569336</lon><lat>38.52000045776367</lat><speedMph>488</speedMph><altitudeFt>38000</altitudeFt><source>ASDI</source><date>2013-08-09T02:08:04.000Z</date></position><position><lon>-115.5999984741211</lon><lat>38.54999923706055</lat><speedMph>487</speedMph><altitudeFt>38000</altitudeFt><source>ASDI</source><date>2013-08-09T02:07:04.000Z</date></position><position><lon>-115.5999984741211</lon><lat>38.54999923706055</lat><speedMph>486</speedMph><altitudeFt>38000</altitudeFt><source>ASDI</source><date>2013-08-09T02:07:03.000Z</date></position><position><lon>-115.44999694824219</lon><lat>38.58000183105469</lat><speedMph>494</speedMph><altitudeFt>38000</altitudeFt><source>ASDI</source><date>2013-08-09T02:06:02.000Z</date></position><position><lon>-115.44999694824219</lon><lat>38.58000183105469</lat><speedMph>491</speedMph><altitudeFt>38000</altitudeFt><source>ASDI</source><date>2013-08-09T02:06:01.000Z</date></position><position><lon>-115.27999877929688</lon><lat>38.630001068115234</lat><speedMph>490</speedMph><altitudeFt>38000</altitudeFt><source>ASDI</source><date>2013-08-09T02:05:01.000Z</date></position><position><lon>-115.30000305175781</lon><lat>38.619998931884766</lat><speedMph>490</speedMph><altitudeFt>38000</altitudeFt><source>ASDI</source><date>2013-08-09T02:05:00.000Z</date></position><position><lon>-115.1500015258789</lon><lat>38.66999816894531</lat><speedMph>493</speedMph><altitudeFt>38000</altitudeFt><source>ASDI</source><date>2013-08-09T02:03:59.000Z</date></position><position><lon>-115.1500015258789</lon><lat>38.66999816894531</lat><speedMph>489</speedMph><altitudeFt>38000</altitudeFt><source>ASDI</source><date>2013-08-09T02:03:59.000Z</date></position><position><lon>-115.0199966430664</lon><lat>38.70000076293945</lat><speedMph>491</speedMph><altitudeFt>38000</altitudeFt><source>ASDI</source><date>2013-08-09T02:02:57.000Z</date></position><position><lon>-115.0</lon><lat>38.70000076293945</lat><speedMph>489</speedMph><altitudeFt>38000</altitudeFt><source>ASDI</source><date>2013-08-09T02:02:57.000Z</date></position><position><lon>-114.8499984741211</lon><lat>38.72999954223633</lat><speedMph>490</speedMph><altitudeFt>38000</altitudeFt><source>ASDI</source><date>2013-08-09T02:01:56.000Z</date></position><position><lon>-114.72000122070312</lon><lat>38.77000045776367</lat><speedMph>488</speedMph><altitudeFt>38000</altitudeFt><source>ASDI</source><date>2013-08-09T02:00:54.000Z</date></position><position><lon>-114.56999969482422</lon><lat>38.81999969482422</lat><speedMph>490</speedMph><altitudeFt>38000</altitudeFt><source>ASDI</source><date>2013-08-09T01:59:52.000Z</date></position><position><lon>-114.41999816894531</lon><lat>38.849998474121094</lat><speedMph>493</speedMph><altitudeFt>38000</altitudeFt><source>ASDI</source><date>2013-08-09T01:58:51.000Z</date></position><position><lon>-114.25</lon><lat>38.880001068115234</lat><speedMph>494</speedMph><altitudeFt>38000</altitudeFt><source>ASDI</source><date>2013-08-09T01:57:49.000Z</date></position><position><lon>-114.0999984741211</lon><lat>38.91999816894531</lat><speedMph>496</speedMph><altitudeFt>38000</altitudeFt><source>ASDI</source><date>2013-08-09T01:56:48.000Z</date></position><position><lon>-113.94999694824219</lon><lat>38.95000076293945</lat><speedMph>491</speedMph><altitudeFt>38000</altitudeFt><source>ASDI</source><date>2013-08-09T01:55:46.000Z</date></position><position><lon>-113.81999969482422</lon><lat>39.0</lat><speedMph>494</speedMph><altitudeFt>38000</altitudeFt><source>ASDI</source><date>2013-08-09T01:54:44.000Z</date></position><position><lon>-113.66999816894531</lon><lat>39.029998779296875</lat><speedMph>494</speedMph><altitudeFt>38000</altitudeFt><source>ASDI</source><date>2013-08-09T01:53:43.000Z</date></position><position><lon>-113.5199966430664</lon><lat>39.06999969482422</lat><speedMph>490</speedMph><altitudeFt>38000</altitudeFt><source>ASDI</source><date>2013-08-09T01:52:41.000Z</date></position><position><lon>-113.37000274658203</lon><lat>39.099998474121094</lat><speedMph>491</speedMph><altitudeFt>38000</altitudeFt><source>ASDI</source><date>2013-08-09T01:51:39.000Z</date></position><position><lon>-113.19999694824219</lon><lat>39.130001068115234</lat><speedMph>486</speedMph><altitudeFt>38000</altitudeFt><source>ASDI</source><date>2013-08-09T01:50:38.000Z</date></position><position><lon>-113.05000305175781</lon><lat>39.16999816894531</lat><speedMph>494</speedMph><altitudeFt>38000</altitudeFt><source>ASDI</source><date>2013-08-09T01:49:36.000Z</date></position><position><lon>-112.9000015258789</lon><lat>39.20000076293945</lat><speedMph>499</speedMph><altitudeFt>38000</altitudeFt><source>ASDI</source><date>2013-08-09T01:48:34.000Z</date></position><position><lon>-112.7699966430664</lon><lat>39.22999954223633</lat><speedMph>490</speedMph><altitudeFt>38000</altitudeFt><source>ASDI</source><date>2013-08-09T01:47:33.000Z</date></position><position><lon>-112.5999984741211</lon><lat>39.27000045776367</lat><speedMph>487</speedMph><altitudeFt>38000</altitudeFt><source>ASDI</source><date>2013-08-09T01:46:31.000Z</date></position><position><lon>-112.44999694824219</lon><lat>39.29999923706055</lat><speedMph>491</speedMph><altitudeFt>38000</altitudeFt><source>ASDI</source><date>2013-08-09T01:45:30.000Z</date></position><position><lon>-112.30000305175781</lon><lat>39.349998474121094</lat><speedMph>494</speedMph><altitudeFt>38000</altitudeFt><source>ASDI</source><date>2013-08-09T01:44:28.000Z</date></position><position><lon>-112.16999816894531</lon><lat>39.380001068115234</lat><speedMph>502</speedMph><altitudeFt>38000</altitudeFt><source>ASDI</source><date>2013-08-09T01:43:26.000Z</date></position><position><lon>-112.0199966430664</lon><lat>39.41999816894531</lat><speedMph>498</speedMph><altitudeFt>38000</altitudeFt><source>ASDI</source><date>2013-08-09T01:42:25.000Z</date></position><position><lon>-111.87000274658203</lon><lat>39.45000076293945</lat><speedMph>504</speedMph><altitudeFt>38000</altitudeFt><source>ASDI</source><date>2013-08-09T01:41:23.000Z</date></position><position><lon>-111.72000122070312</lon><lat>39.5</lat><speedMph>502</speedMph><altitudeFt>38000</altitudeFt><source>ASDI</source><date>2013-08-09T01:40:22.000Z</date></position><position><lon>-111.52999877929688</lon><lat>39.529998779296875</lat><speedMph>503</speedMph><altitudeFt>38000</altitudeFt><source>ASDI</source><date>2013-08-09T01:39:20.000Z</date></position><position><lon>-111.37999725341797</lon><lat>39.56999969482422</lat><speedMph>502</speedMph><altitudeFt>38000</altitudeFt><source>ASDI</source><date>2013-08-09T01:38:18.000Z</date></position><position><lon>-111.25</lon><lat>39.599998474121094</lat><speedMph>496</speedMph><altitudeFt>38000</altitudeFt><source>ASDI</source><date>2013-08-09T01:37:17.000Z</date></position><position><lon>-111.08000183105469</lon><lat>39.650001525878906</lat><speedMph>493</speedMph><altitudeFt>38000</altitudeFt><source>ASDI</source><date>2013-08-09T01:36:15.000Z</date></position><position><lon>-110.94999694824219</lon><lat>39.68000030517578</lat><speedMph>495</speedMph><altitudeFt>38000</altitudeFt><source>ASDI</source><date>2013-08-09T01:35:14.000Z</date></position><position><lon>-110.77999877929688</lon><lat>39.720001220703125</lat><speedMph>497</speedMph><altitudeFt>37500</altitudeFt><source>ASDI</source><date>2013-08-09T01:34:12.000Z</date></position><position><lon>-110.7699966430664</lon><lat>39.720001220703125</lat><speedMph>498</speedMph><altitudeFt>37400</altitudeFt><source>ASDI</source><date>2013-08-09T01:33:57.000Z</date></position><position><lon>-110.6500015258789</lon><lat>39.75</lat><speedMph>503</speedMph><altitudeFt>36500</altitudeFt><source>ASDI</source><date>2013-08-09T01:33:11.000Z</date></position><position><lon>-110.5999984741211</lon><lat>39.77000045776367</lat><speedMph>504</speedMph><altitudeFt>36000</altitudeFt><source>ASDI</source><date>2013-08-09T01:32:55.000Z</date></position><position><lon>-110.47000122070312</lon><lat>39.79999923706055</lat><speedMph>504</speedMph><altitudeFt>36000</altitudeFt><source>ASDI</source><date>2013-08-09T01:32:09.000Z</date></position><position><lon>-110.44999694824219</lon><lat>39.79999923706055</lat><speedMph>504</speedMph><altitudeFt>36000</altitudeFt><source>ASDI</source><date>2013-08-09T01:31:53.000Z</date></position><position><lon>-110.33000183105469</lon><lat>39.83000183105469</lat><speedMph>505</speedMph><altitudeFt>36000</altitudeFt><source>ASDI</source><date>2013-08-09T01:31:08.000Z</date></position><position><lon>-110.27999877929688</lon><lat>39.83000183105469</lat><speedMph>506</speedMph><altitudeFt>36000</altitudeFt><source>ASDI</source><date>2013-08-09T01:30:51.000Z</date></position><position><lon>-110.18000030517578</lon><lat>39.869998931884766</lat><speedMph>505</speedMph><altitudeFt>36000</altitudeFt><source>ASDI</source><date>2013-08-09T01:30:06.000Z</date></position><position><lon>-110.12999725341797</lon><lat>39.869998931884766</lat><speedMph>504</speedMph><altitudeFt>36000</altitudeFt><source>ASDI</source><date>2013-08-09T01:29:49.000Z</date></position><position><lon>-110.0199966430664</lon><lat>39.900001525878906</lat><speedMph>505</speedMph><altitudeFt>36000</altitudeFt><source>ASDI</source><date>2013-08-09T01:29:04.000Z</date></position><position><lon>-109.97000122070312</lon><lat>39.91999816894531</lat><speedMph>504</speedMph><altitudeFt>36000</altitudeFt><source>ASDI</source><date>2013-08-09T01:28:47.000Z</date></position><position><lon>-109.87000274658203</lon><lat>39.93000030517578</lat><speedMph>505</speedMph><altitudeFt>36000</altitudeFt><source>ASDI</source><date>2013-08-09T01:28:03.000Z</date></position><position><lon>-109.81999969482422</lon><lat>39.95000076293945</lat><speedMph>503</speedMph><altitudeFt>36000</altitudeFt><source>ASDI</source><date>2013-08-09T01:27:46.000Z</date></position><position><lon>-109.69999694824219</lon><lat>39.970001220703125</lat><speedMph>501</speedMph><altitudeFt>36000</altitudeFt><source>ASDI</source><date>2013-08-09T01:27:01.000Z</date></position><position><lon>-109.66999816894531</lon><lat>39.97999954223633</lat><speedMph>499</speedMph><altitudeFt>36000</altitudeFt><source>ASDI</source><date>2013-08-09T01:26:44.000Z</date></position><position><lon>-109.55000305175781</lon><lat>40.0</lat><speedMph>501</speedMph><altitudeFt>36000</altitudeFt><source>ASDI</source><date>2013-08-09T01:26:00.000Z</date></position><position><lon>-109.5</lon><lat>40.02000045776367</lat><speedMph>499</speedMph><altitudeFt>36000</altitudeFt><source>ASDI</source><date>2013-08-09T01:25:42.000Z</date></position><position><lon>-109.37999725341797</lon><lat>40.04999923706055</lat><speedMph>498</speedMph><altitudeFt>36000</altitudeFt><source>ASDI</source><date>2013-08-09T01:24:58.000Z</date></position><position><lon>-109.37000274658203</lon><lat>40.04999923706055</lat><speedMph>498</speedMph><altitudeFt>36000</altitudeFt><source>ASDI</source><date>2013-08-09T01:24:40.000Z</date></position><position><lon>-109.25</lon><lat>40.06999969482422</lat><speedMph>501</speedMph><altitudeFt>36000</altitudeFt><source>ASDI</source><date>2013-08-09T01:23:56.000Z</date></position><position><lon>-109.19999694824219</lon><lat>40.08000183105469</lat><speedMph>502</speedMph><altitudeFt>36000</altitudeFt><source>ASDI</source><date>2013-08-09T01:23:38.000Z</date></position><position><lon>-109.0999984741211</lon><lat>40.099998474121094</lat><speedMph>501</speedMph><altitudeFt>36000</altitudeFt><source>ASDI</source><date>2013-08-09T01:22:55.000Z</date></position><position><lon>-109.05000305175781</lon><lat>40.119998931884766</lat><speedMph>503</speedMph><altitudeFt>36000</altitudeFt><source>ASDI</source><date>2013-08-09T01:22:36.000Z</date></position><position><lon>-108.93000030517578</lon><lat>40.150001525878906</lat><speedMph>501</speedMph><altitudeFt>36000</altitudeFt><source>ASDI</source><date>2013-08-09T01:21:53.000Z</date></position><position><lon>-108.87999725341797</lon><lat>40.150001525878906</lat><speedMph>501</speedMph><altitudeFt>36000</altitudeFt><source>ASDI</source><date>2013-08-09T01:21:34.000Z</date></position><position><lon>-108.77999877929688</lon><lat>40.18000030517578</lat><speedMph>499</speedMph><altitudeFt>36000</altitudeFt><source>ASDI</source><date>2013-08-09T01:20:52.000Z</date></position><position><lon>-108.7300033569336</lon><lat>40.18000030517578</lat><speedMph>499</speedMph><altitudeFt>36000</altitudeFt><source>ASDI</source><date>2013-08-09T01:20:32.000Z</date></position><position><lon>-108.62000274658203</lon><lat>40.220001220703125</lat><speedMph>499</speedMph><altitudeFt>36000</altitudeFt><source>ASDI</source><date>2013-08-09T01:19:50.000Z</date></position><position><lon>-108.56999969482422</lon><lat>40.220001220703125</lat><speedMph>501</speedMph><altitudeFt>36000</altitudeFt><source>ASDI</source><date>2013-08-09T01:19:30.000Z</date></position><position><lon>-108.47000122070312</lon><lat>40.25</lat><speedMph>499</speedMph><altitudeFt>36000</altitudeFt><source>ASDI</source><date>2013-08-09T01:18:48.000Z</date></position><position><lon>-108.41999816894531</lon><lat>40.25</lat><speedMph>499</speedMph><altitudeFt>36000</altitudeFt><source>ASDI</source><date>2013-08-09T01:18:28.000Z</date></position><position><lon>-108.30000305175781</lon><lat>40.279998779296875</lat><speedMph>496</speedMph><altitudeFt>36000</altitudeFt><source>ASDI</source><date>2013-08-09T01:17:47.000Z</date></position><position><lon>-108.25</lon><lat>40.279998779296875</lat><speedMph>496</speedMph><altitudeFt>36000</altitudeFt><source>ASDI</source><date>2013-08-09T01:17:26.000Z</date></position><position><lon>-108.1500015258789</lon><lat>40.31999969482422</lat><speedMph>493</speedMph><altitudeFt>36000</altitudeFt><source>ASDI</source><date>2013-08-09T01:16:45.000Z</date></position><position><lon>-108.12000274658203</lon><lat>40.31999969482422</lat><speedMph>498</speedMph><altitudeFt>36000</altitudeFt><source>ASDI</source><date>2013-08-09T01:16:24.000Z</date></position><position><lon>-107.9800033569336</lon><lat>40.349998474121094</lat><speedMph>498</speedMph><altitudeFt>36000</altitudeFt><source>ASDI</source><date>2013-08-09T01:15:43.000Z</date></position><position><lon>-107.93000030517578</lon><lat>40.349998474121094</lat><speedMph>498</speedMph><altitudeFt>36000</altitudeFt><source>ASDI</source><date>2013-08-09T01:15:22.000Z</date></position><position><lon>-107.83000183105469</lon><lat>40.380001068115234</lat><speedMph>497</speedMph><altitudeFt>36000</altitudeFt><source>ASDI</source><date>2013-08-09T01:14:42.000Z</date></position><position><lon>-107.80000305175781</lon><lat>40.380001068115234</lat><speedMph>494</speedMph><altitudeFt>36000</altitudeFt><source>ASDI</source><date>2013-08-09T01:14:20.000Z</date></position><position><lon>-107.69999694824219</lon><lat>40.400001525878906</lat><speedMph>496</speedMph><altitudeFt>36000</altitudeFt><source>ASDI</source><date>2013-08-09T01:13:40.000Z</date></position><position><lon>-107.62999725341797</lon><lat>40.41999816894531</lat><speedMph>495</speedMph><altitudeFt>36000</altitudeFt><source>ASDI</source><date>2013-08-09T01:13:18.000Z</date></position><position><lon>-107.5199966430664</lon><lat>40.45000076293945</lat><speedMph>495</speedMph><altitudeFt>36000</altitudeFt><source>ASDI</source><date>2013-08-09T01:12:38.000Z</date></position><position><lon>-107.4800033569336</lon><lat>40.45000076293945</lat><speedMph>494</speedMph><altitudeFt>36000</altitudeFt><source>ASDI</source><date>2013-08-09T01:12:16.000Z</date></position><position><lon>-107.37999725341797</lon><lat>40.470001220703125</lat><speedMph>493</speedMph><altitudeFt>36000</altitudeFt><source>ASDI</source><date>2013-08-09T01:11:37.000Z</date></position><position><lon>-107.31999969482422</lon><lat>40.47999954223633</lat><speedMph>490</speedMph><altitudeFt>36000</altitudeFt><source>ASDI</source><date>2013-08-09T01:11:14.000Z</date></position><position><lon>-107.22000122070312</lon><lat>40.5</lat><speedMph>490</speedMph><altitudeFt>36000</altitudeFt><source>ASDI</source><date>2013-08-09T01:10:35.000Z</date></position><position><lon>-107.16999816894531</lon><lat>40.52000045776367</lat><speedMph>488</speedMph><altitudeFt>36000</altitudeFt><source>ASDI</source><date>2013-08-09T01:10:12.000Z</date></position><position><lon>-107.06999969482422</lon><lat>40.529998779296875</lat><speedMph>488</speedMph><altitudeFt>36000</altitudeFt><source>ASDI</source><date>2013-08-09T01:09:33.000Z</date></position><position><lon>-107.0199966430664</lon><lat>40.54999923706055</lat><speedMph>487</speedMph><altitudeFt>36000</altitudeFt><source>ASDI</source><date>2013-08-09T01:09:10.000Z</date></position><position><lon>-106.91999816894531</lon><lat>40.56999969482422</lat><speedMph>483</speedMph><altitudeFt>36000</altitudeFt><source>ASDI</source><date>2013-08-09T01:08:32.000Z</date></position><position><lon>-106.83000183105469</lon><lat>40.58000183105469</lat><speedMph>481</speedMph><altitudeFt>36000</altitudeFt><source>ASDI</source><date>2013-08-09T01:08:09.000Z</date></position><position><lon>-106.75</lon><lat>40.599998474121094</lat><speedMph>486</speedMph><altitudeFt>36000</altitudeFt><source>ASDI</source><date>2013-08-09T01:07:30.000Z</date></position><position><lon>-106.68000030517578</lon><lat>40.619998931884766</lat><speedMph>480</speedMph><altitudeFt>36000</altitudeFt><source>ASDI</source><date>2013-08-09T01:07:07.000Z</date></position><position><lon>-106.62000274658203</lon><lat>40.619998931884766</lat><speedMph>481</speedMph><altitudeFt>36000</altitudeFt><source>ASDI</source><date>2013-08-09T01:06:28.000Z</date></position><position><lon>-106.52999877929688</lon><lat>40.630001068115234</lat><speedMph>481</speedMph><altitudeFt>36000</altitudeFt><source>ASDI</source><date>2013-08-09T01:06:05.000Z</date></position><position><lon>-106.44999694824219</lon><lat>40.650001525878906</lat><speedMph>480</speedMph><altitudeFt>36000</altitudeFt><source>ASDI</source><date>2013-08-09T01:05:27.000Z</date></position><position><lon>-106.4000015258789</lon><lat>40.66999816894531</lat><speedMph>481</speedMph><altitudeFt>36000</altitudeFt><source>ASDI</source><date>2013-08-09T01:05:03.000Z</date></position><position><lon>-106.30000305175781</lon><lat>40.68000030517578</lat><speedMph>482</speedMph><altitudeFt>36000</altitudeFt><source>ASDI</source><date>2013-08-09T01:04:25.000Z</date></position><position><lon>-106.25</lon><lat>40.70000076293945</lat><speedMph>483</speedMph><altitudeFt>36000</altitudeFt><source>ASDI</source><date>2013-08-09T01:04:01.000Z</date></position><position><lon>-106.1500015258789</lon><lat>40.720001220703125</lat><speedMph>487</speedMph><altitudeFt>36000</altitudeFt><source>ASDI</source><date>2013-08-09T01:03:23.000Z</date></position><position><lon>-106.08000183105469</lon><lat>40.72999954223633</lat><speedMph>486</speedMph><altitudeFt>36000</altitudeFt><source>ASDI</source><date>2013-08-09T01:02:59.000Z</date></position><position><lon>-106.0</lon><lat>40.75</lat><speedMph>489</speedMph><altitudeFt>36000</altitudeFt><source>ASDI</source><date>2013-08-09T01:02:21.000Z</date></position><position><lon>-105.93000030517578</lon><lat>40.77000045776367</lat><speedMph>489</speedMph><altitudeFt>36000</altitudeFt><source>ASDI</source><date>2013-08-09T01:01:57.000Z</date></position><position><lon>-105.83000183105469</lon><lat>40.779998779296875</lat><speedMph>491</speedMph><altitudeFt>36000</altitudeFt><source>ASDI</source><date>2013-08-09T01:01:20.000Z</date></position><position><lon>-105.77999877929688</lon><lat>40.779998779296875</lat><speedMph>487</speedMph><altitudeFt>36000</altitudeFt><source>ASDI</source><date>2013-08-09T01:00:55.000Z</date></position><position><lon>-105.68000030517578</lon><lat>40.79999923706055</lat><speedMph>491</speedMph><altitudeFt>36000</altitudeFt><source>ASDI</source><date>2013-08-09T01:00:18.000Z</date></position><position><lon>-105.62999725341797</lon><lat>40.81999969482422</lat><speedMph>490</speedMph><altitudeFt>36000</altitudeFt><source>ASDI</source><date>2013-08-09T00:59:53.000Z</date></position><position><lon>-105.52999877929688</lon><lat>40.83000183105469</lat><speedMph>490</speedMph><altitudeFt>36000</altitudeFt><source>ASDI</source><date>2013-08-09T00:59:16.000Z</date></position><position><lon>-105.4800033569336</lon><lat>40.849998474121094</lat><speedMph>493</speedMph><altitudeFt>36000</altitudeFt><source>ASDI</source><date>2013-08-09T00:58:50.000Z</date></position><position><lon>-105.37000274658203</lon><lat>40.869998931884766</lat><speedMph>494</speedMph><altitudeFt>36000</altitudeFt><source>ASDI</source><date>2013-08-09T00:58:14.000Z</date></position><position><lon>-105.30000305175781</lon><lat>40.880001068115234</lat><speedMph>490</speedMph><altitudeFt>36000</altitudeFt><source>ASDI</source><date>2013-08-09T00:57:47.000Z</date></position><position><lon>-105.2300033569336</lon><lat>40.880001068115234</lat><speedMph>493</speedMph><altitudeFt>36000</altitudeFt><source>ASDI</source><date>2013-08-09T00:57:12.000Z</date></position><position><lon>-105.1500015258789</lon><lat>40.900001525878906</lat><speedMph>493</speedMph><altitudeFt>36000</altitudeFt><source>ASDI</source><date>2013-08-09T00:56:45.000Z</date></position><position><lon>-105.05000305175781</lon><lat>40.91999816894531</lat><speedMph>494</speedMph><altitudeFt>36000</altitudeFt><source>ASDI</source><date>2013-08-09T00:56:11.000Z</date></position><position><lon>-105.0</lon><lat>40.93000030517578</lat><speedMph>495</speedMph><altitudeFt>36000</altitudeFt><source>ASDI</source><date>2013-08-09T00:55:43.000Z</date></position><position><lon>-104.9000015258789</lon><lat>40.95000076293945</lat><speedMph>490</speedMph><altitudeFt>36000</altitudeFt><source>ASDI</source><date>2013-08-09T00:55:09.000Z</date></position><position><lon>-104.83000183105469</lon><lat>40.970001220703125</lat><speedMph>490</speedMph><altitudeFt>36000</altitudeFt><source>ASDI</source><date>2013-08-09T00:54:41.000Z</date></position><position><lon>-104.7300033569336</lon><lat>40.97999954223633</lat><speedMph>486</speedMph><altitudeFt>36000</altitudeFt><source>ASDI</source><date>2013-08-09T00:54:07.000Z</date></position><position><lon>-104.68000030517578</lon><lat>40.97999954223633</lat><speedMph>487</speedMph><altitudeFt>36000</altitudeFt><source>ASDI</source><date>2013-08-09T00:53:39.000Z</date></position><position><lon>-104.58000183105469</lon><lat>41.0</lat><speedMph>483</speedMph><altitudeFt>36000</altitudeFt><source>ASDI</source><date>2013-08-09T00:53:05.000Z</date></position><position><lon>-104.52999877929688</lon><lat>41.02000045776367</lat><speedMph>490</speedMph><altitudeFt>36000</altitudeFt><source>ASDI</source><date>2013-08-09T00:52:37.000Z</date></position><position><lon>-104.43000030517578</lon><lat>41.029998779296875</lat><speedMph>483</speedMph><altitudeFt>36000</altitudeFt><source>ASDI</source><date>2013-08-09T00:52:03.000Z</date></position><position><lon>-104.37000274658203</lon><lat>41.04999923706055</lat><speedMph>483</speedMph><altitudeFt>36000</altitudeFt><source>ASDI</source><date>2013-08-09T00:51:35.000Z</date></position><position><lon>-104.27999877929688</lon><lat>41.04999923706055</lat><speedMph>484</speedMph><altitudeFt>36000</altitudeFt><source>ASDI</source><date>2013-08-09T00:51:01.000Z</date></position><position><lon>-104.22000122070312</lon><lat>41.06999969482422</lat><speedMph>481</speedMph><altitudeFt>36000</altitudeFt><source>ASDI</source><date>2013-08-09T00:50:33.000Z</date></position><position><lon>-104.12000274658203</lon><lat>41.06999969482422</lat><speedMph>486</speedMph><altitudeFt>36000</altitudeFt><source>ASDI</source><date>2013-08-09T00:49:59.000Z</date></position><position><lon>-104.05000305175781</lon><lat>41.06999969482422</lat><speedMph>487</speedMph><altitudeFt>36000</altitudeFt><source>ASDI</source><date>2013-08-09T00:49:31.000Z</date></position><position><lon>-103.97000122070312</lon><lat>41.06999969482422</lat><speedMph>486</speedMph><altitudeFt>36000</altitudeFt><source>ASDI</source><date>2013-08-09T00:48:57.000Z</date></position><position><lon>-103.9000015258789</lon><lat>41.06999969482422</lat><speedMph>487</speedMph><altitudeFt>36000</altitudeFt><source>ASDI</source><date>2013-08-09T00:48:29.000Z</date></position><position><lon>-103.80000305175781</lon><lat>41.06999969482422</lat><speedMph>488</speedMph><altitudeFt>36000</altitudeFt><source>ASDI</source><date>2013-08-09T00:47:55.000Z</date></position><position><lon>-103.72000122070312</lon><lat>41.04999923706055</lat><speedMph>487</speedMph><altitudeFt>36000</altitudeFt><source>ASDI</source><date>2013-08-09T00:47:27.000Z</date></position><position><lon>-103.6500015258789</lon><lat>41.04999923706055</lat><speedMph>487</speedMph><altitudeFt>36000</altitudeFt><source>ASDI</source><date>2013-08-09T00:46:53.000Z</date></position><position><lon>-103.56999969482422</lon><lat>41.04999923706055</lat><speedMph>491</speedMph><altitudeFt>36000</altitudeFt><source>ASDI</source><date>2013-08-09T00:46:25.000Z</date></position><position><lon>-103.47000122070312</lon><lat>41.029998779296875</lat><speedMph>484</speedMph><altitudeFt>36000</altitudeFt><source>ASDI</source><date>2013-08-09T00:45:51.000Z</date></position><position><lon>-103.4000015258789</lon><lat>41.029998779296875</lat><speedMph>482</speedMph><altitudeFt>36000</altitudeFt><source>ASDI</source><date>2013-08-09T00:45:23.000Z</date></position><position><lon>-103.33000183105469</lon><lat>41.04999923706055</lat><speedMph>482</speedMph><altitudeFt>36000</altitudeFt><source>ASDI</source><date>2013-08-09T00:44:49.000Z</date></position><position><lon>-103.25</lon><lat>41.04999923706055</lat><speedMph>479</speedMph><altitudeFt>36000</altitudeFt><source>ASDI</source><date>2013-08-09T00:44:21.000Z</date></position><position><lon>-103.1500015258789</lon><lat>41.06999969482422</lat><speedMph>482</speedMph><altitudeFt>36000</altitudeFt><source>ASDI</source><date>2013-08-09T00:43:48.000Z</date></position><position><lon>-103.08000183105469</lon><lat>41.06999969482422</lat><speedMph>481</speedMph><altitudeFt>36000</altitudeFt><source>ASDI</source><date>2013-08-09T00:43:19.000Z</date></position><position><lon>-103.0199966430664</lon><lat>41.08000183105469</lat><speedMph>482</speedMph><altitudeFt>36000</altitudeFt><source>ASDI</source><date>2013-08-09T00:42:46.000Z</date></position><position><lon>-102.93000030517578</lon><lat>41.099998474121094</lat><speedMph>480</speedMph><altitudeFt>36000</altitudeFt><source>ASDI</source><date>2013-08-09T00:42:17.000Z</date></position><position><lon>-102.87000274658203</lon><lat>41.099998474121094</lat><speedMph>481</speedMph><altitudeFt>36000</altitudeFt><source>ASDI</source><date>2013-08-09T00:41:44.000Z</date></position><position><lon>-102.77999877929688</lon><lat>41.119998931884766</lat><speedMph>480</speedMph><altitudeFt>36000</altitudeFt><source>ASDI</source><date>2013-08-09T00:41:15.000Z</date></position><position><lon>-102.69999694824219</lon><lat>41.119998931884766</lat><speedMph>481</speedMph><altitudeFt>36000</altitudeFt><source>ASDI</source><date>2013-08-09T00:40:42.000Z</date></position><position><lon>-102.62000274658203</lon><lat>41.130001068115234</lat><speedMph>482</speedMph><altitudeFt>36000</altitudeFt><source>ASDI</source><date>2013-08-09T00:40:13.000Z</date></position><position><lon>-102.55000305175781</lon><lat>41.130001068115234</lat><speedMph>480</speedMph><altitudeFt>36000</altitudeFt><source>ASDI</source><date>2013-08-09T00:39:40.000Z</date></position><position><lon>-102.47000122070312</lon><lat>41.130001068115234</lat><speedMph>481</speedMph><altitudeFt>36000</altitudeFt><source>ASDI</source><date>2013-08-09T00:39:11.000Z</date></position><position><lon>-102.37999725341797</lon><lat>41.150001525878906</lat><speedMph>480</speedMph><altitudeFt>36000</altitudeFt><source>ASDI</source><date>2013-08-09T00:38:38.000Z</date></position><position><lon>-102.30000305175781</lon><lat>41.150001525878906</lat><speedMph>479</speedMph><altitudeFt>36000</altitudeFt><source>ASDI</source><date>2013-08-09T00:38:09.000Z</date></position><position><lon>-102.2300033569336</lon><lat>41.16999816894531</lat><speedMph>478</speedMph><altitudeFt>36000</altitudeFt><source>ASDI</source><date>2013-08-09T00:37:36.000Z</date></position><position><lon>-102.1500015258789</lon><lat>41.16999816894531</lat><speedMph>478</speedMph><altitudeFt>36000</altitudeFt><source>ASDI</source><date>2013-08-09T00:37:07.000Z</date></position><position><lon>-102.06999969482422</lon><lat>41.18000030517578</lat><speedMph>474</speedMph><altitudeFt>36000</altitudeFt><source>ASDI</source><date>2013-08-09T00:36:35.000Z</date></position><position><lon>-101.9800033569336</lon><lat>41.18000030517578</lat><speedMph>478</speedMph><altitudeFt>36000</altitudeFt><source>ASDI</source><date>2013-08-09T00:36:05.000Z</date></position><position><lon>-101.91999816894531</lon><lat>41.20000076293945</lat><speedMph>474</speedMph><altitudeFt>36000</altitudeFt><source>ASDI</source><date>2013-08-09T00:35:32.000Z</date></position><position><lon>-101.8499984741211</lon><lat>41.20000076293945</lat><speedMph>472</speedMph><altitudeFt>36000</altitudeFt><source>ASDI</source><date>2013-08-09T00:35:03.000Z</date></position><position><lon>-101.75</lon><lat>41.220001220703125</lat><speedMph>473</speedMph><altitudeFt>36000</altitudeFt><source>ASDI</source><date>2013-08-09T00:34:30.000Z</date></position><position><lon>-101.6500015258789</lon><lat>41.220001220703125</lat><speedMph>473</speedMph><altitudeFt>36000</altitudeFt><source>ASDI</source><date>2013-08-09T00:33:48.000Z</date></position><position><lon>-101.5999984741211</lon><lat>41.220001220703125</lat><speedMph>474</speedMph><altitudeFt>36000</altitudeFt><source>ASDI</source><date>2013-08-09T00:33:28.000Z</date></position><position><lon>-101.4800033569336</lon><lat>41.22999954223633</lat><speedMph>475</speedMph><altitudeFt>36000</altitudeFt><source>ASDI</source><date>2013-08-09T00:32:46.000Z</date></position><position><lon>-101.43000030517578</lon><lat>41.22999954223633</lat><speedMph>474</speedMph><altitudeFt>36000</altitudeFt><source>ASDI</source><date>2013-08-09T00:32:26.000Z</date></position><position><lon>-101.33000183105469</lon><lat>41.25</lat><speedMph>474</speedMph><altitudeFt>36000</altitudeFt><source>ASDI</source><date>2013-08-09T00:31:44.000Z</date></position><position><lon>-101.27999877929688</lon><lat>41.25</lat><speedMph>474</speedMph><altitudeFt>36000</altitudeFt><source>ASDI</source><date>2013-08-09T00:31:25.000Z</date></position><position><lon>-101.16999816894531</lon><lat>41.27000045776367</lat><speedMph>472</speedMph><altitudeFt>36000</altitudeFt><source>ASDI</source><date>2013-08-09T00:30:42.000Z</date></position><position><lon>-101.1500015258789</lon><lat>41.27000045776367</lat><speedMph>474</speedMph><altitudeFt>36000</altitudeFt><source>ASDI</source><date>2013-08-09T00:30:23.000Z</date></position><position><lon>-101.02999877929688</lon><lat>41.279998779296875</lat><speedMph>476</speedMph><altitudeFt>36000</altitudeFt><source>ASDI</source><date>2013-08-09T00:29:40.000Z</date></position><position><lon>-100.9800033569336</lon><lat>41.279998779296875</lat><speedMph>476</speedMph><altitudeFt>36000</altitudeFt><source>ASDI</source><date>2013-08-09T00:29:21.000Z</date></position><position><lon>-100.87000274658203</lon><lat>41.29999923706055</lat><speedMph>478</speedMph><altitudeFt>36000</altitudeFt><source>ASDI</source><date>2013-08-09T00:28:38.000Z</date></position><position><lon>-100.83000183105469</lon><lat>41.29999923706055</lat><speedMph>478</speedMph><altitudeFt>36000</altitudeFt><source>ASDI</source><date>2013-08-09T00:28:19.000Z</date></position><position><lon>-100.72000122070312</lon><lat>41.29999923706055</lat><speedMph>478</speedMph><altitudeFt>36000</altitudeFt><source>ASDI</source><date>2013-08-09T00:27:36.000Z</date></position><position><lon>-100.66999816894531</lon><lat>41.29999923706055</lat><speedMph>478</speedMph><altitudeFt>36000</altitudeFt><source>ASDI</source><date>2013-08-09T00:27:17.000Z</date></position><position><lon>-100.55000305175781</lon><lat>41.31999969482422</lat><speedMph>473</speedMph><altitudeFt>36000</altitudeFt><source>ASDI</source><date>2013-08-09T00:26:34.000Z</date></position><position><lon>-100.5199966430664</lon><lat>41.31999969482422</lat><speedMph>450</speedMph><altitudeFt>36000</altitudeFt><source>ASDI</source><date>2013-08-09T00:26:15.000Z</date></position><position><lon>-100.5</lon><lat>41.31999969482422</lat><speedMph>474</speedMph><altitudeFt>36000</altitudeFt><source>ASDI</source><date>2013-08-09T00:26:13.000Z</date></position><position><lon>-100.4000015258789</lon><lat>41.33000183105469</lat><speedMph>475</speedMph><altitudeFt>36000</altitudeFt><source>ASDI</source><date>2013-08-09T00:25:32.000Z</date></position><position><lon>-100.3499984741211</lon><lat>41.33000183105469</lat><speedMph>474</speedMph><altitudeFt>36000</altitudeFt><source>ASDI</source><date>2013-08-09T00:25:11.000Z</date></position><position><lon>-100.2300033569336</lon><lat>41.349998474121094</lat><speedMph>473</speedMph><altitudeFt>36000</altitudeFt><source>ASDI</source><date>2013-08-09T00:24:30.000Z</date></position><position><lon>-100.19999694824219</lon><lat>41.349998474121094</lat><speedMph>473</speedMph><altitudeFt>36000</altitudeFt><source>ASDI</source><date>2013-08-09T00:24:09.000Z</date></position><position><lon>-100.08000183105469</lon><lat>41.369998931884766</lat><speedMph>472</speedMph><altitudeFt>36000</altitudeFt><source>ASDI</source><date>2013-08-09T00:23:27.000Z</date></position><position><lon>-100.0199966430664</lon><lat>41.369998931884766</lat><speedMph>473</speedMph><altitudeFt>36000</altitudeFt><source>ASDI</source><date>2013-08-09T00:23:07.000Z</date></position><position><lon>-99.91999816894531</lon><lat>41.369998931884766</lat><speedMph>471</speedMph><altitudeFt>36000</altitudeFt><source>ASDI</source><date>2013-08-09T00:22:25.000Z</date></position><position><lon>-99.87000274658203</lon><lat>41.380001068115234</lat><speedMph>472</speedMph><altitudeFt>36000</altitudeFt><source>ASDI</source><date>2013-08-09T00:22:05.000Z</date></position><position><lon>-99.77999877929688</lon><lat>41.380001068115234</lat><speedMph>476</speedMph><altitudeFt>36000</altitudeFt><source>ASDI</source><date>2013-08-09T00:21:23.000Z</date></position><position><lon>-99.72000122070312</lon><lat>41.380001068115234</lat><speedMph>474</speedMph><altitudeFt>36000</altitudeFt><source>ASDI</source><date>2013-08-09T00:21:03.000Z</date></position><position><lon>-99.62999725341797</lon><lat>41.400001525878906</lat><speedMph>475</speedMph><altitudeFt>36000</altitudeFt><source>ASDI</source><date>2013-08-09T00:20:21.000Z</date></position><position><lon>-99.56999969482422</lon><lat>41.400001525878906</lat><speedMph>479</speedMph><altitudeFt>36000</altitudeFt><source>ASDI</source><date>2013-08-09T00:20:01.000Z</date></position><position><lon>-99.44999694824219</lon><lat>41.41999816894531</lat><speedMph>480</speedMph><altitudeFt>36000</altitudeFt><source>ASDI</source><date>2013-08-09T00:19:19.000Z</date></position><position><lon>-99.41999816894531</lon><lat>41.41999816894531</lat><speedMph>479</speedMph><altitudeFt>36000</altitudeFt><source>ASDI</source><date>2013-08-09T00:18:59.000Z</date></position><position><lon>-99.27999877929688</lon><lat>41.41999816894531</lat><speedMph>481</speedMph><altitudeFt>36000</altitudeFt><source>ASDI</source><date>2013-08-09T00:18:17.000Z</date></position><position><lon>-99.2699966430664</lon><lat>41.41999816894531</lat><speedMph>479</speedMph><altitudeFt>36000</altitudeFt><source>ASDI</source><date>2013-08-09T00:17:57.000Z</date></position><position><lon>-99.12999725341797</lon><lat>41.43000030517578</lat><speedMph>480</speedMph><altitudeFt>36000</altitudeFt><source>ASDI</source><date>2013-08-09T00:17:15.000Z</date></position><position><lon>-99.08000183105469</lon><lat>41.43000030517578</lat><speedMph>476</speedMph><altitudeFt>36000</altitudeFt><source>ASDI</source><date>2013-08-09T00:16:55.000Z</date></position><position><lon>-98.9800033569336</lon><lat>41.45000076293945</lat><speedMph>475</speedMph><altitudeFt>36000</altitudeFt><source>ASDI</source><date>2013-08-09T00:16:13.000Z</date></position><position><lon>-98.93000030517578</lon><lat>41.45000076293945</lat><speedMph>472</speedMph><altitudeFt>36000</altitudeFt><source>ASDI</source><date>2013-08-09T00:15:53.000Z</date></position><position><lon>-98.83000183105469</lon><lat>41.45000076293945</lat><speedMph>470</speedMph><altitudeFt>36000</altitudeFt><source>ASDI</source><date>2013-08-09T00:15:11.000Z</date></position><position><lon>-98.77999877929688</lon><lat>41.45000076293945</lat><speedMph>465</speedMph><altitudeFt>36000</altitudeFt><source>ASDI</source><date>2013-08-09T00:14:51.000Z</date></position><position><lon>-98.6500015258789</lon><lat>41.470001220703125</lat><speedMph>460</speedMph><altitudeFt>36000</altitudeFt><source>ASDI</source><date>2013-08-09T00:14:09.000Z</date></position><position><lon>-98.5999984741211</lon><lat>41.470001220703125</lat><speedMph>463</speedMph><altitudeFt>36000</altitudeFt><source>ASDI</source><date>2013-08-09T00:13:49.000Z</date></position><position><lon>-98.5</lon><lat>41.470001220703125</lat><speedMph>465</speedMph><altitudeFt>36000</altitudeFt><source>ASDI</source><date>2013-08-09T00:13:07.000Z</date></position><position><lon>-98.4800033569336</lon><lat>41.47999954223633</lat><speedMph>468</speedMph><altitudeFt>36000</altitudeFt><source>ASDI</source><date>2013-08-09T00:12:47.000Z</date></position><position><lon>-98.37000274658203</lon><lat>41.47999954223633</lat><speedMph>475</speedMph><altitudeFt>36000</altitudeFt><source>ASDI</source><date>2013-08-09T00:12:05.000Z</date></position><position><lon>-98.30000305175781</lon><lat>41.47999954223633</lat><speedMph>480</speedMph><altitudeFt>35800</altitudeFt><source>ASDI</source><date>2013-08-09T00:11:45.000Z</date></position><position><lon>-98.22000122070312</lon><lat>41.47999954223633</lat><speedMph>480</speedMph><altitudeFt>34900</altitudeFt><source>ASDI</source><date>2013-08-09T00:11:03.000Z</date></position><position><lon>-98.1500015258789</lon><lat>41.5</lat><speedMph>487</speedMph><altitudeFt>34500</altitudeFt><source>ASDI</source><date>2013-08-09T00:10:43.000Z</date></position><position><lon>-98.05000305175781</lon><lat>41.47999954223633</lat><speedMph>487</speedMph><altitudeFt>33900</altitudeFt><source>ASDI</source><date>2013-08-09T00:10:00.000Z</date></position><position><lon>-98.0</lon><lat>41.470001220703125</lat><speedMph>483</speedMph><altitudeFt>33400</altitudeFt><source>ASDI</source><date>2013-08-09T00:09:40.000Z</date></position><position><lon>-97.9000015258789</lon><lat>41.45000076293945</lat><speedMph>476</speedMph><altitudeFt>33000</altitudeFt><source>ASDI</source><date>2013-08-09T00:08:58.000Z</date></position><position><lon>-97.8499984741211</lon><lat>41.43000030517578</lat><speedMph>481</speedMph><altitudeFt>33000</altitudeFt><source>ASDI</source><date>2013-08-09T00:08:38.000Z</date></position><position><lon>-97.72000122070312</lon><lat>41.43000030517578</lat><speedMph>482</speedMph><altitudeFt>33000</altitudeFt><source>ASDI</source><date>2013-08-09T00:07:56.000Z</date></position><position><lon>-97.69999694824219</lon><lat>41.43000030517578</lat><speedMph>482</speedMph><altitudeFt>33000</altitudeFt><source>ASDI</source><date>2013-08-09T00:07:36.000Z</date></position><position><lon>-97.5</lon><lat>41.45000076293945</lat><speedMph>480</speedMph><altitudeFt>32400</altitudeFt><source>ASDI</source><date>2013-08-09T00:06:34.000Z</date></position><position><lon>-97.3499984741211</lon><lat>41.45000076293945</lat><speedMph>476</speedMph><altitudeFt>32000</altitudeFt><source>ASDI</source><date>2013-08-09T00:05:32.000Z</date></position><position><lon>-97.19999694824219</lon><lat>41.470001220703125</lat><speedMph>474</speedMph><altitudeFt>32000</altitudeFt><source>ASDI</source><date>2013-08-09T00:04:30.000Z</date></position><position><lon>-97.05000305175781</lon><lat>41.47999954223633</lat><speedMph>476</speedMph><altitudeFt>32000</altitudeFt><source>ASDI</source><date>2013-08-09T00:03:28.000Z</date></position><position><lon>-96.9000015258789</lon><lat>41.5</lat><speedMph>474</speedMph><altitudeFt>32000</altitudeFt><source>ASDI</source><date>2013-08-09T00:02:26.000Z</date></position><position><lon>-96.75</lon><lat>41.5</lat><speedMph>468</speedMph><altitudeFt>32000</altitudeFt><source>ASDI</source><date>2013-08-09T00:01:24.000Z</date></position><position><lon>-96.56999969482422</lon><lat>41.52000045776367</lat><speedMph>473</speedMph><altitudeFt>32000</altitudeFt><source>ASDI</source><date>2013-08-09T00:00:22.000Z</date></position><position><lon>-96.41999816894531</lon><lat>41.529998779296875</lat><speedMph>471</speedMph><altitudeFt>32000</altitudeFt><source>ASDI</source><date>2013-08-08T23:59:16.000Z</date></position><position><lon>-96.25</lon><lat>41.54999923706055</lat><speedMph>470</speedMph><altitudeFt>32000</altitudeFt><source>ASDI</source><date>2013-08-08T23:58:14.000Z</date></position><position><lon>-96.0999984741211</lon><lat>41.54999923706055</lat><speedMph>470</speedMph><altitudeFt>32000</altitudeFt><source>ASDI</source><date>2013-08-08T23:57:12.000Z</date></position><position><lon>-95.94999694824219</lon><lat>41.56999969482422</lat><speedMph>473</speedMph><altitudeFt>32000</altitudeFt><source>ASDI</source><date>2013-08-08T23:56:10.000Z</date></position><position><lon>-95.7699966430664</lon><lat>41.58000183105469</lat><speedMph>472</speedMph><altitudeFt>32000</altitudeFt><source>ASDI</source><date>2013-08-08T23:55:08.000Z</date></position><position><lon>-95.62999725341797</lon><lat>41.58000183105469</lat><speedMph>475</speedMph><altitudeFt>32000</altitudeFt><source>ASDI</source><date>2013-08-08T23:54:06.000Z</date></position><position><lon>-95.4800033569336</lon><lat>41.599998474121094</lat><speedMph>473</speedMph><altitudeFt>32000</altitudeFt><source>ASDI</source><date>2013-08-08T23:53:04.000Z</date></position><position><lon>-95.30000305175781</lon><lat>41.619998931884766</lat><speedMph>471</speedMph><altitudeFt>32000</altitudeFt><source>ASDI</source><date>2013-08-08T23:52:01.000Z</date></position><position><lon>-95.1500015258789</lon><lat>41.619998931884766</lat><speedMph>475</speedMph><altitudeFt>32000</altitudeFt><source>ASDI</source><date>2013-08-08T23:50:59.000Z</date></position><position><lon>-95.0</lon><lat>41.630001068115234</lat><speedMph>474</speedMph><altitudeFt>32000</altitudeFt><source>ASDI</source><date>2013-08-08T23:49:57.000Z</date></position><position><lon>-94.8499984741211</lon><lat>41.630001068115234</lat><speedMph>474</speedMph><altitudeFt>32000</altitudeFt><source>ASDI</source><date>2013-08-08T23:48:55.000Z</date></position><position><lon>-94.69999694824219</lon><lat>41.650001525878906</lat><speedMph>471</speedMph><altitudeFt>32000</altitudeFt><source>ASDI</source><date>2013-08-08T23:47:53.000Z</date></position><position><lon>-94.5199966430664</lon><lat>41.66999816894531</lat><speedMph>473</speedMph><altitudeFt>32000</altitudeFt><source>ASDI</source><date>2013-08-08T23:46:51.000Z</date></position><position><lon>-94.37000274658203</lon><lat>41.66999816894531</lat><speedMph>475</speedMph><altitudeFt>32000</altitudeFt><source>ASDI</source><date>2013-08-08T23:45:49.000Z</date></position><position><lon>-94.30000305175781</lon><lat>41.66999816894531</lat><speedMph>478</speedMph><altitudeFt>32000</altitudeFt><source>ASDI</source><date>2013-08-08T23:45:30.000Z</date></position><position><lon>-94.19999694824219</lon><lat>41.68000030517578</lat><speedMph>476</speedMph><altitudeFt>32000</altitudeFt><source>ASDI</source><date>2013-08-08T23:44:47.000Z</date></position><position><lon>-94.1500015258789</lon><lat>41.68000030517578</lat><speedMph>475</speedMph><altitudeFt>32000</altitudeFt><source>ASDI</source><date>2013-08-08T23:44:28.000Z</date></position><position><lon>-94.05000305175781</lon><lat>41.68000030517578</lat><speedMph>476</speedMph><altitudeFt>32000</altitudeFt><source>ASDI</source><date>2013-08-08T23:43:45.000Z</date></position><position><lon>-94.0</lon><lat>41.68000030517578</lat><speedMph>478</speedMph><altitudeFt>32000</altitudeFt><source>ASDI</source><date>2013-08-08T23:43:26.000Z</date></position><position><lon>-93.9000015258789</lon><lat>41.70000076293945</lat><speedMph>476</speedMph><altitudeFt>32000</altitudeFt><source>ASDI</source><date>2013-08-08T23:42:43.000Z</date></position><position><lon>-93.8499984741211</lon><lat>41.70000076293945</lat><speedMph>474</speedMph><altitudeFt>32000</altitudeFt><source>ASDI</source><date>2013-08-08T23:42:24.000Z</date></position><position><lon>-93.7300033569336</lon><lat>41.70000076293945</lat><speedMph>470</speedMph><altitudeFt>32000</altitudeFt><source>ASDI</source><date>2013-08-08T23:41:40.000Z</date></position><position><lon>-93.69999694824219</lon><lat>41.70000076293945</lat><speedMph>474</speedMph><altitudeFt>32000</altitudeFt><source>ASDI</source><date>2013-08-08T23:41:22.000Z</date></position><position><lon>-93.58000183105469</lon><lat>41.720001220703125</lat><speedMph>471</speedMph><altitudeFt>32000</altitudeFt><source>ASDI</source><date>2013-08-08T23:40:38.000Z</date></position><position><lon>-93.5199966430664</lon><lat>41.720001220703125</lat><speedMph>476</speedMph><altitudeFt>32000</altitudeFt><source>ASDI</source><date>2013-08-08T23:40:20.000Z</date></position><position><lon>-93.43000030517578</lon><lat>41.720001220703125</lat><speedMph>471</speedMph><altitudeFt>32000</altitudeFt><source>ASDI</source><date>2013-08-08T23:39:36.000Z</date></position><position><lon>-93.37000274658203</lon><lat>41.72999954223633</lat><speedMph>473</speedMph><altitudeFt>32000</altitudeFt><source>ASDI</source><date>2013-08-08T23:39:18.000Z</date></position><position><lon>-93.25</lon><lat>41.72999954223633</lat><speedMph>473</speedMph><altitudeFt>32000</altitudeFt><source>ASDI</source><date>2013-08-08T23:38:34.000Z</date></position><position><lon>-93.22000122070312</lon><lat>41.72999954223633</lat><speedMph>473</speedMph><altitudeFt>32000</altitudeFt><source>ASDI</source><date>2013-08-08T23:38:16.000Z</date></position><position><lon>-93.0999984741211</lon><lat>41.72999954223633</lat><speedMph>473</speedMph><altitudeFt>32000</altitudeFt><source>ASDI</source><date>2013-08-08T23:37:32.000Z</date></position><position><lon>-93.05000305175781</lon><lat>41.72999954223633</lat><speedMph>472</speedMph><altitudeFt>32000</altitudeFt><source>ASDI</source><date>2013-08-08T23:37:14.000Z</date></position><position><lon>-92.94999694824219</lon><lat>41.75</lat><speedMph>476</speedMph><altitudeFt>32000</altitudeFt><source>ASDI</source><date>2013-08-08T23:36:30.000Z</date></position><position><lon>-92.9000015258789</lon><lat>41.75</lat><speedMph>476</speedMph><altitudeFt>32000</altitudeFt><source>ASDI</source><date>2013-08-08T23:36:12.000Z</date></position><position><lon>-92.80000305175781</lon><lat>41.75</lat><speedMph>474</speedMph><altitudeFt>32000</altitudeFt><source>ASDI</source><date>2013-08-08T23:35:28.000Z</date></position><position><lon>-92.75</lon><lat>41.75</lat><speedMph>470</speedMph><altitudeFt>32000</altitudeFt><source>ASDI</source><date>2013-08-08T23:35:09.000Z</date></position><position><lon>-92.62999725341797</lon><lat>41.77000045776367</lat><speedMph>472</speedMph><altitudeFt>32000</altitudeFt><source>ASDI</source><date>2013-08-08T23:34:26.000Z</date></position><position><lon>-92.56999969482422</lon><lat>41.77000045776367</lat><speedMph>474</speedMph><altitudeFt>32000</altitudeFt><source>ASDI</source><date>2013-08-08T23:34:07.000Z</date></position><position><lon>-92.44999694824219</lon><lat>41.77000045776367</lat><speedMph>473</speedMph><altitudeFt>32000</altitudeFt><source>ASDI</source><date>2013-08-08T23:33:23.000Z</date></position><position><lon>-92.41999816894531</lon><lat>41.77000045776367</lat><speedMph>473</speedMph><altitudeFt>32000</altitudeFt><source>ASDI</source><date>2013-08-08T23:33:05.000Z</date></position><position><lon>-92.30000305175781</lon><lat>41.77000045776367</lat><speedMph>474</speedMph><altitudeFt>32000</altitudeFt><source>ASDI</source><date>2013-08-08T23:32:22.000Z</date></position><position><lon>-92.2699966430664</lon><lat>41.77000045776367</lat><speedMph>475</speedMph><altitudeFt>32000</altitudeFt><source>ASDI</source><date>2013-08-08T23:32:03.000Z</date></position><position><lon>-92.1500015258789</lon><lat>41.779998779296875</lat><speedMph>472</speedMph><altitudeFt>32000</altitudeFt><source>ASDI</source><date>2013-08-08T23:31:20.000Z</date></position><position><lon>-92.12000274658203</lon><lat>41.779998779296875</lat><speedMph>470</speedMph><altitudeFt>32000</altitudeFt><source>ASDI</source><date>2013-08-08T23:31:01.000Z</date></position><position><lon>-92.0</lon><lat>41.779998779296875</lat><speedMph>471</speedMph><altitudeFt>32000</altitudeFt><source>ASDI</source><date>2013-08-08T23:30:18.000Z</date></position><position><lon>-91.97000122070312</lon><lat>41.779998779296875</lat><speedMph>473</speedMph><altitudeFt>32000</altitudeFt><source>ASDI</source><date>2013-08-08T23:29:59.000Z</date></position><position><lon>-91.8499984741211</lon><lat>41.779998779296875</lat><speedMph>450</speedMph><altitudeFt>32000</altitudeFt><source>ASDI</source><date>2013-08-08T23:29:15.000Z</date></position><position><lon>-91.77999877929688</lon><lat>41.79999923706055</lat><speedMph>476</speedMph><altitudeFt>32000</altitudeFt><source>ASDI</source><date>2013-08-08T23:28:57.000Z</date></position><position><lon>-91.68000030517578</lon><lat>41.79999923706055</lat><speedMph>476</speedMph><altitudeFt>32000</altitudeFt><source>ASDI</source><date>2013-08-08T23:28:13.000Z</date></position><position><lon>-91.62999725341797</lon><lat>41.79999923706055</lat><speedMph>474</speedMph><altitudeFt>32000</altitudeFt><source>ASDI</source><date>2013-08-08T23:27:55.000Z</date></position><position><lon>-91.4800033569336</lon><lat>41.79999923706055</lat><speedMph>473</speedMph><altitudeFt>32000</altitudeFt><source>ASDI</source><date>2013-08-08T23:26:53.000Z</date></position><position><lon>-91.31999969482422</lon><lat>41.79999923706055</lat><speedMph>474</speedMph><altitudeFt>32000</altitudeFt><source>ASDI</source><date>2013-08-08T23:25:51.000Z</date></position><position><lon>-91.16999816894531</lon><lat>41.81999969482422</lat><speedMph>475</speedMph><altitudeFt>32000</altitudeFt><source>ASDI</source><date>2013-08-08T23:24:48.000Z</date></position><position><lon>-90.9800033569336</lon><lat>41.81999969482422</lat><speedMph>479</speedMph><altitudeFt>32000</altitudeFt><source>ASDI</source><date>2013-08-08T23:23:46.000Z</date></position><position><lon>-90.83000183105469</lon><lat>41.81999969482422</lat><speedMph>487</speedMph><altitudeFt>32000</altitudeFt><source>ASDI</source><date>2013-08-08T23:22:44.000Z</date></position><position><lon>-90.68000030517578</lon><lat>41.81999969482422</lat><speedMph>491</speedMph><altitudeFt>32000</altitudeFt><source>ASDI</source><date>2013-08-08T23:21:42.000Z</date></position><position><lon>-90.5199966430664</lon><lat>41.83000183105469</lat><speedMph>484</speedMph><altitudeFt>32000</altitudeFt><source>ASDI</source><date>2013-08-08T23:20:40.000Z</date></position><position><lon>-90.37000274658203</lon><lat>41.83000183105469</lat><speedMph>486</speedMph><altitudeFt>32000</altitudeFt><source>ASDI</source><date>2013-08-08T23:19:38.000Z</date></position><position><lon>-90.18000030517578</lon><lat>41.83000183105469</lat><speedMph>483</speedMph><altitudeFt>32000</altitudeFt><source>ASDI</source><date>2013-08-08T23:18:35.000Z</date></position><position><lon>-90.0199966430664</lon><lat>41.83000183105469</lat><speedMph>484</speedMph><altitudeFt>31900</altitudeFt><source>ASDI</source><date>2013-08-08T23:17:33.000Z</date></position><position><lon>-89.87999725341797</lon><lat>41.849998474121094</lat><speedMph>481</speedMph><altitudeFt>30600</altitudeFt><source>ASDI</source><date>2013-08-08T23:16:31.000Z</date></position><position><lon>-89.72000122070312</lon><lat>41.849998474121094</lat><speedMph>475</speedMph><altitudeFt>29800</altitudeFt><source>ASDI</source><date>2013-08-08T23:15:29.000Z</date></position><position><lon>-89.52999877929688</lon><lat>41.849998474121094</lat><speedMph>466</speedMph><altitudeFt>28600</altitudeFt><source>ASDI</source><date>2013-08-08T23:14:27.000Z</date></position><position><lon>-89.37999725341797</lon><lat>41.849998474121094</lat><speedMph>461</speedMph><altitudeFt>27500</altitudeFt><source>ASDI</source><date>2013-08-08T23:13:25.000Z</date></position><position><lon>-89.2300033569336</lon><lat>41.849998474121094</lat><speedMph>458</speedMph><altitudeFt>26400</altitudeFt><source>ASDI</source><date>2013-08-08T23:12:23.000Z</date></position><position><lon>-89.08000183105469</lon><lat>41.849998474121094</lat><speedMph>429</speedMph><altitudeFt>25100</altitudeFt><source>ASDI</source><date>2013-08-08T23:11:21.000Z</date></position><position><lon>-88.97000122070312</lon><lat>41.880001068115234</lat><speedMph>421</speedMph><altitudeFt>24100</altitudeFt><source>ASDI</source><date>2013-08-08T23:10:19.000Z</date></position><position><lon>-88.80000305175781</lon><lat>41.93000030517578</lat><speedMph>405</speedMph><altitudeFt>22100</altitudeFt><source>ASDI</source><date>2013-08-08T23:09:17.000Z</date></position><position><lon>-88.68000030517578</lon><lat>41.970001220703125</lat><speedMph>387</speedMph><altitudeFt>20500</altitudeFt><source>ASDI</source><date>2013-08-08T23:08:15.000Z</date></position><position><lon>-88.56999969482422</lon><lat>42.0</lat><speedMph>346</speedMph><altitudeFt>19200</altitudeFt><source>ASDI</source><date>2013-08-08T23:07:12.000Z</date></position><position><lon>-88.47000122070312</lon><lat>42.029998779296875</lat><speedMph>338</speedMph><altitudeFt>17700</altitudeFt><source>ASDI</source><date>2013-08-08T23:06:10.000Z</date></position><position><lon>-88.37000274658203</lon><lat>42.06999969482422</lat><speedMph>339</speedMph><altitudeFt>15500</altitudeFt><source>ASDI</source><date>2013-08-08T23:05:09.000Z</date></position><position><lon>-88.2300033569336</lon><lat>42.099998474121094</lat><speedMph>333</speedMph><altitudeFt>12500</altitudeFt><source>ASDI</source><date>2013-08-08T23:04:06.000Z</date></position><position><lon>-88.12999725341797</lon><lat>42.130001068115234</lat><speedMph>322</speedMph><altitudeFt>9800</altitudeFt><source>ASDI</source><date>2013-08-08T23:03:04.000Z</date></position><position><lon>-88.02999877929688</lon><lat>42.119998931884766</lat><speedMph>284</speedMph><altitudeFt>7100</altitudeFt><source>ASDI</source><date>2013-08-08T23:02:02.000Z</date></position><position><lon>-88.0</lon><lat>42.04999923706055</lat><speedMph>251</speedMph><altitudeFt>4300</altitudeFt><source>ASDI</source><date>2013-08-08T23:01:00.000Z</date></position><position><lon>-87.9800033569336</lon><lat>42.04999923706055</lat><speedMph>266</speedMph><altitudeFt>3700</altitudeFt><source>ASDI</source><date>2013-08-08T23:00:43.000Z</date></position></positions><waypoints><waypoint><lon>-87.9000015258789</lon><lat>41.96666717529297</lat></waypoint><waypoint><lon>-88.01667022705078</lon><lat>41.96666717529297</lat></waypoint><waypoint><lon>-88.05000305175781</lon><lat>41.95000076293945</lat></waypoint><waypoint><lon>-88.0999984741211</lon><lat>41.95000076293945</lat></waypoint><waypoint><lon>-88.19999694824219</lon><lat>41.93333435058594</lat></waypoint><waypoint><lon>-88.23332977294922</lon><lat>41.93333435058594</lat></waypoint><waypoint><lon>-88.33333587646484</lon><lat>41.93333435058594</lat></waypoint><waypoint><lon>-88.41666412353516</lon><lat>41.91666793823242</lat></waypoint><waypoint><lon>-88.46666717529297</lon><lat>41.91666793823242</lat></waypoint><waypoint><lon>-88.75</lon><lat>41.88333511352539</lat></waypoint><waypoint><lon>-88.76667022705078</lon><lat>41.88333511352539</lat></waypoint><waypoint><lon>-88.98332977294922</lon><lat>41.88333511352539</lat></waypoint><waypoint><lon>-89.08333587646484</lon><lat>41.88333511352539</lat></waypoint><waypoint><lon>-89.31666564941406</lon><lat>41.88333511352539</lat></waypoint><waypoint><lon>-89.44999694824219</lon><lat>41.88333511352539</lat></waypoint><waypoint><lon>-89.58333587646484</lon><lat>41.86666488647461</lat></waypoint><waypoint><lon>-89.91666412353516</lon><lat>41.86666488647461</lat></waypoint><waypoint><lon>-90.01667022705078</lon><lat>41.86666488647461</lat></waypoint><waypoint><lon>-90.03333282470703</lon><lat>41.86666488647461</lat></waypoint><waypoint><lon>-90.26667022705078</lon><lat>41.86666488647461</lat></waypoint><waypoint><lon>-90.36666870117188</lon><lat>41.849998474121094</lat></waypoint><waypoint><lon>-91.4000015258789</lon><lat>41.81666564941406</lat></waypoint><waypoint><lon>-93.43333435058594</lon><lat>41.733333587646484</lat></waypoint><waypoint><lon>-96.03333282470703</lon><lat>41.56666564941406</lat></waypoint><waypoint><lon>-96.0999984741211</lon><lat>41.54999923706055</lat></waypoint><waypoint><lon>-96.48332977294922</lon><lat>41.53333282470703</lat></waypoint><waypoint><lon>-96.61666870117188</lon><lat>41.516666412353516</lat></waypoint><waypoint><lon>-97.31666564941406</lon><lat>41.45000076293945</lat></waypoint><waypoint><lon>-98.06666564941406</lon><lat>41.483333587646484</lat></waypoint><waypoint><lon>-98.6500015258789</lon><lat>41.46666717529297</lat></waypoint><waypoint><lon>-99.01667022705078</lon><lat>41.41666793823242</lat></waypoint><waypoint><lon>-99.13333129882812</lon><lat>41.43333435058594</lat></waypoint><waypoint><lon>-100.23332977294922</lon><lat>41.349998474121094</lat></waypoint><waypoint><lon>-101.28333282470703</lon><lat>41.25</lat></waypoint><waypoint><lon>-102.96666717529297</lon><lat>41.08333206176758</lat></waypoint><waypoint><lon>-103.36666870117188</lon><lat>41.03333282470703</lat></waypoint><waypoint><lon>-103.43333435058594</lon><lat>41.04999923706055</lat></waypoint><waypoint><lon>-104.25</lon><lat>41.04999923706055</lat></waypoint><waypoint><lon>-104.36666870117188</lon><lat>41.04999923706055</lat></waypoint><waypoint><lon>-104.56666564941406</lon><lat>41.0</lat></waypoint><waypoint><lon>-105.36666870117188</lon><lat>40.849998474121094</lat></waypoint><waypoint><lon>-108.43333435058594</lon><lat>40.25</lat></waypoint><waypoint><lon>-109.1500015258789</lon><lat>40.08333206176758</lat></waypoint><waypoint><lon>-109.38333129882812</lon><lat>40.04999923706055</lat></waypoint><waypoint><lon>-109.68333435058594</lon><lat>39.983333587646484</lat></waypoint><waypoint><lon>-110.94999694824219</lon><lat>39.68333435058594</lat></waypoint><waypoint><lon>-111.21666717529297</lon><lat>39.61666488647461</lat></waypoint><waypoint><lon>-112.5</lon><lat>39.29999923706055</lat></waypoint><waypoint><lon>-112.76667022705078</lon><lat>39.233333587646484</lat></waypoint><waypoint><lon>-113.31666564941406</lon><lat>39.11666488647461</lat></waypoint><waypoint><lon>-115.88333129882812</lon><lat>38.483333587646484</lat></waypoint><waypoint><lon>-117.26667022705078</lon><lat>38.11666488647461</lat></waypoint><waypoint><lon>-117.26667022705078</lon><lat>38.11666488647461</lat></waypoint><waypoint><lon>-117.76667022705078</lon><lat>38.0</lat></waypoint><waypoint><lon>-118.75</lon><lat>37.88333511352539</lat></waypoint><waypoint><lon>-119.0999984741211</lon><lat>37.88333511352539</lat></waypoint><waypoint><lon>-119.11666870117188</lon><lat>37.88333511352539</lat></waypoint><waypoint><lon>-119.21666717529297</lon><lat>37.83333206176758</lat></waypoint><waypoint><lon>-119.36666870117188</lon><lat>37.81666564941406</lat></waypoint><waypoint><lon>-119.55000305175781</lon><lat>37.79999923706055</lat></waypoint><waypoint><lon>-119.91666412353516</lon><lat>37.75</lat></waypoint><waypoint><lon>-120.01667022705078</lon><lat>37.733333587646484</lat></waypoint><waypoint><lon>-120.0999984741211</lon><lat>37.733333587646484</lat></waypoint><waypoint><lon>-120.4000015258789</lon><lat>37.68333435058594</lat></waypoint><waypoint><lon>-120.43333435058594</lon><lat>37.68333435058594</lat></waypoint><waypoint><lon>-120.5</lon><lat>37.68333435058594</lat></waypoint><waypoint><lon>-120.68333435058594</lon><lat>37.650001525878906</lat></waypoint><waypoint><lon>-120.80000305175781</lon><lat>37.63333511352539</lat></waypoint><waypoint><lon>-120.8499984741211</lon><lat>37.63333511352539</lat></waypoint><waypoint><lon>-120.94999694824219</lon><lat>37.61666488647461</lat></waypoint><waypoint><lon>-121.0</lon><lat>37.61666488647461</lat></waypoint><waypoint><lon>-121.0999984741211</lon><lat>37.599998474121094</lat></waypoint><waypoint><lon>-121.11666870117188</lon><lat>37.599998474121094</lat></waypoint><waypoint><lon>-121.19999694824219</lon><lat>37.58333206176758</lat></waypoint><waypoint><lon>-121.28333282470703</lon><lat>37.58333206176758</lat></waypoint><waypoint><lon>-121.41666412353516</lon><lat>37.56666564941406</lat></waypoint><waypoint><lon>-121.43333435058594</lon><lat>37.56666564941406</lat></waypoint><waypoint><lon>-121.58333587646484</lon><lat>37.54999923706055</lat></waypoint><waypoint><lon>-121.61666870117188</lon><lat>37.54999923706055</lat></waypoint><waypoint><lon>-121.63333129882812</lon><lat>37.53333282470703</lat></waypoint><waypoint><lon>-121.71666717529297</lon><lat>37.516666412353516</lat></waypoint><waypoint><lon>-121.83333587646484</lon><lat>37.5</lat></waypoint><waypoint><lon>-121.86666870117188</lon><lat>37.61666488647461</lat></waypoint><waypoint><lon>-121.9000015258789</lon><lat>37.61666488647461</lat></waypoint><waypoint><lon>-121.83333587646484</lon><lat>37.56666564941406</lat></waypoint><waypoint><lon>-121.94999694824219</lon><lat>37.61666488647461</lat></waypoint><waypoint><lon>-121.94999694824219</lon><lat>37.61666488647461</lat></waypoint><waypoint><lon>-122.0</lon><lat>37.61666488647461</lat></waypoint><waypoint><lon>-122.1500015258789</lon><lat>37.61666488647461</lat></waypoint><waypoint><lon>-122.1500015258789</lon><lat>37.61666488647461</lat></waypoint><waypoint><lon>-122.3499984741211</lon><lat>37.61666488647461</lat></waypoint><waypoint><lon>-122.36666870117188</lon><lat>37.61666488647461</lat></waypoint></waypoints><legacyRoute>KORD./.BFF202061..DTA..RUMPS..OAL.MOD4.KSFO/0302</legacyRoute></flightTrack></flightTracks><request><url>https://api.flightstats.com/flex/flightstatus/rest/v2/xml/flight/tracks/UA/562/arr/2013/8/8</url><airline><requestedCode>UA</requestedCode><fsCode>UA</fsCode></airline><flight><requested>562</requested><interpreted>562</interpreted></flight><date><year>2013</year><month>8</month><day>8</day><interpreted>2013-08-08</interpreted></date><hourOfDay><interpreted>0</interpreted></hourOfDay><numHours><interpreted>24</interpreted></numHours><utc><requested>false</requested><interpreted>false</interpreted></utc><airport/><includeFlightPlan><requested>true</requested><interpreted>true</interpreted></includeFlightPlan><maxPositions/><maxPositionAgeMinutes/><codeType/><extendedOptions/></request></response>