<?xml version="1.0" encoding="UTF-8" standalone="yes"?><response><appendix><airlines><airline><fs>VS</fs><iata>VS</iata><icao>VIR</icao><name>Virgin Atlantic Airways</name><active>true</active></airline></airlines><airports><airport><fs>JFK</fs><iata>JFK</iata><icao>KJFK</icao><faa>JFK</faa><name>John F. Kennedy International Airport</name><street1>JFK Airport</street1><city>New York</city><cityCode>NYC</cityCode><stateCode>NY</stateCode><postalCode>11430</postalCode><countryCode>US</countryCode><countryName>United States</countryName><regionName>North America</regionName><timeZoneRegionName>America/New_York</timeZoneRegionName><weatherZone>NYZ178</weatherZone><localTime>2013-08-09T04:12:57.354</localTime><utcOffsetHours>-4.0</utcOffsetHours><latitude>40.642335</latitude><longitude>-73.78817</longitude><elevationFeet>13</elevationFeet><classification>1</classification><active>true</active><delayIndexUrl>https://api.flightstats.com/flex/delayindex/rest/v1/json/airports/JFK?codeType=fs</delayIndexUrl><weatherUrl>https://api.flightstats.com/flex/weather/rest/v1/json/all/JFK?codeType=fs</weatherUrl></airport><airport><fs>LHR</fs><iata>LHR</iata><icao>EGLL</icao><name>London Heathrow Airport</name><city>London</city><cityCode>LON</cityCode><stateCode>EN</stateCode><countryCode>GB</countryCode><countryName>United Kingdom</countryName><regionName>Europe</regionName><timeZoneRegionName>Europe/London</timeZoneRegionName><localTime>2013-08-09T09:12:57.354</localTime><utcOffsetHours>1.0</utcOffsetHours><latitude>51.469603</latitude><longitude>-0.453566</longitude><elevationFeet>80</elevationFeet><classification>1</classification><active>true</active><delayIndexUrl>https://api.flightstats.com/flex/delayindex/rest/v1/json/airports/LHR?codeType=fs</delayIndexUrl><weatherUrl>https://api.flightstats.com/flex/weather/rest/v1/json/all/LHR?codeType=fs</weatherUrl></airport></airports></appendix><flightTracks><flightTrack><flightId>305226080</flightId><carrierFsCode>VS</carrierFsCode><flightNumber>10</flightNumber><callsign>VIR10K</callsign><departureAirportFsCode>JFK</departureAirportFsCode><arrivalAirportFsCode>LHR</arrivalAirportFsCode><departureDate><dateLocal>2013-08-07T22:25:00.000</dateLocal><dateUtc>2013-08-08T02:25:00.000Z</dateUtc></departureDate><equipment>A333</equipment><delayMinutes>24</delayMinutes><bearing>65.93866567443526</bearing><heading>65.8446618999695</heading><positions><position><lon>-46.529998779296875</lon><lat>48.130001068115234</lat><speedMph>667</speedMph><altitudeFt>37000</altitudeFt><source>ASDI</source><date>2013-08-08T05:47:09.000Z</date></position><position><lon>-46.720001220703125</lon><lat>48.06999969482422</lat><speedMph>679</speedMph><altitudeFt>37000</altitudeFt><source>ASDI</source><date>2013-08-08T05:46:09.000Z</date></position><position><lon>-46.95000076293945</lon><lat>48.0</lat><speedMph>667</speedMph><altitudeFt>37000</altitudeFt><source>ASDI</source><date>2013-08-08T05:45:09.000Z</date></position><position><lon>-47.16999816894531</lon><lat>47.95000076293945</lat><speedMph>656</speedMph><altitudeFt>37000</altitudeFt><source>ASDI</source><date>2013-08-08T05:44:09.000Z</date></position><position><lon>-47.369998931884766</lon><lat>47.869998931884766</lat><speedMph>667</speedMph><altitudeFt>37000</altitudeFt><source>ASDI</source><date>2013-08-08T05:43:09.000Z</date></position><position><lon>-47.58000183105469</lon><lat>47.79999923706055</lat><speedMph>656</speedMph><altitudeFt>37000</altitudeFt><source>ASDI</source><date>2013-08-08T05:42:09.000Z</date></position><position><lon>-47.79999923706055</lon><lat>47.72999954223633</lat><speedMph>656</speedMph><altitudeFt>37000</altitudeFt><source>ASDI</source><date>2013-08-08T05:41:09.000Z</date></position><position><lon>-48.02000045776367</lon><lat>47.66999816894531</lat><speedMph>656</speedMph><altitudeFt>37000</altitudeFt><source>ASDI</source><date>2013-08-08T05:40:09.000Z</date></position><position><lon>-48.220001220703125</lon><lat>47.58000183105469</lat><speedMph>656</speedMph><altitudeFt>37000</altitudeFt><source>ASDI</source><date>2013-08-08T05:39:09.000Z</date></position><position><lon>-48.43000030517578</lon><lat>47.5</lat><speedMph>656</speedMph><altitudeFt>37000</altitudeFt><source>ASDI</source><date>2013-08-08T05:38:09.000Z</date></position><position><lon>-48.630001068115234</lon><lat>47.45000076293945</lat><speedMph>667</speedMph><altitudeFt>37000</altitudeFt><source>ASDI</source><date>2013-08-08T05:37:09.000Z</date></position><position><lon>-48.849998474121094</lon><lat>47.369998931884766</lat><speedMph>667</speedMph><altitudeFt>37000</altitudeFt><source>ASDI</source><date>2013-08-08T05:36:09.000Z</date></position><position><lon>-49.06999969482422</lon><lat>47.279998779296875</lat><speedMph>667</speedMph><altitudeFt>37000</altitudeFt><source>ASDI</source><date>2013-08-08T05:35:09.000Z</date></position><position><lon>-49.25</lon><lat>47.22999954223633</lat><speedMph>667</speedMph><altitudeFt>37000</altitudeFt><source>ASDI</source><date>2013-08-08T05:34:09.000Z</date></position><position><lon>-49.470001220703125</lon><lat>47.150001525878906</lat><speedMph>667</speedMph><altitudeFt>37000</altitudeFt><source>ASDI</source><date>2013-08-08T05:33:09.000Z</date></position><position><lon>-49.68000030517578</lon><lat>47.06999969482422</lat><speedMph>656</speedMph><altitudeFt>37000</altitudeFt><source>ASDI</source><date>2013-08-08T05:32:09.000Z</date></position><position><lon>-49.900001525878906</lon><lat>47.02000045776367</lat><speedMph>656</speedMph><altitudeFt>37000</altitudeFt><source>ASDI</source><date>2013-08-08T05:31:09.000Z</date></position><position><lon>-50.099998474121094</lon><lat>46.95000076293945</lat><speedMph>656</speedMph><altitudeFt>37000</altitudeFt><source>ASDI</source><date>2013-08-08T05:30:09.000Z</date></position><position><lon>-50.33000183105469</lon><lat>46.91999816894531</lat><speedMph>656</speedMph><altitudeFt>37000</altitudeFt><source>ASDI</source><date>2013-08-08T05:29:09.000Z</date></position><position><lon>-50.56999969482422</lon><lat>46.900001525878906</lat><speedMph>644</speedMph><altitudeFt>37000</altitudeFt><source>ASDI</source><date>2013-08-08T05:28:09.000Z</date></position><position><lon>-50.779998779296875</lon><lat>46.849998474121094</lat><speedMph>644</speedMph><altitudeFt>37000</altitudeFt><source>ASDI</source><date>2013-08-08T05:27:09.000Z</date></position><position><lon>-50.79999923706055</lon><lat>46.849998474121094</lat><speedMph>644</speedMph><altitudeFt>37000</altitudeFt><source>ASDI</source><date>2013-08-08T05:27:02.000Z</date></position><position><lon>-51.0</lon><lat>46.81999969482422</lat><speedMph>644</speedMph><altitudeFt>37000</altitudeFt><source>ASDI</source><date>2013-08-08T05:26:09.000Z</date></position><position><lon>-51.0</lon><lat>46.79999923706055</lat><speedMph>644</speedMph><altitudeFt>37000</altitudeFt><source>ASDI</source><date>2013-08-08T05:26:02.000Z</date></position><position><lon>-51.20000076293945</lon><lat>46.779998779296875</lat><speedMph>633</speedMph><altitudeFt>37000</altitudeFt><source>ASDI</source><date>2013-08-08T05:25:09.000Z</date></position><position><lon>-51.22999954223633</lon><lat>46.77000045776367</lat><speedMph>633</speedMph><altitudeFt>0</altitudeFt><source>ASDI</source><date>2013-08-08T05:25:02.000Z</date></position><position><lon>-51.41999816894531</lon><lat>46.72999954223633</lat><speedMph>633</speedMph><altitudeFt>37000</altitudeFt><source>ASDI</source><date>2013-08-08T05:24:09.000Z</date></position><position><lon>-51.45000076293945</lon><lat>46.72999954223633</lat><speedMph>633</speedMph><altitudeFt>37000</altitudeFt><source>ASDI</source><date>2013-08-08T05:24:02.000Z</date></position><position><lon>-51.650001525878906</lon><lat>46.720001220703125</lat><speedMph>633</speedMph><altitudeFt>37000</altitudeFt><source>ASDI</source><date>2013-08-08T05:23:09.000Z</date></position><position><lon>-51.66999816894531</lon><lat>46.70000076293945</lat><speedMph>633</speedMph><altitudeFt>37000</altitudeFt><source>ASDI</source><date>2013-08-08T05:23:02.000Z</date></position><position><lon>-51.880001068115234</lon><lat>46.66999816894531</lat><speedMph>633</speedMph><altitudeFt>37000</altitudeFt><source>ASDI</source><date>2013-08-08T05:22:09.000Z</date></position><position><lon>-51.880001068115234</lon><lat>46.66999816894531</lat><speedMph>633</speedMph><altitudeFt>37000</altitudeFt><source>ASDI</source><date>2013-08-08T05:22:02.000Z</date></position><position><lon>-52.08000183105469</lon><lat>46.630001068115234</lat><speedMph>621</speedMph><altitudeFt>37000</altitudeFt><source>ASDI</source><date>2013-08-08T05:21:09.000Z</date></position><position><lon>-52.099998474121094</lon><lat>46.630001068115234</lat><speedMph>621</speedMph><altitudeFt>37000</altitudeFt><source>ASDI</source><date>2013-08-08T05:21:02.000Z</date></position><position><lon>-52.29999923706055</lon><lat>46.599998474121094</lat><speedMph>621</speedMph><altitudeFt>37000</altitudeFt><source>ASDI</source><date>2013-08-08T05:20:09.000Z</date></position><position><lon>-52.31999969482422</lon><lat>46.58000183105469</lat><speedMph>621</speedMph><altitudeFt>37000</altitudeFt><source>ASDI</source><date>2013-08-08T05:20:02.000Z</date></position><position><lon>-52.5</lon><lat>46.56999969482422</lat><speedMph>621</speedMph><altitudeFt>37000</altitudeFt><source>ASDI</source><date>2013-08-08T05:19:09.000Z</date></position><position><lon>-52.529998779296875</lon><lat>46.54999923706055</lat><speedMph>621</speedMph><altitudeFt>37000</altitudeFt><source>ASDI</source><date>2013-08-08T05:19:02.000Z</date></position><position><lon>-52.70000076293945</lon><lat>46.529998779296875</lat><speedMph>610</speedMph><altitudeFt>37000</altitudeFt><source>ASDI</source><date>2013-08-08T05:18:09.000Z</date></position><position><lon>-52.75</lon><lat>46.52000045776367</lat><speedMph>610</speedMph><altitudeFt>37000</altitudeFt><source>ASDI</source><date>2013-08-08T05:18:02.000Z</date></position><position><lon>-52.93000030517578</lon><lat>46.47999954223633</lat><speedMph>610</speedMph><altitudeFt>37000</altitudeFt><source>ASDI</source><date>2013-08-08T05:17:09.000Z</date></position><position><lon>-52.95000076293945</lon><lat>46.47999954223633</lat><speedMph>610</speedMph><altitudeFt>37000</altitudeFt><source>ASDI</source><date>2013-08-08T05:17:02.000Z</date></position><position><lon>-53.119998931884766</lon><lat>46.43000030517578</lat><speedMph>610</speedMph><altitudeFt>37000</altitudeFt><source>ASDI</source><date>2013-08-08T05:16:09.000Z</date></position><position><lon>-53.150001525878906</lon><lat>46.43000030517578</lat><speedMph>610</speedMph><altitudeFt>37000</altitudeFt><source>ASDI</source><date>2013-08-08T05:16:02.000Z</date></position><position><lon>-53.33000183105469</lon><lat>46.400001525878906</lat><speedMph>610</speedMph><altitudeFt>37000</altitudeFt><source>ASDI</source><date>2013-08-08T05:15:09.000Z</date></position><position><lon>-53.349998474121094</lon><lat>46.400001525878906</lat><speedMph>610</speedMph><altitudeFt>37000</altitudeFt><source>ASDI</source><date>2013-08-08T05:15:02.000Z</date></position><position><lon>-53.529998779296875</lon><lat>46.369998931884766</lat><speedMph>598</speedMph><altitudeFt>37000</altitudeFt><source>ASDI</source><date>2013-08-08T05:14:09.000Z</date></position><position><lon>-53.56999969482422</lon><lat>46.349998474121094</lat><speedMph>598</speedMph><altitudeFt>37000</altitudeFt><source>ASDI</source><date>2013-08-08T05:14:02.000Z</date></position><position><lon>-53.75</lon><lat>46.33000183105469</lat><speedMph>598</speedMph><altitudeFt>37000</altitudeFt><source>ASDI</source><date>2013-08-08T05:13:09.000Z</date></position><position><lon>-53.77000045776367</lon><lat>46.33000183105469</lat><speedMph>598</speedMph><altitudeFt>37000</altitudeFt><source>ASDI</source><date>2013-08-08T05:13:02.000Z</date></position><position><lon>-53.93000030517578</lon><lat>46.29999923706055</lat><speedMph>598</speedMph><altitudeFt>37000</altitudeFt><source>ASDI</source><date>2013-08-08T05:12:09.000Z</date></position><position><lon>-53.970001220703125</lon><lat>46.279998779296875</lat><speedMph>598</speedMph><altitudeFt>37000</altitudeFt><source>ASDI</source><date>2013-08-08T05:12:02.000Z</date></position><position><lon>-54.150001525878906</lon><lat>46.25</lat><speedMph>598</speedMph><altitudeFt>37000</altitudeFt><source>ASDI</source><date>2013-08-08T05:11:09.000Z</date></position><position><lon>-54.16999816894531</lon><lat>46.25</lat><speedMph>598</speedMph><altitudeFt>37000</altitudeFt><source>ASDI</source><date>2013-08-08T05:11:02.000Z</date></position><position><lon>-54.349998474121094</lon><lat>46.220001220703125</lat><speedMph>598</speedMph><altitudeFt>37000</altitudeFt><source>ASDI</source><date>2013-08-08T05:10:09.000Z</date></position><position><lon>-54.369998931884766</lon><lat>46.220001220703125</lat><speedMph>598</speedMph><altitudeFt>37000</altitudeFt><source>ASDI</source><date>2013-08-08T05:10:02.000Z</date></position><position><lon>-54.54999923706055</lon><lat>46.16999816894531</lat><speedMph>598</speedMph><altitudeFt>37000</altitudeFt><source>ASDI</source><date>2013-08-08T05:09:09.000Z</date></position><position><lon>-54.56999969482422</lon><lat>46.16999816894531</lat><speedMph>598</speedMph><altitudeFt>37000</altitudeFt><source>ASDI</source><date>2013-08-08T05:09:02.000Z</date></position><position><lon>-54.75</lon><lat>46.130001068115234</lat><speedMph>598</speedMph><altitudeFt>37000</altitudeFt><source>ASDI</source><date>2013-08-08T05:08:09.000Z</date></position><position><lon>-54.77000045776367</lon><lat>46.130001068115234</lat><speedMph>598</speedMph><altitudeFt>37000</altitudeFt><source>ASDI</source><date>2013-08-08T05:08:02.000Z</date></position><position><lon>-54.95000076293945</lon><lat>46.099998474121094</lat><speedMph>598</speedMph><altitudeFt>37000</altitudeFt><source>ASDI</source><date>2013-08-08T05:07:09.000Z</date></position><position><lon>-54.97999954223633</lon><lat>46.08000183105469</lat><speedMph>587</speedMph><altitudeFt>37000</altitudeFt><source>ASDI</source><date>2013-08-08T05:07:02.000Z</date></position><position><lon>-55.150001525878906</lon><lat>46.04999923706055</lat><speedMph>587</speedMph><altitudeFt>37000</altitudeFt><source>ASDI</source><date>2013-08-08T05:06:09.000Z</date></position><position><lon>-55.150001525878906</lon><lat>46.04999923706055</lat><speedMph>587</speedMph><altitudeFt>37000</altitudeFt><source>ASDI</source><date>2013-08-08T05:06:02.000Z</date></position><position><lon>-55.349998474121094</lon><lat>46.02000045776367</lat><speedMph>587</speedMph><altitudeFt>37000</altitudeFt><source>ASDI</source><date>2013-08-08T05:05:09.000Z</date></position><position><lon>-55.369998931884766</lon><lat>46.02000045776367</lat><speedMph>587</speedMph><altitudeFt>37000</altitudeFt><source>ASDI</source><date>2013-08-08T05:05:02.000Z</date></position><position><lon>-55.529998779296875</lon><lat>45.97999954223633</lat><speedMph>587</speedMph><altitudeFt>37000</altitudeFt><source>ASDI</source><date>2013-08-08T05:04:09.000Z</date></position><position><lon>-55.54999923706055</lon><lat>45.970001220703125</lat><speedMph>587</speedMph><altitudeFt>37000</altitudeFt><source>ASDI</source><date>2013-08-08T05:04:02.000Z</date></position><position><lon>-55.72999954223633</lon><lat>45.93000030517578</lat><speedMph>587</speedMph><altitudeFt>37000</altitudeFt><source>ASDI</source><date>2013-08-08T05:03:09.000Z</date></position><position><lon>-55.75</lon><lat>45.93000030517578</lat><speedMph>587</speedMph><altitudeFt>37000</altitudeFt><source>ASDI</source><date>2013-08-08T05:03:02.000Z</date></position><position><lon>-55.93000030517578</lon><lat>45.880001068115234</lat><speedMph>587</speedMph><altitudeFt>37000</altitudeFt><source>ASDI</source><date>2013-08-08T05:02:09.000Z</date></position><position><lon>-55.95000076293945</lon><lat>45.880001068115234</lat><speedMph>587</speedMph><altitudeFt>37000</altitudeFt><source>ASDI</source><date>2013-08-08T05:02:02.000Z</date></position><position><lon>-56.130001068115234</lon><lat>45.83000183105469</lat><speedMph>598</speedMph><altitudeFt>37000</altitudeFt><source>ASDI</source><date>2013-08-08T05:01:09.000Z</date></position><position><lon>-56.150001525878906</lon><lat>45.83000183105469</lat><speedMph>587</speedMph><altitudeFt>37000</altitudeFt><source>ASDI</source><date>2013-08-08T05:01:02.000Z</date></position><position><lon>-56.33000183105469</lon><lat>45.81999969482422</lat><speedMph>587</speedMph><altitudeFt>37000</altitudeFt><source>ASDI</source><date>2013-08-08T05:00:09.000Z</date></position><position><lon>-56.349998474121094</lon><lat>45.79999923706055</lat><speedMph>587</speedMph><altitudeFt>37000</altitudeFt><source>ASDI</source><date>2013-08-08T05:00:02.000Z</date></position><position><lon>-56.52000045776367</lon><lat>45.75</lat><speedMph>575</speedMph><altitudeFt>37000</altitudeFt><source>ASDI</source><date>2013-08-08T04:59:09.000Z</date></position><position><lon>-56.54999923706055</lon><lat>45.77000045776367</lat><speedMph>575</speedMph><altitudeFt>37000</altitudeFt><source>ASDI</source><date>2013-08-08T04:59:02.000Z</date></position><position><lon>-56.720001220703125</lon><lat>45.72999954223633</lat><speedMph>575</speedMph><altitudeFt>37000</altitudeFt><source>ASDI</source><date>2013-08-08T04:58:09.000Z</date></position><position><lon>-56.75</lon><lat>45.720001220703125</lat><speedMph>575</speedMph><altitudeFt>37000</altitudeFt><source>ASDI</source><date>2013-08-08T04:58:02.000Z</date></position><position><lon>-56.91999816894531</lon><lat>45.66999816894531</lat><speedMph>575</speedMph><altitudeFt>37000</altitudeFt><source>ASDI</source><date>2013-08-08T04:57:09.000Z</date></position><position><lon>-56.91999816894531</lon><lat>45.68000030517578</lat><speedMph>575</speedMph><altitudeFt>37000</altitudeFt><source>ASDI</source><date>2013-08-08T04:57:02.000Z</date></position><position><lon>-57.08000183105469</lon><lat>45.630001068115234</lat><speedMph>575</speedMph><altitudeFt>37000</altitudeFt><source>ASDI</source><date>2013-08-08T04:56:09.000Z</date></position><position><lon>-57.099998474121094</lon><lat>45.619998931884766</lat><speedMph>575</speedMph><altitudeFt>37000</altitudeFt><source>ASDI</source><date>2013-08-08T04:56:02.000Z</date></position><position><lon>-57.279998779296875</lon><lat>45.58000183105469</lat><speedMph>575</speedMph><altitudeFt>37000</altitudeFt><source>ASDI</source><date>2013-08-08T04:55:09.000Z</date></position><position><lon>-57.29999923706055</lon><lat>45.58000183105469</lat><speedMph>564</speedMph><altitudeFt>37000</altitudeFt><source>ASDI</source><date>2013-08-08T04:55:02.000Z</date></position><position><lon>-57.470001220703125</lon><lat>45.54999923706055</lat><speedMph>575</speedMph><altitudeFt>37000</altitudeFt><source>ASDI</source><date>2013-08-08T04:54:09.000Z</date></position><position><lon>-57.470001220703125</lon><lat>45.54999923706055</lat><speedMph>575</speedMph><altitudeFt>37000</altitudeFt><source>ASDI</source><date>2013-08-08T04:54:02.000Z</date></position><position><lon>-57.630001068115234</lon><lat>45.5</lat><speedMph>575</speedMph><altitudeFt>37000</altitudeFt><source>ASDI</source><date>2013-08-08T04:53:09.000Z</date></position><position><lon>-57.66999816894531</lon><lat>45.47999954223633</lat><speedMph>564</speedMph><altitudeFt>37000</altitudeFt><source>ASDI</source><date>2013-08-08T04:53:02.000Z</date></position><position><lon>-57.83000183105469</lon><lat>45.43000030517578</lat><speedMph>564</speedMph><altitudeFt>37000</altitudeFt><source>ASDI</source><date>2013-08-08T04:52:09.000Z</date></position><position><lon>-57.83000183105469</lon><lat>45.43000030517578</lat><speedMph>564</speedMph><altitudeFt>37000</altitudeFt><source>ASDI</source><date>2013-08-08T04:52:02.000Z</date></position><position><lon>-58.0</lon><lat>45.400001525878906</lat><speedMph>564</speedMph><altitudeFt>37000</altitudeFt><source>ASDI</source><date>2013-08-08T04:51:09.000Z</date></position><position><lon>-58.029998779296875</lon><lat>45.400001525878906</lat><speedMph>575</speedMph><altitudeFt>37000</altitudeFt><source>ASDI</source><date>2013-08-08T04:51:02.000Z</date></position><position><lon>-58.20000076293945</lon><lat>45.349998474121094</lat><speedMph>564</speedMph><altitudeFt>37000</altitudeFt><source>ASDI</source><date>2013-08-08T04:50:09.000Z</date></position><position><lon>-58.20000076293945</lon><lat>45.349998474121094</lat><speedMph>564</speedMph><altitudeFt>37000</altitudeFt><source>ASDI</source><date>2013-08-08T04:50:02.000Z</date></position><position><lon>-58.369998931884766</lon><lat>45.29999923706055</lat><speedMph>575</speedMph><altitudeFt>37000</altitudeFt><source>ASDI</source><date>2013-08-08T04:49:09.000Z</date></position><position><lon>-58.400001525878906</lon><lat>45.29999923706055</lat><speedMph>564</speedMph><altitudeFt>37000</altitudeFt><source>ASDI</source><date>2013-08-08T04:49:02.000Z</date></position><position><lon>-58.54999923706055</lon><lat>45.27000045776367</lat><speedMph>564</speedMph><altitudeFt>37000</altitudeFt><source>ASDI</source><date>2013-08-08T04:48:09.000Z</date></position><position><lon>-58.56999969482422</lon><lat>45.25</lat><speedMph>564</speedMph><altitudeFt>37000</altitudeFt><source>ASDI</source><date>2013-08-08T04:48:02.000Z</date></position><position><lon>-58.75</lon><lat>45.220001220703125</lat><speedMph>564</speedMph><altitudeFt>37000</altitudeFt><source>ASDI</source><date>2013-08-08T04:47:09.000Z</date></position><position><lon>-58.77000045776367</lon><lat>45.20000076293945</lat><speedMph>564</speedMph><altitudeFt>37000</altitudeFt><source>ASDI</source><date>2013-08-08T04:47:02.000Z</date></position><position><lon>-58.93000030517578</lon><lat>45.150001525878906</lat><speedMph>575</speedMph><altitudeFt>37000</altitudeFt><source>ASDI</source><date>2013-08-08T04:46:09.000Z</date></position><position><lon>-58.93000030517578</lon><lat>45.150001525878906</lat><speedMph>564</speedMph><altitudeFt>37000</altitudeFt><source>ASDI</source><date>2013-08-08T04:46:02.000Z</date></position><position><lon>-59.119998931884766</lon><lat>45.099998474121094</lat><speedMph>564</speedMph><altitudeFt>37000</altitudeFt><source>ASDI</source><date>2013-08-08T04:45:09.000Z</date></position><position><lon>-59.130001068115234</lon><lat>45.099998474121094</lat><speedMph>564</speedMph><altitudeFt>37000</altitudeFt><source>ASDI</source><date>2013-08-08T04:45:02.000Z</date></position><position><lon>-59.29999923706055</lon><lat>45.06999969482422</lat><speedMph>564</speedMph><altitudeFt>37000</altitudeFt><source>ASDI</source><date>2013-08-08T04:44:09.000Z</date></position><position><lon>-59.29999923706055</lon><lat>45.04999923706055</lat><speedMph>564</speedMph><altitudeFt>37000</altitudeFt><source>ASDI</source><date>2013-08-08T04:44:02.000Z</date></position><position><lon>-59.470001220703125</lon><lat>45.02000045776367</lat><speedMph>564</speedMph><altitudeFt>37000</altitudeFt><source>ASDI</source><date>2013-08-08T04:43:09.000Z</date></position><position><lon>-59.470001220703125</lon><lat>45.02000045776367</lat><speedMph>564</speedMph><altitudeFt>37000</altitudeFt><source>ASDI</source><date>2013-08-08T04:43:02.000Z</date></position><position><lon>-59.650001525878906</lon><lat>44.970001220703125</lat><speedMph>564</speedMph><altitudeFt>37000</altitudeFt><source>ASDI</source><date>2013-08-08T04:42:09.000Z</date></position><position><lon>-59.66999816894531</lon><lat>44.95000076293945</lat><speedMph>552</speedMph><altitudeFt>37000</altitudeFt><source>ASDI</source><date>2013-08-08T04:42:02.000Z</date></position><position><lon>-59.81999969482422</lon><lat>44.91999816894531</lat><speedMph>552</speedMph><altitudeFt>37000</altitudeFt><source>ASDI</source><date>2013-08-08T04:41:09.000Z</date></position><position><lon>-59.83000183105469</lon><lat>44.91999816894531</lat><speedMph>552</speedMph><altitudeFt>37000</altitudeFt><source>ASDI</source><date>2013-08-08T04:41:02.000Z</date></position><position><lon>-60.02000045776367</lon><lat>44.869998931884766</lat><speedMph>552</speedMph><altitudeFt>37000</altitudeFt><source>ASDI</source><date>2013-08-08T04:40:09.000Z</date></position><position><lon>-60.029998779296875</lon><lat>44.849998474121094</lat><speedMph>552</speedMph><altitudeFt>37000</altitudeFt><source>ASDI</source><date>2013-08-08T04:40:02.000Z</date></position><position><lon>-60.18000030517578</lon><lat>44.81999969482422</lat><speedMph>552</speedMph><altitudeFt>37000</altitudeFt><source>ASDI</source><date>2013-08-08T04:39:09.000Z</date></position><position><lon>-60.20000076293945</lon><lat>44.81999969482422</lat><speedMph>552</speedMph><altitudeFt>37000</altitudeFt><source>ASDI</source><date>2013-08-08T04:39:02.000Z</date></position><position><lon>-60.349998474121094</lon><lat>44.77000045776367</lat><speedMph>552</speedMph><altitudeFt>37000</altitudeFt><source>ASDI</source><date>2013-08-08T04:38:09.000Z</date></position><position><lon>-60.369998931884766</lon><lat>44.77000045776367</lat><speedMph>552</speedMph><altitudeFt>37000</altitudeFt><source>ASDI</source><date>2013-08-08T04:38:02.000Z</date></position><position><lon>-60.529998779296875</lon><lat>44.70000076293945</lat><speedMph>552</speedMph><altitudeFt>37000</altitudeFt><source>ASDI</source><date>2013-08-08T04:37:09.000Z</date></position><position><lon>-60.529998779296875</lon><lat>44.70000076293945</lat><speedMph>552</speedMph><altitudeFt>37000</altitudeFt><source>ASDI</source><date>2013-08-08T04:37:02.000Z</date></position><position><lon>-60.70000076293945</lon><lat>44.66999816894531</lat><speedMph>552</speedMph><altitudeFt>37000</altitudeFt><source>ASDI</source><date>2013-08-08T04:36:09.000Z</date></position><position><lon>-60.72999954223633</lon><lat>44.66999816894531</lat><speedMph>552</speedMph><altitudeFt>37000</altitudeFt><source>ASDI</source><date>2013-08-08T04:36:02.000Z</date></position><position><lon>-60.880001068115234</lon><lat>44.619998931884766</lat><speedMph>552</speedMph><altitudeFt>37000</altitudeFt><source>ASDI</source><date>2013-08-08T04:35:09.000Z</date></position><position><lon>-60.900001525878906</lon><lat>44.619998931884766</lat><speedMph>552</speedMph><altitudeFt>37000</altitudeFt><source>ASDI</source><date>2013-08-08T04:35:02.000Z</date></position><position><lon>-61.04999923706055</lon><lat>44.56999969482422</lat><speedMph>552</speedMph><altitudeFt>37000</altitudeFt><source>ASDI</source><date>2013-08-08T04:34:09.000Z</date></position><position><lon>-61.08000183105469</lon><lat>44.54999923706055</lat><speedMph>552</speedMph><altitudeFt>37000</altitudeFt><source>ASDI</source><date>2013-08-08T04:34:02.000Z</date></position><position><lon>-61.22999954223633</lon><lat>44.52000045776367</lat><speedMph>552</speedMph><altitudeFt>37000</altitudeFt><source>ASDI</source><date>2013-08-08T04:33:09.000Z</date></position><position><lon>-61.25</lon><lat>44.52000045776367</lat><speedMph>552</speedMph><altitudeFt>37000</altitudeFt><source>ASDI</source><date>2013-08-08T04:33:02.000Z</date></position><position><lon>-61.400001525878906</lon><lat>44.470001220703125</lat><speedMph>552</speedMph><altitudeFt>37000</altitudeFt><source>ASDI</source><date>2013-08-08T04:32:09.000Z</date></position><position><lon>-61.41999816894531</lon><lat>44.45000076293945</lat><speedMph>552</speedMph><altitudeFt>37000</altitudeFt><source>ASDI</source><date>2013-08-08T04:32:02.000Z</date></position><position><lon>-61.58000183105469</lon><lat>44.41999816894531</lat><speedMph>552</speedMph><altitudeFt>37000</altitudeFt><source>ASDI</source><date>2013-08-08T04:31:09.000Z</date></position><position><lon>-61.58000183105469</lon><lat>44.400001525878906</lat><speedMph>552</speedMph><altitudeFt>37000</altitudeFt><source>ASDI</source><date>2013-08-08T04:31:02.000Z</date></position><position><lon>-61.75</lon><lat>44.369998931884766</lat><speedMph>552</speedMph><altitudeFt>37000</altitudeFt><source>ASDI</source><date>2013-08-08T04:30:09.000Z</date></position><position><lon>-61.75</lon><lat>44.349998474121094</lat><speedMph>552</speedMph><altitudeFt>37000</altitudeFt><source>ASDI</source><date>2013-08-08T04:30:02.000Z</date></position><position><lon>-61.91999816894531</lon><lat>44.31999969482422</lat><speedMph>552</speedMph><altitudeFt>37000</altitudeFt><source>ASDI</source><date>2013-08-08T04:29:09.000Z</date></position><position><lon>-61.95000076293945</lon><lat>44.29999923706055</lat><speedMph>552</speedMph><altitudeFt>37000</altitudeFt><source>ASDI</source><date>2013-08-08T04:29:02.000Z</date></position><position><lon>-62.06999969482422</lon><lat>44.25</lat><speedMph>552</speedMph><altitudeFt>37000</altitudeFt><source>ASDI</source><date>2013-08-08T04:28:09.000Z</date></position><position><lon>-62.119998931884766</lon><lat>44.25</lat><speedMph>552</speedMph><altitudeFt>37000</altitudeFt><source>ASDI</source><date>2013-08-08T04:28:02.000Z</date></position><position><lon>-62.25</lon><lat>44.20000076293945</lat><speedMph>552</speedMph><altitudeFt>37000</altitudeFt><source>ASDI</source><date>2013-08-08T04:27:09.000Z</date></position><position><lon>-62.279998779296875</lon><lat>44.20000076293945</lat><speedMph>552</speedMph><altitudeFt>37000</altitudeFt><source>ASDI</source><date>2013-08-08T04:27:02.000Z</date></position><position><lon>-62.41999816894531</lon><lat>44.150001525878906</lat><speedMph>552</speedMph><altitudeFt>37000</altitudeFt><source>ASDI</source><date>2013-08-08T04:26:09.000Z</date></position><position><lon>-62.43000030517578</lon><lat>44.150001525878906</lat><speedMph>552</speedMph><altitudeFt>37000</altitudeFt><source>ASDI</source><date>2013-08-08T04:26:02.000Z</date></position><position><lon>-62.599998474121094</lon><lat>44.099998474121094</lat><speedMph>552</speedMph><altitudeFt>37000</altitudeFt><source>ASDI</source><date>2013-08-08T04:25:09.000Z</date></position><position><lon>-62.630001068115234</lon><lat>44.08000183105469</lat><speedMph>552</speedMph><altitudeFt>37000</altitudeFt><source>ASDI</source><date>2013-08-08T04:25:02.000Z</date></position><position><lon>-62.77000045776367</lon><lat>44.04999923706055</lat><speedMph>541</speedMph><altitudeFt>37000</altitudeFt><source>ASDI</source><date>2013-08-08T04:24:09.000Z</date></position><position><lon>-62.79999923706055</lon><lat>44.029998779296875</lat><speedMph>541</speedMph><altitudeFt>37000</altitudeFt><source>ASDI</source><date>2013-08-08T04:24:02.000Z</date></position><position><lon>-62.93000030517578</lon><lat>44.0</lat><speedMph>541</speedMph><altitudeFt>37000</altitudeFt><source>ASDI</source><date>2013-08-08T04:23:09.000Z</date></position><position><lon>-62.95000076293945</lon><lat>44.0</lat><speedMph>541</speedMph><altitudeFt>37000</altitudeFt><source>ASDI</source><date>2013-08-08T04:23:02.000Z</date></position><position><lon>-63.119998931884766</lon><lat>43.95000076293945</lat><speedMph>541</speedMph><altitudeFt>37000</altitudeFt><source>ASDI</source><date>2013-08-08T04:22:09.000Z</date></position><position><lon>-63.119998931884766</lon><lat>43.93000030517578</lat><speedMph>541</speedMph><altitudeFt>37000</altitudeFt><source>ASDI</source><date>2013-08-08T04:22:02.000Z</date></position><position><lon>-63.27000045776367</lon><lat>43.900001525878906</lat><speedMph>541</speedMph><altitudeFt>37000</altitudeFt><source>ASDI</source><date>2013-08-08T04:21:09.000Z</date></position><position><lon>-63.29999923706055</lon><lat>43.880001068115234</lat><speedMph>541</speedMph><altitudeFt>37000</altitudeFt><source>ASDI</source><date>2013-08-08T04:21:02.000Z</date></position><position><lon>-63.43000030517578</lon><lat>43.83000183105469</lat><speedMph>541</speedMph><altitudeFt>37000</altitudeFt><source>ASDI</source><date>2013-08-08T04:20:09.000Z</date></position><position><lon>-63.45000076293945</lon><lat>43.83000183105469</lat><speedMph>541</speedMph><altitudeFt>37000</altitudeFt><source>ASDI</source><date>2013-08-08T04:20:02.000Z</date></position><position><lon>-63.58000183105469</lon><lat>43.779998779296875</lat><speedMph>541</speedMph><altitudeFt>37000</altitudeFt><source>ASDI</source><date>2013-08-08T04:19:09.000Z</date></position><position><lon>-63.619998931884766</lon><lat>43.779998779296875</lat><speedMph>529</speedMph><altitudeFt>37000</altitudeFt><source>ASDI</source><date>2013-08-08T04:19:02.000Z</date></position><position><lon>-63.77000045776367</lon><lat>43.72999954223633</lat><speedMph>541</speedMph><altitudeFt>37000</altitudeFt><source>ASDI</source><date>2013-08-08T04:18:09.000Z</date></position><position><lon>-63.79999923706055</lon><lat>43.720001220703125</lat><speedMph>541</speedMph><altitudeFt>37000</altitudeFt><source>ASDI</source><date>2013-08-08T04:18:02.000Z</date></position><position><lon>-63.93000030517578</lon><lat>43.68000030517578</lat><speedMph>541</speedMph><altitudeFt>37000</altitudeFt><source>ASDI</source><date>2013-08-08T04:17:09.000Z</date></position><position><lon>-63.93000030517578</lon><lat>43.66999816894531</lat><speedMph>541</speedMph><altitudeFt>37000</altitudeFt><source>ASDI</source><date>2013-08-08T04:17:02.000Z</date></position><position><lon>-64.08000183105469</lon><lat>43.619998931884766</lat><speedMph>552</speedMph><altitudeFt>0</altitudeFt><source>ASDI</source><date>2013-08-08T04:16:09.000Z</date></position><position><lon>-64.12000274658203</lon><lat>43.619998931884766</lat><speedMph>541</speedMph><altitudeFt>37000</altitudeFt><source>ASDI</source><date>2013-08-08T04:16:02.000Z</date></position><position><lon>-64.27999877929688</lon><lat>43.56999969482422</lat><speedMph>541</speedMph><altitudeFt>37000</altitudeFt><source>ASDI</source><date>2013-08-08T04:15:02.000Z</date></position><position><lon>-64.44999694824219</lon><lat>43.5</lat><speedMph>541</speedMph><altitudeFt>37000</altitudeFt><source>ASDI</source><date>2013-08-08T04:14:02.000Z</date></position><position><lon>-64.5999984741211</lon><lat>43.45000076293945</lat><speedMph>541</speedMph><altitudeFt>37000</altitudeFt><source>ASDI</source><date>2013-08-08T04:13:02.000Z</date></position><position><lon>-64.7699966430664</lon><lat>43.400001525878906</lat><speedMph>541</speedMph><altitudeFt>37000</altitudeFt><source>ASDI</source><date>2013-08-08T04:12:02.000Z</date></position><position><lon>-64.93000030517578</lon><lat>43.349998474121094</lat><speedMph>541</speedMph><altitudeFt>37000</altitudeFt><source>ASDI</source><date>2013-08-08T04:11:02.000Z</date></position><position><lon>-65.08000183105469</lon><lat>43.29999923706055</lat><speedMph>541</speedMph><altitudeFt>37000</altitudeFt><source>ASDI</source><date>2013-08-08T04:10:02.000Z</date></position><position><lon>-65.25</lon><lat>43.22999954223633</lat><speedMph>541</speedMph><altitudeFt>37000</altitudeFt><source>ASDI</source><date>2013-08-08T04:09:02.000Z</date></position><position><lon>-65.4000015258789</lon><lat>43.18000030517578</lat><speedMph>541</speedMph><altitudeFt>37000</altitudeFt><source>ASDI</source><date>2013-08-08T04:08:02.000Z</date></position><position><lon>-65.58000183105469</lon><lat>43.130001068115234</lat><speedMph>552</speedMph><altitudeFt>37000</altitudeFt><source>ASDI</source><date>2013-08-08T04:07:02.000Z</date></position><position><lon>-65.75</lon><lat>43.06999969482422</lat><speedMph>552</speedMph><altitudeFt>37000</altitudeFt><source>ASDI</source><date>2013-08-08T04:06:02.000Z</date></position><position><lon>-65.9000015258789</lon><lat>43.0</lat><speedMph>552</speedMph><altitudeFt>37000</altitudeFt><source>ASDI</source><date>2013-08-08T04:05:02.000Z</date></position><position><lon>-66.06999969482422</lon><lat>42.95000076293945</lat><speedMph>552</speedMph><altitudeFt>37000</altitudeFt><source>ASDI</source><date>2013-08-08T04:04:02.000Z</date></position><position><lon>-66.25</lon><lat>42.880001068115234</lat><speedMph>552</speedMph><altitudeFt>37000</altitudeFt><source>ASDI</source><date>2013-08-08T04:03:02.000Z</date></position><position><lon>-66.4000015258789</lon><lat>42.83000183105469</lat><speedMph>552</speedMph><altitudeFt>37000</altitudeFt><source>ASDI</source><date>2013-08-08T04:02:02.000Z</date></position><position><lon>-66.55000305175781</lon><lat>42.779998779296875</lat><speedMph>564</speedMph><altitudeFt>37000</altitudeFt><source>ASDI</source><date>2013-08-08T04:01:02.000Z</date></position><position><lon>-66.7300033569336</lon><lat>42.720001220703125</lat><speedMph>564</speedMph><altitudeFt>37000</altitudeFt><source>ASDI</source><date>2013-08-08T04:00:02.000Z</date></position><position><lon>-66.9000015258789</lon><lat>42.650001525878906</lat><speedMph>552</speedMph><altitudeFt>37000</altitudeFt><source>ASDI</source><date>2013-08-08T03:59:02.000Z</date></position><position><lon>-67.0999984741211</lon><lat>42.58000183105469</lat><speedMph>554</speedMph><altitudeFt>37000</altitudeFt><source>ASDI</source><date>2013-08-08T03:57:55.000Z</date></position><position><lon>-67.2699966430664</lon><lat>42.529998779296875</lat><speedMph>554</speedMph><altitudeFt>37000</altitudeFt><source>ASDI</source><date>2013-08-08T03:56:55.000Z</date></position><position><lon>-67.43000030517578</lon><lat>42.470001220703125</lat><speedMph>554</speedMph><altitudeFt>37000</altitudeFt><source>ASDI</source><date>2013-08-08T03:55:55.000Z</date></position><position><lon>-67.5999984741211</lon><lat>42.41999816894531</lat><speedMph>554</speedMph><altitudeFt>37000</altitudeFt><source>ASDI</source><date>2013-08-08T03:54:55.000Z</date></position><position><lon>-67.7699966430664</lon><lat>42.349998474121094</lat><speedMph>554</speedMph><altitudeFt>37000</altitudeFt><source>ASDI</source><date>2013-08-08T03:53:56.000Z</date></position><position><lon>-67.93000030517578</lon><lat>42.279998779296875</lat><speedMph>554</speedMph><altitudeFt>37000</altitudeFt><source>ASDI</source><date>2013-08-08T03:52:56.000Z</date></position><position><lon>-68.06999969482422</lon><lat>42.22999954223633</lat><speedMph>554</speedMph><altitudeFt>37000</altitudeFt><source>ASDI</source><date>2013-08-08T03:51:56.000Z</date></position><position><lon>-68.2300033569336</lon><lat>42.18000030517578</lat><speedMph>575</speedMph><altitudeFt>37000</altitudeFt><source>ASDI</source><date>2013-08-08T03:51:02.000Z</date></position><position><lon>-68.2300033569336</lon><lat>42.16999816894531</lat><speedMph>554</speedMph><altitudeFt>37000</altitudeFt><source>ASDI</source><date>2013-08-08T03:50:54.000Z</date></position><position><lon>-68.4000015258789</lon><lat>42.119998931884766</lat><speedMph>575</speedMph><altitudeFt>0</altitudeFt><source>ASDI</source><date>2013-08-08T03:50:02.000Z</date></position><position><lon>-68.4000015258789</lon><lat>42.119998931884766</lat><speedMph>554</speedMph><altitudeFt>37000</altitudeFt><source>ASDI</source><date>2013-08-08T03:49:54.000Z</date></position><position><lon>-68.55000305175781</lon><lat>42.04999923706055</lat><speedMph>564</speedMph><altitudeFt>37000</altitudeFt><source>ASDI</source><date>2013-08-08T03:49:02.000Z</date></position><position><lon>-68.56999969482422</lon><lat>42.04999923706055</lat><speedMph>554</speedMph><altitudeFt>37000</altitudeFt><source>ASDI</source><date>2013-08-08T03:48:55.000Z</date></position><position><lon>-68.7300033569336</lon><lat>42.0</lat><speedMph>564</speedMph><altitudeFt>37000</altitudeFt><source>ASDI</source><date>2013-08-08T03:48:02.000Z</date></position><position><lon>-68.7300033569336</lon><lat>41.97999954223633</lat><speedMph>554</speedMph><altitudeFt>37000</altitudeFt><source>ASDI</source><date>2013-08-08T03:47:54.000Z</date></position><position><lon>-68.9000015258789</lon><lat>41.91999816894531</lat><speedMph>564</speedMph><altitudeFt>37000</altitudeFt><source>ASDI</source><date>2013-08-08T03:47:02.000Z</date></position><position><lon>-68.9000015258789</lon><lat>41.93000030517578</lat><speedMph>554</speedMph><altitudeFt>37000</altitudeFt><source>ASDI</source><date>2013-08-08T03:46:55.000Z</date></position><position><lon>-69.05000305175781</lon><lat>41.869998931884766</lat><speedMph>564</speedMph><altitudeFt>37000</altitudeFt><source>ASDI</source><date>2013-08-08T03:46:02.000Z</date></position><position><lon>-69.05000305175781</lon><lat>41.869998931884766</lat><speedMph>554</speedMph><altitudeFt>37000</altitudeFt><source>ASDI</source><date>2013-08-08T03:45:54.000Z</date></position><position><lon>-69.2300033569336</lon><lat>41.79999923706055</lat><speedMph>564</speedMph><altitudeFt>37000</altitudeFt><source>ASDI</source><date>2013-08-08T03:45:02.000Z</date></position><position><lon>-69.22000122070312</lon><lat>41.79999923706055</lat><speedMph>554</speedMph><altitudeFt>37000</altitudeFt><source>ASDI</source><date>2013-08-08T03:44:54.000Z</date></position><position><lon>-69.37999725341797</lon><lat>41.75</lat><speedMph>564</speedMph><altitudeFt>37000</altitudeFt><source>ASDI</source><date>2013-08-08T03:44:02.000Z</date></position><position><lon>-69.37999725341797</lon><lat>41.72999954223633</lat><speedMph>562</speedMph><altitudeFt>37000</altitudeFt><source>ASDI</source><date>2013-08-08T03:43:56.000Z</date></position><position><lon>-69.52999877929688</lon><lat>41.68000030517578</lat><speedMph>575</speedMph><altitudeFt>37000</altitudeFt><source>ASDI</source><date>2013-08-08T03:43:02.000Z</date></position><position><lon>-69.55000305175781</lon><lat>41.68000030517578</lat><speedMph>570</speedMph><altitudeFt>37000</altitudeFt><source>ASDI</source><date>2013-08-08T03:42:55.000Z</date></position><position><lon>-69.72000122070312</lon><lat>41.619998931884766</lat><speedMph>575</speedMph><altitudeFt>36000</altitudeFt><source>ASDI</source><date>2013-08-08T03:42:02.000Z</date></position><position><lon>-69.69999694824219</lon><lat>41.619998931884766</lat><speedMph>570</speedMph><altitudeFt>36000</altitudeFt><source>ASDI</source><date>2013-08-08T03:41:55.000Z</date></position><position><lon>-69.87000274658203</lon><lat>41.56999969482422</lat><speedMph>570</speedMph><altitudeFt>35200</altitudeFt><source>ASDI</source><date>2013-08-08T03:40:56.000Z</date></position><position><lon>-70.02999877929688</lon><lat>41.5</lat><speedMph>570</speedMph><altitudeFt>33900</altitudeFt><source>ASDI</source><date>2013-08-08T03:39:55.000Z</date></position><position><lon>-70.19999694824219</lon><lat>41.43000030517578</lat><speedMph>575</speedMph><altitudeFt>32900</altitudeFt><source>ASDI</source><date>2013-08-08T03:38:55.000Z</date></position><position><lon>-70.37000274658203</lon><lat>41.369998931884766</lat><speedMph>575</speedMph><altitudeFt>32100</altitudeFt><source>ASDI</source><date>2013-08-08T03:37:54.000Z</date></position><position><lon>-70.52999877929688</lon><lat>41.29999923706055</lat><speedMph>560</speedMph><altitudeFt>31200</altitudeFt><source>ASDI</source><date>2013-08-08T03:36:54.000Z</date></position><position><lon>-70.69999694824219</lon><lat>41.22999954223633</lat><speedMph>560</speedMph><altitudeFt>30400</altitudeFt><source>ASDI</source><date>2013-08-08T03:35:54.000Z</date></position><position><lon>-70.87000274658203</lon><lat>41.16999816894531</lat><speedMph>555</speedMph><altitudeFt>29800</altitudeFt><source>ASDI</source><date>2013-08-08T03:34:56.000Z</date></position><position><lon>-71.0199966430664</lon><lat>41.099998474121094</lat><speedMph>542</speedMph><altitudeFt>29000</altitudeFt><source>ASDI</source><date>2013-08-08T03:33:54.000Z</date></position><position><lon>-71.22000122070312</lon><lat>41.02000045776367</lat><speedMph>548</speedMph><altitudeFt>28100</altitudeFt><source>ASDI</source><date>2013-08-08T03:32:54.000Z</date></position><position><lon>-71.33000183105469</lon><lat>40.97999954223633</lat><speedMph>554</speedMph><altitudeFt>27500</altitudeFt><source>ASDI</source><date>2013-08-08T03:31:55.000Z</date></position><position><lon>-71.5199966430664</lon><lat>40.93000030517578</lat><speedMph>548</speedMph><altitudeFt>26600</altitudeFt><source>ASDI</source><date>2013-08-08T03:30:54.000Z</date></position><position><lon>-71.69999694824219</lon><lat>40.900001525878906</lat><speedMph>513</speedMph><altitudeFt>25600</altitudeFt><source>ASDI</source><date>2013-08-08T03:29:54.000Z</date></position><position><lon>-71.87000274658203</lon><lat>40.869998931884766</lat><speedMph>502</speedMph><altitudeFt>24700</altitudeFt><source>ASDI</source><date>2013-08-08T03:28:54.000Z</date></position><position><lon>-72.0199966430664</lon><lat>40.81999969482422</lat><speedMph>502</speedMph><altitudeFt>23800</altitudeFt><source>ASDI</source><date>2013-08-08T03:27:56.000Z</date></position><position><lon>-72.16999816894531</lon><lat>40.779998779296875</lat><speedMph>495</speedMph><altitudeFt>22600</altitudeFt><source>ASDI</source><date>2013-08-08T03:26:55.000Z</date></position><position><lon>-72.33000183105469</lon><lat>40.75</lat><speedMph>487</speedMph><altitudeFt>21000</altitudeFt><source>ASDI</source><date>2013-08-08T03:25:54.000Z</date></position><position><lon>-72.5</lon><lat>40.70000076293945</lat><speedMph>461</speedMph><altitudeFt>19700</altitudeFt><source>ASDI</source><date>2013-08-08T03:24:55.000Z</date></position><position><lon>-72.62999725341797</lon><lat>40.66999816894531</lat><speedMph>455</speedMph><altitudeFt>18600</altitudeFt><source>ASDI</source><date>2013-08-08T03:23:56.000Z</date></position><position><lon>-72.7699966430664</lon><lat>40.630001068115234</lat><speedMph>435</speedMph><altitudeFt>17100</altitudeFt><source>ASDI</source><date>2013-08-08T03:22:57.000Z</date></position><position><lon>-72.9000015258789</lon><lat>40.599998474121094</lat><speedMph>409</speedMph><altitudeFt>15300</altitudeFt><source>ASDI</source><date>2013-08-08T03:21:54.000Z</date></position><position><lon>-73.05000305175781</lon><lat>40.56999969482422</lat><speedMph>373</speedMph><altitudeFt>14000</altitudeFt><source>ASDI</source><date>2013-08-08T03:20:55.000Z</date></position><position><lon>-73.16999816894531</lon><lat>40.54999923706055</lat><speedMph>352</speedMph><altitudeFt>13800</altitudeFt><source>ASDI</source><date>2013-08-08T03:19:55.000Z</date></position><position><lon>-73.27999877929688</lon><lat>40.56999969482422</lat><speedMph>338</speedMph><altitudeFt>10800</altitudeFt><source>ASDI</source><date>2013-08-08T03:18:56.000Z</date></position><position><lon>-73.4000015258789</lon><lat>40.56999969482422</lat><speedMph>325</speedMph><altitudeFt>8700</altitudeFt><source>ASDI</source><date>2013-08-08T03:17:55.000Z</date></position><position><lon>-73.5199966430664</lon><lat>40.56999969482422</lat><speedMph>302</speedMph><altitudeFt>6400</altitudeFt><source>ASDI</source><date>2013-08-08T03:16:54.000Z</date></position><position><lon>-73.62000274658203</lon><lat>40.56999969482422</lat><speedMph>272</speedMph><altitudeFt>4000</altitudeFt><source>ASDI</source><date>2013-08-08T03:15:55.000Z</date></position><position><lon>-73.69999694824219</lon><lat>40.58000183105469</lat><speedMph>229</speedMph><altitudeFt>2400</altitudeFt><source>ASDI</source><date>2013-08-08T03:14:54.000Z</date></position></positions><waypoints><waypoint><lon>-73.76667022705078</lon><lat>40.63333511352539</lat></waypoint><waypoint><lon>-73.68333435058594</lon><lat>40.61666488647461</lat></waypoint><waypoint><lon>-73.61666870117188</lon><lat>40.61666488647461</lat></waypoint><waypoint><lon>-73.5999984741211</lon><lat>40.61666488647461</lat></waypoint><waypoint><lon>-73.56666564941406</lon><lat>40.61666488647461</lat></waypoint><waypoint><lon>-73.53333282470703</lon><lat>40.599998474121094</lat></waypoint><waypoint><lon>-73.51667022705078</lon><lat>40.599998474121094</lat></waypoint><waypoint><lon>-73.5</lon><lat>40.599998474121094</lat></waypoint><waypoint><lon>-73.46666717529297</lon><lat>40.599998474121094</lat></waypoint><waypoint><lon>-73.43333435058594</lon><lat>40.599998474121094</lat></waypoint><waypoint><lon>-73.4000015258789</lon><lat>40.599998474121094</lat></waypoint><waypoint><lon>-73.4000015258789</lon><lat>40.599998474121094</lat></waypoint><waypoint><lon>-73.38333129882812</lon><lat>40.58333206176758</lat></waypoint><waypoint><lon>-73.33333587646484</lon><lat>40.58333206176758</lat></waypoint><waypoint><lon>-73.23332977294922</lon><lat>40.56666564941406</lat></waypoint><waypoint><lon>-73.1500015258789</lon><lat>40.54999923706055</lat></waypoint><waypoint><lon>-73.01667022705078</lon><lat>40.58333206176758</lat></waypoint><waypoint><lon>-73.01667022705078</lon><lat>40.58333206176758</lat></waypoint><waypoint><lon>-73.0</lon><lat>40.58333206176758</lat></waypoint><waypoint><lon>-72.96666717529297</lon><lat>40.599998474121094</lat></waypoint><waypoint><lon>-72.91666412353516</lon><lat>40.61666488647461</lat></waypoint><waypoint><lon>-72.8499984741211</lon><lat>40.63333511352539</lat></waypoint><waypoint><lon>-72.75</lon><lat>40.650001525878906</lat></waypoint><waypoint><lon>-72.68333435058594</lon><lat>40.66666793823242</lat></waypoint><waypoint><lon>-72.63333129882812</lon><lat>40.68333435058594</lat></waypoint><waypoint><lon>-72.58333587646484</lon><lat>40.68333435058594</lat></waypoint><waypoint><lon>-72.5</lon><lat>40.71666717529297</lat></waypoint><waypoint><lon>-72.31666564941406</lon><lat>40.75</lat></waypoint><waypoint><lon>-72.19999694824219</lon><lat>40.78333282470703</lat></waypoint><waypoint><lon>-72.19999694824219</lon><lat>40.78333282470703</lat></waypoint><waypoint><lon>-72.11666870117188</lon><lat>40.79999923706055</lat></waypoint><waypoint><lon>-72.01667022705078</lon><lat>40.83333206176758</lat></waypoint><waypoint><lon>-71.66666412353516</lon><lat>40.900001525878906</lat></waypoint><waypoint><lon>-71.61666870117188</lon><lat>40.91666793823242</lat></waypoint><waypoint><lon>-71.55000305175781</lon><lat>40.93333435058594</lat></waypoint><waypoint><lon>-71.5</lon><lat>40.95000076293945</lat></waypoint><waypoint><lon>-71.38333129882812</lon><lat>40.983333587646484</lat></waypoint><waypoint><lon>-71.26667022705078</lon><lat>41.03333282470703</lat></waypoint><waypoint><lon>-70.91666412353516</lon><lat>41.16666793823242</lat></waypoint><waypoint><lon>-70.56666564941406</lon><lat>41.29999923706055</lat></waypoint><waypoint><lon>-69.5999984741211</lon><lat>41.68333435058594</lat></waypoint><waypoint><lon>-67.0</lon><lat>42.61666488647461</lat></waypoint><waypoint><lon>-65.06666564941406</lon><lat>43.29999923706055</lat></waypoint><waypoint><lon>-62.25</lon><lat>44.20000076293945</lat></waypoint><waypoint><lon>-62.11666488647461</lon><lat>44.25</lat></waypoint><waypoint><lon>-57.28333282470703</lon><lat>45.58333206176758</lat></waypoint><waypoint><lon>-56.53333282470703</lon><lat>45.78333282470703</lat></waypoint><waypoint><lon>-56.53333282470703</lon><lat>45.78333282470703</lat></waypoint><waypoint><lon>-52.93333435058594</lon><lat>46.483333587646484</lat></waypoint><waypoint><lon>-51.41666793823242</lon><lat>46.733333587646484</lat></waypoint><waypoint><lon>-51.0</lon><lat>46.86666488647461</lat></waypoint><waypoint><lon>-50.0</lon><lat>47.0</lat></waypoint><waypoint><lon>-49.06666564941406</lon><lat>47.28333282470703</lat></waypoint><waypoint><lon>-42.599998474121094</lon><lat>49.31666564941406</lat></waypoint><waypoint><lon>-40.0</lon><lat>50.0</lat></waypoint><waypoint><lon>-37.53333282470703</lon><lat>50.31666564941406</lat></waypoint><waypoint><lon>-30.0</lon><lat>51.0</lat></waypoint><waypoint><lon>-27.5</lon><lat>51.06666564941406</lat></waypoint><waypoint><lon>-20.0</lon><lat>51.0</lat></waypoint><waypoint><lon>-15.0</lon><lat>51.46666717529297</lat></waypoint><waypoint><lon>-14.699999809265137</lon><lat>51.483333587646484</lat></waypoint><waypoint><lon>-6.566666603088379</lon><lat>51.766666412353516</lat></waypoint><waypoint><lon>-4.300000190734863</lon><lat>51.66666793823242</lat></waypoint><waypoint><lon>-3.9833333492279053</lon><lat>51.650001525878906</lat></waypoint><waypoint><lon>-3.9000000953674316</lon><lat>51.63333511352539</lat></waypoint><waypoint><lon>-3.6500000953674316</lon><lat>51.63333511352539</lat></waypoint><waypoint><lon>-3.433333396911621</lon><lat>51.61666488647461</lat></waypoint><waypoint><lon>-3.383333444595337</lon><lat>51.599998474121094</lat></waypoint><waypoint><lon>-3.2666666507720947</lon><lat>51.599998474121094</lat></waypoint><waypoint><lon>-3.0</lon><lat>51.58333206176758</lat></waypoint><waypoint><lon>-2.9000000953674316</lon><lat>51.58333206176758</lat></waypoint><waypoint><lon>-2.5</lon><lat>51.56666564941406</lat></waypoint><waypoint><lon>-2.0333333015441895</lon><lat>51.54999923706055</lat></waypoint><waypoint><lon>-1.7333333492279053</lon><lat>51.53333282470703</lat></waypoint><waypoint><lon>-1.4666666984558105</lon><lat>51.516666412353516</lat></waypoint><waypoint><lon>-1.3333333730697632</lon><lat>51.516666412353516</lat></waypoint><waypoint><lon>-1.1166666746139526</lon><lat>51.5</lat></waypoint><waypoint><lon>-0.8500000238418579</lon><lat>51.5</lat></waypoint><waypoint><lon>-0.75</lon><lat>51.483333587646484</lat></waypoint><waypoint><lon>-0.7166666388511658</lon><lat>51.483333587646484</lat></waypoint><waypoint><lon>-0.5833333134651184</lon><lat>51.483333587646484</lat></waypoint><waypoint><lon>-0.46666666865348816</lon><lat>51.46666717529297</lat></waypoint><waypoint><lon>-0.44999998807907104</lon><lat>51.46666717529297</lat></waypoint></waypoints><legacyRoute>KJFK./.RONPO..NATY..4700N/05000W..5000N/04000W..5100N/03000W..5100N/02000W..DINIM..ELSOX..EVRIN..UL607..NUMPO..UP2..OKESI..Y3..BEDEK..EGLL</legacyRoute></flightTrack></flightTracks><request><url>https://api.flightstats.com/flex/flightstatus/rest/v2/xml/flight/tracks/VS/10/arr/2013/8/8</url><airline><requestedCode>VS</requestedCode><fsCode>VS</fsCode></airline><flight><requested>10</requested><interpreted>10</interpreted></flight><date><year>2013</year><month>8</month><day>8</day><interpreted>2013-08-08</interpreted></date><hourOfDay><interpreted>0</interpreted></hourOfDay><numHours><interpreted>24</interpreted></numHours><utc><requested>false</requested><interpreted>false</interpreted></utc><airport/><includeFlightPlan><requested>true</requested><interpreted>true</interpreted></includeFlightPlan><maxPositions/><maxPositionAgeMinutes/><codeType/><extendedOptions/></request></response>