<?xml version="1.0" encoding="UTF-8" standalone="yes"?><response><appendix><airlines><airline><fs>VX</fs><iata>VX</iata><icao>VRD</icao><name>Virgin America</name><active>true</active></airline></airlines><airports><airport><fs>LAX</fs><iata>LAX</iata><icao>KLAX</icao><faa>LAX</faa><name>Los Angeles International Airport</name><street1>One World Way</street1><street2></street2><city>Los Angeles</city><cityCode>LAX</cityCode><stateCode>CA</stateCode><postalCode>90045-5803</postalCode><countryCode>US</countryCode><countryName>United States</countryName><regionName>North America</regionName><timeZoneRegionName>America/Los_Angeles</timeZoneRegionName><weatherZone>CAZ041</weatherZone><localTime>2013-08-09T01:13:18.389</localTime><utcOffsetHours>-7.0</utcOffsetHours><latitude>33.943399</latitude><longitude>-118.408279</longitude><elevationFeet>126</elevationFeet><classification>1</classification><active>true</active><delayIndexUrl>https://api.flightstats.com/flex/delayindex/rest/v1/json/airports/LAX?codeType=fs</delayIndexUrl><weatherUrl>https://api.flightstats.com/flex/weather/rest/v1/json/all/LAX?codeType=fs</weatherUrl></airport><airport><fs>JFK</fs><iata>JFK</iata><icao>KJFK</icao><faa>JFK</faa><name>John F. Kennedy International Airport</name><street1>JFK Airport</street1><city>New York</city><cityCode>NYC</cityCode><stateCode>NY</stateCode><postalCode>11430</postalCode><countryCode>US</countryCode><countryName>United States</countryName><regionName>North America</regionName><timeZoneRegionName>America/New_York</timeZoneRegionName><weatherZone>NYZ178</weatherZone><localTime>2013-08-09T04:13:18.389</localTime><utcOffsetHours>-4.0</utcOffsetHours><latitude>40.642335</latitude><longitude>-73.78817</longitude><elevationFeet>13</elevationFeet><classification>1</classification><active>true</active><delayIndexUrl>https://api.flightstats.com/flex/delayindex/rest/v1/json/airports/JFK?codeType=fs</delayIndexUrl><weatherUrl>https://api.flightstats.com/flex/weather/rest/v1/json/all/JFK?codeType=fs</weatherUrl></airport></airports></appendix><flightTracks><flightTrack><flightId>305328721</flightId><carrierFsCode>VX</carrierFsCode><flightNumber>399</flightNumber><callsign>VRD399</callsign><departureAirportFsCode>JFK</departureAirportFsCode><arrivalAirportFsCode>LAX</arrivalAirportFsCode><departureDate><dateLocal>2013-08-08T07:15:00.000</dateLocal><dateUtc>2013-08-08T11:15:00.000Z</dateUtc></departureDate><equipment>A320</equipment><delayMinutes>4</delayMinutes><bearing>226.12897644239786</bearing><heading>270.0139625835154</heading><positions><position><lon>-118.4000015258789</lon><lat>33.95000076293945</lat><speedMph>162</speedMph><altitudeFt>200</altitudeFt><source>ASDI</source><date>2013-08-08T17:09:46.000Z</date></position><position><lon>-118.3499984741211</lon><lat>33.95000076293945</lat><speedMph>184</speedMph><altitudeFt>900</altitudeFt><source>ASDI</source><date>2013-08-08T17:08:44.000Z</date></position><position><lon>-118.3499984741211</lon><lat>33.95000076293945</lat><speedMph>159</speedMph><altitudeFt>900</altitudeFt><source>ASDI</source><date>2013-08-08T17:08:35.000Z</date></position><position><lon>-118.30000305175781</lon><lat>33.95000076293945</lat><speedMph>223</speedMph><altitudeFt>1600</altitudeFt><source>ASDI</source><date>2013-08-08T17:07:42.000Z</date></position><position><lon>-118.31999969482422</lon><lat>33.970001220703125</lat><speedMph>211</speedMph><altitudeFt>1600</altitudeFt><source>ASDI</source><date>2013-08-08T17:07:35.000Z</date></position><position><lon>-118.25</lon><lat>33.970001220703125</lat><speedMph>234</speedMph><altitudeFt>2600</altitudeFt><source>ASDI</source><date>2013-08-08T17:06:40.000Z</date></position><position><lon>-118.25</lon><lat>33.970001220703125</lat><speedMph>222</speedMph><altitudeFt>2600</altitudeFt><source>ASDI</source><date>2013-08-08T17:06:35.000Z</date></position><position><lon>-118.16999816894531</lon><lat>33.970001220703125</lat><speedMph>257</speedMph><altitudeFt>3600</altitudeFt><source>ASDI</source><date>2013-08-08T17:05:38.000Z</date></position><position><lon>-118.18000030517578</lon><lat>33.970001220703125</lat><speedMph>245</speedMph><altitudeFt>3500</altitudeFt><source>ASDI</source><date>2013-08-08T17:05:35.000Z</date></position><position><lon>-118.08000183105469</lon><lat>33.97999954223633</lat><speedMph>258</speedMph><altitudeFt>4600</altitudeFt><source>ASDI</source><date>2013-08-08T17:04:36.000Z</date></position><position><lon>-118.0999984741211</lon><lat>33.97999954223633</lat><speedMph>257</speedMph><altitudeFt>4500</altitudeFt><source>ASDI</source><date>2013-08-08T17:04:34.000Z</date></position><position><lon>-118.02999877929688</lon><lat>33.97999954223633</lat><speedMph>257</speedMph><altitudeFt>5800</altitudeFt><source>ASDI</source><date>2013-08-08T17:03:34.000Z</date></position><position><lon>-118.0199966430664</lon><lat>33.97999954223633</lat><speedMph>265</speedMph><altitudeFt>5900</altitudeFt><source>ASDI</source><date>2013-08-08T17:03:34.000Z</date></position><position><lon>-117.94999694824219</lon><lat>34.0</lat><speedMph>267</speedMph><altitudeFt>7100</altitudeFt><source>ASDI</source><date>2013-08-08T17:02:34.000Z</date></position><position><lon>-117.94999694824219</lon><lat>33.97999954223633</lat><speedMph>281</speedMph><altitudeFt>7200</altitudeFt><source>ASDI</source><date>2013-08-08T17:02:31.000Z</date></position><position><lon>-117.87999725341797</lon><lat>34.0</lat><speedMph>290</speedMph><altitudeFt>8600</altitudeFt><source>ASDI</source><date>2013-08-08T17:01:34.000Z</date></position><position><lon>-117.87000274658203</lon><lat>34.0</lat><speedMph>304</speedMph><altitudeFt>8700</altitudeFt><source>ASDI</source><date>2013-08-08T17:01:29.000Z</date></position><position><lon>-117.80000305175781</lon><lat>34.02000045776367</lat><speedMph>311</speedMph><altitudeFt>10000</altitudeFt><source>ASDI</source><date>2013-08-08T17:00:34.000Z</date></position><position><lon>-117.7699966430664</lon><lat>34.0</lat><speedMph>326</speedMph><altitudeFt>10300</altitudeFt><source>ASDI</source><date>2013-08-08T17:00:27.000Z</date></position><position><lon>-117.69999694824219</lon><lat>34.02000045776367</lat><speedMph>302</speedMph><altitudeFt>11200</altitudeFt><source>ASDI</source><date>2013-08-08T16:59:34.000Z</date></position><position><lon>-117.66999816894531</lon><lat>34.02000045776367</lat><speedMph>336</speedMph><altitudeFt>11600</altitudeFt><source>ASDI</source><date>2013-08-08T16:59:25.000Z</date></position><position><lon>-117.62000274658203</lon><lat>34.029998779296875</lat><speedMph>336</speedMph><altitudeFt>12500</altitudeFt><source>ASDI</source><date>2013-08-08T16:58:34.000Z</date></position><position><lon>-117.56999969482422</lon><lat>34.029998779296875</lat><speedMph>343</speedMph><altitudeFt>12800</altitudeFt><source>ASDI</source><date>2013-08-08T16:58:23.000Z</date></position><position><lon>-117.5</lon><lat>34.029998779296875</lat><speedMph>330</speedMph><altitudeFt>13900</altitudeFt><source>ASDI</source><date>2013-08-08T16:57:33.000Z</date></position><position><lon>-117.47000122070312</lon><lat>34.02000045776367</lat><speedMph>353</speedMph><altitudeFt>14200</altitudeFt><source>ASDI</source><date>2013-08-08T16:57:21.000Z</date></position><position><lon>-117.4000015258789</lon><lat>34.029998779296875</lat><speedMph>352</speedMph><altitudeFt>15200</altitudeFt><source>ASDI</source><date>2013-08-08T16:56:33.000Z</date></position><position><lon>-117.37000274658203</lon><lat>34.029998779296875</lat><speedMph>372</speedMph><altitudeFt>15600</altitudeFt><source>ASDI</source><date>2013-08-08T16:56:19.000Z</date></position><position><lon>-117.30000305175781</lon><lat>34.04999923706055</lat><speedMph>376</speedMph><altitudeFt>16700</altitudeFt><source>ASDI</source><date>2013-08-08T16:55:33.000Z</date></position><position><lon>-117.25</lon><lat>34.029998779296875</lat><speedMph>412</speedMph><altitudeFt>17000</altitudeFt><source>ASDI</source><date>2013-08-08T16:55:16.000Z</date></position><position><lon>-117.19999694824219</lon><lat>34.06999969482422</lat><speedMph>426</speedMph><altitudeFt>17500</altitudeFt><source>ASDI</source><date>2013-08-08T16:54:33.000Z</date></position><position><lon>-117.1500015258789</lon><lat>34.08000183105469</lat><speedMph>450</speedMph><altitudeFt>17700</altitudeFt><source>ASDI</source><date>2013-08-08T16:54:14.000Z</date></position><position><lon>-117.08000183105469</lon><lat>34.119998931884766</lat><speedMph>464</speedMph><altitudeFt>18700</altitudeFt><source>ASDI</source><date>2013-08-08T16:53:33.000Z</date></position><position><lon>-117.0</lon><lat>34.150001525878906</lat><speedMph>468</speedMph><altitudeFt>20400</altitudeFt><source>ASDI</source><date>2013-08-08T16:53:12.000Z</date></position><position><lon>-116.9000015258789</lon><lat>34.18000030517578</lat><speedMph>465</speedMph><altitudeFt>22700</altitudeFt><source>ASDI</source><date>2013-08-08T16:52:10.000Z</date></position><position><lon>-116.77999877929688</lon><lat>34.22999954223633</lat><speedMph>461</speedMph><altitudeFt>25900</altitudeFt><source>ASDI</source><date>2013-08-08T16:51:08.000Z</date></position><position><lon>-116.6500015258789</lon><lat>34.29999923706055</lat><speedMph>459</speedMph><altitudeFt>27100</altitudeFt><source>ASDI</source><date>2013-08-08T16:50:06.000Z</date></position><position><lon>-116.52999877929688</lon><lat>34.349998474121094</lat><speedMph>474</speedMph><altitudeFt>29100</altitudeFt><source>ASDI</source><date>2013-08-08T16:49:04.000Z</date></position><position><lon>-116.4000015258789</lon><lat>34.400001525878906</lat><speedMph>460</speedMph><altitudeFt>31500</altitudeFt><source>ASDI</source><date>2013-08-08T16:48:01.000Z</date></position><position><lon>-116.27999877929688</lon><lat>34.470001220703125</lat><speedMph>455</speedMph><altitudeFt>34500</altitudeFt><source>ASDI</source><date>2013-08-08T16:46:59.000Z</date></position><position><lon>-116.16999816894531</lon><lat>34.52000045776367</lat><speedMph>463</speedMph><altitudeFt>37200</altitudeFt><source>ASDI</source><date>2013-08-08T16:45:57.000Z</date></position><position><lon>-116.05000305175781</lon><lat>34.56999969482422</lat><speedMph>463</speedMph><altitudeFt>38000</altitudeFt><source>ASDI</source><date>2013-08-08T16:44:55.000Z</date></position><position><lon>-115.9000015258789</lon><lat>34.630001068115234</lat><speedMph>463</speedMph><altitudeFt>38000</altitudeFt><source>ASDI</source><date>2013-08-08T16:43:53.000Z</date></position><position><lon>-115.77999877929688</lon><lat>34.68000030517578</lat><speedMph>460</speedMph><altitudeFt>38000</altitudeFt><source>ASDI</source><date>2013-08-08T16:42:51.000Z</date></position><position><lon>-115.66999816894531</lon><lat>34.72999954223633</lat><speedMph>465</speedMph><altitudeFt>38000</altitudeFt><source>ASDI</source><date>2013-08-08T16:41:49.000Z</date></position><position><lon>-115.55000305175781</lon><lat>34.779998779296875</lat><speedMph>463</speedMph><altitudeFt>38000</altitudeFt><source>ASDI</source><date>2013-08-08T16:40:47.000Z</date></position><position><lon>-115.43000030517578</lon><lat>34.83000183105469</lat><speedMph>464</speedMph><altitudeFt>38000</altitudeFt><source>ASDI</source><date>2013-08-08T16:39:44.000Z</date></position><position><lon>-115.2699966430664</lon><lat>34.900001525878906</lat><speedMph>460</speedMph><altitudeFt>38000</altitudeFt><source>ASDI</source><date>2013-08-08T16:38:42.000Z</date></position><position><lon>-115.12999725341797</lon><lat>34.95000076293945</lat><speedMph>464</speedMph><altitudeFt>38000</altitudeFt><source>ASDI</source><date>2013-08-08T16:37:28.000Z</date></position><position><lon>-115.0199966430664</lon><lat>35.0</lat><speedMph>463</speedMph><altitudeFt>38000</altitudeFt><source>ASDI</source><date>2013-08-08T16:36:26.000Z</date></position><position><lon>-114.9000015258789</lon><lat>35.04999923706055</lat><speedMph>464</speedMph><altitudeFt>38000</altitudeFt><source>ASDI</source><date>2013-08-08T16:35:23.000Z</date></position><position><lon>-114.7699966430664</lon><lat>35.099998474121094</lat><speedMph>470</speedMph><altitudeFt>38000</altitudeFt><source>ASDI</source><date>2013-08-08T16:34:21.000Z</date></position><position><lon>-114.6500015258789</lon><lat>35.16999816894531</lat><speedMph>471</speedMph><altitudeFt>38000</altitudeFt><source>ASDI</source><date>2013-08-08T16:33:19.000Z</date></position><position><lon>-114.5</lon><lat>35.220001220703125</lat><speedMph>470</speedMph><altitudeFt>38000</altitudeFt><source>ASDI</source><date>2013-08-08T16:32:17.000Z</date></position><position><lon>-114.37999725341797</lon><lat>35.27000045776367</lat><speedMph>467</speedMph><altitudeFt>38000</altitudeFt><source>ASDI</source><date>2013-08-08T16:31:15.000Z</date></position><position><lon>-114.25</lon><lat>35.31999969482422</lat><speedMph>465</speedMph><altitudeFt>38000</altitudeFt><source>ASDI</source><date>2013-08-08T16:30:13.000Z</date></position><position><lon>-114.12999725341797</lon><lat>35.369998931884766</lat><speedMph>471</speedMph><altitudeFt>38000</altitudeFt><source>ASDI</source><date>2013-08-08T16:29:11.000Z</date></position><position><lon>-114.0</lon><lat>35.43000030517578</lat><speedMph>466</speedMph><altitudeFt>38000</altitudeFt><source>ASDI</source><date>2013-08-08T16:28:09.000Z</date></position><position><lon>-113.87000274658203</lon><lat>35.47999954223633</lat><speedMph>472</speedMph><altitudeFt>38000</altitudeFt><source>ASDI</source><date>2013-08-08T16:27:06.000Z</date></position><position><lon>-113.72000122070312</lon><lat>35.54999923706055</lat><speedMph>470</speedMph><altitudeFt>38000</altitudeFt><source>ASDI</source><date>2013-08-08T16:26:04.000Z</date></position><position><lon>-113.62000274658203</lon><lat>35.58000183105469</lat><speedMph>471</speedMph><altitudeFt>38000</altitudeFt><source>ASDI</source><date>2013-08-08T16:25:02.000Z</date></position><position><lon>-113.4800033569336</lon><lat>35.630001068115234</lat><speedMph>474</speedMph><altitudeFt>38000</altitudeFt><source>ASDI</source><date>2013-08-08T16:24:00.000Z</date></position><position><lon>-113.33000183105469</lon><lat>35.68000030517578</lat><speedMph>476</speedMph><altitudeFt>38000</altitudeFt><source>ASDI</source><date>2013-08-08T16:22:58.000Z</date></position><position><lon>-113.19999694824219</lon><lat>35.720001220703125</lat><speedMph>475</speedMph><altitudeFt>38000</altitudeFt><source>ASDI</source><date>2013-08-08T16:21:56.000Z</date></position><position><lon>-113.02999877929688</lon><lat>35.77000045776367</lat><speedMph>473</speedMph><altitudeFt>38000</altitudeFt><source>ASDI</source><date>2013-08-08T16:20:53.000Z</date></position><position><lon>-112.91999816894531</lon><lat>35.79999923706055</lat><speedMph>474</speedMph><altitudeFt>38000</altitudeFt><source>ASDI</source><date>2013-08-08T16:19:39.000Z</date></position><position><lon>-112.75</lon><lat>35.849998474121094</lat><speedMph>471</speedMph><altitudeFt>38000</altitudeFt><source>ASDI</source><date>2013-08-08T16:18:37.000Z</date></position><position><lon>-112.62000274658203</lon><lat>35.880001068115234</lat><speedMph>473</speedMph><altitudeFt>38000</altitudeFt><source>ASDI</source><date>2013-08-08T16:17:35.000Z</date></position><position><lon>-112.4800033569336</lon><lat>35.91999816894531</lat><speedMph>463</speedMph><altitudeFt>38000</altitudeFt><source>ASDI</source><date>2013-08-08T16:16:33.000Z</date></position><position><lon>-112.3499984741211</lon><lat>35.970001220703125</lat><speedMph>461</speedMph><altitudeFt>38000</altitudeFt><source>ASDI</source><date>2013-08-08T16:15:31.000Z</date></position><position><lon>-112.2699966430664</lon><lat>35.97999954223633</lat><speedMph>468</speedMph><altitudeFt>38000</altitudeFt><source>ASDI</source><date>2013-08-08T16:14:54.000Z</date></position><position><lon>-112.2300033569336</lon><lat>36.0</lat><speedMph>466</speedMph><altitudeFt>38000</altitudeFt><source>ASDI</source><date>2013-08-08T16:14:28.000Z</date></position><position><lon>-112.12999725341797</lon><lat>36.029998779296875</lat><speedMph>470</speedMph><altitudeFt>38000</altitudeFt><source>ASDI</source><date>2013-08-08T16:13:52.000Z</date></position><position><lon>-112.08000183105469</lon><lat>36.04999923706055</lat><speedMph>471</speedMph><altitudeFt>38000</altitudeFt><source>ASDI</source><date>2013-08-08T16:13:26.000Z</date></position><position><lon>-112.0</lon><lat>36.06999969482422</lat><speedMph>475</speedMph><altitudeFt>38000</altitudeFt><source>ASDI</source><date>2013-08-08T16:12:50.000Z</date></position><position><lon>-111.94999694824219</lon><lat>36.08000183105469</lat><speedMph>475</speedMph><altitudeFt>38000</altitudeFt><source>ASDI</source><date>2013-08-08T16:12:24.000Z</date></position><position><lon>-111.87000274658203</lon><lat>36.099998474121094</lat><speedMph>475</speedMph><altitudeFt>38000</altitudeFt><source>ASDI</source><date>2013-08-08T16:11:48.000Z</date></position><position><lon>-111.81999969482422</lon><lat>36.119998931884766</lat><speedMph>478</speedMph><altitudeFt>38000</altitudeFt><source>ASDI</source><date>2013-08-08T16:11:22.000Z</date></position><position><lon>-111.7300033569336</lon><lat>36.130001068115234</lat><speedMph>480</speedMph><altitudeFt>38000</altitudeFt><source>ASDI</source><date>2013-08-08T16:10:46.000Z</date></position><position><lon>-111.68000030517578</lon><lat>36.150001525878906</lat><speedMph>483</speedMph><altitudeFt>38000</altitudeFt><source>ASDI</source><date>2013-08-08T16:10:20.000Z</date></position><position><lon>-111.5999984741211</lon><lat>36.18000030517578</lat><speedMph>481</speedMph><altitudeFt>38000</altitudeFt><source>ASDI</source><date>2013-08-08T16:09:44.000Z</date></position><position><lon>-111.52999877929688</lon><lat>36.20000076293945</lat><speedMph>478</speedMph><altitudeFt>38000</altitudeFt><source>ASDI</source><date>2013-08-08T16:09:18.000Z</date></position><position><lon>-111.44999694824219</lon><lat>36.220001220703125</lat><speedMph>479</speedMph><altitudeFt>38000</altitudeFt><source>ASDI</source><date>2013-08-08T16:08:42.000Z</date></position><position><lon>-111.37999725341797</lon><lat>36.22999954223633</lat><speedMph>476</speedMph><altitudeFt>38000</altitudeFt><source>ASDI</source><date>2013-08-08T16:08:16.000Z</date></position><position><lon>-111.30000305175781</lon><lat>36.27000045776367</lat><speedMph>478</speedMph><altitudeFt>38000</altitudeFt><source>ASDI</source><date>2013-08-08T16:07:40.000Z</date></position><position><lon>-111.25</lon><lat>36.27000045776367</lat><speedMph>478</speedMph><altitudeFt>38000</altitudeFt><source>ASDI</source><date>2013-08-08T16:07:13.000Z</date></position><position><lon>-111.16999816894531</lon><lat>36.29999923706055</lat><speedMph>479</speedMph><altitudeFt>38000</altitudeFt><source>ASDI</source><date>2013-08-08T16:06:37.000Z</date></position><position><lon>-111.12000274658203</lon><lat>36.31999969482422</lat><speedMph>482</speedMph><altitudeFt>38000</altitudeFt><source>ASDI</source><date>2013-08-08T16:06:11.000Z</date></position><position><lon>-111.02999877929688</lon><lat>36.33000183105469</lat><speedMph>481</speedMph><altitudeFt>38100</altitudeFt><source>ASDI</source><date>2013-08-08T16:05:35.000Z</date></position><position><lon>-110.9800033569336</lon><lat>36.349998474121094</lat><speedMph>490</speedMph><altitudeFt>38100</altitudeFt><source>ASDI</source><date>2013-08-08T16:05:09.000Z</date></position><position><lon>-110.9000015258789</lon><lat>36.369998931884766</lat><speedMph>479</speedMph><altitudeFt>38000</altitudeFt><source>ASDI</source><date>2013-08-08T16:04:33.000Z</date></position><position><lon>-110.8499984741211</lon><lat>36.400001525878906</lat><speedMph>474</speedMph><altitudeFt>38000</altitudeFt><source>ASDI</source><date>2013-08-08T16:04:07.000Z</date></position><position><lon>-110.7699966430664</lon><lat>36.41999816894531</lat><speedMph>476</speedMph><altitudeFt>38000</altitudeFt><source>ASDI</source><date>2013-08-08T16:03:31.000Z</date></position><position><lon>-110.68000030517578</lon><lat>36.43000030517578</lat><speedMph>470</speedMph><altitudeFt>38000</altitudeFt><source>ASDI</source><date>2013-08-08T16:03:05.000Z</date></position><position><lon>-110.5999984741211</lon><lat>36.45000076293945</lat><speedMph>472</speedMph><altitudeFt>38000</altitudeFt><source>ASDI</source><date>2013-08-08T16:02:29.000Z</date></position><position><lon>-110.55000305175781</lon><lat>36.470001220703125</lat><speedMph>466</speedMph><altitudeFt>38000</altitudeFt><source>ASDI</source><date>2013-08-08T16:02:03.000Z</date></position><position><lon>-110.47000122070312</lon><lat>36.5</lat><speedMph>471</speedMph><altitudeFt>38000</altitudeFt><source>ASDI</source><date>2013-08-08T16:01:27.000Z</date></position><position><lon>-110.41999816894531</lon><lat>36.52000045776367</lat><speedMph>465</speedMph><altitudeFt>38000</altitudeFt><source>ASDI</source><date>2013-08-08T16:01:01.000Z</date></position><position><lon>-110.30000305175781</lon><lat>36.529998779296875</lat><speedMph>475</speedMph><altitudeFt>38000</altitudeFt><source>ASDI</source><date>2013-08-08T16:00:25.000Z</date></position><position><lon>-110.27999877929688</lon><lat>36.54999923706055</lat><speedMph>465</speedMph><altitudeFt>38000</altitudeFt><source>ASDI</source><date>2013-08-08T15:59:58.000Z</date></position><position><lon>-110.16999816894531</lon><lat>36.56999969482422</lat><speedMph>471</speedMph><altitudeFt>38000</altitudeFt><source>ASDI</source><date>2013-08-08T15:59:10.000Z</date></position><position><lon>-110.1500015258789</lon><lat>36.58000183105469</lat><speedMph>470</speedMph><altitudeFt>38000</altitudeFt><source>ASDI</source><date>2013-08-08T15:58:56.000Z</date></position><position><lon>-110.0</lon><lat>36.619998931884766</lat><speedMph>473</speedMph><altitudeFt>38000</altitudeFt><source>ASDI</source><date>2013-08-08T15:58:08.000Z</date></position><position><lon>-110.0199966430664</lon><lat>36.619998931884766</lat><speedMph>473</speedMph><altitudeFt>38000</altitudeFt><source>ASDI</source><date>2013-08-08T15:57:54.000Z</date></position><position><lon>-109.9000015258789</lon><lat>36.650001525878906</lat><speedMph>473</speedMph><altitudeFt>38000</altitudeFt><source>ASDI</source><date>2013-08-08T15:57:06.000Z</date></position><position><lon>-109.8499984741211</lon><lat>36.650001525878906</lat><speedMph>474</speedMph><altitudeFt>38000</altitudeFt><source>ASDI</source><date>2013-08-08T15:56:52.000Z</date></position><position><lon>-109.75</lon><lat>36.68000030517578</lat><speedMph>481</speedMph><altitudeFt>38100</altitudeFt><source>ASDI</source><date>2013-08-08T15:56:04.000Z</date></position><position><lon>-109.62000274658203</lon><lat>36.720001220703125</lat><speedMph>481</speedMph><altitudeFt>38000</altitudeFt><source>ASDI</source><date>2013-08-08T15:55:02.000Z</date></position><position><lon>-109.47000122070312</lon><lat>36.75</lat><speedMph>476</speedMph><altitudeFt>38000</altitudeFt><source>ASDI</source><date>2013-08-08T15:54:00.000Z</date></position><position><lon>-109.27999877929688</lon><lat>36.79999923706055</lat><speedMph>479</speedMph><altitudeFt>38000</altitudeFt><source>ASDI</source><date>2013-08-08T15:52:57.000Z</date></position><position><lon>-109.18000030517578</lon><lat>36.83000183105469</lat><speedMph>478</speedMph><altitudeFt>38000</altitudeFt><source>ASDI</source><date>2013-08-08T15:51:56.000Z</date></position><position><lon>-109.05000305175781</lon><lat>36.869998931884766</lat><speedMph>479</speedMph><altitudeFt>38000</altitudeFt><source>ASDI</source><date>2013-08-08T15:50:54.000Z</date></position><position><lon>-108.9000015258789</lon><lat>36.900001525878906</lat><speedMph>482</speedMph><altitudeFt>38000</altitudeFt><source>ASDI</source><date>2013-08-08T15:49:52.000Z</date></position><position><lon>-108.7699966430664</lon><lat>36.93000030517578</lat><speedMph>480</speedMph><altitudeFt>38000</altitudeFt><source>ASDI</source><date>2013-08-08T15:48:50.000Z</date></position><position><lon>-108.5999984741211</lon><lat>36.970001220703125</lat><speedMph>480</speedMph><altitudeFt>38000</altitudeFt><source>ASDI</source><date>2013-08-08T15:47:48.000Z</date></position><position><lon>-108.47000122070312</lon><lat>37.0</lat><speedMph>482</speedMph><altitudeFt>38000</altitudeFt><source>ASDI</source><date>2013-08-08T15:46:46.000Z</date></position><position><lon>-108.31999969482422</lon><lat>37.04999923706055</lat><speedMph>486</speedMph><altitudeFt>38100</altitudeFt><source>ASDI</source><date>2013-08-08T15:45:44.000Z</date></position><position><lon>-108.18000030517578</lon><lat>37.08000183105469</lat><speedMph>486</speedMph><altitudeFt>38000</altitudeFt><source>ASDI</source><date>2013-08-08T15:44:41.000Z</date></position><position><lon>-108.02999877929688</lon><lat>37.119998931884766</lat><speedMph>479</speedMph><altitudeFt>38000</altitudeFt><source>ASDI</source><date>2013-08-08T15:43:39.000Z</date></position><position><lon>-107.9000015258789</lon><lat>37.150001525878906</lat><speedMph>476</speedMph><altitudeFt>38000</altitudeFt><source>ASDI</source><date>2013-08-08T15:42:37.000Z</date></position><position><lon>-107.75</lon><lat>37.18000030517578</lat><speedMph>483</speedMph><altitudeFt>38000</altitudeFt><source>ASDI</source><date>2013-08-08T15:41:35.000Z</date></position><position><lon>-107.62000274658203</lon><lat>37.220001220703125</lat><speedMph>484</speedMph><altitudeFt>38100</altitudeFt><source>ASDI</source><date>2013-08-08T15:40:33.000Z</date></position><position><lon>-107.44999694824219</lon><lat>37.25</lat><speedMph>484</speedMph><altitudeFt>38000</altitudeFt><source>ASDI</source><date>2013-08-08T15:39:31.000Z</date></position><position><lon>-107.31999969482422</lon><lat>37.279998779296875</lat><speedMph>476</speedMph><altitudeFt>38000</altitudeFt><source>ASDI</source><date>2013-08-08T15:38:29.000Z</date></position><position><lon>-107.16999816894531</lon><lat>37.33000183105469</lat><speedMph>484</speedMph><altitudeFt>38000</altitudeFt><source>ASDI</source><date>2013-08-08T15:37:27.000Z</date></position><position><lon>-107.02999877929688</lon><lat>37.349998474121094</lat><speedMph>476</speedMph><altitudeFt>38000</altitudeFt><source>ASDI</source><date>2013-08-08T15:36:25.000Z</date></position><position><lon>-106.9000015258789</lon><lat>37.380001068115234</lat><speedMph>479</speedMph><altitudeFt>38000</altitudeFt><source>ASDI</source><date>2013-08-08T15:35:23.000Z</date></position><position><lon>-106.7300033569336</lon><lat>37.43000030517578</lat><speedMph>476</speedMph><altitudeFt>38000</altitudeFt><source>ASDI</source><date>2013-08-08T15:34:21.000Z</date></position><position><lon>-106.5999984741211</lon><lat>37.45000076293945</lat><speedMph>476</speedMph><altitudeFt>38000</altitudeFt><source>ASDI</source><date>2013-08-08T15:33:19.000Z</date></position><position><lon>-106.44999694824219</lon><lat>37.47999954223633</lat><speedMph>473</speedMph><altitudeFt>38000</altitudeFt><source>ASDI</source><date>2013-08-08T15:32:17.000Z</date></position><position><lon>-106.31999969482422</lon><lat>37.52000045776367</lat><speedMph>465</speedMph><altitudeFt>38000</altitudeFt><source>ASDI</source><date>2013-08-08T15:31:15.000Z</date></position><position><lon>-106.16999816894531</lon><lat>37.54999923706055</lat><speedMph>473</speedMph><altitudeFt>37900</altitudeFt><source>ASDI</source><date>2013-08-08T15:30:13.000Z</date></position><position><lon>-106.0199966430664</lon><lat>37.58000183105469</lat><speedMph>480</speedMph><altitudeFt>36700</altitudeFt><source>ASDI</source><date>2013-08-08T15:29:10.000Z</date></position><position><lon>-105.87999725341797</lon><lat>37.599998474121094</lat><speedMph>482</speedMph><altitudeFt>36000</altitudeFt><source>ASDI</source><date>2013-08-08T15:28:08.000Z</date></position><position><lon>-105.7300033569336</lon><lat>37.650001525878906</lat><speedMph>479</speedMph><altitudeFt>36000</altitudeFt><source>ASDI</source><date>2013-08-08T15:27:06.000Z</date></position><position><lon>-105.5999984741211</lon><lat>37.66999816894531</lat><speedMph>483</speedMph><altitudeFt>36000</altitudeFt><source>ASDI</source><date>2013-08-08T15:26:04.000Z</date></position><position><lon>-105.43000030517578</lon><lat>37.70000076293945</lat><speedMph>479</speedMph><altitudeFt>36000</altitudeFt><source>ASDI</source><date>2013-08-08T15:25:02.000Z</date></position><position><lon>-105.30000305175781</lon><lat>37.72999954223633</lat><speedMph>484</speedMph><altitudeFt>36000</altitudeFt><source>ASDI</source><date>2013-08-08T15:24:00.000Z</date></position><position><lon>-105.12999725341797</lon><lat>37.77000045776367</lat><speedMph>486</speedMph><altitudeFt>36000</altitudeFt><source>ASDI</source><date>2013-08-08T15:22:58.000Z</date></position><position><lon>-105.0</lon><lat>37.79999923706055</lat><speedMph>481</speedMph><altitudeFt>36000</altitudeFt><source>ASDI</source><date>2013-08-08T15:21:56.000Z</date></position><position><lon>-104.8499984741211</lon><lat>37.81999969482422</lat><speedMph>473</speedMph><altitudeFt>36000</altitudeFt><source>ASDI</source><date>2013-08-08T15:20:54.000Z</date></position><position><lon>-104.68000030517578</lon><lat>37.849998474121094</lat><speedMph>476</speedMph><altitudeFt>36000</altitudeFt><source>ASDI</source><date>2013-08-08T15:19:51.000Z</date></position><position><lon>-104.52999877929688</lon><lat>37.880001068115234</lat><speedMph>478</speedMph><altitudeFt>36000</altitudeFt><source>ASDI</source><date>2013-08-08T15:18:38.000Z</date></position><position><lon>-104.4000015258789</lon><lat>37.91999816894531</lat><speedMph>481</speedMph><altitudeFt>36000</altitudeFt><source>ASDI</source><date>2013-08-08T15:17:35.000Z</date></position><position><lon>-104.2300033569336</lon><lat>37.95000076293945</lat><speedMph>482</speedMph><altitudeFt>36000</altitudeFt><source>ASDI</source><date>2013-08-08T15:16:33.000Z</date></position><position><lon>-104.0999984741211</lon><lat>37.970001220703125</lat><speedMph>481</speedMph><altitudeFt>36000</altitudeFt><source>ASDI</source><date>2013-08-08T15:15:31.000Z</date></position><position><lon>-103.93000030517578</lon><lat>38.0</lat><speedMph>479</speedMph><altitudeFt>36000</altitudeFt><source>ASDI</source><date>2013-08-08T15:14:29.000Z</date></position><position><lon>-103.80000305175781</lon><lat>38.029998779296875</lat><speedMph>476</speedMph><altitudeFt>36000</altitudeFt><source>ASDI</source><date>2013-08-08T15:13:27.000Z</date></position><position><lon>-103.6500015258789</lon><lat>38.04999923706055</lat><speedMph>478</speedMph><altitudeFt>36000</altitudeFt><source>ASDI</source><date>2013-08-08T15:12:25.000Z</date></position><position><lon>-103.5199966430664</lon><lat>38.08000183105469</lat><speedMph>481</speedMph><altitudeFt>36000</altitudeFt><source>ASDI</source><date>2013-08-08T15:11:23.000Z</date></position><position><lon>-103.3499984741211</lon><lat>38.119998931884766</lat><speedMph>480</speedMph><altitudeFt>36000</altitudeFt><source>ASDI</source><date>2013-08-08T15:10:21.000Z</date></position><position><lon>-103.22000122070312</lon><lat>38.130001068115234</lat><speedMph>479</speedMph><altitudeFt>36000</altitudeFt><source>ASDI</source><date>2013-08-08T15:09:19.000Z</date></position><position><lon>-103.05000305175781</lon><lat>38.16999816894531</lat><speedMph>478</speedMph><altitudeFt>36000</altitudeFt><source>ASDI</source><date>2013-08-08T15:08:17.000Z</date></position><position><lon>-102.91999816894531</lon><lat>38.18000030517578</lat><speedMph>480</speedMph><altitudeFt>36000</altitudeFt><source>ASDI</source><date>2013-08-08T15:07:15.000Z</date></position><position><lon>-102.7300033569336</lon><lat>38.220001220703125</lat><speedMph>481</speedMph><altitudeFt>36000</altitudeFt><source>ASDI</source><date>2013-08-08T15:06:12.000Z</date></position><position><lon>-102.62000274658203</lon><lat>38.25</lat><speedMph>483</speedMph><altitudeFt>36000</altitudeFt><source>ASDI</source><date>2013-08-08T15:05:11.000Z</date></position><position><lon>-102.47000122070312</lon><lat>38.27000045776367</lat><speedMph>486</speedMph><altitudeFt>36000</altitudeFt><source>ASDI</source><date>2013-08-08T15:04:09.000Z</date></position><position><lon>-102.2699966430664</lon><lat>38.29999923706055</lat><speedMph>483</speedMph><altitudeFt>36000</altitudeFt><source>ASDI</source><date>2013-08-08T15:03:06.000Z</date></position><position><lon>-102.16999816894531</lon><lat>38.31999969482422</lat><speedMph>484</speedMph><altitudeFt>36000</altitudeFt><source>ASDI</source><date>2013-08-08T15:02:04.000Z</date></position><position><lon>-102.0199966430664</lon><lat>38.349998474121094</lat><speedMph>480</speedMph><altitudeFt>36000</altitudeFt><source>ASDI</source><date>2013-08-08T15:01:02.000Z</date></position><position><lon>-101.94999694824219</lon><lat>38.369998931884766</lat><speedMph>476</speedMph><altitudeFt>36000</altitudeFt><source>ASDI</source><date>2013-08-08T15:00:37.000Z</date></position><position><lon>-101.87000274658203</lon><lat>38.380001068115234</lat><speedMph>480</speedMph><altitudeFt>36000</altitudeFt><source>ASDI</source><date>2013-08-08T15:00:00.000Z</date></position><position><lon>-101.81999969482422</lon><lat>38.380001068115234</lat><speedMph>478</speedMph><altitudeFt>36000</altitudeFt><source>ASDI</source><date>2013-08-08T14:59:35.000Z</date></position><position><lon>-101.72000122070312</lon><lat>38.400001525878906</lat><speedMph>481</speedMph><altitudeFt>36000</altitudeFt><source>ASDI</source><date>2013-08-08T14:58:58.000Z</date></position><position><lon>-101.6500015258789</lon><lat>38.41999816894531</lat><speedMph>479</speedMph><altitudeFt>36000</altitudeFt><source>ASDI</source><date>2013-08-08T14:58:34.000Z</date></position><position><lon>-101.56999969482422</lon><lat>38.43000030517578</lat><speedMph>480</speedMph><altitudeFt>36000</altitudeFt><source>ASDI</source><date>2013-08-08T14:57:56.000Z</date></position><position><lon>-101.5199966430664</lon><lat>38.43000030517578</lat><speedMph>479</speedMph><altitudeFt>36000</altitudeFt><source>ASDI</source><date>2013-08-08T14:57:32.000Z</date></position><position><lon>-101.41999816894531</lon><lat>38.45000076293945</lat><speedMph>480</speedMph><altitudeFt>36000</altitudeFt><source>ASDI</source><date>2013-08-08T14:56:54.000Z</date></position><position><lon>-101.3499984741211</lon><lat>38.470001220703125</lat><speedMph>473</speedMph><altitudeFt>36000</altitudeFt><source>ASDI</source><date>2013-08-08T14:56:31.000Z</date></position><position><lon>-101.2300033569336</lon><lat>38.47999954223633</lat><speedMph>475</speedMph><altitudeFt>36000</altitudeFt><source>ASDI</source><date>2013-08-08T14:55:52.000Z</date></position><position><lon>-101.22000122070312</lon><lat>38.47999954223633</lat><speedMph>480</speedMph><altitudeFt>36000</altitudeFt><source>ASDI</source><date>2013-08-08T14:55:29.000Z</date></position><position><lon>-101.08000183105469</lon><lat>38.5</lat><speedMph>480</speedMph><altitudeFt>36000</altitudeFt><source>ASDI</source><date>2013-08-08T14:54:38.000Z</date></position><position><lon>-101.05000305175781</lon><lat>38.52000045776367</lat><speedMph>478</speedMph><altitudeFt>36000</altitudeFt><source>ASDI</source><date>2013-08-08T14:54:28.000Z</date></position><position><lon>-100.93000030517578</lon><lat>38.529998779296875</lat><speedMph>479</speedMph><altitudeFt>36000</altitudeFt><source>ASDI</source><date>2013-08-08T14:53:36.000Z</date></position><position><lon>-100.91999816894531</lon><lat>38.529998779296875</lat><speedMph>481</speedMph><altitudeFt>36000</altitudeFt><source>ASDI</source><date>2013-08-08T14:53:26.000Z</date></position><position><lon>-100.75</lon><lat>38.56999969482422</lat><speedMph>484</speedMph><altitudeFt>36000</altitudeFt><source>ASDI</source><date>2013-08-08T14:52:33.000Z</date></position><position><lon>-100.77999877929688</lon><lat>38.54999923706055</lat><speedMph>482</speedMph><altitudeFt>36000</altitudeFt><source>ASDI</source><date>2013-08-08T14:52:24.000Z</date></position><position><lon>-100.62999725341797</lon><lat>38.58000183105469</lat><speedMph>482</speedMph><altitudeFt>36000</altitudeFt><source>ASDI</source><date>2013-08-08T14:51:31.000Z</date></position><position><lon>-100.62000274658203</lon><lat>38.58000183105469</lat><speedMph>479</speedMph><altitudeFt>36000</altitudeFt><source>ASDI</source><date>2013-08-08T14:51:23.000Z</date></position><position><lon>-100.4800033569336</lon><lat>38.599998474121094</lat><speedMph>481</speedMph><altitudeFt>36000</altitudeFt><source>ASDI</source><date>2013-08-08T14:50:29.000Z</date></position><position><lon>-100.4800033569336</lon><lat>38.599998474121094</lat><speedMph>479</speedMph><altitudeFt>36000</altitudeFt><source>ASDI</source><date>2013-08-08T14:50:21.000Z</date></position><position><lon>-100.33000183105469</lon><lat>38.619998931884766</lat><speedMph>482</speedMph><altitudeFt>36000</altitudeFt><source>ASDI</source><date>2013-08-08T14:49:27.000Z</date></position><position><lon>-100.31999969482422</lon><lat>38.630001068115234</lat><speedMph>482</speedMph><altitudeFt>36000</altitudeFt><source>ASDI</source><date>2013-08-08T14:49:20.000Z</date></position><position><lon>-100.19999694824219</lon><lat>38.650001525878906</lat><speedMph>479</speedMph><altitudeFt>36000</altitudeFt><source>ASDI</source><date>2013-08-08T14:48:25.000Z</date></position><position><lon>-100.18000030517578</lon><lat>38.650001525878906</lat><speedMph>482</speedMph><altitudeFt>36000</altitudeFt><source>ASDI</source><date>2013-08-08T14:48:18.000Z</date></position><position><lon>-100.02999877929688</lon><lat>38.66999816894531</lat><speedMph>483</speedMph><altitudeFt>36000</altitudeFt><source>ASDI</source><date>2013-08-08T14:47:23.000Z</date></position><position><lon>-100.0199966430664</lon><lat>38.68000030517578</lat><speedMph>483</speedMph><altitudeFt>36000</altitudeFt><source>ASDI</source><date>2013-08-08T14:47:16.000Z</date></position><position><lon>-99.9000015258789</lon><lat>38.70000076293945</lat><speedMph>484</speedMph><altitudeFt>36000</altitudeFt><source>ASDI</source><date>2013-08-08T14:46:21.000Z</date></position><position><lon>-99.87999725341797</lon><lat>38.70000076293945</lat><speedMph>482</speedMph><altitudeFt>36000</altitudeFt><source>ASDI</source><date>2013-08-08T14:46:15.000Z</date></position><position><lon>-99.7300033569336</lon><lat>38.720001220703125</lat><speedMph>481</speedMph><altitudeFt>36000</altitudeFt><source>ASDI</source><date>2013-08-08T14:45:19.000Z</date></position><position><lon>-99.72000122070312</lon><lat>38.720001220703125</lat><speedMph>481</speedMph><altitudeFt>36000</altitudeFt><source>ASDI</source><date>2013-08-08T14:45:13.000Z</date></position><position><lon>-99.5999984741211</lon><lat>38.72999954223633</lat><speedMph>481</speedMph><altitudeFt>36000</altitudeFt><source>ASDI</source><date>2013-08-08T14:44:17.000Z</date></position><position><lon>-99.56999969482422</lon><lat>38.75</lat><speedMph>482</speedMph><altitudeFt>36000</altitudeFt><source>ASDI</source><date>2013-08-08T14:44:12.000Z</date></position><position><lon>-99.43000030517578</lon><lat>38.77000045776367</lat><speedMph>480</speedMph><altitudeFt>36000</altitudeFt><source>ASDI</source><date>2013-08-08T14:43:15.000Z</date></position><position><lon>-99.41999816894531</lon><lat>38.77000045776367</lat><speedMph>481</speedMph><altitudeFt>36000</altitudeFt><source>ASDI</source><date>2013-08-08T14:43:10.000Z</date></position><position><lon>-99.30000305175781</lon><lat>38.779998779296875</lat><speedMph>482</speedMph><altitudeFt>36000</altitudeFt><source>ASDI</source><date>2013-08-08T14:42:13.000Z</date></position><position><lon>-99.2699966430664</lon><lat>38.779998779296875</lat><speedMph>483</speedMph><altitudeFt>36000</altitudeFt><source>ASDI</source><date>2013-08-08T14:42:08.000Z</date></position><position><lon>-99.12999725341797</lon><lat>38.79999923706055</lat><speedMph>487</speedMph><altitudeFt>36000</altitudeFt><source>ASDI</source><date>2013-08-08T14:41:11.000Z</date></position><position><lon>-99.12000274658203</lon><lat>38.81999969482422</lat><speedMph>484</speedMph><altitudeFt>36000</altitudeFt><source>ASDI</source><date>2013-08-08T14:41:07.000Z</date></position><position><lon>-98.9800033569336</lon><lat>38.83000183105469</lat><speedMph>484</speedMph><altitudeFt>36000</altitudeFt><source>ASDI</source><date>2013-08-08T14:40:09.000Z</date></position><position><lon>-98.9800033569336</lon><lat>38.83000183105469</lat><speedMph>483</speedMph><altitudeFt>36000</altitudeFt><source>ASDI</source><date>2013-08-08T14:40:05.000Z</date></position><position><lon>-98.81999969482422</lon><lat>38.849998474121094</lat><speedMph>484</speedMph><altitudeFt>36000</altitudeFt><source>ASDI</source><date>2013-08-08T14:39:07.000Z</date></position><position><lon>-98.83000183105469</lon><lat>38.849998474121094</lat><speedMph>484</speedMph><altitudeFt>36000</altitudeFt><source>ASDI</source><date>2013-08-08T14:39:03.000Z</date></position><position><lon>-98.68000030517578</lon><lat>38.869998931884766</lat><speedMph>484</speedMph><altitudeFt>36000</altitudeFt><source>ASDI</source><date>2013-08-08T14:38:05.000Z</date></position><position><lon>-98.6500015258789</lon><lat>38.880001068115234</lat><speedMph>488</speedMph><altitudeFt>36000</altitudeFt><source>ASDI</source><date>2013-08-08T14:38:02.000Z</date></position><position><lon>-98.4800033569336</lon><lat>38.900001525878906</lat><speedMph>483</speedMph><altitudeFt>36000</altitudeFt><source>ASDI</source><date>2013-08-08T14:37:03.000Z</date></position><position><lon>-98.5</lon><lat>38.900001525878906</lat><speedMph>480</speedMph><altitudeFt>36000</altitudeFt><source>ASDI</source><date>2013-08-08T14:37:00.000Z</date></position><position><lon>-98.3499984741211</lon><lat>38.91999816894531</lat><speedMph>479</speedMph><altitudeFt>36000</altitudeFt><source>ASDI</source><date>2013-08-08T14:35:58.000Z</date></position><position><lon>-98.33000183105469</lon><lat>38.91999816894531</lat><speedMph>476</speedMph><altitudeFt>36000</altitudeFt><source>ASDI</source><date>2013-08-08T14:35:48.000Z</date></position><position><lon>-98.22000122070312</lon><lat>38.93000030517578</lat><speedMph>484</speedMph><altitudeFt>36000</altitudeFt><source>ASDI</source><date>2013-08-08T14:34:57.000Z</date></position><position><lon>-98.06999969482422</lon><lat>38.95000076293945</lat><speedMph>490</speedMph><altitudeFt>36000</altitudeFt><source>ASDI</source><date>2013-08-08T14:33:55.000Z</date></position><position><lon>-98.0199966430664</lon><lat>38.970001220703125</lat><speedMph>490</speedMph><altitudeFt>36100</altitudeFt><source>ASDI</source><date>2013-08-08T14:33:32.000Z</date></position><position><lon>-97.91999816894531</lon><lat>38.97999954223633</lat><speedMph>487</speedMph><altitudeFt>36100</altitudeFt><source>ASDI</source><date>2013-08-08T14:32:54.000Z</date></position><position><lon>-97.87000274658203</lon><lat>38.97999954223633</lat><speedMph>490</speedMph><altitudeFt>36100</altitudeFt><source>ASDI</source><date>2013-08-08T14:32:29.000Z</date></position><position><lon>-97.7699966430664</lon><lat>39.0</lat><speedMph>486</speedMph><altitudeFt>36000</altitudeFt><source>ASDI</source><date>2013-08-08T14:31:52.000Z</date></position><position><lon>-97.72000122070312</lon><lat>39.0</lat><speedMph>490</speedMph><altitudeFt>36000</altitudeFt><source>ASDI</source><date>2013-08-08T14:31:27.000Z</date></position><position><lon>-97.5999984741211</lon><lat>39.02000045776367</lat><speedMph>478</speedMph><altitudeFt>36000</altitudeFt><source>ASDI</source><date>2013-08-08T14:30:50.000Z</date></position><position><lon>-97.47000122070312</lon><lat>39.029998779296875</lat><speedMph>475</speedMph><altitudeFt>36000</altitudeFt><source>ASDI</source><date>2013-08-08T14:29:49.000Z</date></position><position><lon>-97.30000305175781</lon><lat>39.04999923706055</lat><speedMph>487</speedMph><altitudeFt>36000</altitudeFt><source>ASDI</source><date>2013-08-08T14:28:47.000Z</date></position><position><lon>-97.1500015258789</lon><lat>39.08000183105469</lat><speedMph>487</speedMph><altitudeFt>36000</altitudeFt><source>ASDI</source><date>2013-08-08T14:27:45.000Z</date></position><position><lon>-96.9800033569336</lon><lat>39.099998474121094</lat><speedMph>488</speedMph><altitudeFt>36000</altitudeFt><source>ASDI</source><date>2013-08-08T14:26:44.000Z</date></position><position><lon>-96.8499984741211</lon><lat>39.119998931884766</lat><speedMph>488</speedMph><altitudeFt>36000</altitudeFt><source>ASDI</source><date>2013-08-08T14:25:42.000Z</date></position><position><lon>-96.69999694824219</lon><lat>39.130001068115234</lat><speedMph>487</speedMph><altitudeFt>36000</altitudeFt><source>ASDI</source><date>2013-08-08T14:24:41.000Z</date></position><position><lon>-96.52999877929688</lon><lat>39.150001525878906</lat><speedMph>486</speedMph><altitudeFt>36000</altitudeFt><source>ASDI</source><date>2013-08-08T14:23:39.000Z</date></position><position><lon>-96.4000015258789</lon><lat>39.16999816894531</lat><speedMph>480</speedMph><altitudeFt>36000</altitudeFt><source>ASDI</source><date>2013-08-08T14:22:37.000Z</date></position><position><lon>-96.2300033569336</lon><lat>39.18000030517578</lat><speedMph>482</speedMph><altitudeFt>36000</altitudeFt><source>ASDI</source><date>2013-08-08T14:21:36.000Z</date></position><position><lon>-96.08000183105469</lon><lat>39.20000076293945</lat><speedMph>481</speedMph><altitudeFt>36000</altitudeFt><source>ASDI</source><date>2013-08-08T14:20:34.000Z</date></position><position><lon>-95.91999816894531</lon><lat>39.220001220703125</lat><speedMph>483</speedMph><altitudeFt>36000</altitudeFt><source>ASDI</source><date>2013-08-08T14:19:32.000Z</date></position><position><lon>-95.77999877929688</lon><lat>39.22999954223633</lat><speedMph>481</speedMph><altitudeFt>36000</altitudeFt><source>ASDI</source><date>2013-08-08T14:18:31.000Z</date></position><position><lon>-95.62999725341797</lon><lat>39.25</lat><speedMph>480</speedMph><altitudeFt>36000</altitudeFt><source>ASDI</source><date>2013-08-08T14:17:29.000Z</date></position><position><lon>-95.47000122070312</lon><lat>39.279998779296875</lat><speedMph>483</speedMph><altitudeFt>36000</altitudeFt><source>ASDI</source><date>2013-08-08T14:16:27.000Z</date></position><position><lon>-95.33000183105469</lon><lat>39.29999923706055</lat><speedMph>481</speedMph><altitudeFt>36000</altitudeFt><source>ASDI</source><date>2013-08-08T14:15:26.000Z</date></position><position><lon>-95.18000030517578</lon><lat>39.29999923706055</lat><speedMph>475</speedMph><altitudeFt>36000</altitudeFt><source>ASDI</source><date>2013-08-08T14:14:24.000Z</date></position><position><lon>-95.02999877929688</lon><lat>39.31999969482422</lat><speedMph>465</speedMph><altitudeFt>36000</altitudeFt><source>ASDI</source><date>2013-08-08T14:13:22.000Z</date></position><position><lon>-94.87000274658203</lon><lat>39.33000183105469</lat><speedMph>472</speedMph><altitudeFt>36000</altitudeFt><source>ASDI</source><date>2013-08-08T14:12:21.000Z</date></position><position><lon>-94.7300033569336</lon><lat>39.349998474121094</lat><speedMph>472</speedMph><altitudeFt>36000</altitudeFt><source>ASDI</source><date>2013-08-08T14:11:19.000Z</date></position><position><lon>-94.56999969482422</lon><lat>39.369998931884766</lat><speedMph>468</speedMph><altitudeFt>36000</altitudeFt><source>ASDI</source><date>2013-08-08T14:10:18.000Z</date></position><position><lon>-94.43000030517578</lon><lat>39.380001068115234</lat><speedMph>474</speedMph><altitudeFt>36000</altitudeFt><source>ASDI</source><date>2013-08-08T14:09:16.000Z</date></position><position><lon>-94.2699966430664</lon><lat>39.400001525878906</lat><speedMph>476</speedMph><altitudeFt>36000</altitudeFt><source>ASDI</source><date>2013-08-08T14:08:14.000Z</date></position><position><lon>-94.12000274658203</lon><lat>39.41999816894531</lat><speedMph>471</speedMph><altitudeFt>36000</altitudeFt><source>ASDI</source><date>2013-08-08T14:07:13.000Z</date></position><position><lon>-93.97000122070312</lon><lat>39.43000030517578</lat><speedMph>470</speedMph><altitudeFt>36000</altitudeFt><source>ASDI</source><date>2013-08-08T14:06:11.000Z</date></position><position><lon>-93.81999969482422</lon><lat>39.45000076293945</lat><speedMph>464</speedMph><altitudeFt>36000</altitudeFt><source>ASDI</source><date>2013-08-08T14:05:10.000Z</date></position><position><lon>-93.66999816894531</lon><lat>39.470001220703125</lat><speedMph>470</speedMph><altitudeFt>36000</altitudeFt><source>ASDI</source><date>2013-08-08T14:04:08.000Z</date></position><position><lon>-93.5199966430664</lon><lat>39.470001220703125</lat><speedMph>470</speedMph><altitudeFt>36000</altitudeFt><source>ASDI</source><date>2013-08-08T14:03:06.000Z</date></position><position><lon>-93.37000274658203</lon><lat>39.47999954223633</lat><speedMph>467</speedMph><altitudeFt>36000</altitudeFt><source>ASDI</source><date>2013-08-08T14:02:05.000Z</date></position><position><lon>-93.2300033569336</lon><lat>39.5</lat><speedMph>466</speedMph><altitudeFt>36000</altitudeFt><source>ASDI</source><date>2013-08-08T14:01:03.000Z</date></position><position><lon>-93.08000183105469</lon><lat>39.52000045776367</lat><speedMph>463</speedMph><altitudeFt>36000</altitudeFt><source>ASDI</source><date>2013-08-08T14:00:01.000Z</date></position><position><lon>-92.93000030517578</lon><lat>39.529998779296875</lat><speedMph>470</speedMph><altitudeFt>36000</altitudeFt><source>ASDI</source><date>2013-08-08T13:59:00.000Z</date></position><position><lon>-92.7699966430664</lon><lat>39.54999923706055</lat><speedMph>466</speedMph><altitudeFt>36000</altitudeFt><source>ASDI</source><date>2013-08-08T13:57:58.000Z</date></position><position><lon>-92.62000274658203</lon><lat>39.54999923706055</lat><speedMph>461</speedMph><altitudeFt>36000</altitudeFt><source>ASDI</source><date>2013-08-08T13:56:56.000Z</date></position><position><lon>-92.4800033569336</lon><lat>39.56999969482422</lat><speedMph>463</speedMph><altitudeFt>36000</altitudeFt><source>ASDI</source><date>2013-08-08T13:55:55.000Z</date></position><position><lon>-92.33000183105469</lon><lat>39.58000183105469</lat><speedMph>459</speedMph><altitudeFt>36000</altitudeFt><source>ASDI</source><date>2013-08-08T13:54:53.000Z</date></position><position><lon>-92.18000030517578</lon><lat>39.58000183105469</lat><speedMph>450</speedMph><altitudeFt>36000</altitudeFt><source>ASDI</source><date>2013-08-08T13:53:52.000Z</date></position><position><lon>-92.05000305175781</lon><lat>39.599998474121094</lat><speedMph>453</speedMph><altitudeFt>36000</altitudeFt><source>ASDI</source><date>2013-08-08T13:52:50.000Z</date></position><position><lon>-91.91999816894531</lon><lat>39.619998931884766</lat><speedMph>453</speedMph><altitudeFt>36000</altitudeFt><source>ASDI</source><date>2013-08-08T13:51:48.000Z</date></position><position><lon>-91.7300033569336</lon><lat>39.630001068115234</lat><speedMph>450</speedMph><altitudeFt>36000</altitudeFt><source>ASDI</source><date>2013-08-08T13:50:47.000Z</date></position><position><lon>-91.5999984741211</lon><lat>39.630001068115234</lat><speedMph>447</speedMph><altitudeFt>36000</altitudeFt><source>ASDI</source><date>2013-08-08T13:49:45.000Z</date></position><position><lon>-91.47000122070312</lon><lat>39.650001525878906</lat><speedMph>448</speedMph><altitudeFt>36000</altitudeFt><source>ASDI</source><date>2013-08-08T13:48:44.000Z</date></position><position><lon>-91.31999969482422</lon><lat>39.66999816894531</lat><speedMph>448</speedMph><altitudeFt>36000</altitudeFt><source>ASDI</source><date>2013-08-08T13:47:42.000Z</date></position><position><lon>-91.18000030517578</lon><lat>39.66999816894531</lat><speedMph>445</speedMph><altitudeFt>36000</altitudeFt><source>ASDI</source><date>2013-08-08T13:46:41.000Z</date></position><position><lon>-91.05000305175781</lon><lat>39.68000030517578</lat><speedMph>447</speedMph><altitudeFt>36000</altitudeFt><source>ASDI</source><date>2013-08-08T13:45:40.000Z</date></position><position><lon>-90.91999816894531</lon><lat>39.68000030517578</lat><speedMph>451</speedMph><altitudeFt>36000</altitudeFt><source>ASDI</source><date>2013-08-08T13:44:38.000Z</date></position><position><lon>-90.7300033569336</lon><lat>39.70000076293945</lat><speedMph>453</speedMph><altitudeFt>36000</altitudeFt><source>ASDI</source><date>2013-08-08T13:43:37.000Z</date></position><position><lon>-90.5999984741211</lon><lat>39.720001220703125</lat><speedMph>447</speedMph><altitudeFt>36000</altitudeFt><source>ASDI</source><date>2013-08-08T13:42:35.000Z</date></position><position><lon>-90.47000122070312</lon><lat>39.720001220703125</lat><speedMph>445</speedMph><altitudeFt>36000</altitudeFt><source>ASDI</source><date>2013-08-08T13:41:34.000Z</date></position><position><lon>-90.31999969482422</lon><lat>39.72999954223633</lat><speedMph>444</speedMph><altitudeFt>36000</altitudeFt><source>ASDI</source><date>2013-08-08T13:40:32.000Z</date></position><position><lon>-90.18000030517578</lon><lat>39.72999954223633</lat><speedMph>440</speedMph><altitudeFt>36000</altitudeFt><source>ASDI</source><date>2013-08-08T13:39:31.000Z</date></position><position><lon>-90.02999877929688</lon><lat>39.75</lat><speedMph>443</speedMph><altitudeFt>35900</altitudeFt><source>ASDI</source><date>2013-08-08T13:38:29.000Z</date></position><position><lon>-89.9000015258789</lon><lat>39.75</lat><speedMph>445</speedMph><altitudeFt>36000</altitudeFt><source>ASDI</source><date>2013-08-08T13:37:28.000Z</date></position><position><lon>-89.7699966430664</lon><lat>39.77000045776367</lat><speedMph>450</speedMph><altitudeFt>36000</altitudeFt><source>ASDI</source><date>2013-08-08T13:36:27.000Z</date></position><position><lon>-89.62000274658203</lon><lat>39.77000045776367</lat><speedMph>451</speedMph><altitudeFt>36000</altitudeFt><source>ASDI</source><date>2013-08-08T13:35:25.000Z</date></position><position><lon>-89.44999694824219</lon><lat>39.779998779296875</lat><speedMph>456</speedMph><altitudeFt>36000</altitudeFt><source>ASDI</source><date>2013-08-08T13:34:24.000Z</date></position><position><lon>-89.31999969482422</lon><lat>39.779998779296875</lat><speedMph>452</speedMph><altitudeFt>36000</altitudeFt><source>ASDI</source><date>2013-08-08T13:33:22.000Z</date></position><position><lon>-89.25</lon><lat>39.79999923706055</lat><speedMph>456</speedMph><altitudeFt>36000</altitudeFt><source>ASDI</source><date>2013-08-08T13:32:50.000Z</date></position><position><lon>-89.16999816894531</lon><lat>39.79999923706055</lat><speedMph>453</speedMph><altitudeFt>36000</altitudeFt><source>ASDI</source><date>2013-08-08T13:32:21.000Z</date></position><position><lon>-89.0999984741211</lon><lat>39.79999923706055</lat><speedMph>455</speedMph><altitudeFt>36000</altitudeFt><source>ASDI</source><date>2013-08-08T13:31:49.000Z</date></position><position><lon>-89.02999877929688</lon><lat>39.79999923706055</lat><speedMph>451</speedMph><altitudeFt>36000</altitudeFt><source>ASDI</source><date>2013-08-08T13:31:20.000Z</date></position><position><lon>-88.97000122070312</lon><lat>39.81999969482422</lat><speedMph>451</speedMph><altitudeFt>36000</altitudeFt><source>ASDI</source><date>2013-08-08T13:30:47.000Z</date></position><position><lon>-88.87999725341797</lon><lat>39.81999969482422</lat><speedMph>451</speedMph><altitudeFt>36000</altitudeFt><source>ASDI</source><date>2013-08-08T13:30:18.000Z</date></position><position><lon>-88.81999969482422</lon><lat>39.81999969482422</lat><speedMph>450</speedMph><altitudeFt>36000</altitudeFt><source>ASDI</source><date>2013-08-08T13:29:45.000Z</date></position><position><lon>-88.75</lon><lat>39.81999969482422</lat><speedMph>451</speedMph><altitudeFt>36000</altitudeFt><source>ASDI</source><date>2013-08-08T13:29:17.000Z</date></position><position><lon>-88.6500015258789</lon><lat>39.83000183105469</lat><speedMph>453</speedMph><altitudeFt>36000</altitudeFt><source>ASDI</source><date>2013-08-08T13:28:43.000Z</date></position><position><lon>-88.5999984741211</lon><lat>39.83000183105469</lat><speedMph>452</speedMph><altitudeFt>36000</altitudeFt><source>ASDI</source><date>2013-08-08T13:28:15.000Z</date></position><position><lon>-88.5199966430664</lon><lat>39.83000183105469</lat><speedMph>455</speedMph><altitudeFt>36000</altitudeFt><source>ASDI</source><date>2013-08-08T13:27:41.000Z</date></position><position><lon>-88.47000122070312</lon><lat>39.83000183105469</lat><speedMph>455</speedMph><altitudeFt>36000</altitudeFt><source>ASDI</source><date>2013-08-08T13:27:14.000Z</date></position><position><lon>-88.37000274658203</lon><lat>39.83000183105469</lat><speedMph>457</speedMph><altitudeFt>36000</altitudeFt><source>ASDI</source><date>2013-08-08T13:26:39.000Z</date></position><position><lon>-88.31999969482422</lon><lat>39.849998474121094</lat><speedMph>458</speedMph><altitudeFt>36000</altitudeFt><source>ASDI</source><date>2013-08-08T13:26:12.000Z</date></position><position><lon>-88.2300033569336</lon><lat>39.849998474121094</lat><speedMph>456</speedMph><altitudeFt>36000</altitudeFt><source>ASDI</source><date>2013-08-08T13:25:38.000Z</date></position><position><lon>-88.16999816894531</lon><lat>39.849998474121094</lat><speedMph>457</speedMph><altitudeFt>36000</altitudeFt><source>ASDI</source><date>2013-08-08T13:25:11.000Z</date></position><position><lon>-88.08000183105469</lon><lat>39.849998474121094</lat><speedMph>458</speedMph><altitudeFt>36000</altitudeFt><source>ASDI</source><date>2013-08-08T13:24:36.000Z</date></position><position><lon>-88.0199966430664</lon><lat>39.869998931884766</lat><speedMph>456</speedMph><altitudeFt>36000</altitudeFt><source>ASDI</source><date>2013-08-08T13:24:09.000Z</date></position><position><lon>-87.94999694824219</lon><lat>39.869998931884766</lat><speedMph>457</speedMph><altitudeFt>36000</altitudeFt><source>ASDI</source><date>2013-08-08T13:23:34.000Z</date></position><position><lon>-87.87999725341797</lon><lat>39.869998931884766</lat><speedMph>460</speedMph><altitudeFt>36000</altitudeFt><source>ASDI</source><date>2013-08-08T13:23:08.000Z</date></position><position><lon>-87.7699966430664</lon><lat>39.869998931884766</lat><speedMph>456</speedMph><altitudeFt>36000</altitudeFt><source>ASDI</source><date>2013-08-08T13:22:32.000Z</date></position><position><lon>-87.7300033569336</lon><lat>39.869998931884766</lat><speedMph>457</speedMph><altitudeFt>36000</altitudeFt><source>ASDI</source><date>2013-08-08T13:22:06.000Z</date></position><position><lon>-87.62999725341797</lon><lat>39.880001068115234</lat><speedMph>455</speedMph><altitudeFt>36000</altitudeFt><source>ASDI</source><date>2013-08-08T13:21:30.000Z</date></position><position><lon>-87.58000183105469</lon><lat>39.880001068115234</lat><speedMph>457</speedMph><altitudeFt>36000</altitudeFt><source>ASDI</source><date>2013-08-08T13:21:05.000Z</date></position><position><lon>-87.4800033569336</lon><lat>39.880001068115234</lat><speedMph>455</speedMph><altitudeFt>36000</altitudeFt><source>ASDI</source><date>2013-08-08T13:20:29.000Z</date></position><position><lon>-87.41999816894531</lon><lat>39.880001068115234</lat><speedMph>455</speedMph><altitudeFt>36000</altitudeFt><source>ASDI</source><date>2013-08-08T13:20:03.000Z</date></position><position><lon>-87.3499984741211</lon><lat>39.880001068115234</lat><speedMph>452</speedMph><altitudeFt>36000</altitudeFt><source>ASDI</source><date>2013-08-08T13:19:27.000Z</date></position><position><lon>-87.27999877929688</lon><lat>39.900001525878906</lat><speedMph>450</speedMph><altitudeFt>36000</altitudeFt><source>ASDI</source><date>2013-08-08T13:19:02.000Z</date></position><position><lon>-87.19999694824219</lon><lat>39.900001525878906</lat><speedMph>450</speedMph><altitudeFt>36000</altitudeFt><source>ASDI</source><date>2013-08-08T13:18:25.000Z</date></position><position><lon>-87.12999725341797</lon><lat>39.900001525878906</lat><speedMph>451</speedMph><altitudeFt>36000</altitudeFt><source>ASDI</source><date>2013-08-08T13:18:00.000Z</date></position><position><lon>-87.06999969482422</lon><lat>39.900001525878906</lat><speedMph>448</speedMph><altitudeFt>36000</altitudeFt><source>ASDI</source><date>2013-08-08T13:17:23.000Z</date></position><position><lon>-87.0</lon><lat>39.900001525878906</lat><speedMph>445</speedMph><altitudeFt>36000</altitudeFt><source>ASDI</source><date>2013-08-08T13:16:59.000Z</date></position><position><lon>-86.9000015258789</lon><lat>39.91999816894531</lat><speedMph>445</speedMph><altitudeFt>36000</altitudeFt><source>ASDI</source><date>2013-08-08T13:16:21.000Z</date></position><position><lon>-86.8499984741211</lon><lat>39.91999816894531</lat><speedMph>447</speedMph><altitudeFt>36000</altitudeFt><source>ASDI</source><date>2013-08-08T13:15:57.000Z</date></position><position><lon>-86.75</lon><lat>39.91999816894531</lat><speedMph>448</speedMph><altitudeFt>36000</altitudeFt><source>ASDI</source><date>2013-08-08T13:15:20.000Z</date></position><position><lon>-86.72000122070312</lon><lat>39.91999816894531</lat><speedMph>448</speedMph><altitudeFt>36000</altitudeFt><source>ASDI</source><date>2013-08-08T13:14:56.000Z</date></position><position><lon>-86.62000274658203</lon><lat>39.91999816894531</lat><speedMph>450</speedMph><altitudeFt>36000</altitudeFt><source>ASDI</source><date>2013-08-08T13:14:18.000Z</date></position><position><lon>-86.56999969482422</lon><lat>39.91999816894531</lat><speedMph>451</speedMph><altitudeFt>36000</altitudeFt><source>ASDI</source><date>2013-08-08T13:13:55.000Z</date></position><position><lon>-86.4800033569336</lon><lat>39.93000030517578</lat><speedMph>457</speedMph><altitudeFt>36000</altitudeFt><source>ASDI</source><date>2013-08-08T13:13:16.000Z</date></position><position><lon>-86.43000030517578</lon><lat>39.93000030517578</lat><speedMph>450</speedMph><altitudeFt>36000</altitudeFt><source>ASDI</source><date>2013-08-08T13:12:53.000Z</date></position><position><lon>-86.33000183105469</lon><lat>39.93000030517578</lat><speedMph>456</speedMph><altitudeFt>36000</altitudeFt><source>ASDI</source><date>2013-08-08T13:12:14.000Z</date></position><position><lon>-86.27999877929688</lon><lat>39.93000030517578</lat><speedMph>457</speedMph><altitudeFt>36000</altitudeFt><source>ASDI</source><date>2013-08-08T13:11:52.000Z</date></position><position><lon>-86.16999816894531</lon><lat>39.93000030517578</lat><speedMph>457</speedMph><altitudeFt>36000</altitudeFt><source>ASDI</source><date>2013-08-08T13:11:13.000Z</date></position><position><lon>-86.12000274658203</lon><lat>39.93000030517578</lat><speedMph>459</speedMph><altitudeFt>36000</altitudeFt><source>ASDI</source><date>2013-08-08T13:10:50.000Z</date></position><position><lon>-86.02999877929688</lon><lat>39.95000076293945</lat><speedMph>456</speedMph><altitudeFt>36000</altitudeFt><source>ASDI</source><date>2013-08-08T13:10:11.000Z</date></position><position><lon>-85.97000122070312</lon><lat>39.95000076293945</lat><speedMph>455</speedMph><altitudeFt>36000</altitudeFt><source>ASDI</source><date>2013-08-08T13:09:49.000Z</date></position><position><lon>-85.87999725341797</lon><lat>39.95000076293945</lat><speedMph>459</speedMph><altitudeFt>36000</altitudeFt><source>ASDI</source><date>2013-08-08T13:09:09.000Z</date></position><position><lon>-85.83000183105469</lon><lat>39.95000076293945</lat><speedMph>459</speedMph><altitudeFt>36000</altitudeFt><source>ASDI</source><date>2013-08-08T13:08:47.000Z</date></position><position><lon>-85.75</lon><lat>39.95000076293945</lat><speedMph>459</speedMph><altitudeFt>36000</altitudeFt><source>ASDI</source><date>2013-08-08T13:08:07.000Z</date></position><position><lon>-85.68000030517578</lon><lat>39.95000076293945</lat><speedMph>459</speedMph><altitudeFt>36000</altitudeFt><source>ASDI</source><date>2013-08-08T13:07:46.000Z</date></position><position><lon>-85.5999984741211</lon><lat>39.95000076293945</lat><speedMph>459</speedMph><altitudeFt>36000</altitudeFt><source>ASDI</source><date>2013-08-08T13:07:06.000Z</date></position><position><lon>-85.52999877929688</lon><lat>39.95000076293945</lat><speedMph>459</speedMph><altitudeFt>36000</altitudeFt><source>ASDI</source><date>2013-08-08T13:06:45.000Z</date></position><position><lon>-85.44999694824219</lon><lat>39.970001220703125</lat><speedMph>459</speedMph><altitudeFt>36000</altitudeFt><source>ASDI</source><date>2013-08-08T13:06:04.000Z</date></position><position><lon>-85.4000015258789</lon><lat>39.970001220703125</lat><speedMph>461</speedMph><altitudeFt>36000</altitudeFt><source>ASDI</source><date>2013-08-08T13:05:43.000Z</date></position><position><lon>-85.27999877929688</lon><lat>39.970001220703125</lat><speedMph>463</speedMph><altitudeFt>36000</altitudeFt><source>ASDI</source><date>2013-08-08T13:05:02.000Z</date></position><position><lon>-85.25</lon><lat>39.970001220703125</lat><speedMph>459</speedMph><altitudeFt>36000</altitudeFt><source>ASDI</source><date>2013-08-08T13:04:42.000Z</date></position><position><lon>-85.12999725341797</lon><lat>39.970001220703125</lat><speedMph>459</speedMph><altitudeFt>36000</altitudeFt><source>ASDI</source><date>2013-08-08T13:04:01.000Z</date></position><position><lon>-85.0</lon><lat>39.970001220703125</lat><speedMph>459</speedMph><altitudeFt>36000</altitudeFt><source>ASDI</source><date>2013-08-08T13:02:59.000Z</date></position><position><lon>-84.8499984741211</lon><lat>39.97999954223633</lat><speedMph>458</speedMph><altitudeFt>36000</altitudeFt><source>ASDI</source><date>2013-08-08T13:01:57.000Z</date></position><position><lon>-84.69999694824219</lon><lat>39.97999954223633</lat><speedMph>456</speedMph><altitudeFt>36000</altitudeFt><source>ASDI</source><date>2013-08-08T13:00:55.000Z</date></position><position><lon>-84.56999969482422</lon><lat>39.97999954223633</lat><speedMph>459</speedMph><altitudeFt>36000</altitudeFt><source>ASDI</source><date>2013-08-08T12:59:54.000Z</date></position><position><lon>-84.37999725341797</lon><lat>39.97999954223633</lat><speedMph>458</speedMph><altitudeFt>36000</altitudeFt><source>ASDI</source><date>2013-08-08T12:58:52.000Z</date></position><position><lon>-84.25</lon><lat>39.97999954223633</lat><speedMph>453</speedMph><altitudeFt>36000</altitudeFt><source>ASDI</source><date>2013-08-08T12:57:50.000Z</date></position><position><lon>-84.0999984741211</lon><lat>39.97999954223633</lat><speedMph>449</speedMph><altitudeFt>36000</altitudeFt><source>ASDI</source><date>2013-08-08T12:56:49.000Z</date></position><position><lon>-83.97000122070312</lon><lat>40.0</lat><speedMph>455</speedMph><altitudeFt>35400</altitudeFt><source>ASDI</source><date>2013-08-08T12:55:47.000Z</date></position><position><lon>-83.83000183105469</lon><lat>40.0</lat><speedMph>458</speedMph><altitudeFt>35000</altitudeFt><source>ASDI</source><date>2013-08-08T12:54:45.000Z</date></position><position><lon>-83.68000030517578</lon><lat>40.0</lat><speedMph>464</speedMph><altitudeFt>34900</altitudeFt><source>ASDI</source><date>2013-08-08T12:53:44.000Z</date></position><position><lon>-83.52999877929688</lon><lat>40.0</lat><speedMph>466</speedMph><altitudeFt>34100</altitudeFt><source>ASDI</source><date>2013-08-08T12:52:42.000Z</date></position><position><lon>-83.37000274658203</lon><lat>40.0</lat><speedMph>465</speedMph><altitudeFt>34000</altitudeFt><source>ASDI</source><date>2013-08-08T12:51:41.000Z</date></position><position><lon>-83.22000122070312</lon><lat>40.0</lat><speedMph>466</speedMph><altitudeFt>34000</altitudeFt><source>ASDI</source><date>2013-08-08T12:50:39.000Z</date></position><position><lon>-83.06999969482422</lon><lat>40.0</lat><speedMph>464</speedMph><altitudeFt>34000</altitudeFt><source>ASDI</source><date>2013-08-08T12:49:38.000Z</date></position><position><lon>-82.91999816894531</lon><lat>40.0</lat><speedMph>461</speedMph><altitudeFt>34000</altitudeFt><source>ASDI</source><date>2013-08-08T12:48:36.000Z</date></position><position><lon>-82.7699966430664</lon><lat>40.02000045776367</lat><speedMph>463</speedMph><altitudeFt>34000</altitudeFt><source>ASDI</source><date>2013-08-08T12:47:34.000Z</date></position><position><lon>-82.62999725341797</lon><lat>40.02000045776367</lat><speedMph>463</speedMph><altitudeFt>34000</altitudeFt><source>ASDI</source><date>2013-08-08T12:46:33.000Z</date></position><position><lon>-82.4800033569336</lon><lat>40.02000045776367</lat><speedMph>461</speedMph><altitudeFt>34000</altitudeFt><source>ASDI</source><date>2013-08-08T12:45:31.000Z</date></position><position><lon>-82.33000183105469</lon><lat>40.02000045776367</lat><speedMph>465</speedMph><altitudeFt>34000</altitudeFt><source>ASDI</source><date>2013-08-08T12:44:30.000Z</date></position><position><lon>-82.18000030517578</lon><lat>40.02000045776367</lat><speedMph>467</speedMph><altitudeFt>34000</altitudeFt><source>ASDI</source><date>2013-08-08T12:43:28.000Z</date></position><position><lon>-82.02999877929688</lon><lat>40.02000045776367</lat><speedMph>470</speedMph><altitudeFt>34000</altitudeFt><source>ASDI</source><date>2013-08-08T12:42:26.000Z</date></position><position><lon>-81.87999725341797</lon><lat>40.02000045776367</lat><speedMph>468</speedMph><altitudeFt>34000</altitudeFt><source>ASDI</source><date>2013-08-08T12:41:25.000Z</date></position><position><lon>-81.7300033569336</lon><lat>40.02000045776367</lat><speedMph>472</speedMph><altitudeFt>34000</altitudeFt><source>ASDI</source><date>2013-08-08T12:40:23.000Z</date></position><position><lon>-81.56999969482422</lon><lat>40.02000045776367</lat><speedMph>478</speedMph><altitudeFt>34000</altitudeFt><source>ASDI</source><date>2013-08-08T12:39:22.000Z</date></position><position><lon>-81.41999816894531</lon><lat>40.02000045776367</lat><speedMph>470</speedMph><altitudeFt>34000</altitudeFt><source>ASDI</source><date>2013-08-08T12:38:20.000Z</date></position><position><lon>-81.2699966430664</lon><lat>40.02000045776367</lat><speedMph>466</speedMph><altitudeFt>34000</altitudeFt><source>ASDI</source><date>2013-08-08T12:37:18.000Z</date></position><position><lon>-81.12000274658203</lon><lat>40.02000045776367</lat><speedMph>470</speedMph><altitudeFt>34000</altitudeFt><source>ASDI</source><date>2013-08-08T12:36:17.000Z</date></position><position><lon>-80.97000122070312</lon><lat>40.02000045776367</lat><speedMph>473</speedMph><altitudeFt>34000</altitudeFt><source>ASDI</source><date>2013-08-08T12:35:15.000Z</date></position><position><lon>-80.87999725341797</lon><lat>40.02000045776367</lat><speedMph>467</speedMph><altitudeFt>34000</altitudeFt><source>ASDI</source><date>2013-08-08T12:34:40.000Z</date></position><position><lon>-80.81999969482422</lon><lat>40.02000045776367</lat><speedMph>473</speedMph><altitudeFt>34000</altitudeFt><source>ASDI</source><date>2013-08-08T12:34:14.000Z</date></position><position><lon>-80.7300033569336</lon><lat>40.02000045776367</lat><speedMph>467</speedMph><altitudeFt>34000</altitudeFt><source>ASDI</source><date>2013-08-08T12:33:39.000Z</date></position><position><lon>-80.5999984741211</lon><lat>40.02000045776367</lat><speedMph>467</speedMph><altitudeFt>34000</altitudeFt><source>ASDI</source><date>2013-08-08T12:32:39.000Z</date></position><position><lon>-80.43000030517578</lon><lat>40.02000045776367</lat><speedMph>461</speedMph><altitudeFt>34000</altitudeFt><source>ASDI</source><date>2013-08-08T12:31:39.000Z</date></position><position><lon>-80.27999877929688</lon><lat>40.02000045776367</lat><speedMph>461</speedMph><altitudeFt>34000</altitudeFt><source>ASDI</source><date>2013-08-08T12:30:40.000Z</date></position><position><lon>-80.12999725341797</lon><lat>40.0</lat><speedMph>467</speedMph><altitudeFt>34000</altitudeFt><source>ASDI</source><date>2013-08-08T12:29:39.000Z</date></position><position><lon>-79.9800033569336</lon><lat>40.0</lat><speedMph>467</speedMph><altitudeFt>34000</altitudeFt><source>ASDI</source><date>2013-08-08T12:28:40.000Z</date></position><position><lon>-79.83000183105469</lon><lat>40.0</lat><speedMph>473</speedMph><altitudeFt>34000</altitudeFt><source>ASDI</source><date>2013-08-08T12:27:39.000Z</date></position><position><lon>-79.68000030517578</lon><lat>40.0</lat><speedMph>473</speedMph><altitudeFt>34000</altitudeFt><source>ASDI</source><date>2013-08-08T12:26:39.000Z</date></position><position><lon>-79.55000305175781</lon><lat>40.0</lat><speedMph>473</speedMph><altitudeFt>34000</altitudeFt><source>ASDI</source><date>2013-08-08T12:25:40.000Z</date></position><position><lon>-79.4000015258789</lon><lat>40.0</lat><speedMph>479</speedMph><altitudeFt>34000</altitudeFt><source>ASDI</source><date>2013-08-08T12:24:39.000Z</date></position><position><lon>-79.25</lon><lat>40.0</lat><speedMph>479</speedMph><altitudeFt>34000</altitudeFt><source>ASDI</source><date>2013-08-08T12:23:39.000Z</date></position><position><lon>-79.12000274658203</lon><lat>39.97999954223633</lat><speedMph>484</speedMph><altitudeFt>34000</altitudeFt><source>ASDI</source><date>2013-08-08T12:22:39.000Z</date></position><position><lon>-78.9800033569336</lon><lat>39.97999954223633</lat><speedMph>484</speedMph><altitudeFt>34000</altitudeFt><source>ASDI</source><date>2013-08-08T12:21:39.000Z</date></position><position><lon>-78.81999969482422</lon><lat>39.97999954223633</lat><speedMph>484</speedMph><altitudeFt>34000</altitudeFt><source>ASDI</source><date>2013-08-08T12:20:39.000Z</date></position><position><lon>-78.66999816894531</lon><lat>39.97999954223633</lat><speedMph>484</speedMph><altitudeFt>34000</altitudeFt><source>ASDI</source><date>2013-08-08T12:19:40.000Z</date></position><position><lon>-78.5199966430664</lon><lat>39.97999954223633</lat><speedMph>484</speedMph><altitudeFt>34000</altitudeFt><source>ASDI</source><date>2013-08-08T12:18:39.000Z</date></position><position><lon>-78.37000274658203</lon><lat>39.970001220703125</lat><speedMph>484</speedMph><altitudeFt>34000</altitudeFt><source>ASDI</source><date>2013-08-08T12:17:39.000Z</date></position><position><lon>-78.2300033569336</lon><lat>39.970001220703125</lat><speedMph>484</speedMph><altitudeFt>34000</altitudeFt><source>ASDI</source><date>2013-08-08T12:16:40.000Z</date></position><position><lon>-78.08000183105469</lon><lat>39.970001220703125</lat><speedMph>484</speedMph><altitudeFt>34000</altitudeFt><source>ASDI</source><date>2013-08-08T12:15:40.000Z</date></position><position><lon>-77.93000030517578</lon><lat>39.970001220703125</lat><speedMph>484</speedMph><altitudeFt>34000</altitudeFt><source>ASDI</source><date>2013-08-08T12:14:39.000Z</date></position><position><lon>-77.77999877929688</lon><lat>39.970001220703125</lat><speedMph>496</speedMph><altitudeFt>34000</altitudeFt><source>ASDI</source><date>2013-08-08T12:13:40.000Z</date></position><position><lon>-77.62999725341797</lon><lat>39.95000076293945</lat><speedMph>496</speedMph><altitudeFt>34000</altitudeFt><source>ASDI</source><date>2013-08-08T12:12:39.000Z</date></position><position><lon>-77.4800033569336</lon><lat>39.95000076293945</lat><speedMph>488</speedMph><altitudeFt>34000</altitudeFt><source>ASDI</source><date>2013-08-08T12:11:39.000Z</date></position><position><lon>-77.44999694824219</lon><lat>39.95000076293945</lat><speedMph>487</speedMph><altitudeFt>34000</altitudeFt><source>ASDI</source><date>2013-08-08T12:11:32.000Z</date></position><position><lon>-77.30000305175781</lon><lat>39.95000076293945</lat><speedMph>487</speedMph><altitudeFt>34000</altitudeFt><source>ASDI</source><date>2013-08-08T12:10:29.000Z</date></position><position><lon>-77.1500015258789</lon><lat>39.95000076293945</lat><speedMph>487</speedMph><altitudeFt>34000</altitudeFt><source>ASDI</source><date>2013-08-08T12:09:32.000Z</date></position><position><lon>-77.0199966430664</lon><lat>39.970001220703125</lat><speedMph>487</speedMph><altitudeFt>33000</altitudeFt><source>ASDI</source><date>2013-08-08T12:08:31.000Z</date></position><position><lon>-76.87000274658203</lon><lat>39.97999954223633</lat><speedMph>487</speedMph><altitudeFt>33000</altitudeFt><source>ASDI</source><date>2013-08-08T12:07:30.000Z</date></position><position><lon>-76.72000122070312</lon><lat>40.0</lat><speedMph>478</speedMph><altitudeFt>32200</altitudeFt><source>ASDI</source><date>2013-08-08T12:06:30.000Z</date></position><position><lon>-76.56999969482422</lon><lat>40.02000045776367</lat><speedMph>478</speedMph><altitudeFt>31200</altitudeFt><source>ASDI</source><date>2013-08-08T12:05:30.000Z</date></position><position><lon>-76.41999816894531</lon><lat>40.029998779296875</lat><speedMph>471</speedMph><altitudeFt>30200</altitudeFt><source>ASDI</source><date>2013-08-08T12:04:31.000Z</date></position><position><lon>-76.2699966430664</lon><lat>40.04999923706055</lat><speedMph>465</speedMph><altitudeFt>29400</altitudeFt><source>ASDI</source><date>2013-08-08T12:03:32.000Z</date></position><position><lon>-76.0999984741211</lon><lat>40.06999969482422</lat><speedMph>465</speedMph><altitudeFt>28600</altitudeFt><source>ASDI</source><date>2013-08-08T12:02:31.000Z</date></position><position><lon>-75.94999694824219</lon><lat>40.06999969482422</lat><speedMph>465</speedMph><altitudeFt>27800</altitudeFt><source>ASDI</source><date>2013-08-08T12:01:30.000Z</date></position><position><lon>-75.80000305175781</lon><lat>40.08000183105469</lat><speedMph>452</speedMph><altitudeFt>26800</altitudeFt><source>ASDI</source><date>2013-08-08T12:00:31.000Z</date></position><position><lon>-75.66999816894531</lon><lat>40.099998474121094</lat><speedMph>452</speedMph><altitudeFt>25700</altitudeFt><source>ASDI</source><date>2013-08-08T11:59:31.000Z</date></position><position><lon>-75.52999877929688</lon><lat>40.119998931884766</lat><speedMph>452</speedMph><altitudeFt>24600</altitudeFt><source>ASDI</source><date>2013-08-08T11:58:30.000Z</date></position><position><lon>-75.37999725341797</lon><lat>40.119998931884766</lat><speedMph>452</speedMph><altitudeFt>24000</altitudeFt><source>ASDI</source><date>2013-08-08T11:57:30.000Z</date></position><position><lon>-75.25</lon><lat>40.130001068115234</lat><speedMph>452</speedMph><altitudeFt>24000</altitudeFt><source>ASDI</source><date>2013-08-08T11:56:29.000Z</date></position><position><lon>-75.12000274658203</lon><lat>40.150001525878906</lat><speedMph>444</speedMph><altitudeFt>23400</altitudeFt><source>ASDI</source><date>2013-08-08T11:55:31.000Z</date></position><position><lon>-74.9800033569336</lon><lat>40.150001525878906</lat><speedMph>444</speedMph><altitudeFt>22000</altitudeFt><source>ASDI</source><date>2013-08-08T11:54:30.000Z</date></position><position><lon>-74.81999969482422</lon><lat>40.16999816894531</lat><speedMph>450</speedMph><altitudeFt>20600</altitudeFt><source>ASDI</source><date>2013-08-08T11:53:30.000Z</date></position><position><lon>-74.69999694824219</lon><lat>40.18000030517578</lat><speedMph>427</speedMph><altitudeFt>19300</altitudeFt><source>ASDI</source><date>2013-08-08T11:52:31.000Z</date></position><position><lon>-74.56999969482422</lon><lat>40.18000030517578</lat><speedMph>420</speedMph><altitudeFt>17700</altitudeFt><source>ASDI</source><date>2013-08-08T11:51:29.000Z</date></position><position><lon>-74.43000030517578</lon><lat>40.220001220703125</lat><speedMph>414</speedMph><altitudeFt>16200</altitudeFt><source>ASDI</source><date>2013-08-08T11:50:31.000Z</date></position><position><lon>-74.31999969482422</lon><lat>40.25</lat><speedMph>407</speedMph><altitudeFt>14400</altitudeFt><source>ASDI</source><date>2013-08-08T11:49:30.000Z</date></position><position><lon>-74.18000030517578</lon><lat>40.29999923706055</lat><speedMph>389</speedMph><altitudeFt>12500</altitudeFt><source>ASDI</source><date>2013-08-08T11:48:32.000Z</date></position><position><lon>-74.08000183105469</lon><lat>40.33000183105469</lat><speedMph>350</speedMph><altitudeFt>11100</altitudeFt><source>ASDI</source><date>2013-08-08T11:47:32.000Z</date></position><position><lon>-74.0199966430664</lon><lat>40.369998931884766</lat><speedMph>321</speedMph><altitudeFt>10400</altitudeFt><source>ASDI</source><date>2013-08-08T11:46:45.000Z</date></position><position><lon>-73.9800033569336</lon><lat>40.369998931884766</lat><speedMph>323</speedMph><altitudeFt>10000</altitudeFt><source>ASDI</source><date>2013-08-08T11:46:31.000Z</date></position><position><lon>-73.94999694824219</lon><lat>40.41999816894531</lat><speedMph>316</speedMph><altitudeFt>8100</altitudeFt><source>ASDI</source><date>2013-08-08T11:45:45.000Z</date></position><position><lon>-73.93000030517578</lon><lat>40.41999816894531</lat><speedMph>316</speedMph><altitudeFt>7400</altitudeFt><source>ASDI</source><date>2013-08-08T11:45:31.000Z</date></position><position><lon>-73.9000015258789</lon><lat>40.47999954223633</lat><speedMph>298</speedMph><altitudeFt>5800</altitudeFt><source>ASDI</source><date>2013-08-08T11:44:45.000Z</date></position><position><lon>-73.87999725341797</lon><lat>40.47999954223633</lat><speedMph>302</speedMph><altitudeFt>5300</altitudeFt><source>ASDI</source><date>2013-08-08T11:44:30.000Z</date></position><position><lon>-73.8499984741211</lon><lat>40.529998779296875</lat><speedMph>284</speedMph><altitudeFt>3100</altitudeFt><source>ASDI</source><date>2013-08-08T11:43:45.000Z</date></position><position><lon>-73.83000183105469</lon><lat>40.54999923706055</lat><speedMph>0</speedMph><altitudeFt>34000</altitudeFt><source>ASDI</source><date>2013-08-08T11:43:32.000Z</date></position></positions><waypoints><waypoint><lon>-73.76667022705078</lon><lat>40.63333511352539</lat></waypoint><waypoint><lon>-73.83333587646484</lon><lat>40.599998474121094</lat></waypoint><waypoint><lon>-73.88333129882812</lon><lat>40.56666564941406</lat></waypoint><waypoint><lon>-73.88333129882812</lon><lat>40.56666564941406</lat></waypoint><waypoint><lon>-73.91666412353516</lon><lat>40.54999923706055</lat></waypoint><waypoint><lon>-73.93333435058594</lon><lat>40.53333282470703</lat></waypoint><waypoint><lon>-73.96666717529297</lon><lat>40.516666412353516</lat></waypoint><waypoint><lon>-73.96666717529297</lon><lat>40.516666412353516</lat></waypoint><waypoint><lon>-73.98332977294922</lon><lat>40.5</lat></waypoint><waypoint><lon>-74.01667022705078</lon><lat>40.483333587646484</lat></waypoint><waypoint><lon>-74.03333282470703</lon><lat>40.46666717529297</lat></waypoint><waypoint><lon>-74.05000305175781</lon><lat>40.46666717529297</lat></waypoint><waypoint><lon>-74.19999694824219</lon><lat>40.36666488647461</lat></waypoint><waypoint><lon>-74.36666870117188</lon><lat>40.266666412353516</lat></waypoint><waypoint><lon>-74.38333129882812</lon><lat>40.25</lat></waypoint><waypoint><lon>-74.4000015258789</lon><lat>40.25</lat></waypoint><waypoint><lon>-74.46666717529297</lon><lat>40.20000076293945</lat></waypoint><waypoint><lon>-74.48332977294922</lon><lat>40.20000076293945</lat></waypoint><waypoint><lon>-74.5</lon><lat>40.20000076293945</lat></waypoint><waypoint><lon>-74.53333282470703</lon><lat>40.18333435058594</lat></waypoint><waypoint><lon>-74.53333282470703</lon><lat>40.18333435058594</lat></waypoint><waypoint><lon>-74.5999984741211</lon><lat>40.18333435058594</lat></waypoint><waypoint><lon>-74.66666412353516</lon><lat>40.18333435058594</lat></waypoint><waypoint><lon>-74.73332977294922</lon><lat>40.18333435058594</lat></waypoint><waypoint><lon>-74.78333282470703</lon><lat>40.16666793823242</lat></waypoint><waypoint><lon>-74.8499984741211</lon><lat>40.16666793823242</lat></waypoint><waypoint><lon>-75.11666870117188</lon><lat>40.150001525878906</lat></waypoint><waypoint><lon>-75.13333129882812</lon><lat>40.150001525878906</lat></waypoint><waypoint><lon>-75.36666870117188</lon><lat>40.11666488647461</lat></waypoint><waypoint><lon>-75.48332977294922</lon><lat>40.11666488647461</lat></waypoint><waypoint><lon>-75.48332977294922</lon><lat>40.11666488647461</lat></waypoint><waypoint><lon>-75.81666564941406</lon><lat>40.08333206176758</lat></waypoint><waypoint><lon>-75.86666870117188</lon><lat>40.08333206176758</lat></waypoint><waypoint><lon>-75.88333129882812</lon><lat>40.08333206176758</lat></waypoint><waypoint><lon>-76.01667022705078</lon><lat>40.06666564941406</lat></waypoint><waypoint><lon>-76.1500015258789</lon><lat>40.04999923706055</lat></waypoint><waypoint><lon>-76.31666564941406</lon><lat>40.03333282470703</lat></waypoint><waypoint><lon>-76.48332977294922</lon><lat>40.016666412353516</lat></waypoint><waypoint><lon>-76.63333129882812</lon><lat>40.0</lat></waypoint><waypoint><lon>-76.80000305175781</lon><lat>40.0</lat></waypoint><waypoint><lon>-77.28333282470703</lon><lat>39.95000076293945</lat></waypoint><waypoint><lon>-77.43333435058594</lon><lat>39.95000076293945</lat></waypoint><waypoint><lon>-77.48332977294922</lon><lat>39.95000076293945</lat></waypoint><waypoint><lon>-77.83333587646484</lon><lat>39.96666717529297</lat></waypoint><waypoint><lon>-77.86666870117188</lon><lat>39.96666717529297</lat></waypoint><waypoint><lon>-77.94999694824219</lon><lat>39.96666717529297</lat></waypoint><waypoint><lon>-78.31666564941406</lon><lat>39.96666717529297</lat></waypoint><waypoint><lon>-78.86666870117188</lon><lat>39.983333587646484</lat></waypoint><waypoint><lon>-79.4000015258789</lon><lat>40.0</lat></waypoint><waypoint><lon>-79.81666564941406</lon><lat>40.0</lat></waypoint><waypoint><lon>-79.83333587646484</lon><lat>40.0</lat></waypoint><waypoint><lon>-80.81666564941406</lon><lat>40.016666412353516</lat></waypoint><waypoint><lon>-81.19999694824219</lon><lat>40.016666412353516</lat></waypoint><waypoint><lon>-81.5999984741211</lon><lat>40.016666412353516</lat></waypoint><waypoint><lon>-82.13333129882812</lon><lat>40.016666412353516</lat></waypoint><waypoint><lon>-82.28333282470703</lon><lat>40.016666412353516</lat></waypoint><waypoint><lon>-82.44999694824219</lon><lat>40.016666412353516</lat></waypoint><waypoint><lon>-83.44999694824219</lon><lat>40.0</lat></waypoint><waypoint><lon>-84.0</lon><lat>40.0</lat></waypoint><waypoint><lon>-84.25</lon><lat>39.983333587646484</lat></waypoint><waypoint><lon>-85.31666564941406</lon><lat>39.96666717529297</lat></waypoint><waypoint><lon>-88.13333129882812</lon><lat>39.849998474121094</lat></waypoint><waypoint><lon>-88.5</lon><lat>39.83333206176758</lat></waypoint><waypoint><lon>-89.9000015258789</lon><lat>39.75</lat></waypoint><waypoint><lon>-90.18333435058594</lon><lat>39.733333587646484</lat></waypoint><waypoint><lon>-91.61666870117188</lon><lat>39.63333511352539</lat></waypoint><waypoint><lon>-92.19999694824219</lon><lat>39.58333206176758</lat></waypoint><waypoint><lon>-92.61666870117188</lon><lat>39.54999923706055</lat></waypoint><waypoint><lon>-92.68333435058594</lon><lat>39.54999923706055</lat></waypoint><waypoint><lon>-93.4000015258789</lon><lat>39.483333587646484</lat></waypoint><waypoint><lon>-93.88333129882812</lon><lat>39.43333435058594</lat></waypoint><waypoint><lon>-96.26667022705078</lon><lat>39.18333435058594</lat></waypoint><waypoint><lon>-96.66666412353516</lon><lat>39.13333511352539</lat></waypoint><waypoint><lon>-98.68333435058594</lon><lat>38.86666488647461</lat></waypoint><waypoint><lon>-98.93333435058594</lon><lat>38.83333206176758</lat></waypoint><waypoint><lon>-99.96666717529297</lon><lat>38.68333435058594</lat></waypoint><waypoint><lon>-100.33333587646484</lon><lat>38.61666488647461</lat></waypoint><waypoint><lon>-100.48332977294922</lon><lat>38.599998474121094</lat></waypoint><waypoint><lon>-101.51667022705078</lon><lat>38.43333435058594</lat></waypoint><waypoint><lon>-101.78333282470703</lon><lat>38.38333511352539</lat></waypoint><waypoint><lon>-102.05000305175781</lon><lat>38.349998474121094</lat></waypoint><waypoint><lon>-102.31666564941406</lon><lat>38.29999923706055</lat></waypoint><waypoint><lon>-103.21666717529297</lon><lat>38.13333511352539</lat></waypoint><waypoint><lon>-103.36666870117188</lon><lat>38.099998474121094</lat></waypoint><waypoint><lon>-104.0</lon><lat>38.0</lat></waypoint><waypoint><lon>-105.66666412353516</lon><lat>37.650001525878906</lat></waypoint><waypoint><lon>-105.9000015258789</lon><lat>37.599998474121094</lat></waypoint><waypoint><lon>-105.94999694824219</lon><lat>37.599998474121094</lat></waypoint><waypoint><lon>-106.21666717529297</lon><lat>37.53333282470703</lat></waypoint><waypoint><lon>-106.31666564941406</lon><lat>37.516666412353516</lat></waypoint><waypoint><lon>-106.48332977294922</lon><lat>37.483333587646484</lat></waypoint><waypoint><lon>-107.16666412353516</lon><lat>37.33333206176758</lat></waypoint><waypoint><lon>-109.19999694824219</lon><lat>36.83333206176758</lat></waypoint><waypoint><lon>-109.46666717529297</lon><lat>36.75</lat></waypoint><waypoint><lon>-110.55000305175781</lon><lat>36.46666717529297</lat></waypoint><waypoint><lon>-111.03333282470703</lon><lat>36.33333206176758</lat></waypoint><waypoint><lon>-111.6500015258789</lon><lat>36.11666488647461</lat></waypoint><waypoint><lon>-112.11666870117188</lon><lat>36.0</lat></waypoint><waypoint><lon>-112.23332977294922</lon><lat>36.0</lat></waypoint><waypoint><lon>-113.53333282470703</lon><lat>35.61666488647461</lat></waypoint><waypoint><lon>-114.76667022705078</lon><lat>35.099998474121094</lat></waypoint><waypoint><lon>-114.8499984741211</lon><lat>35.06666564941406</lat></waypoint><waypoint><lon>-114.96666717529297</lon><lat>35.016666412353516</lat></waypoint><waypoint><lon>-115.68333435058594</lon><lat>34.733333587646484</lat></waypoint><waypoint><lon>-115.71666717529297</lon><lat>34.71666717529297</lat></waypoint><waypoint><lon>-115.93333435058594</lon><lat>34.61666488647461</lat></waypoint><waypoint><lon>-115.98332977294922</lon><lat>34.599998474121094</lat></waypoint><waypoint><lon>-116.30000305175781</lon><lat>34.45000076293945</lat></waypoint><waypoint><lon>-116.3499984741211</lon><lat>34.43333435058594</lat></waypoint><waypoint><lon>-116.4000015258789</lon><lat>34.400001525878906</lat></waypoint><waypoint><lon>-116.41666412353516</lon><lat>34.400001525878906</lat></waypoint><waypoint><lon>-116.66666412353516</lon><lat>34.28333282470703</lat></waypoint><waypoint><lon>-116.71666717529297</lon><lat>34.266666412353516</lat></waypoint><waypoint><lon>-116.93333435058594</lon><lat>34.18333435058594</lat></waypoint><waypoint><lon>-117.06666564941406</lon><lat>34.11666488647461</lat></waypoint><waypoint><lon>-117.0999984741211</lon><lat>34.099998474121094</lat></waypoint><waypoint><lon>-117.0999984741211</lon><lat>34.099998474121094</lat></waypoint><waypoint><lon>-117.11666870117188</lon><lat>34.08333206176758</lat></waypoint><waypoint><lon>-117.21666717529297</lon><lat>34.04999923706055</lat></waypoint><waypoint><lon>-117.23332977294922</lon><lat>34.03333282470703</lat></waypoint><waypoint><lon>-117.26667022705078</lon><lat>34.03333282470703</lat></waypoint><waypoint><lon>-117.31666564941406</lon><lat>34.03333282470703</lat></waypoint><waypoint><lon>-117.33333587646484</lon><lat>34.03333282470703</lat></waypoint><waypoint><lon>-117.38333129882812</lon><lat>34.03333282470703</lat></waypoint><waypoint><lon>-117.43333435058594</lon><lat>34.016666412353516</lat></waypoint><waypoint><lon>-117.44999694824219</lon><lat>34.016666412353516</lat></waypoint><waypoint><lon>-117.58333587646484</lon><lat>34.016666412353516</lat></waypoint><waypoint><lon>-117.6500015258789</lon><lat>34.0</lat></waypoint><waypoint><lon>-117.71666717529297</lon><lat>34.0</lat></waypoint><waypoint><lon>-117.81666564941406</lon><lat>33.983333587646484</lat></waypoint><waypoint><lon>-117.9000015258789</lon><lat>33.983333587646484</lat></waypoint><waypoint><lon>-117.9000015258789</lon><lat>33.983333587646484</lat></waypoint><waypoint><lon>-118.0999984741211</lon><lat>33.96666717529297</lat></waypoint><waypoint><lon>-118.0999984741211</lon><lat>33.96666717529297</lat></waypoint><waypoint><lon>-118.1500015258789</lon><lat>33.95000076293945</lat></waypoint><waypoint><lon>-118.19999694824219</lon><lat>33.95000076293945</lat></waypoint><waypoint><lon>-118.21666717529297</lon><lat>33.95000076293945</lat></waypoint><waypoint><lon>-118.30000305175781</lon><lat>33.95000076293945</lat></waypoint><waypoint><lon>-118.4000015258789</lon><lat>33.93333435058594</lat></waypoint></waypoints><legacyRoute>KJFK./.ALS265043..PGS.RIIVR2.KLAX</legacyRoute></flightTrack></flightTracks><request><url>https://api.flightstats.com/flex/flightstatus/rest/v2/xml/flight/tracks/VX/399/arr/2013/8/8</url><airline><requestedCode>VX</requestedCode><fsCode>VX</fsCode></airline><flight><requested>399</requested><interpreted>399</interpreted></flight><date><year>2013</year><month>8</month><day>8</day><interpreted>2013-08-08</interpreted></date><hourOfDay><interpreted>0</interpreted></hourOfDay><numHours><interpreted>24</interpreted></numHours><utc><requested>false</requested><interpreted>false</interpreted></utc><airport/><includeFlightPlan><requested>true</requested><interpreted>true</interpreted></includeFlightPlan><maxPositions/><maxPositionAgeMinutes/><codeType/><extendedOptions/></request></response>